% Model:              refrencia.mph
% Version:            COMSOL 6.2.0.290
% Date:               Jul 7 2026, 19:57
% Table:              Table 2 - Global Evaluation 1
% H (cm)                                          W (cm)                                            N_DC                                              N_AC                                              Time (s)                                          Corrente de curto (A)                             Queda de tensao (V)                               Corrente de curto sem limitador (A)               Tensao da rede (V)
50                                                1.4                                               200                                               1780                                              0                                                 28.085540808134912                                713.3998203409151                                 -0.0010662919011168383                            0
50                                                1.4                                               200                                               1780                                              0.0001666666666666667                             25.059212089708147                                647.7814860255515                                 -0.4439960215340382                               11.27749894696457
50                                                1.4                                               200                                               1780                                              0.0003333333333333333                             22.307893254127897                                589.1309794126332                                 -0.8862397936135692                               22.51049075778466
50                                                1.4                                               200                                               1780                                              0.0005000000000000000                             19.690001597959053                                533.7806845338087                                 -1.3249859821121552                               33.65464394564876
50                                                1.4                                               200                                               1780                                              0.0006666666666666666                             16.89065657072816                                 473.68865452569895                                -1.758503056267861                                44.66597762920368
50                                                1.4                                               200                                               1780                                              0.0008333333333333333                             13.672866876453053                                402.79185376690776                                -2.1850801222441043                               55.50103510500026
50                                                1.4                                               200                                               1780                                              0.001                                             9.623714887122206                                 310.55941348415246                                -2.603033675246002                                66.11705535124845
50                                                1.4                                               200                                               1780                                              0.0011666666666666665                             5.304264540352094                                 211.20046111097776                                -3.0107142435446694                               76.47214178603461
50                                                1.4                                               200                                               1780                                              0.0013333333333333333                             1.3639698955197874                                121.17026296019222                                -3.4065128981885677                               86.52542761398965
50                                                1.4                                               200                                               1780                                              0.0015                                            -1.3039913548661948                               63.11585669525865                                 -3.788867602711024                                96.23723710886003
50                                                1.4                                               200                                               1780                                              0.0016666666666666666                             -2.957513905377667                                30.44838899888039                                 -4.156269377774533                                105.56924219547315
50                                                1.4                                               200                                               1780                                              0.0018333333333333333                             -3.8722168667288632                               16.130305298226702                                -4.507268256422829                                114.48461371313984
50                                                1.4                                               200                                               1780                                              0.002                                             -4.402819859052984                                11.11654234357982                                 -4.8404790064380165                               122.9481667635256
50                                                1.4                                               200                                               1780                                              0.0021666666666666666                             -4.7686053495810405                               9.803923690011738                                 -5.154586597219298                                130.92649956937018
50                                                1.4                                               200                                               1780                                              0.002333333333333333                              -5.071636896230202                                9.568548131795302                                 -5.44835138960797                                 138.38812529604243
50                                                1.4                                               200                                               1780                                              0.0025                                            -5.349141555931687                                9.43540079502698                                  -5.720614028176843                                145.3035963156918
50                                                1.4                                               200                                               1780                                              0.0026666666666666666                             -5.610047608583517                                9.150411165560532                                 -5.97030001667645                                 151.64562042358182
50                                                1.4                                               200                                               1780                                              0.002833333333333333                              -5.853483803136964                                8.710679948274999                                 -6.196423958580861                                157.38916854795386
50                                                1.4                                               200                                               1780                                              0.003                                             -6.07652456337012                                 8.167849618737625                                 -6.398093445997586                                162.51157352833866
50                                                1.4                                               200                                               1780                                              0.0031666666666666666                             -6.2766449089416145                               7.565838885365727                                 -6.574512581593809                                166.99261957248274
50                                                1.4                                               200                                               1780                                              0.003333333333333333                              -6.452135273136787                                6.930386101170805                                 -6.724985119639574                                170.81462203884516
50                                                1.4                                               200                                               1780                                              0.0035                                            -6.601911556484364                                6.273943695095172                                 -6.848917213771576                                173.962497229798
50                                                1.4                                               200                                               1780                                              0.0036666666666666666                             -6.725278281218596                                5.601753577137583                                 -6.945819760633462                                176.42382192008992
50                                                1.4                                               200                                               1780                                              0.003833333333333333                              -6.821761979952503                                4.916128094847102                                 -7.015310330143334                                178.18888238564068
50                                                1.4                                               200                                               1780                                              0.004                                             -6.891053735458944                                4.217947858514992                                 -7.057114674770557                                179.25071273917214
50                                                1.4                                               200                                               1780                                              0.004166666666666667                              -6.932948870019768                                3.5082211228809914                                -7.0710678118654755                               179.60512242138307
50                                                1.4                                               200                                               1780                                              0.004333333333333333                              -6.947332888885635                                2.788457361477057                                 -7.057114674770557                                179.25071273917214
50                                                1.4                                               200                                               1780                                              0.0045                                            -6.934245427010223                                2.059048539581024                                 -7.015310330143335                                178.1888823856407
50                                                1.4                                               200                                               1780                                              0.004666666666666666                              -6.893763073104344                                1.3222398632396075                                -6.945819760633464                                176.42382192008995
50                                                1.4                                               200                                               1780                                              0.004833333333333334                              -6.8261397478757475                               0.5785476337540236                                -6.848917213771576                                173.962497229798
50                                                1.4                                               200                                               1780                                              0.005                                             -6.731741627632762                                -0.17161530302697833                              -6.724985119639575                                170.8146220388452
50                                                1.4                                               200                                               1780                                              0.005166666666666667                              -6.610967219778476                                -0.925947809890512                                -6.574512581593809                                166.99261957248277
50                                                1.4                                               200                                               1780                                              0.005333333333333333                              -6.464362620133302                                -1.6832370230472105                               -6.398093445997586                                162.51157352833866
50                                                1.4                                               200                                               1780                                              0.0055                                            -6.292629121570173                                -2.443611139928471                                -6.196423958580862                                157.38916854795391
50                                                1.4                                               200                                               1780                                              0.005666666666666666                              -6.096165512862665                                -3.196983603129809                                -5.970300016676452                                151.64562042358187
50                                                1.4                                               200                                               1780                                              0.005833333333333333                              -5.875842339411938                                -3.9427991053713747                               -5.720614028176846                                145.30359631569186
50                                                1.4                                               200                                               1780                                              0.006                                             -5.633174818565197                                -4.694515095513486                                -5.448351389607972                                138.3881252960425
50                                                1.4                                               200                                               1780                                              0.006166666666666667                              -5.369523348281634                                -5.459393476983273                                -5.154586597219301                                130.92649956937024
50                                                1.4                                               200                                               1780                                              0.006333333333333333                              -5.086580102517113                                -6.250967840409017                                -4.840479006438017                                122.94816676352565
50                                                1.4                                               200                                               1780                                              0.0065                                            -4.7814922440606535                               -6.965289286000716                                -4.5072682564228295                               114.48461371313986
50                                                1.4                                               200                                               1780                                              0.006666666666666666                              -4.458471102055287                                -7.67592379673104                                 -4.156269377774537                                105.56924219547325
50                                                1.4                                               200                                               1780                                              0.006833333333333333                              -4.113420822560128                                -8.243651784167154                                -3.788867602711027                                96.23723710886009
50                                                1.4                                               200                                               1780                                              0.007                                             -3.76393080023378                                 -9.078414711948279                                -3.4065128981885713                               86.52542761398972
50                                                1.4                                               200                                               1780                                              0.007166666666666667                              -3.3923226546730607                               -9.69285364266106                                 -3.010714243544672                                76.47214178603467
50                                                1.4                                               200                                               1780                                              0.007333333333333333                              -3.007977271871201                                -10.285567354280015                               -2.603033675246004                                66.1170553512485
50                                                1.4                                               200                                               1780                                              0.0075                                            -2.6156238167956247                               -10.935809841608496                               -2.185080122244109                                55.50103510500037
50                                                1.4                                               200                                               1780                                              0.007666666666666666                              -2.2146463636232387                               -11.586040006826506                               -1.7585030562678647                               44.665977629203766
50                                                1.4                                               200                                               1780                                              0.007833333333333333                              -1.8081025262512702                               -12.271160221133428                               -1.3249859821121592                               33.654643945648836
50                                                1.4                                               200                                               1780                                              0.008                                             -1.3971355118756554                               -12.976751243856935                               -0.8862397936135715                               22.510490757784716
50                                                1.4                                               200                                               1780                                              0.008166666666666666                              -0.9838131029859889                               -13.711353868879426                               -0.443996021534043                                11.277498946964691
50                                                1.4                                               200                                               1780                                              0.008333333333333333                              -0.5689878193742814                               -14.452290612106648                               -0.000000000000004006140973603043                 0.0000000000001017559807295173
50                                                1.4                                               200                                               1780                                              0.008499999999999999                              -0.15660908071825602                              -15.255369597208112                               0.44399602153403184                               -11.277498946964409
50                                                1.4                                               200                                               1780                                              0.008666666666666666                              0.26170289206431846                               -15.8632372993509                                 0.8862397936135664                                -22.510490757784588
50                                                1.4                                               200                                               1780                                              0.008833333333333334                              0.6819767649119125                                -16.332434116886134                               1.324985982112154                                 -33.65464394564871
50                                                1.4                                               200                                               1780                                              0.009                                             1.1002649722080957                                -16.719247335117945                               1.7585030562678574                                -44.665977629203574
50                                                1.4                                               200                                               1780                                              0.009166666666666667                              1.5207615538403871                                -16.873691637454357                               2.185080122244102                                 -55.501035105000184
50                                                1.4                                               200                                               1780                                              0.009333333333333332                              1.929128209202147                                 -17.117198837513786                               2.6030336752459964                                -66.11705535124831
50                                                1.4                                               200                                               1780                                              0.0095                                            2.337444364875882                                 -17.101054918187153                               3.0107142435446677                                -76.47214178603456
50                                                1.4                                               200                                               1780                                              0.009666666666666667                              2.725591537555789                                 -17.29540256007257                                3.4065128981885677                                -86.5254276139896
50                                                1.4                                               200                                               1780                                              0.009833333333333333                              3.117621249983493                                 -17.04965735927918                                3.78886760271102                                  -96.2372371088599
50                                                1.4                                               200                                               1780                                              0.01                                              3.483133942449117                                 -17.097640057265586                               4.156269377774533                                 -105.56924219547315
50                                                1.4                                               200                                               1780                                              0.010166666666666666                              3.8451798488859015                                -16.81704555143783                                4.507268256422823                                 -114.48461371313971
50                                                1.4                                               200                                               1780                                              0.010333333333333333                              4.185628862985628                                 -16.633193643690607                               4.840479006438015                                 -122.94816676352556
50                                                1.4                                               200                                               1780                                              0.010499999999999999                              4.509312295246407                                 -16.389967270111367                               5.1545865972192955                                -130.9264995693701
50                                                1.4                                               200                                               1780                                              0.010666666666666666                              4.816799985009756                                 -16.0414056767946                                 5.448351389607968                                 -138.3881252960424
50                                                1.4                                               200                                               1780                                              0.010833333333333334                              5.108068039879332                                 -15.558668102756787                               5.720614028176843                                 -145.3035963156918
50                                                1.4                                               200                                               1780                                              0.011                                             5.380553812474533                                 -14.979553586728619                               5.970300016676449                                 -151.64562042358176
50                                                1.4                                               200                                               1780                                              0.011166666666666667                              5.631492638937599                                 -14.349255518938804                               6.1964239585808585                                -157.3891685479538
50                                                1.4                                               200                                               1780                                              0.011333333333333332                              5.8610392799793996                                -13.641175816861802                               6.3980934459975805                                -162.51157352833854
50                                                1.4                                               200                                               1780                                              0.0115                                            6.068735447842278                                 -12.846739197288855                               6.574512581593806                                 -166.99261957248268
50                                                1.4                                               200                                               1780                                              0.011666666666666665                              6.254043716707033                                 -11.961911634486478                               6.724985119639571                                 -170.8146220388451
50                                                1.4                                               200                                               1780                                              0.011833333333333333                              6.416433420270214                                 -10.985088354934538                               6.848917213771574                                 -173.96249722979798
50                                                1.4                                               200                                               1780                                              0.012                                             6.55526915811735                                  -9.919985303909257                                6.945819760633464                                 -176.42382192008995
50                                                1.4                                               200                                               1780                                              0.012166666666666666                              6.669939903637089                                 -8.772408833258599                                7.015310330143334                                 -178.18888238564065
50                                                1.4                                               200                                               1780                                              0.012333333333333333                              6.759976646409711                                 -7.547305920365501                                7.057114674770557                                 -179.25071273917214
50                                                1.4                                               200                                               1780                                              0.012499999999999999                              6.824930119001714                                 -6.251897398739514                                7.0710678118654755                                -179.60512242138307
50                                                1.4                                               200                                               1780                                              0.012666666666666666                              6.864385509624505                                 -4.89532079470972                                 7.057114674770557                                 -179.25071273917214
50                                                1.4                                               200                                               1780                                              0.012833333333333334                              6.877961624592993                                 -3.4886571209786736                               7.015310330143335                                 -178.1888823856407
50                                                1.4                                               200                                               1780                                              0.013                                             6.865298886971342                                 -2.0452301910178634                               6.945819760633464                                 -176.42382192008995
50                                                1.4                                               200                                               1780                                              0.013166666666666667                              6.826082444835343                                 -0.5800031309803331                               6.848917213771577                                 -173.96249722979803
50                                                1.4                                               200                                               1780                                              0.013333333333333332                              6.760052708782124                                 0.8907167642207109                                6.724985119639577                                 -170.81462203884522
50                                                1.4                                               200                                               1780                                              0.0135                                            6.667036163209615                                 2.350098973041447                                 6.574512581593811                                 -166.99261957248277
50                                                1.4                                               200                                               1780                                              0.013666666666666666                              6.546987556057149                                 3.7819103955128743                                6.398093445997587                                 -162.51157352833872
50                                                1.4                                               200                                               1780                                              0.013833333333333333                              6.399997863978861                                 5.170777197109147                                 6.196423958580862                                 -157.38916854795391
50                                                1.4                                               200                                               1780                                              0.014                                             6.226327756841468                                 6.503104600191338                                 5.970300016676453                                 -151.6456204235819
50                                                1.4                                               200                                               1780                                              0.014166666666666666                              6.026411389613828                                 7.76725298049926                                  5.720614028176849                                 -145.30359631569195
50                                                1.4                                               200                                               1780                                              0.014333333333333333                              5.800868964889035                                 8.953946412138936                                 5.448351389607975                                 -138.38812529604255
50                                                1.4                                               200                                               1780                                              0.014499999999999999                              5.550502155053164                                 10.056255168980078                                5.154586597219304                                 -130.9264995693703
50                                                1.4                                               200                                               1780                                              0.014666666666666666                              5.276288138283689                                 11.069551948879997                                4.840479006438018                                 -122.94816676352566
50                                                1.4                                               200                                               1780                                              0.014833333333333332                              4.979366759071165                                 11.991301967267622                                4.507268256422833                                 -114.48461371313995
50                                                1.4                                               200                                               1780                                              0.015                                             4.661031013216087                                 12.820945540215254                                4.156269377774541                                 -105.56924219547334
50                                                1.4                                               200                                               1780                                              0.015166666666666667                              4.322701433250624                                 13.559379295705755                                3.7888676027110275                                -96.2372371088601
50                                                1.4                                               200                                               1780                                              0.015333333333333332                              3.9659140917249203                                14.208790315823151                                3.4065128981885753                                -86.5254276139898
50                                                1.4                                               200                                               1780                                              0.0155                                            3.592298333376018                                 14.77223588171615                                 3.0107142435446734                                -76.4721417860347
50                                                1.4                                               200                                               1780                                              0.015666666666666666                              3.2035647427629605                                15.25348911493059                                 2.603033675246008                                 -66.1170553512486
50                                                1.4                                               200                                               1780                                              0.01583333333333333                               2.8014796267415365                                15.656547414234556                                2.185080122244113                                 -55.50103510500047
50                                                1.4                                               200                                               1780                                              0.016                                             2.3878568550964507                                15.985586490246067                                1.7585030562678656                                -44.66597762920379
50                                                1.4                                               200                                               1780                                              0.016166666666666666                              1.9645413546671764                                16.244706462897344                                1.324985982112163                                 -33.654643945648935
50                                                1.4                                               200                                               1780                                              0.01633333333333333                               1.5333926212642837                                16.437681822327907                                0.8862397936135785                                -22.510490757784893
50                                                1.4                                               200                                               1780                                              0.0165                                            1.0962842599479221                                16.56812125571251                                 0.4439960215340438                                -11.277498946964712
50                                                1.4                                               200                                               1780                                              0.016666666666666666                              0.6550851925568352                                16.63916389094341                                 0.000000000000008012281947206086                  -0.0000000000002035119614590346
50                                                1.4                                               200                                               1780                                              0.016833333333333332                              0.21166221162755164                               16.653719122304118                                -0.4439960215340278                               11.277498946964306
50                                                1.4                                               200                                               1780                                              0.016999999999999998                              -0.232135819782505                                16.6142409353087                                  -0.8862397936135563                               22.51049075778433
50                                                1.4                                               200                                               1780                                              0.017166666666666667                              -0.6823693151190853                               16.32246334162393                                 -1.3249859821121532                               33.654643945648694
50                                                1.4                                               200                                               1780                                              0.017333333333333333                              -1.1394732447238434                               15.723357213217923                                -1.7585030562678563                               44.665977629203546
50                                                1.4                                               200                                               1780                                              0.017499999999999998                              -1.5901703726420982                               15.110707639890792                                -2.185080122244098                                55.501035105000085
50                                                1.4                                               200                                               1780                                              0.017666666666666667                              -2.0304701320381264                               14.543113997479946                                -2.603033675245998                                66.11705535124835
50                                                1.4                                               200                                               1780                                              0.017833333333333333                              -2.458751294766183                                14.019858898973434                                -3.0107142435446645                               76.47214178603447
50                                                1.4                                               200                                               1780                                              0.018                                             -2.874046329153805                                13.524650853482802                                -3.4065128981885606                               86.52542761398945
50                                                1.4                                               200                                               1780                                              0.018166666666666668                              -3.275430047855005                                13.041313893342783                                -3.78886760271102                                 96.2372371088599
50                                                1.4                                               200                                               1780                                              0.018333333333333333                              -3.66187127825277                                 12.55771172785266                                 -4.156269377774528                                105.56924219547301
50                                                1.4                                               200                                               1780                                              0.0185                                            -4.03222725933712                                 12.066041325976808                                -4.507268256422821                                114.48461371313964
50                                                1.4                                               200                                               1780                                              0.018666666666666665                              -4.3852852187711235                               11.561922206738844                                -4.840479006438007                                122.94816676352536
50                                                1.4                                               200                                               1780                                              0.018833333333333334                              -4.719837054124481                                11.04263839460834                                 -5.154586597219296                                130.92649956937015
50                                                1.4                                               200                                               1780                                              0.019                                             -5.034704001824795                                10.506643649692604                                -5.448351389607968                                138.38812529604238
50                                                1.4                                               200                                               1780                                              0.019166666666666665                              -5.328745281474473                                9.953466166240094                                 -5.720614028176838                                145.3035963156917
50                                                1.4                                               200                                               1780                                              0.019333333333333334                              -5.60090275728232                                 9.382690388610827                                 -5.970300016676447                                151.64562042358176
50                                                1.4                                               200                                               1780                                              0.0195                                            -5.850188977314545                                8.794368524164351                                 -6.1964239585808585                               157.3891685479538
50                                                1.4                                               200                                               1780                                              0.019666666666666666                              -6.075724028918438                                8.188183193810179                                 -6.39809344599758                                 162.51157352833852
50                                                1.4                                               200                                               1780                                              0.01983333333333333                               -6.276677237850614                                7.565017731077051                                 -6.574512581593805                                166.99261957248262
50                                                1.4                                               200                                               1780                                              0.02                                              -6.452304312754085                                6.926092494891441                                 -6.724985119639574                                170.81462203884516
50                                                1.4                                               200                                               1780                                              0.020166666666666666                              -6.602036100279317                                6.270780282703302                                 -6.848917213771574                                173.96249722979798
50                                                1.4                                               200                                               1780                                              0.02033333333333333                               -6.725342847913235                                5.600113583093709                                 -6.9458197606334595                               176.42382192008986
50                                                1.4                                               200                                               1780                                              0.0205                                            -6.82180884203831                                 4.914937797867625                                 -7.015310330143334                                178.18888238564068
50                                                1.4                                               200                                               1780                                              0.020666666666666667                              -6.8910143147257                                  4.218949145139378                                 -7.057114674770557                                179.25071273917214
50                                                1.4                                               200                                               1780                                              0.020833333333333332                              -6.932866200613629                                3.510320925796915                                 -7.0710678118654755                               179.60512242138307
50                                                1.4                                               200                                               1780                                              0.020999999999999998                              -6.947278933190929                                2.789827836122598                                 -7.057114674770559                                179.25071273917217
50                                                1.4                                               200                                               1780                                              0.021166666666666667                              -6.9343089736355035                               2.0574344552989596                                -7.015310330143335                                178.1888823856407
50                                                1.4                                               200                                               1780                                              0.021333333333333333                              -6.893897125533739                                1.3188349315330172                                -6.945819760633464                                176.42382192008998
50                                                1.4                                               200                                               1780                                              0.0215                                            -6.826461818750169                                0.5703670335437712                                -6.8489172137715775                               173.96249722979806
50                                                1.4                                               200                                               1780                                              0.021666666666666667                              -6.7322631638831165                               -0.18486232378595635                              -6.724985119639575                                170.8146220388452
50                                                1.4                                               200                                               1780                                              0.021833333333333333                              -6.611644053013739                                -0.9431393740662122                               -6.574512581593812                                166.9926195724828
50                                                1.4                                               200                                               1780                                              0.022                                             -6.46506989338269                                 -1.7012017635815841                               -6.3980934459975884                               162.51157352833874
50                                                1.4                                               200                                               1780                                              0.022166666666666664                              -6.2929879467233825                               -2.452725298819877                                -6.1964239585808665                               157.389168547954
50                                                1.4                                               200                                               1780                                              0.022333333333333334                              -6.095468096899479                                -3.1792692376647578                               -5.9703000166764575                               151.64562042358202
50                                                1.4                                               200                                               1780                                              0.0225                                            -5.875086277216906                                -3.923595125617363                                -5.720614028176852                                145.30359631569203
50                                                1.4                                               200                                               1780                                              0.022666666666666665                              -5.632857161200629                                -4.686446598453215                                -5.448351389607984                                138.38812529604277
50                                                1.4                                               200                                               1780                                              0.022833333333333334                              -5.369362592390454                                -5.455310277347179                                -5.154586597219304                                130.92649956937032
50                                                1.4                                               200                                               1780                                              0.023                                             -5.086710130296038                                -6.254270545993554                                -4.8404790064380245                               122.9481667635258
50                                                1.4                                               200                                               1780                                              0.023166666666666665                              -4.7808174027491885                               -6.948148316689277                                -4.507268256422838                                114.48461371314009
50                                                1.4                                               200                                               1780                                              0.02333333333333333                               -4.458980262968225                                -7.688856483919438                                -4.156269377774547                                105.56924219547348
50                                                1.4                                               200                                               1780                                              0.0235                                            -4.117007100564061                                -8.334743245467026                                -3.788867602711029                                96.23723710886013
50                                                1.4                                               200                                               1780                                              0.023666666666666666                              -3.7614153848156007                               -9.014523160326428                                -3.4065128981885757                               86.52542761398982
50                                                1.4                                               200                                               1780                                              0.02383333333333333                               -3.3945997638973506                               -9.750692216957827                                -3.01071424354468                                 76.47214178603487
50                                                1.4                                               200                                               1780                                              0.024                                             -3.015489172267238                                -10.476369624339359                               -2.6030336752460026                               66.11705535124847
50                                                1.4                                               200                                               1780                                              0.024166666666666666                              -2.622520884460221                                -11.110995360289268                               -2.1850801222441083                               55.50103510500034
50                                                1.4                                               200                                               1780                                              0.024333333333333332                              -2.2224037189899932                               -11.783076833141704                               -1.7585030562678787                               44.66597762920412
50                                                1.4                                               200                                               1780                                              0.024499999999999997                              -1.8148895025247462                               -12.443549418479277                               -1.324985982112176                                33.65464394564927
50                                                1.4                                               200                                               1780                                              0.024666666666666667                              -1.4029869033795777                               -13.125376588056346                               -0.8862397936135795                               22.51049075778492
50                                                1.4                                               200                                               1780                                              0.024833333333333332                              -0.9858425213917201                               -13.762901096384795                               -0.44399602153405104                              11.277498946964895
50                                                1.4                                               200                                               1780                                              0.024999999999999998                              -0.567775096565735                                -14.421487452769282                               -0.00000000000001515860783817668                  0.0000000000003850286390896877
50                                                1.4                                               200                                               1780                                              0.025166666666666667                              -0.1558997424799964                               -15.237352405956354                               0.4439960215340333                                -11.277498946964444
50                                                1.4                                               200                                               1780                                              0.025333333333333333                              0.2639976105977866                                -15.804951448600695                               0.8862397936135619                                -22.51049075778447
50                                                1.4                                               200                                               1780                                              0.0255                                            0.6817565013710417                                -16.33802881082405                                1.3249859821121461                                -33.65464394564851
50                                                1.4                                               200                                               1780                                              0.025666666666666667                              1.1034831995883503                                -16.63750435965958                                1.7585030562678616                                -44.66597762920368
50                                                1.4                                               200                                               1780                                              0.025833333333333333                              1.5212752948169501                                -16.860642616649685                               2.1850801222441025                                -55.50103510500021
50                                                1.4                                               200                                               1780                                              0.026                                             1.9324377419180496                                -17.033136706529877                               2.603033675245998                                 -66.11705535124834
50                                                1.4                                               200                                               1780                                              0.026166666666666664                              2.335836399068106                                 -17.141897249704563                               3.0107142435446637                                -76.47214178603446
50                                                1.4                                               200                                               1780                                              0.026333333333333334                              2.7299336985268314                                -17.185111671407903                               3.40651289818856                                  -86.52542761398942
50                                                1.4                                               200                                               1780                                              0.0265                                            3.113274475514865                                 -17.16006543078217                                3.7888676027110137                                -96.23723710885974
50                                                1.4                                               200                                               1780                                              0.026666666666666665                              3.4841663967581034                                -17.071415717817022                               4.156269377774522                                 -105.56924219547285
50                                                1.4                                               200                                               1780                                              0.026833333333333334                              3.8411480202584882                                -16.919453998574173                               4.507268256422825                                 -114.48461371313975
50                                                1.4                                               200                                               1780                                              0.027                                             4.1831781442568                                   -16.695441899402745                               4.84047900643801                                  -122.94816676352546
50                                                1.4                                               200                                               1780                                              0.027166666666666665                              4.509089224006989                                 -16.395633279592527                               5.154586597219293                                 -130.92649956937004
50                                                1.4                                               200                                               1780                                              0.02733333333333333                               4.817775268115619                                 -16.016633485905544                               5.448351389607963                                 -138.38812529604226
50                                                1.4                                               200                                               1780                                              0.0275                                            5.111158104140282                                 -15.48018047052861                                5.7206140281768425                                -145.30359631569178
50                                                1.4                                               200                                               1780                                              0.027666666666666666                              5.385484543073038                                 -14.854313029526608                               5.970300016676447                                 -151.64562042358173
50                                                1.4                                               200                                               1780                                              0.02783333333333333                               5.63914506551105                                  -14.154883883973081                               6.1964239585808585                                -157.38916854795377
50                                                1.4                                               200                                               1780                                              0.028                                             5.871297200318184                                 -13.380624640256626                               6.39809344599758                                  -162.51157352833852
50                                                1.4                                               200                                               1780                                              0.028166666666666666                              6.08135694987667                                  -12.52615304561521                                6.574512581593805                                 -166.99261957248262
50                                                1.4                                               200                                               1780                                              0.028333333333333332                              6.26876144702312                                  -11.588081284457811                               6.724985119639569                                 -170.81462203884504
50                                                1.4                                               200                                               1780                                              0.028499999999999998                              6.432932266710814                                 -10.566017655343213                               6.848917213771571                                 -173.9624972297979
50                                                1.4                                               200                                               1780                                              0.028666666666666667                              6.573329871120761                                 -9.461243193622586                                6.945819760633461                                 -176.4238219200899
50                                                1.4                                               200                                               1780                                              0.028833333333333332                              6.689464979929379                                 -8.276471895434442                                7.015310330143334                                 -178.18888238564065
50                                                1.4                                               200                                               1780                                              0.028999999999999998                              6.780845860761811                                 -7.017227875822194                                7.057114674770557                                 -179.25071273917214
50                                                1.4                                               200                                               1780                                              0.029166666666666667                              6.846881135243611                                 -5.694341586195359                                7.0710678118654755                                -179.60512242138307
50                                                1.4                                               200                                               1780                                              0.029333333333333333                              6.886822586528015                                 -4.325419041360562                                7.057114674770557                                 -179.25071273917214
50                                                1.4                                               200                                               1780                                              0.0295                                            6.90092622371666                                  -2.90535630323755                                 7.015310330143335                                 -178.1888823856407
50                                                1.4                                               200                                               1780                                              0.029666666666666664                              6.8912384213130755                                -1.3863660187378521                               6.945819760633464                                 -176.42382192008998
50                                                1.4                                               200                                               1780                                              0.029833333333333333                              6.8538275422956065                                0.12472234451032288                               6.848917213771579                                 -173.9624972297981
50                                                1.4                                               200                                               1780                                              0.03                                              6.788069764440046                                 1.6023499779318406                                6.7249851196395785                                -170.8146220388453
50                                                1.4                                               200                                               1780                                              0.030166666666666665                              6.693880358095232                                 3.031941523135951                                 6.574512581593815                                 -166.9926195724829
50                                                1.4                                               200                                               1780                                              0.030333333333333334                              6.574947978802959                                 4.492105133256379                                 6.3980934459975884                                -162.51157352833874
50                                                1.4                                               200                                               1780                                              0.0305                                            6.427800698495578                                 5.876969193833639                                 6.196423958580867                                 -157.38916854795403
50                                                1.4                                               200                                               1780                                              0.030666666666666665                              6.252399013466327                                 7.165314518462665                                 5.9703000166764575                                -151.64562042358202
50                                                1.4                                               200                                               1780                                              0.03083333333333333                               6.053979954117631                                 8.467494518895785                                 5.720614028176853                                 -145.30359631569206
50                                                1.4                                               200                                               1780                                              0.031                                             5.825751590985492                                 9.585965114988918                                 5.448351389607975                                 -138.38812529604257
50                                                1.4                                               200                                               1780                                              0.031166666666666665                              5.574859109997406                                 10.674921824563793                                5.154586597219305                                 -130.92649956937035
50                                                1.4                                               200                                               1780                                              0.03133333333333333                               5.297073920705492                                 11.597510822393707                                4.8404790064380245                                -122.9481667635258
50                                                1.4                                               200                                               1780                                              0.0315                                            4.992987075113502                                 12.337257994742851                                4.507268256422839                                 -114.4846137131401
50                                                1.4                                               200                                               1780                                              0.03166666666666666                               4.682123508320903                                 13.356694915877439                                4.156269377774548                                 -105.56924219547349
50                                                1.4                                               200                                               1780                                              0.03183333333333333                               4.339238983094764                                 13.979433061746585                                3.7888676027110395                                -96.2372371088604
50                                                1.4                                               200                                               1780                                              0.032                                             3.9754599509367092                                14.451255139802567                                3.406512898188577                                 -86.52542761398985
50                                                1.4                                               200                                               1780                                              0.03216666666666666                               3.5993441702249735                                14.951200137679171                                3.0107142435446916                                -76.47214178603517
50                                                1.4                                               200                                               1780                                              0.03233333333333333                               3.2091612202830593                                15.395639643940923                                2.6030336752460155                                -66.11705535124878
50                                                1.4                                               200                                               1780                                              0.0325                                            2.805332626620605                                 15.754413611163                                   2.1850801222441087                                -55.50103510500036
50                                                1.4                                               200                                               1780                                              0.03266666666666666                               2.390167957274368                                 16.044288485564813                                1.7585030562678796                                -44.66597762920414
50                                                1.4                                               200                                               1780                                              0.03283333333333333                               1.966009347949083                                 16.28199349225772                                 1.3249859821121646                                -33.65464394564898
50                                                1.4                                               200                                               1780                                              0.033                                             1.5343688239065667                                16.462477369441853                                0.8862397936135803                                -22.51049075778494
50                                                1.4                                               200                                               1780                                              0.033166666666666664                              1.0968615733977118                                16.582785017336967                                0.44399602153405177                               -11.277498946964915
50                                                1.4                                               200                                               1780                                              0.03333333333333333                               0.6553854425189322                                16.646790239980465                                0.00000000000001602456389441218                   -0.0000000000004070239229180692
50                                                1.4                                               200                                               1780                                              0.0335                                            0.21083049587870983                               16.63259354228365                                 -0.44399602153403234                              11.277498946964421
50                                                1.4                                               200                                               1780                                              0.033666666666666664                              -0.23359183146857296                              16.57725823848238                                 -0.8862397936135485                               22.51049075778413
50                                                1.4                                               200                                               1780                                              0.03383333333333333                               -0.6806672601104373                               16.36569553884307                                 -1.324985982112133                                33.654643945648495
50                                                1.4                                               200                                               1780                                              0.033999999999999996                              -1.133213066402906                                15.882365742569231                                -1.7585030562678365                               44.66597762920305
50                                                1.4                                               200                                               1780                                              0.034166666666666665                              -1.5802820376535573                               15.361871348599525                                -2.18508012224409                                 55.50103510499988
50                                                1.4                                               200                                               1780                                              0.034333333333333334                              -2.018444020881646                                14.848577220854528                                -2.6030336752459973                               66.11705535124833
50                                                1.4                                               200                                               1780                                              0.034499999999999996                              -2.445745921822005                                14.350195371755225                                -3.0107142435446517                               76.47214178603414
50                                                1.4                                               200                                               1780                                              0.034666666666666665                              -2.8608163417395764                               13.86069253380418                                 -3.4065128981885593                               86.52542761398941
50                                                1.4                                               200                                               1780                                              0.034833333333333334                              -3.262321377318453                                13.374274124971038                                -3.7888676027110137                               96.23723710885973
50                                                1.4                                               200                                               1780                                              0.034999999999999996                              -3.6489512640577435                               12.885880088406175                                -4.156269377774521                                105.56924219547284
50                                                1.4                                               200                                               1780                                              0.035166666666666666                              -4.019451168930107                                12.390554022314738                                -4.507268256422814                                114.48461371313947
50                                                1.4                                               200                                               1780                                              0.035333333333333335                              -4.372568333709502                                11.884931087304112                                -4.84047900643801                                 122.94816676352545
50                                                1.4                                               200                                               1780                                              0.0355                                            -4.707111421102156                                11.36586947337501                                 -5.154586597219284                                130.92649956936978
50                                                1.4                                               200                                               1780                                              0.035666666666666666                              -5.0219058275855115                               10.831717275370274                                -5.448351389607963                                138.38812529604226
50                                                1.4                                               200                                               1780                                              0.035833333333333335                              -5.315854161851004                                10.280900604676239                                -5.720614028176841                                145.30359631569175
50                                                1.4                                               200                                               1780                                              0.036                                             -5.587844321362867                                9.714374660964781                                 -5.97030001667644                                 151.64562042358156
50                                                1.4                                               200                                               1780                                              0.036166666666666666                              -5.83693936284323                                 9.130908731735722                                 -6.1964239585808585                               157.38916854795377
50                                                1.4                                               200                                               1780                                              0.036333333333333336                              -6.062337092807989                                8.528211371015615                                 -6.39809344599758                                 162.51157352833852
50                                                1.4                                               200                                               1780                                              0.0365                                            -6.263159182030238                                7.90837634891459                                  -6.574512581593805                                166.99261957248262
50                                                1.4                                               200                                               1780                                              0.03666666666666667                               -6.438689354538266                                7.271912433573101                                 -6.724985119639569                                170.81462203884504
50                                                1.4                                               200                                               1780                                              0.03683333333333333                               -6.5883370678329705                               6.618735706840441                                 -6.84891721377157                                 173.96249722979786
50                                                1.4                                               200                                               1780                                              0.037                                             -6.7115757467597215                               5.949797952392923                                 -6.945819760633459                                176.42382192008984
50                                                1.4                                               200                                               1780                                              0.03716666666666667                               -6.807901849566171                                5.2681754066599025                                -7.015310330143334                                178.18888238564065
50                                                1.4                                               200                                               1780                                              0.03733333333333333                               -6.877062281228507                                4.5733307959680465                                -7.057114674770556                                179.25071273917212
50                                                1.4                                               200                                               1780                                              0.0375                                            -6.918985943839162                                3.862879447868374                                 -7.0710678118654755                               179.60512242138307
50                                                1.4                                               200                                               1780                                              0.03766666666666667                               -6.933277943677947                                3.145452969752309                                 -7.057114674770559                                179.25071273917217
50                                                1.4                                               200                                               1780                                              0.03783333333333333                               -6.920082173205373                                2.418795186224274                                 -7.015310330143338                                178.18888238564077
50                                                1.4                                               200                                               1780                                              0.038                                             -6.879680901277679                                1.679927027636928                                 -6.945819760633464                                176.42382192008998
50                                                1.4                                               200                                               1780                                              0.03816666666666667                               -6.8121766715872765                               0.9332097714812014                                -6.848917213771576                                173.962497229798
50                                                1.4                                               200                                               1780                                              0.03833333333333333                               -6.717845700052467                                0.1813412575126658                                -6.72498511963958                                 170.8146220388453
50                                                1.4                                               200                                               1780                                              0.0385                                            -6.597129679808635                                -0.5744742946563913                               -6.574512581593815                                166.9926195724829
50                                                1.4                                               200                                               1780                                              0.03866666666666667                               -6.450614895653059                                -1.3340448212489804                               -6.3980934459975884                               162.51157352833874
50                                                1.4                                               200                                               1780                                              0.03883333333333333                               -6.278919600965805                                -2.0953893165772564                               -6.196423958580874                                157.38916854795417
50                                                1.4                                               200                                               1780                                              0.039                                             -6.082869507754485                                -2.8592650733818954                               -5.9703000166764575                               151.64562042358202
50                                                1.4                                               200                                               1780                                              0.03916666666666666                               -5.86285418023368                                 -3.6128998622431676                               -5.720614028176861                                145.30359631569226
50                                                1.4                                               200                                               1780                                              0.03933333333333333                               -5.620342400257433                                -4.368571670496041                                -5.448351389607984                                138.38812529604277
50                                                1.4                                               200                                               1780                                              0.0395                                            -5.356229532961384                                -5.121730567848766                                -5.154586597219307                                130.92649956937038
50                                                1.4                                               200                                               1780                                              0.03966666666666666                               -5.071564733363644                                -5.869577463910502                                -4.840479006438034                                122.94816676352606
50                                                1.4                                               200                                               1780                                              0.03983333333333333                               -4.76751030235962                                 -6.61014796679422                                 -4.50726825642284                                 114.48461371314013
50                                                1.4                                               200                                               1780                                              0.04                                              -4.445343854072286                                -7.342491697962811                                -4.156269377774538                                105.56924219547325
50                                                1.4                                               200                                               1780                                              0.04016666666666666                               -4.106426307799008                                -8.065991109234378                                -3.788867602711041                                96.23723710886043
50                                                1.4                                               200                                               1780                                              0.04033333333333333                               -3.7521651844661936                               -8.779568071451457                                -3.406512898188577                                86.52542761398986
50                                                1.4                                               200                                               1780                                              0.0405                                            -3.384045538928155                                -9.482614902740242                                -3.010714243544681                                76.4721417860349
50                                                1.4                                               200                                               1780                                              0.04066666666666666                               -3.0036066700576614                               -10.174554068215505                               -2.603033675246028                                66.11705535124909
50                                                1.4                                               200                                               1780                                              0.04083333333333333                               -2.612453774404198                                -10.855290764865947                               -2.1850801222441216                               55.50103510500068
50                                                1.4                                               200                                               1780                                              0.041                                             -2.212254046914414                                -11.525275162422258                               -1.7585030562678683                               44.66597762920385
50                                                1.4                                               200                                               1780                                              0.041166666666666664                              -1.8047625536035699                               -12.186324915881357                               -1.3249859821121777                               33.65464394564931
50                                                1.4                                               200                                               1780                                              0.04133333333333333                               -1.3918134869181444                               -12.841571809935909                               -0.8862397936135811                               22.510490757784957
50                                                1.4                                               200                                               1780                                              0.041499999999999995                              -0.975458951265198                                -13.499158415170776                               -0.4439960215340652                               11.277498946965256
50                                                1.4                                               200                                               1780                                              0.041666666666666664                              -0.5583847789980655                               -14.182973386550435                               -0.00000000000001689051995064767                  0.0000000000004290192067464507
50                                                1.4                                               200                                               1780                                              0.041833333333333333                              -0.14610711978837637                              -14.988619789589158                               0.44399602153403145                               -11.277498946964398
50                                                1.4                                               200                                               1780                                              0.041999999999999996                              0.2703152961100944                                -15.644482236587711                               0.8862397936135478                                -22.510490757784112
50                                                1.4                                               200                                               1780                                              0.042166666666666665                              0.6898022128210146                                -16.133667739994696                               1.3249859821121444                                -33.654643945648466
50                                                1.4                                               200                                               1780                                              0.042333333333333334                              1.1087546110993727                                -16.50361050727927                                1.7585030562678479                                -44.66597762920333
50                                                1.4                                               200                                               1780                                              0.042499999999999996                              1.5244244861001226                                -16.780653158056747                               2.185080122244089                                 -55.501035104999865
50                                                1.4                                               200                                               1780                                              0.042666666666666665                              1.934577485914709                                 -16.97878720901441                                2.603033675245985                                 -66.11705535124801
50                                                1.4                                               200                                               1780                                              0.042833333333333334                              2.3372854341835327                                -17.105091757772406                               3.0107142435446503                                -76.47214178603413
50                                                1.4                                               200                                               1780                                              0.043                                             2.7308228605064726                                -17.1625269571247                                 3.4065128981885473                                -86.52542761398911
50                                                1.4                                               200                                               1780                                              0.043166666666666666                              3.1136087147928935                                -17.15157575311993                                3.788867602711001                                 -96.23723710885942
50                                                1.4                                               200                                               1780                                              0.043333333333333335                              3.4841697844154864                                -17.07132967131973                                4.156269377774531                                 -105.56924219547307
50                                                1.4                                               200                                               1780                                              0.0435                                            3.8411244954725197                                -16.92005152813722                                4.507268256422804                                 -114.48461371313921
50                                                1.4                                               200                                               1780                                              0.043666666666666666                              4.183178498356988                                 -16.695432905257913                               4.8404790064380085                                -122.94816676352542
50                                                1.4                                               200                                               1780                                              0.043833333333333335                              4.509116122485362                                 -16.394950058241786                               5.154586597219291                                 -130.92649956936998
50                                                1.4                                               200                                               1780                                              0.044                                             4.817802903290165                                 -16.015931552472047                               5.4483513896079625                                -138.38812529604223
50                                                1.4                                               200                                               1780                                              0.04416666666666667                               5.108182500723318                                 -15.555760797319257                               5.720614028176834                                 -145.30359631569155
50                                                1.4                                               200                                               1780                                              0.04433333333333333                               5.379273063685381                                 -15.012084605972888                               5.97030001667644                                  -151.64562042358156
50                                                1.4                                               200                                               1780                                              0.0445                                            5.630170738848829                                 -14.382831781193362                               6.1964239585808505                                -157.3891685479536
50                                                1.4                                               200                                               1780                                              0.04466666666666667                               5.86004637314684                                  -13.666395650408639                               6.398093445997574                                 -162.51157352833837
50                                                1.4                                               200                                               1780                                              0.04483333333333333                               6.068142804160837                                 -12.861792346797209                               6.574512581593799                                 -166.99261957248248
50                                                1.4                                               200                                               1780                                              0.045                                             6.253770914740713                                 -11.968840804430833                               6.724985119639565                                 -170.81462203884493
50                                                1.4                                               200                                               1780                                              0.04516666666666667                               6.416306936325164                                 -10.988301047138778                               6.848917213771573                                 -173.96249722979795
50                                                1.4                                               200                                               1780                                              0.04533333333333333                               6.555183510511259                                 -9.922160753103816                                6.945819760633456                                 -176.42382192008978
50                                                1.4                                               200                                               1780                                              0.0455                                            6.6698846268894725                                -8.773812862648084                                7.015310330143334                                 -178.18888238564065
50                                                1.4                                               200                                               1780                                              0.04566666666666667                               6.75993648326975                                  -7.548326064120517                                7.057114674770557                                 -179.25071273917214
50                                                1.4                                               200                                               1780                                              0.04583333333333333                               6.824902294920396                                 -6.252604130405008                                7.0710678118654755                                -179.60512242138307
50                                                1.4                                               200                                               1780                                              0.046                                             6.864369939798228                                 -4.89571626829722                                 7.05711467477056                                  -179.2507127391722
50                                                1.4                                               200                                               1780                                              0.04616666666666667                               6.877953739715404                                 -3.4888573968694234                               7.015310330143334                                 -178.18888238564068
50                                                1.4                                               200                                               1780                                              0.04633333333333333                               6.865296135180007                                 -2.0453000865179445                               6.9458197606334675                                -176.42382192009006
50                                                1.4                                               200                                               1780                                              0.0465                                            6.82608109889027                                  -0.5800373179853555                               6.848917213771582                                 -173.96249722979817
50                                                1.4                                               200                                               1780                                              0.04666666666666666                               6.760049813826735                                 0.8906432323536569                                6.724985119639583                                 -170.81462203884539
50                                                1.4                                               200                                               1780                                              0.04683333333333333                               6.667034547626282                                 2.3500579372245096                                6.574512581593822                                 -166.99261957248305
50                                                1.4                                               200                                               1780                                              0.047                                             6.546986276333235                                 3.781877890525389                                 6.3980934459975884                                -162.51157352833874
50                                                1.4                                               200                                               1780                                              0.04716666666666666                               6.39999786534085                                  5.170777231703232                                 6.19642395858088                                  -157.38916854795434
50                                                1.4                                               200                                               1780                                              0.04733333333333333                               6.226327757809716                                 6.503104624784768                                 5.9703000166764575                                -151.64562042358202
50                                                1.4                                               200                                               1780                                              0.0475                                            6.026411390235887                                 7.767252996299417                                 5.720614028176853                                 -145.3035963156921
50                                                1.4                                               200                                               1780                                              0.04766666666666666                               5.8008689653057575                                8.95394642272345                                  5.448351389607986                                 -138.3881252960428
50                                                1.4                                               200                                               1780                                              0.04783333333333333                               5.550502155330596                                 10.056255176026562                                5.154586597219314                                 -130.92649956937058
50                                                1.4                                               200                                               1780                                              0.048                                             5.276288138467245                                 11.069551953542401                                4.840479006438016                                 -122.9481667635256
50                                                1.4                                               200                                               1780                                              0.04816666666666666                               4.979366759191759                                 11.99130197033026                                 4.50726825642285                                  -114.48461371314039
50                                                1.4                                               200                                               1780                                              0.04833333333333333                               4.661031013294737                                 12.820945542213046                                4.156269377774539                                 -105.56924219547328
50                                                1.4                                               200                                               1780                                              0.0485                                            4.322701433301533                                 13.559379296998742                                3.7888676027110306                                -96.23723710886019
50                                                1.4                                               200                                               1780                                              0.048666666666666664                              3.96591409175764                                  14.208790316653603                                3.4065128981886006                                -86.52542761399044
50                                                1.4                                               200                                               1780                                              0.04883333333333333                               3.592298333396871                                 14.7722358822456                                  3.0107142435446823                                -76.47214178603492
50                                                1.4                                               200                                               1780                                              0.048999999999999995                              3.2035647427761624                                15.253489115265106                                2.6030336752460403                                -66.11705535124942
50                                                1.4                                               200                                               1780                                              0.049166666666666664                              2.80147962674982                                  15.656547414444717                                2.185080122244122                                 -55.5010351050007
50                                                1.4                                               200                                               1780                                              0.04933333333333333                               2.3878568551016137                                15.985586490376813                                1.7585030562678814                                -44.66597762920418
50                                                1.4                                               200                                               1780                                              0.049499999999999995                              1.9645413546703772                                16.244706462978243                                1.3249859821121786                                -33.65464394564933
50                                                1.4                                               200                                               1780                                              0.049666666666666665                              1.5333926212662492                                16.437681822377424                                0.8862397936135946                                -22.5104907577853
50                                                1.4                                               200                                               1780                                              0.049833333333333334                              1.0962842599491167                                16.56812125574292                                 0.443996021534041                                 -11.27749894696464
50                                                1.4                                               200                                               1780                                              0.049999999999999996                              0.6550851925575721                                16.639163890961555                                0.00000000000003031721567635336                   -0.0000000000007700572781793753
50                                                1.4                                               200                                               1780                                              0.050166666666666665                              0.21166204748686945                               16.653714953130866                                -0.44399602153403067                              11.277498946964378
50                                                1.4                                               200                                               1780                                              0.050333333333333334                              -0.23213575234262906                              16.61424264828163                                 -0.8862397936135593                               22.510490757784407
50                                                1.4                                               200                                               1780                                              0.050499999999999996                              -0.6797761479009359                               16.388329788964676                                -1.3249859821121437                               33.654643945648445
50                                                1.4                                               200                                               1780                                              0.050666666666666665                              -1.1326702795266872                               15.89615252922546                                 -1.758503056267847                                44.66597762920331
50                                                1.4                                               200                                               1780                                              0.050833333333333335                              -1.5799392072029277                               15.370579242045482                                -2.1850801222440883                               55.50103510499984
50                                                1.4                                               200                                               1780                                              0.051                                             -2.018235844377327                                14.853864904063885                                -2.6030336752459835                               66.11705535124798
50                                                1.4                                               200                                               1780                                              0.051166666666666666                              -2.4456736540653514                               14.352030972774172                                -3.01071424354465                                 76.4721417860341
50                                                1.4                                               200                                               1780                                              0.051333333333333335                              -2.8608057048168876                               13.860962711640711                                -3.406512898188569                                86.52542761398965
50                                                1.4                                               200                                               1780                                              0.0515                                            -3.2623176998567787                               13.374367532497233                                -3.7888676027110004                               96.2372371088594
50                                                1.4                                               200                                               1780                                              0.051666666666666666                              -3.648945772814938                                12.88601956597361                                 -4.15626937777453                                 105.56924219547305
50                                                1.4                                               200                                               1780                                              0.05183333333333333                               -4.019439486336688                                12.39085076018733                                 -4.507268256422803                                114.4846137131392
50                                                1.4                                               200                                               1780                                              0.052                                             -4.372555824807432                                11.885248813416633                                -4.8404790064380085                               122.94816676352542
50                                                1.4                                               200                                               1780                                              0.05216666666666667                               -4.7070896000270155                               11.366423728683783                                -5.154586597219291                                130.92649956936998
50                                                1.4                                               200                                               1780                                              0.05233333333333333                               -5.02187912127524                                 10.832395615651157                                -5.4483513896079625                               138.38812529604223
50                                                1.4                                               200                                               1780                                              0.0525                                            -5.315807155924409                                10.282094555211607                                -5.720614028176834                                145.30359631569155
50                                                1.4                                               200                                               1780                                              0.05266666666666667                               -5.587831169167741                                9.714708726720945                                 -5.970300016676438                                151.64562042358153
50                                                1.4                                               200                                               1780                                              0.05283333333333333                               -5.836976856319465                                9.129956397439233                                 -6.1964239585808505                               157.3891685479536
50                                                1.4                                               200                                               1780                                              0.053                                             -6.062356111271541                                8.527728302041275                                 -6.398093445997574                                162.51157352833837
50                                                1.4                                               200                                               1780                                              0.05316666666666667                               -6.263161025428007                                7.908329526611353                                 -6.574512581593808                                166.9926195724827
50                                                1.4                                               200                                               1780                                              0.05333333333333333                               -6.438682753751281                                7.272080093562385                                 -6.724985119639563                                170.8146220388449
50                                                1.4                                               200                                               1780                                              0.0535                                            -6.588302406318409                                6.619616109310377                                 -6.848917213771573                                173.96249722979795
50                                                1.4                                               200                                               1780                                              0.05366666666666667                               -6.711500317812454                                5.951713847653589                                 -6.9458197606334595                               176.4238219200899
50                                                1.4                                               200                                               1780                                              0.05383333333333333                               -6.807856271522844                                5.269333088960415                                 -7.015310330143334                                178.18888238564065
50                                                1.4                                               200                                               1780                                              0.054                                             -6.877057618884475                                4.573449219506514                                 -7.057114674770557                                179.25071273917214
50                                                1.4                                               200                                               1780                                              0.05416666666666666                               -6.91889723513825                                 3.8651326488715516                                -7.0710678118654755                               179.60512242138307
50                                                1.4                                               200                                               1780                                              0.05433333333333333                               -6.933274134414191                                3.1455497250517235                                -7.05711467477056                                 179.2507127391722
50                                                1.4                                               200                                               1780                                              0.0545                                            -6.920193988443299                                2.4159550791810056                                -7.015310330143338                                178.18888238564077
50                                                1.4                                               200                                               1780                                              0.05466666666666666                               -6.879768928548208                                1.677691134965585                                 -6.9458197606334675                               176.42382192009006
50                                                1.4                                               200                                               1780                                              0.05483333333333333                               -6.812218722779279                                0.9321416712044809                                -6.848917213771582                                173.96249722979817
50                                                1.4                                               200                                               1780                                              0.055                                             -6.717869755003037                                0.18073026176804913                               -6.724985119639575                                170.81462203884522
50                                                1.4                                               200                                               1780                                              0.05516666666666666                               -6.597155741123139                                -0.5751362520446732                               -6.574512581593821                                166.99261957248305
50                                                1.4                                               200                                               1780                                              0.05533333333333333                               -6.450615348029152                                -1.3340563116016853                               -6.3980934459975884                               162.51157352833874
50                                                1.4                                               200                                               1780                                              0.0555                                            -6.278887616028626                                -2.0945768991730684                               -6.196423958580868                                157.38916854795406
50                                                1.4                                               200                                               1780                                              0.05566666666666666                               -6.082708199585361                                -2.8551678458861307                               -5.970300016676458                                151.64562042358205
50                                                1.4                                               200                                               1780                                              0.05583333333333333                               -5.862912989393512                                -3.6143936149031015                               -5.720614028176853                                145.3035963156921
50                                                1.4                                               200                                               1780                                              0.056                                             -5.6204324321995935                               -4.370858481826857                                -5.448351389607986                                138.38812529604283
50                                                1.4                                               200                                               1780                                              0.05616666666666666                               -5.356286293105449                                -5.123172275507802                                -5.154586597219316                                130.9264995693706
50                                                1.4                                               200                                               1780                                              0.05633333333333333                               -5.071583793486753                                -5.870061591037385                                -4.840479006438036                                122.9481667635261
50                                                1.4                                               200                                               1780                                              0.056499999999999995                              -4.767512674971189                                -6.610208231127802                                -4.507268256422851                                114.4846137131404
50                                                1.4                                               200                                               1780                                              0.056666666666666664                              -4.445345614518999                                -7.342536413308753                                -4.15626937777456                                 105.5692421954738
50                                                1.4                                               200                                               1780                                              0.05683333333333333                               -4.106425155579233                                -8.06596184285231                                 -3.788867602711032                                96.2372371088602
50                                                1.4                                               200                                               1780                                              0.056999999999999995                              -3.7521637529315455                               -8.779531710470787                                -3.4065128981886015                               86.52542761399046
50                                                1.4                                               200                                               1780                                              0.057166666666666664                              -3.384042859398925                                -9.482546842697747                                -3.0107142435446828                               76.47214178603494
50                                                1.4                                               200                                               1780                                              0.05733333333333333                               -3.0036033808501945                               -10.174470522346095                               -2.603033675246018                                66.11705535124885
50                                                1.4                                               200                                               1780                                              0.057499999999999996                              -2.612449454460699                                -10.855181038301021                               -2.185080122244123                                55.50103510500072
50                                                1.4                                               200                                               1780                                              0.057666666666666665                              -2.212252993204431                                -11.525248398188337                               -1.7585030562678823                               44.66597762920421
50                                                1.4                                               200                                               1780                                              0.057833333333333334                              -1.8047629298009167                               -12.18633447129393                                -1.3249859821121794                               33.654643945649354
50                                                1.4                                               200                                               1780                                              0.057999999999999996                              -1.3918150179508266                               -12.841610698165669                               -0.8862397936135954                               22.510490757785323
50                                                1.4                                               200                                               1780                                              0.058166666666666665                              -0.9754605592194762                               -13.499199257209392                               -0.44399602153406703                              11.2774989469653
50                                                1.4                                               200                                               1780                                              0.058333333333333334                              -0.5583856990015299                               -14.182996754638706                               -0.000000000000006061692393648454                 0.0000000000001539669867986707
50                                                1.4                                               200                                               1780                                              0.058499999999999996                              -0.14610782133075906                              -14.988637608764996                               0.44399602153400464                               -11.277498946963718
50                                                1.4                                               200                                               1780                                              0.058666666666666666                              0.2703151187579139                                -15.644486741333367                               0.8862397936135582                                -22.51049075778438
50                                                1.4                                               200                                               1780                                              0.058833333333333335                              0.689802108383089                                 -16.133670392717963                               1.324985982112143                                 -33.654643945648424
50                                                1.4                                               200                                               1780                                              0.059                                             1.1087545493812376                                -16.50361207491986                                1.758503056267846                                 -44.66597762920329
50                                                1.4                                               200                                               1780                                              0.059166666666666666                              1.5244244494386252                                -16.780654089258746                               2.185080122244088                                 -55.50103510499982
50                                                1.4                                               200                                               1780                                              0.05933333333333333                               1.93457746401348                                  -16.97878776530557                                2.6030336752459826                                -66.11705535124796
50                                                1.4                                               200                                               1780                                              0.0595                                            2.337285421025038                                 -17.105092091998117                               3.010714243544649                                 -76.47214178603409
50                                                1.4                                               200                                               1780                                              0.059666666666666666                              2.730822852553254                                 -17.162527159136417                               3.406512898188546                                 -86.52542761398907
50                                                1.4                                               200                                               1780                                              0.05983333333333333                               3.113608709955445                                 -17.151575875991114                               3.7888676027110004                                -96.2372371088594
50                                                1.4                                               200                                               1780                                              0.06                                              3.4841697814543866                                -17.071329746531124                               4.156269377774509                                 -105.56924219547254
50                                                1.4                                               200                                               1780                                              0.06016666666666667                               3.841124493647908                                 -16.920051574482798                               4.5072682564228215                                -114.48461371313967
50                                                1.4                                               200                                               1780                                              0.06033333333333333                               4.183178497225254                                 -16.69543293400351                                4.840479006437991                                 -122.94816676352495
50                                                1.4                                               200                                               1780                                              0.0605                                            4.509116121778517                                 -16.394950076195666                               5.154586597219291                                 -130.92649956936998
50                                                1.4                                               200                                               1780                                              0.06066666666666667                               4.817802902845659                                 -16.015931563762454                               5.448351389607961                                 -138.3881252960422
50                                                1.4                                               200                                               1780                                              0.06083333333333333                               5.108182500441826                                 -15.555760804469163                               5.720614028176832                                 -145.30359631569155
50                                                1.4                                               200                                               1780                                              0.061                                             5.379273063505897                                 -15.012084610531778                               5.97030001667644                                  -151.64562042358153
50                                                1.4                                               200                                               1780                                              0.06116666666666667                               5.6301707387335895                                -14.382831784120413                               6.19642395858085                                  -157.38916854795357
50                                                1.4                                               200                                               1780                                              0.06133333333333333                               5.86004637307232                                  -13.666395652301413                               6.398093445997573                                 -162.51157352833835
50                                                1.4                                               200                                               1780                                              0.0615                                            6.068142804112343                                 -12.861792348028965                               6.574512581593799                                 -166.99261957248248
50                                                1.4                                               200                                               1780                                              0.06166666666666666                               6.253770914708941                                 -11.968840805237836                               6.724985119639563                                 -170.8146220388449
50                                                1.4                                               200                                               1780                                              0.06183333333333333                               6.4163069363042124                                -10.98830104767083                                6.848917213771568                                 -173.9624972297978
50                                                1.4                                               200                                               1780                                              0.062                                             6.555183510497368                                 -9.922160753456755                                6.9458197606334595                                -176.4238219200899
50                                                1.4                                               200                                               1780                                              0.06216666666666666                               6.669884626880202                                 -8.77381286288348                                 7.01531033014333                                  -178.18888238564057
50                                                1.4                                               200                                               1780                                              0.06233333333333333                               6.75993648326353                                  -7.54832606427848                                 7.057114674770557                                 -179.25071273917214
50                                                1.4                                               200                                               1780                                              0.0625                                            6.824902294916209                                 -6.252604130511381                                7.0710678118654755                                -179.60512242138307
50                                                1.4                                               200                                               1780                                              0.06266666666666666                               6.864369939795393                                 -4.895716268369249                                7.05711467477056                                  -179.2507127391722
50                                                1.4                                               200                                               1780                                              0.06283333333333332                               6.8779537397134805                                -3.488857396918429                                7.015310330143341                                 -178.18888238564085
50                                                1.4                                               200                                               1780                                              0.063                                             6.865296135178695                                 -2.04530008655123                                 6.9458197606334675                                -176.42382192009006
50                                                1.4                                               200                                               1780                                              0.06316666666666666                               6.826081098889377                                 -0.5800373180080632                               6.848917213771583                                 -173.9624972297982
50                                                1.4                                               200                                               1780                                              0.06333333333333332                               6.760049813826125                                 0.8906432323381468                                6.724985119639584                                 -170.8146220388454
50                                                1.4                                               200                                               1780                                              0.0635                                            6.667034547625862                                 2.350057937214071                                 6.5745125815938135                                -166.99261957248282
50                                                1.4                                               200                                               1780                                              0.06366666666666666                               6.546986276332956                                 3.781877890518045                                 6.3980934459976                                   -162.51157352833903
50                                                1.4                                               200                                               1780                                              0.06383333333333333                               6.399997865340661                                 5.170777231698413                                 6.196423958580882                                 -157.38916854795437
50                                                1.4                                               200                                               1780                                              0.064                                             6.226327757809584                                 6.5031046247814                                   5.970300016676458                                 -151.64562042358205
50                                                1.4                                               200                                               1780                                              0.06416666666666666                               6.026411390235802                                 7.767252996297298                                 5.720614028176853                                 -145.3035963156921
50                                                1.4                                               200                                               1780                                              0.06433333333333333                               5.800868965305706                                 8.95394642272166                                  5.4483513896080025                                -138.38812529604326
50                                                1.4                                               200                                               1780                                              0.0645                                            5.550502155330557                                 10.056255176025502                                5.154586597219317                                 -130.92649956937063
50                                                1.4                                               200                                               1780                                              0.06466666666666666                               5.276288138467233                                 11.069551953541623                                4.840479006438036                                 -122.9481667635261
50                                                1.4                                               200                                               1780                                              0.06483333333333333                               4.979366759191753                                 11.991301970330117                                4.507268256422851                                 -114.4846137131404
50                                                1.4                                               200                                               1780                                              0.065                                             4.661031013294724                                 12.820945542212696                                4.15626937777454                                  -105.56924219547331
50                                                1.4                                               200                                               1780                                              0.06516666666666666                               4.322701433301542                                 13.559379296998376                                3.7888676027110537                                -96.23723710886075
50                                                1.4                                               200                                               1780                                              0.06533333333333333                               3.965914091757647                                 14.20879031665373                                 3.406512898188602                                 -86.52542761399049
50                                                1.4                                               200                                               1780                                              0.0655                                            3.592298333396866                                 14.772235882245432                                3.010714243544684                                 -76.47214178603497
50                                                1.4                                               200                                               1780                                              0.06566666666666666                               3.2035647427761504                                15.253489115265348                                2.603033675246019                                 -66.11705535124887
50                                                1.4                                               200                                               1780                                              0.06583333333333333                               2.801479626749832                                 15.656547414444375                                2.185080122244148                                 -55.50103510500135
50                                                1.4                                               200                                               1780                                              0.066                                             2.3878568551016124                                15.985586490376708                                1.7585030562678832                                -44.66597762920423
50                                                1.4                                               200                                               1780                                              0.06616666666666667                               1.9645413546703787                                16.244706462978243                                1.3249859821121803                                -33.654643945649376
50                                                1.4                                               200                                               1780                                              0.06633333333333333                               1.5333926212662599                                16.437681822377655                                0.8862397936135962                                -22.51049075778534
50                                                1.4                                               200                                               1780                                              0.0665                                            1.0962842599491145                                16.568121255742817                                0.44399602153404283                               -11.277498946964686
50                                                1.4                                               200                                               1780                                              0.06666666666666667                               0.6550851925575704                                16.63916389096147                                 0.00000000000003204912778882435                   -0.0000000000008140478458361384
50                                                1.4                                               200                                               1780                                              0.06683333333333333                               0.21166204748689058                               16.653714953130716                                -0.44399602153400386                              11.277498946963696
50                                                1.4                                               200                                               1780                                              0.067                                             -0.23213575234262712                              16.614242648281632                                -0.8862397936135575                               22.51049075778436
50                                                1.4                                               200                                               1780                                              0.06716666666666667                               -0.6797761479009342                               16.388329788964672                                -1.324985982112142                                33.6546439456484
50                                                1.4                                               200                                               1780                                              0.06733333333333333                               -1.1326702795266645                               15.896152529225374                                -1.758503056267821                                44.66597762920265
50                                                1.4                                               200                                               1780                                              0.0675                                            -1.579939207202924                                15.37057924204554                                 -2.185080122244087                                55.5010351049998
50                                                1.4                                               200                                               1780                                              0.06766666666666667                               -2.018235844377324                                14.853864904063924                                -2.6030336752459817                               66.11705535124794
50                                                1.4                                               200                                               1780                                              0.06783333333333333                               -2.445673654065339                                14.352030972774457                                -3.0107142435446477                               76.47214178603406
50                                                1.4                                               200                                               1780                                              0.06799999999999999                               -2.8608057048168494                               13.860962711640504                                -3.4065128981885233                               86.52542761398848
50                                                1.4                                               200                                               1780                                              0.06816666666666667                               -3.266906269033157                                13.257817875417196                                -3.7888676027109995                               96.23723710885939
50                                                1.4                                               200                                               1780                                              0.06833333333333333                               -3.657468974669408                                12.669530238869557                                -4.1562693777745086                               105.56924219547251
50                                                1.4                                               200                                               1780                                              0.06849999999999999                               -4.030330479331074                                12.114219538129912                                -4.507268256422802                                114.48461371313917
50                                                1.4                                               200                                               1780                                              0.06866666666666667                               -4.384628133263343                                11.578612178636469                                -4.840479006438007                                122.94816676352538
50                                                1.4                                               200                                               1780                                              0.06883333333333333                               -4.7196882488388585                               11.046418048862495                                -5.1545865972192715                               130.9264995693695
50                                                1.4                                               200                                               1780                                              0.06899999999999999                               -5.034716426696968                                10.506328057938784                                -5.448351389607944                                138.38812529604178
50                                                1.4                                               200                                               1780                                              0.06916666666666667                               -5.3287847512644975                               9.95246363357331                                  -5.720614028176832                                145.30359631569152
50                                                1.4                                               200                                               1780                                              0.06933333333333333                               -5.600930710565758                                9.381980375211288                                 -5.970300016676438                                151.64562042358153
50                                                1.4                                               200                                               1780                                              0.06949999999999999                               -5.850211645822421                                8.79379274406378                                  -6.196423958580837                                157.38916854795326
50                                                1.4                                               200                                               1780                                              0.06966666666666667                               -6.0757313951429595                               8.187996091707223                                 -6.398093445997573                                162.51157352833835
50                                                1.4                                               200                                               1780                                              0.06983333333333333                               -6.276677566685468                                7.565009378671599                                 -6.574512581593799                                166.99261957248248
50                                                1.4                                               200                                               1780                                              0.06999999999999999                               -6.452333161240566                                6.9253597433345435                                -6.724985119639563                                170.8146220388449
50                                                1.4                                               200                                               1780                                              0.07016666666666667                               -6.6020517932143905                               6.270381682152411                                 -6.848917213771571                                173.96249722979792
50                                                1.4                                               200                                               1780                                              0.07033333333333333                               -6.725324790019054                                5.600572253605791                                 -6.945819760633456                                176.42382192008978
50                                                1.4                                               200                                               1780                                              0.0705                                            -6.821793153124541                                4.915336296277211                                 -7.01531033014333                                 178.18888238564057
50                                                1.4                                               200                                               1780                                              0.07066666666666667                               -6.89108692994098                                 4.217104718671281                                 -7.057114674770557                                179.25071273917214
50                                                1.4                                               200                                               1780                                              0.07083333333333333                               -6.932932455221786                                3.508638058749735                                 -7.0710678118654755                               179.60512242138307
50                                                1.4                                               200                                               1780                                              0.071                                             -6.947239711707487                                2.7908240618020796                                -7.057114674770561                                179.25071273917223
50                                                1.4                                               200                                               1780                                              0.07116666666666667                               -6.934122425744864                                2.062172771721229                                 -7.015310330143338                                178.18888238564077
50                                                1.4                                               200                                               1780                                              0.07133333333333333                               -6.893719499591933                                1.323346630454963                                 -6.9458197606334675                               176.42382192009006
50                                                1.4                                               200                                               1780                                              0.0715                                            -6.826310522615048                                0.5742099553760003                                -6.848917213771583                                173.9624972297982
50                                                1.4                                               200                                               1780                                              0.07166666666666667                               -6.7317263667459954                               -0.17122767650307472                              -6.724985119639575                                170.81462203884522
50                                                1.4                                               200                                               1780                                              0.07183333333333333                               -6.611170250888838                                -0.9311048000934182                               -6.574512581593822                                166.99261957248308
50                                                1.4                                               200                                               1780                                              0.072                                             -6.4651375597831775                               -1.70292049015365                                 -6.398093445997601                                162.51157352833906
50                                                1.4                                               200                                               1780                                              0.07216666666666667                               -6.294043731129877                                -2.4795422227448047                               -6.196423958580868                                157.38916854795406
50                                                1.4                                               200                                               1780                                              0.07233333333333333                               -6.097946952845538                                -3.242232178694599                                -5.970300016676461                                151.64562042358207
50                                                1.4                                               200                                               1780                                              0.0725                                            -5.876164946012677                                -3.9509933130295103                               -5.72061402817687                                 145.3035963156925
50                                                1.4                                               200                                               1780                                              0.07266666666666667                               -5.632992591438251                                -4.689886526488747                                -5.448351389607986                                138.38812529604283
50                                                1.4                                               200                                               1780                                              0.07283333333333333                               -5.370595128044175                                -5.486616682951416                                -5.154586597219317                                130.92649956937063
50                                                1.4                                               200                                               1780                                              0.073                                             -5.089270053424536                                -6.319292593457065                                -4.840479006438037                                122.94816676352612
50                                                1.4                                               200                                               1780                                              0.07316666666666666                               -4.773600123906166                                -6.764829434075695                                -4.507268256422872                                114.48461371314093
50                                                1.4                                               200                                               1780                                              0.07333333333333333                               -4.4544070321353315                               -7.572696420763573                                -4.156269377774561                                105.56924219547385
50                                                1.4                                               200                                               1780                                              0.0735                                            -4.116361626090011                                -8.318348193825477                                -3.788867602711054                                96.23723710886078
50                                                1.4                                               200                                               1780                                              0.07366666666666666                               -3.762677910394729                                -9.04659131003561                                 -3.406512898188603                                86.5254276139905
50                                                1.4                                               200                                               1780                                              0.07383333333333333                               -3.3946899381930957                               -9.752982644069647                                -3.0107142435446845                               76.47214178603498
50                                                1.4                                               200                                               1780                                              0.074                                             -3.014646281507521                                -10.454960199041532                               -2.6030336752460426                               66.11705535124948
50                                                1.4                                               200                                               1780                                              0.07416666666666666                               -2.6244767362530683                               -11.160673995826562                               -2.1850801222441487                               55.50103510500137
50                                                1.4                                               200                                               1780                                              0.07433333333333333                               -2.222813860819067                                -11.793494435600058                               -1.7585030562678838                               44.66597762920425
50                                                1.4                                               200                                               1780                                              0.0745                                            -1.8147817557706243                               -12.44081265092446                                -1.324985982112181                                33.6546439456494
50                                                1.4                                               200                                               1780                                              0.07466666666666666                               -1.403305004621295                                -13.133456359594891                               -0.8862397936136219                               22.510490757785995
50                                                1.4                                               200                                               1780                                              0.07483333333333334                               -0.9824453496673802                               -13.676612934586114                               -0.4439960215340687                               11.277498946965343
50                                                1.4                                               200                                               1780                                              0.075                                             -0.5686211491240345                               -14.442977187749635                               -0.00000000000003291508384505984                  0.0000000000008360431296645200
50                                                1.4                                               200                                               1780                                              0.07516666666666666                               -0.1557065465595446                               -15.232445229576108                               0.44399602153400297                               -11.277498946963675
50                                                1.4                                               200                                               1780                                              0.07533333333333334                               0.2637426120604831                                -15.81142841144807                                0.8862397936135568                                -22.51049075778434
50                                                1.4                                               200                                               1780                                              0.0755                                            0.6858046539378375                                -16.235205735626682                               1.3249859821121164                                -33.654643945647756
50                                                1.4                                               200                                               1780                                              0.07566666666666666                               1.1060873237779592                                -16.571359605242467                               1.75850305626782                                  -44.66597762920263
50                                                1.4                                               200                                               1780                                              0.07583333333333334                               1.5227583742503823                                -16.822972399040072                               2.1850801222440857                                -55.50103510499978
50                                                1.4                                               200                                               1780                                              0.076                                             1.933808121029753                                 -16.998329077092205                               2.6030336752459813                                -66.11705535124793
50                                                1.4                                               200                                               1780                                              0.07616666666666666                               2.3370055950072386                                -17.112199672849613                               3.0107142435446246                                -76.47214178603346
50                                                1.4                                               200                                               1780                                              0.07633333333333334                               2.730728109482578                                 -17.16493363313211                                3.406512898188567                                 -86.52542761398959
50                                                1.4                                               200                                               1780                                              0.0765                                            3.113549785958158                                 -17.15307254552215                                3.788867602710999                                 -96.23723710885936
50                                                1.4                                               200                                               1780                                              0.07666666666666666                               3.4841026015037517                                -17.073036117277223                               4.156269377774508                                 -105.5692421954725
50                                                1.4                                               200                                               1780                                              0.07683333333333334                               3.8410688028666926                                -16.921466120325643                               4.5072682564228215                                -114.48461371313964
50                                                1.4                                               200                                               1780                                              0.077                                             4.183149107952425                                 -16.696179421533312                               4.840479006437989                                 -122.94816676352491
50                                                1.4                                               200                                               1780                                              0.07716666666666666                               4.509100353965998                                 -16.39535057863313                                5.154586597219272                                 -130.9264995693695
50                                                1.4                                               200                                               1780                                              0.07733333333333334                               4.81779224419427                                  -16.016202293507714                               5.448351389607961                                 -138.38812529604218
50                                                1.4                                               200                                               1780                                              0.0775                                            5.108175012083704                                 -15.555951008765433                               5.720614028176831                                 -145.3035963156915
50                                                1.4                                               200                                               1780                                              0.07766666666666666                               5.379266612770859                                 -15.012248459201322                               5.970300016676424                                 -151.64562042358116
50                                                1.4                                               200                                               1780                                              0.07783333333333332                               5.630166384647116                                 -14.382942377916526                               6.196423958580837                                 -157.38916854795326
50                                                1.4                                               200                                               1780                                              0.078                                             5.864068114198593                                 -13.564243427694064                               6.398093445997572                                 -162.51157352833832
50                                                1.4                                               200                                               1780                                              0.07816666666666666                               6.076437926705654                                 -12.651096234158848                               6.5745125815937975                                -166.99261957248245
50                                                1.4                                               200                                               1780                                              0.07833333333333332                               6.2656455276203635                                -11.667225637287467                               6.7249851196395545                                -170.8146220388447
50                                                1.4                                               200                                               1780                                              0.0785                                            6.4310381736132625                                -10.614127620021067                               6.848917213771571                                 -173.96249722979792
50                                                1.4                                               200                                               1780                                              0.07866666666666666                               6.572231431746737                                 -9.489143553722617                                6.945819760633455                                 -176.42382192008975
50                                                1.4                                               200                                               1780                                              0.07883333333333332                               6.688886010222234                                 -8.291177725995842                                7.01531033014333                                  -178.18888238564057
50                                                1.4                                               200                                               1780                                              0.079                                             6.7806497831428105                                -7.022208247344757                                7.057114674770557                                 -179.25071273917214
50                                                1.4                                               200                                               1780                                              0.07916666666666666                               6.8471508340348315                                -5.687491236898388                                7.0710678118654755                                -179.60512242138307
50                                                1.4                                               200                                               1780                                              0.07933333333333333                               6.8880064821944895                                -4.2953480914322215                               7.057114674770561                                 -179.25071273917223
50                                                1.4                                               200                                               1780                                              0.0795                                            6.9028296334372685                                -2.857009696334137                                7.015310330143338                                 -178.18888238564077
50                                                1.4                                               200                                               1780                                              0.07966666666666666                               6.891240609097464                                 -1.386310449014488                                6.9458197606334675                                -176.42382192009006
50                                                1.4                                               200                                               1780                                              0.07983333333333333                               6.852890970367262                                 0.10093341753005994                               6.848917213771589                                 -173.96249722979834
50                                                1.4                                               200                                               1780                                              0.08                                              6.787485873900081                                 1.5875191582168233                                6.724985119639577                                 -170.81462203884524
50                                                1.4                                               200                                               1780                                              0.08016666666666666                               6.694821123535611                                 3.055836965321426                                 6.574512581593822                                 -166.99261957248308
50                                                1.4                                               200                                               1780                                              0.08033333333333333                               6.57481803387047                                  4.488804531970857                                 6.398093445997601                                 -162.51157352833906
50                                                1.4                                               200                                               1780                                              0.0805                                            6.42755124239696                                  5.870633008928692                                 6.19642395858087                                  -157.38916854795409
50                                                1.4                                               200                                               1780                                              0.08066666666666666                               6.253275388024359                                 7.187574432236624                                 5.970300016676461                                 -151.64562042358207
50                                                1.4                                               200                                               1780                                              0.08083333333333333                               6.0524376011441445                                8.428318753368789                                 5.72061402817687                                  -145.3035963156925
50                                                1.4                                               200                                               1780                                              0.081                                             5.82567904980816                                  9.584122569084384                                 5.4483513896079865                                -138.38812529604286
50                                                1.4                                               200                                               1780                                              0.08116666666666666                               5.573839751012704                                 10.649030106352038                                5.154586597219318                                 -130.92649956937063
50                                                1.4                                               200                                               1780                                              0.08133333333333333                               5.297941967089125                                 11.61955920053716                                 4.840479006438056                                 -122.9481667635266
50                                                1.4                                               200                                               1780                                              0.0815                                            4.999172870537113                                 12.4943771985027                                  4.507268256422834                                 -114.48461371313996
50                                                1.4                                               200                                               1780                                              0.08166666666666667                               4.678877040786746                                 13.274234640509489                                4.156269377774562                                 -105.56924219547388
50                                                1.4                                               200                                               1780                                              0.08183333333333333                               4.3385251385016135                                13.961301409080178                                3.788867602711055                                 -96.23723710886078
50                                                1.4                                               200                                               1780                                              0.082                                             3.97969706361566                                  14.558877801847812                                3.406512898188581                                 -86.52542761398995
50                                                1.4                                               200                                               1780                                              0.08216666666666667                               3.604061357641527                                 15.07101669805977                                 3.0107142435446854                                -76.472141786035
50                                                1.4                                               200                                               1780                                              0.08233333333333333                               3.2133601495910957                                15.502292448364317                                2.603033675246043                                 -66.11705535124949
50                                                1.4                                               200                                               1780                                              0.0825                                            2.8093832520335424                                15.857299496651176                                2.1850801222441256                                -55.50103510500079
50                                                1.4                                               200                                               1780                                              0.08266666666666667                               2.393960689643606                                 16.140623887743317                                1.7585030562678847                                -44.66597762920427
50                                                1.4                                               200                                               1780                                              0.08283333333333333                               1.9689470809463299                                16.35661191038673                                 1.3249859821122065                                -33.654643945650044
50                                                1.4                                               200                                               1780                                              0.08299999999999999                               1.5362053407488658                                16.50912489723517                                 0.8862397936136228                                -22.51049075778602
50                                                1.4                                               200                                               1780                                              0.08316666666666667                               1.0976081103732118                                16.601747056514213                                0.4439960215340696                                -11.277498946965366
50                                                1.4                                               200                                               1780                                              0.08333333333333333                               0.6550191899773747                                16.637487425424457                                0.00000000000003378103990129533                   -0.0000000000008580384134929014
50                                                1.4                                               200                                               1780                                              0.08349999999999999                               0.2102998322198008                                16.619114685345956                                -0.443996021533977                                11.277498946963016
50                                                1.4                                               200                                               1780                                              0.08366666666666667                               -0.23470946313328397                              16.5488703941989                                  -0.8862397936135556                               22.510490757784314
50                                                1.4                                               200                                               1780                                              0.08383333333333333                               -0.6844816441319481                               16.268810184696253                                -1.3249859821121157                               33.654643945647734
50                                                1.4                                               200                                               1780                                              0.08399999999999999                               -1.1407825136599803                               15.690101782239113                                -1.7585030562678194                               44.66597762920261
50                                                1.4                                               200                                               1780                                              0.08416666666666667                               -1.5908528856161532                               15.09337181034948                                 -2.1850801222440857                               55.501035104999765
50                                                1.4                                               200                                               1780                                              0.08433333333333333                               -2.030775918810425                                14.535347013463106                                -2.6030336752459804                               66.1170553512479
50                                                1.4                                               200                                               1780                                              0.08449999999999999                               -2.458865869286834                                14.01694870614787                                 -3.0107142435446237                               76.47214178603345
50                                                1.4                                               200                                               1780                                              0.08466666666666667                               -2.87407795086841                                 13.5238476619314                                  -3.4065128981885437                               86.52542761398901
50                                                1.4                                               200                                               1780                                              0.08483333333333333                               -3.275432429538955                                13.041253398569896                                -3.788867602710998                                96.23723710885935
50                                                1.4                                               200                                               1780                                              0.08499999999999999                               -3.661866453421945                                12.557834278555058                                -4.156269377774507                                105.56924219547247
50                                                1.4                                               200                                               1780                                              0.08516666666666667                               -4.032222784193405                                12.066154994627157                                -4.507268256422821                                114.48461371313964
50                                                1.4                                               200                                               1780                                              0.08533333333333333                               -4.3852829308525045                               11.561980319871264                                -4.840479006437987                                122.94816676352488
50                                                1.4                                               200                                               1780                                              0.08549999999999999                               -4.719835478982861                                11.042678403204382                                -5.154586597219254                                130.92649956936904
50                                                1.4                                               200                                               1780                                              0.08566666666666667                               -5.034699462527114                                10.506758947853067                                -5.448351389607945                                138.38812529604178
50                                                1.4                                               200                                               1780                                              0.08583333333333333                               -5.3287396043082085                               9.953610366262994                                 -5.720614028176831                                145.3035963156915
50                                                1.4                                               200                                               1780                                              0.086                                             -5.6008990952251585                               9.382783404862145                                 -5.970300016676423                                151.64562042358114
50                                                1.4                                               200                                               1780                                              0.08616666666666667                               -5.850192694777637                                8.794274100601598                                 -6.19642395858085                                 157.38916854795357
50                                                1.4                                               200                                               1780                                              0.08633333333333333                               -6.075720788264871                                8.188265506410335                                 -6.398093445997562                                162.51157352833806
50                                                1.4                                               200                                               1780                                              0.0865                                            -6.276667319842265                                7.565269648488911                                 -6.5745125815937975                               166.99261957248245
50                                                1.4                                               200                                               1780                                              0.08666666666666667                               -6.452330931364342                                6.925416382190838                                 -6.724985119639571                                170.8146220388451
50                                                1.4                                               200                                               1780                                              0.08683333333333333                               -6.6020578366746765                               6.270228178260994                                 -6.848917213771567                                173.96249722979778
50                                                1.4                                               200                                               1780                                              0.087                                             -6.72531751870682                                 5.600756944936416                                 -6.945819760633451                                176.42382192008964
50                                                1.4                                               200                                               1780                                              0.08716666666666667                               -6.821760467926973                                4.916166500295447                                 -7.01531033014333                                 178.18888238564057
50                                                1.4                                               200                                               1780                                              0.08733333333333333                               -6.891056141276096                                4.217886750759319                                 -7.057114674770556                                179.25071273917212
50                                                1.4                                               200                                               1780                                              0.0875                                            -6.932948909868631                                3.5082201107198334                                -7.0710678118654755                               179.60512242138307
50                                                1.4                                               200                                               1780                                              0.08766666666666667                               -6.947321680912454                                2.7887420439958888                                -7.05711467477056                                 179.2507127391722
50                                                1.4                                               200                                               1780                                              0.08783333333333333                               -6.934216090220714                                2.0597936940347212                                -7.0153103301433415                               178.18888238564085
50                                                1.4                                               200                                               1780                                              0.088                                             -6.893773608309757                                1.3219722690222862                                -6.945819760633469                                176.4238219200901
50                                                1.4                                               200                                               1780                                              0.08816666666666666                               -6.826207530523885                                0.576825954491696                                 -6.848917213771589                                173.96249722979834
50                                                1.4                                               200                                               1780                                              0.08833333333333333                               -6.731802044406055                                -0.17314988906835482                              -6.724985119639586                                170.81462203884544
50                                                1.4                                               200                                               1780                                              0.0885                                            -6.610963836289492                                -0.925861869269721                                -6.574512581593832                                166.99261957248333
50                                                1.4                                               200                                               1780                                              0.08866666666666666                               -6.464393665957112                                -1.6840255869715766                               -6.398093445997601                                162.51157352833906
50                                                1.4                                               200                                               1780                                              0.08883333333333333                               -6.292779131146117                                -2.4474213831573044                               -6.19642395858087                                 157.38916854795409
50                                                1.4                                               200                                               1780                                              0.089                                             -6.096413473409062                                -3.203281801007753                                -5.9703000166764735                               151.64562042358241
50                                                1.4                                               200                                               1780                                              0.08916666666666666                               -5.876066939447043                                -3.9485039462619906                               -5.720614028176885                                145.3035963156929
50                                                1.4                                               200                                               1780                                              0.08933333333333333                               -5.633254644564836                                -4.696542675903555                                -5.448351389608003                                138.38812529604328
50                                                1.4                                               200                                               1780                                              0.0895                                            -5.369712273089121                                -5.464192167093                                   -5.154586597219318                                130.92649956937066
50                                                1.4                                               200                                               1780                                              0.08966666666666666                               -5.084525841820848                                -6.198789618722901                                -4.8404790064380565                               122.94816676352661
50                                                1.4                                               200                                               1780                                              0.08983333333333333                               -4.7797268587738335                               -6.920448499714907                                -4.507268256422853                                114.48461371314046
50                                                1.4                                               200                                               1780                                              0.09                                              -4.456565308063227                                -7.627516629331563                                -4.156269377774583                                105.56924219547439
50                                                1.4                                               200                                               1780                                              0.09016666666666666                               -4.117563374894712                                -8.348872613464897                                -3.788867602711055                                96.2372371088608
50                                                1.4                                               200                                               1780                                              0.09033333333333333                               -3.7646268850445583                               -9.096095266141784                                -3.4065128981885824                               86.52542761398998
50                                                1.4                                               200                                               1780                                              0.0905                                            -3.399902569700286                                -9.885383484351665                                -3.010714243544708                                76.47214178603559
50                                                1.4                                               200                                               1780                                              0.09066666666666666                               -3.010540449088692                                -10.350672055602647                               -2.6030336752460674                               66.11705535125012
50                                                1.4                                               200                                               1780                                              0.09083333333333334                               -2.6208935073298525                               -11.069659981176827                               -2.1850801222441505                               55.50103510500142
50                                                1.4                                               200                                               1780                                              0.091                                             -2.2189220876643607                               -11.694643397470468                               -1.7585030562678854                               44.66597762920429
50                                                1.4                                               200                                               1780                                              0.09116666666666666                               -1.8112685100830752                               -12.351576210460033                               -1.3249859821122074                               33.654643945650065
50                                                1.4                                               200                                               1780                                              0.09133333333333334                               -1.3902292311056836                               -12.801331712298952                               -0.8862397936135988                               22.51049075778541
50                                                1.4                                               200                                               1780                                              0.0915                                            -0.9745786714858344                               -13.47679930877417                                -0.44399602153409545                              11.277498946966023
50                                                1.4                                               200                                               1780                                              0.09166666666666666                               -0.5587454748130839                               -14.19213506025145                                -0.00000000000003464699595753083                  0.0000000000008800336973212830
50                                                1.4                                               200                                               1780                                              0.09183333333333334                               -0.1461153541345432                               -14.988828941981664                               0.4439960215340264                                -11.277498946964268
50                                                1.4                                               200                                               1780                                              0.092                                             0.2707952247593619                                -15.63229204889587                                0.88623979361353                                  -22.51049075778366
50                                                1.4                                               200                                               1780                                              0.09216666666666666                               0.6902139535430334                                -16.123209525654044                               1.3249859821120902                                -33.65464394564709
50                                                1.4                                               200                                               1780                                              0.09233333333333334                               1.109014078579916                                 -16.497020033273955                               1.7585030562678674                                -44.66597762920382
50                                                1.4                                               200                                               1780                                              0.0925                                            1.524547762023                                    -16.777521949615547                               2.1850801222440848                                -55.501035104999744
50                                                1.4                                               200                                               1780                                              0.09266666666666666                               1.9346402728494236                                -16.977192420871926                               2.603033675245956                                 -66.11705535124729
50                                                1.4                                               200                                               1780                                              0.09283333333333334                               2.3373227023370506                                -17.104145146672924                               3.010714243544646                                 -76.472141786034
50                                                1.4                                               200                                               1780                                              0.093                                             2.730849170343003                                 -17.161858687276165                               3.4065128981885207                                -86.52542761398843
50                                                1.4                                               200                                               1780                                              0.09316666666666666                               3.1136220266140304                                -17.15123763286295                                3.788867602710997                                 -96.23723710885932
50                                                1.4                                               200                                               1780                                              0.09333333333333332                               3.4841774044789386                                -17.07113612170692                                4.156269377774486                                 -105.56924219547194
50                                                1.4                                               200                                               1780                                              0.0935                                            3.842738208041607                                 -16.87906322888231                                4.5072682564228                                   -114.48461371313911
50                                                1.4                                               200                                               1780                                              0.09366666666666666                               4.18665050214891                                  -16.607244008942093                               4.8404790064379695                                -122.94816676352441
50                                                1.4                                               200                                               1780                                              0.09383333333333332                               4.5143147311885246                                -16.26290539718093                                5.15458659721927                                  -130.92649956936947
50                                                1.4                                               200                                               1780                                              0.094                                             4.824531020022661                                 -15.845037387466572                               5.44835138960796                                  -138.38812529604218
50                                                1.4                                               200                                               1780                                              0.09416666666666666                               5.116332336391126                                 -15.348754971356463                               5.720614028176815                                 -145.3035963156911
50                                                1.4                                               200                                               1780                                              0.09433333333333332                               5.388902880891191                                 -14.767487248944542                               5.97030001667641                                  -151.6456204235808
50                                                1.4                                               200                                               1780                                              0.0945                                            5.641332301793297                                 -14.09932808240411                                6.196423958580861                                 -157.38916854795386
50                                                1.4                                               200                                               1780                                              0.09466666666666666                               5.87255355079863                                  -13.348713338053084                               6.398093445997572                                 -162.51157352833832
50                                                1.4                                               200                                               1780                                              0.09483333333333333                               6.081910899624824                                 -12.512082722011659                               6.574512581593788                                 -166.9926195724822
50                                                1.4                                               200                                               1780                                              0.095                                             6.268555686567589                                 -11.593307600028137                               6.724985119639563                                 -170.8146220388449
50                                                1.4                                               200                                               1780                                              0.09516666666666666                               6.4326169240887365                                -10.574027357943718                               6.84891721377156                                  -173.9624972297976
50                                                1.4                                               200                                               1780                                              0.09533333333333333                               6.573266187956423                                 -9.462860745996588                                6.945819760633455                                 -176.42382192008975
50                                                1.4                                               200                                               1780                                              0.0955                                            6.689650640758913                                 -8.271756110364302                                7.015310330143333                                 -178.18888238564065
50                                                1.4                                               200                                               1780                                              0.09566666666666666                               6.7813051016787                                   -7.005563156533107                                7.0571146747705535                                -179.25071273917206
50                                                1.4                                               200                                               1780                                              0.09583333333333333                               6.847402463892452                                 -5.6810998385147915                               7.0710678118654755                                -179.60512242138307
50                                                1.4                                               200                                               1780                                              0.096                                             6.8886352704008464                                -4.279376870990665                                7.057114674770557                                 -179.25071273917214
50                                                1.4                                               200                                               1780                                              0.09616666666666666                               6.902780257604491                                 -2.8582638424866964                               7.015310330143338                                 -178.18888238564077
50                                                1.4                                               200                                               1780                                              0.09633333333333333                               6.8900539497136855                                -1.4164515973626166                               6.945819760633473                                 -176.4238219200902
50                                                1.4                                               200                                               1780                                              0.0965                                            6.8523087189978735                                0.08614423274779737                               6.848917213771583                                 -173.9624972297982
50                                                1.4                                               200                                               1780                                              0.09666666666666666                               6.787824818387526                                 1.5961283481978936                                6.724985119639577                                 -170.81462203884524
50                                                1.4                                               200                                               1780                                              0.09683333333333333                               6.695183564980368                                 3.065042978018273                                 6.574512581593822                                 -166.99261957248308
50                                                1.4                                               200                                               1780                                              0.097                                             6.575238885627791                                 4.499494166607068                                 6.398093445997591                                 -162.5115735283388
50                                                1.4                                               200                                               1780                                              0.09716666666666667                               6.42765483033976                                  5.873264142675486                                 6.1964239585808825                                -157.3891685479544
50                                                1.4                                               200                                               1780                                              0.09733333333333333                               6.253170858514411                                 7.1849193826832325                                5.970300016676488                                 -151.64562042358278
50                                                1.4                                               200                                               1780                                              0.0975                                            6.052411322944147                                 8.42765128708955                                  5.7206140281768425                                -145.30359631569178
50                                                1.4                                               200                                               1780                                              0.09766666666666667                               5.821721346299042                                 9.483596899952763                                 5.448351389607988                                 -138.3881252960429
50                                                1.4                                               200                                               1780                                              0.09783333333333333                               5.5742982813425845                                10.66067677673053                                 5.154586597219335                                 -130.92649956937112
50                                                1.4                                               200                                               1780                                              0.09799999999999999                               5.298659434838071                                 11.637782881359893                                4.840479006438075                                 -122.9481667635271
50                                                1.4                                               200                                               1780                                              0.09816666666666667                               4.99317593242563                                  12.342054970471017                                4.507268256422835                                 -114.48461371313999
50                                                1.4                                               200                                               1780                                              0.09833333333333333                               4.669002809158276                                 13.023429157146316                                4.156269377774563                                 -105.56924219547389
50                                                1.4                                               200                                               1780                                              0.09849999999999999                               4.329099161727368                                 13.72188159901378                                 3.7888676027110777                                -96.23723710886136
50                                                1.4                                               200                                               1780                                              0.09866666666666667                               3.971082624649395                                 14.34007105210406                                 3.4065128981886046                                -86.52542761399056
50                                                1.4                                               200                                               1780                                              0.09883333333333333                               3.59631358468258                                  14.874223264902492                                3.0107142435446868                                -76.47214178603504
50                                                1.4                                               200                                               1780                                              0.09899999999999999                               3.2063856045525174                                15.32513900438441                                 2.603033675246045                                 -66.11705535124953
50                                                1.4                                               200                                               1780                                              0.09916666666666667                               2.803327096572742                                 15.703473147946813                                2.1850801222441274                                -55.50103510500083
50                                                1.4                                               200                                               1780                                              0.09933333333333333                               2.388965208449245                                 16.013738665405892                                1.758503056267911                                 -44.66597762920493
50                                                1.4                                               200                                               1780                                              0.09949999999999999                               1.9651197069675692                                16.25939661132554                                 1.3249859821122327                                -33.65464394565071
50                                                1.4                                               200                                               1780                                              0.09966666666666667                               1.533694453690113                                 16.44534836594407                                 0.8862397936135747                                -22.510490757784794
50                                                1.4                                               200                                               1780                                              0.09983333333333333                               1.0964485720602544                                16.572294783365045                                0.4439960215340713                                -11.27749894696541
50                                                1.4                                               200                                               1780                                              0.09999999999999999                               0.6551957836314221                                16.641972904236574                                0.00000000000006063443135270672                   -0.000000000001540114556358751
50                                                1.4                                               200                                               1780                                              0.10016666666666667                               0.2730009641264253                                11.922217841659876                                -4.775365063414578                                11.27749894696361
50                                                1.4                                               200                                               1780                                              0.10033333333333334                               -0.22736734338034933                              21.97422863789719                                 -9.544120854299813                                22.51049075778427
50                                                1.4                                               200                                               1780                                              0.1005                                            -0.9963433755958089                               31.304696926922254                                -14.269079807361756                               33.65464394564894
50                                                1.4                                               200                                               1780                                              0.10066666666666667                               -2.070302212122124                                39.783021983183716                                -18.93772522134599                                44.665977629203184
50                                                1.4                                               200                                               1780                                              0.10083333333333334                               -3.4576308881006437                               47.3459656817801                                  -23.531632085705777                               55.501035105000334
50                                                1.4                                               200                                               1780                                              0.101                                             -5.159371067288322                                53.94831016254354                                 -28.032670348802842                               66.11705535124786
50                                                1.4                                               200                                               1780                                              0.10116666666666667                               -7.164398233364016                                59.57439680991457                                 -32.423076468942575                               76.47214178603456
50                                                1.4                                               200                                               1780                                              0.10133333333333334                               -9.44942240642362                                 64.23828990969666                                 -36.685523518954014                               86.52542761399009
50                                                1.4                                               200                                               1780                                              0.1015                                            -11.980109908789238                               67.98129216684409                                 -40.80318956765711                                96.23723710885984
50                                                1.4                                               200                                               1780                                              0.10166666666666667                               -14.715213050810794                               70.86236112848869                                 -44.75982406834083                                105.56924219547244
50                                                1.4                                               200                                               1780                                              0.10183333333333335                               -17.79824180288175                                72.50618911805707                                 -48.539811992245745                               114.4846137131396
50                                                1.4                                               200                                               1780                                              0.10200000000000001                               -21.150552487364124                               73.0630779683284                                  -52.128235453947944                               122.94816676352579
50                                                1.4                                               200                                               1780                                              0.10216666666666667                               -24.62861944281406                                72.83814142638988                                 -55.510932585438475                               130.9264995693699
50                                                1.4                                               200                                               1780                                              0.10233333333333333                               -28.146201234099067                               72.00329924247383                                 -58.674553426547085                               138.38812529604175
50                                                1.4                                               200                                               1780                                              0.10250000000000001                               -31.63096693761824                                70.69970143853757                                 -61.60661261113509                                145.30359631569146
50                                                1.4                                               200                                               1780                                              0.10266666666666667                               -35.03728454737439                                69.00768215541738                                 -64.295538641131                                  151.64562042358182
50                                                1.4                                               200                                               1780                                              0.10283333333333333                               -38.282189801997866                               67.09788945781287                                 -66.7307195539476                                 157.38916854795355
50                                                1.4                                               200                                               1780                                              0.10300000000000001                               -41.410665918747526                               64.8415600542641                                  -68.9025448030509                                 162.5115735283386
50                                                1.4                                               200                                               1780                                              0.10316666666666667                               -44.35648725639534                                62.374676057755714                                -70.80244318639473                                166.99261957248243
50                                                1.4                                               200                                               1780                                              0.10333333333333333                               -47.086369221139144                               59.75805691870118                                 -72.42291667304153                                170.81462203884507
50                                                1.4                                               200                                               1780                                              0.10350000000000001                               -49.608718834818134                               56.95679037796272                                 -73.75756999446313                                173.96249722979806
50                                                1.4                                               200                                               1780                                              0.10366666666666667                               -51.892146589995306                               54.032487605686676                                -74.80113588374493                                176.42382192008986
50                                                1.4                                               200                                               1780                                              0.10383333333333333                               -53.9508589164275                                 50.941927998466554                                -75.54949586308202                                178.18888238564057
50                                                1.4                                               200                                               1780                                              0.10400000000000001                               -55.74947747385883                                47.76158801154222                                 -75.99969649752907                                179.25071273917212
50                                                1.4                                               200                                               1780                                              0.10416666666666667                               -57.289432847025026                               44.48390294932837                                 -76.14996105085896                                179.60512242138307
50                                                1.4                                               200                                               1780                                              0.10433333333333333                               -58.59420469198601                                41.05209567278805                                 -75.9996964975291                                 179.2507127391722
50                                                1.4                                               200                                               1780                                              0.10450000000000001                               -59.66055195374653                                37.47520913473282                                 -75.54949586308207                                178.1888823856407
50                                                1.4                                               200                                               1780                                              0.10466666666666667                               -60.40708825024088                                33.94938948987912                                 -74.80113588374503                                176.4238219200901
50                                                1.4                                               200                                               1780                                              0.10483333333333333                               -60.92924878025299                                30.256511892372796                                -73.75756999446313                                173.96249722979806
50                                                1.4                                               200                                               1780                                              0.10500000000000001                               -61.19604433701243                                26.47938032397713                                 -72.42291667304151                                170.81462203884504
50                                                1.4                                               200                                               1780                                              0.10516666666666667                               -61.19571189423117                                22.658161947660485                                -70.80244318639492                                166.99261957248288
50                                                1.4                                               200                                               1780                                              0.10533333333333333                               -60.959604050010434                               18.733993118957343                                -68.9025448030511                                 162.51157352833908
50                                                1.4                                               200                                               1780                                              0.10550000000000001                               -60.47518624553496                                14.754122131699535                                -66.73071955394782                                157.3891685479541
50                                                1.4                                               200                                               1780                                              0.10566666666666667                               -59.718396894109425                               10.795515749046496                                -64.29553864113097                                151.64562042358176
50                                                1.4                                               200                                               1780                                              0.10583333333333333                               -58.74416857882372                                6.751278710495071                                 -61.606612611135375                               145.30359631569215
50                                                1.4                                               200                                               1780                                              0.10600000000000001                               -57.528042782844146                               2.704127246791527                                 -58.674553426547405                               138.38812529604252
50                                                1.4                                               200                                               1780                                              0.10616666666666667                               -56.07552792975598                                -1.3316384478108692                               -55.51093258543882                                130.92649956937072
50                                                1.4                                               200                                               1780                                              0.10633333333333334                               -54.41496254056097                                -5.393409171425907                                -52.12823545394791                                122.94816676352572
50                                                1.4                                               200                                               1780                                              0.10650000000000001                               -52.546214022447145                               -9.44938535980367                                 -48.53981199224571                                114.48461371313951
50                                                1.4                                               200                                               1780                                              0.10666666666666667                               -50.45686542653361                                -13.436878974822326                               -44.75982406834123                                105.5692421954734
50                                                1.4                                               200                                               1780                                              0.10683333333333334                               -48.19083590036098                                -17.424291564704834                               -40.80318956765753                                96.23723710886084
50                                                1.4                                               200                                               1780                                              0.10700000000000001                               -45.74931936834407                                -21.377609924775772                               -36.68552351895397                                86.52542761399002
50                                                1.4                                               200                                               1780                                              0.10716666666666667                               -43.12394249965925                                -25.23875688101897                                -32.42307646894254                                76.47214178603448
50                                                1.4                                               200                                               1780                                              0.10733333333333334                               -40.37052153671116                                -29.09970330176551                                -28.032670348803315                               66.11705535124896
50                                                1.4                                               200                                               1780                                              0.10750000000000001                               -37.492117135802204                               -32.92680116815609                                -23.531632085705738                               55.50103510500024
50                                                1.4                                               200                                               1780                                              0.10766666666666667                               -34.47831552330434                                -36.653592269332016                               -18.93772522134648                                44.665977629204335
50                                                1.4                                               200                                               1780                                              0.10783333333333334                               -31.413892379199186                               -40.43726508014808                                -14.269079807361722                               33.65464394564886
50                                                1.4                                               200                                               1780                                              0.10800000000000001                               -28.21521429984683                                -44.03710754085456                                -9.544120854299777                                22.510490757784186
50                                                1.4                                               200                                               1780                                              0.10816666666666667                               -24.98242467422367                                -47.645334106097025                               -4.781495616520505                                11.277498946964794
50                                                1.4                                               200                                               1780                                              0.10833333333333334                               -21.75247094171775                                -51.3047564639648                                 -0.0000000000003917728561384811                   0.0000000000009240242649780460
50                                                1.4                                               200                                               1780                                              0.1085                                            -18.54533939323612                                -55.01800657301113                                4.781495616520265                                 -11.277498946964224
50                                                1.4                                               200                                               1780                                              0.10866666666666668                               -15.418889652470678                               -58.87704335239786                                9.544120854300072                                 -22.510490757784883
50                                                1.4                                               200                                               1780                                              0.10883333333333334                               -12.529571860662674                               -63.20653414843983                                14.269079807361482                                -33.654643945648296
50                                                1.4                                               200                                               1780                                              0.109                                             -9.646951273630005                                -67.41900127600702                                18.93772522134572                                 -44.665977629202544
50                                                1.4                                               200                                               1780                                              0.10916666666666668                               -6.795594414309255                                -71.5289299307491                                 23.531632085705507                                -55.5010351049997
50                                                1.4                                               200                                               1780                                              0.10933333333333334                               -4.052318773691494                                -75.6747386303408                                 28.032670348803094                                -66.11705535124844
50                                                1.4                                               200                                               1780                                              0.1095                                            -1.4765466004148209                               -79.95468241072662                                32.42307646894232                                 -76.47214178603396
50                                                1.4                                               200                                               1780                                              0.10966666666666668                               0.827900847048474                                 -84.57276433045091                                36.685523518953765                                -86.52542761398952
50                                                1.4                                               200                                               1780                                              0.10983333333333334                               2.9876375714909966                                -89.1906804938141                                 40.80318956765687                                 -96.23723710885929
50                                                1.4                                               200                                               1780                                              0.11                                              5.026160522935244                                 -93.71468359066424                                44.75982406834105                                 -105.56924219547294
50                                                1.4                                               200                                               1780                                              0.11016666666666668                               6.889008755827934                                 -98.2363944904659                                 48.539811992245944                                -114.48461371314006
50                                                1.4                                               200                                               1780                                              0.11033333333333334                               8.445216051273402                                 -103.02952147687904                               52.12823545394773                                 -122.94816676352531
50                                                1.4                                               200                                               1780                                              0.1105                                            9.872403538594815                                 -107.64173065191224                               55.51093258543829                                 -130.92649956936944
50                                                1.4                                               200                                               1780                                              0.11066666666666668                               11.225504126984791                                -111.91197199082515                               58.67455342654723                                 -138.38812529604212
50                                                1.4                                               200                                               1780                                              0.11083333333333334                               12.437803256070957                                -115.96814892173018                               61.60661261113523                                 -145.3035963156918
50                                                1.4                                               200                                               1780                                              0.111                                             13.56598783582151                                 -119.64926911366531                               64.29553864113085                                 -151.64562042358148
50                                                1.4                                               200                                               1780                                              0.11116666666666668                               14.548982522233953                                -123.07435405622779                               66.73071955394772                                 -157.38916854795386
50                                                1.4                                               200                                               1780                                              0.11133333333333334                               15.451433798582254                                -126.06826324053928                               68.90254480305076                                 -162.5115735283383
50                                                1.4                                               200                                               1780                                              0.1115                                            16.273944598226052                                -128.60935881295237                               70.80244318639483                                 -166.99261957248265
50                                                1.4                                               200                                               1780                                              0.11166666666666666                               17.05185920242263                                 -130.59659411998805                               72.42291667304144                                 -170.81462203884487
50                                                1.4                                               200                                               1780                                              0.11183333333333334                               17.786479472729823                                -132.0118149305451                                73.75756999446308                                 -173.96249722979792
50                                                1.4                                               200                                               1780                                              0.112                                             18.489629079521688                                -132.81471104824647                               74.8011358837449                                  -176.42382192008975
50                                                1.4                                               200                                               1780                                              0.11216666666666666                               19.14627036881697                                 -133.0310361300452                                75.54949586308206                                 -178.18888238564065
50                                                1.4                                               200                                               1780                                              0.11233333333333334                               19.77362576036716                                 -132.6132039815062                                75.99969649752907                                 -179.25071273917214
50                                                1.4                                               200                                               1780                                              0.1125                                            20.375498287992464                                -131.548054316418                                 76.14996105085896                                 -179.60512242138307
50                                                1.4                                               200                                               1780                                              0.11266666666666666                               20.943422616119864                                -129.8541545402952                                75.99969649752911                                 -179.25071273917223
50                                                1.4                                               200                                               1780                                              0.11283333333333334                               21.477089541783155                                -127.53363262352077                               75.5494958630821                                  -178.18888238564077
50                                                1.4                                               200                                               1780                                              0.113                                             21.98454627455327                                 -124.57169920682222                               74.801135883745                                   -176.42382192008998
50                                                1.4                                               200                                               1780                                              0.11316666666666667                               22.475286910427798                                -120.95292767391778                               73.7575699944632                                  -173.9624972297982
50                                                1.4                                               200                                               1780                                              0.11333333333333334                               22.946538375166803                                -116.69357224255897                               72.42291667304161                                 -170.81462203884524
50                                                1.4                                               200                                               1780                                              0.1135                                            23.395614495174105                                -111.8123916702939                                70.80244318639502                                 -166.9926195724831
50                                                1.4                                               200                                               1780                                              0.11366666666666667                               23.819926479369148                                -106.33057550342673                               68.90254480305097                                 -162.51157352833883
50                                                1.4                                               200                                               1780                                              0.11383333333333334                               24.216993018157943                                -100.27166072941274                               66.73071955394772                                 -157.38916854795383
50                                                1.4                                               200                                               1780                                              0.114                                             24.584449959630135                                -93.66143916165447                                64.29553864113113                                 -151.64562042358213
50                                                1.4                                               200                                               1780                                              0.11416666666666667                               24.92005952477838                                 -86.52785592225096                                61.606612611135546                                -145.30359631569254
50                                                1.4                                               200                                               1780                                              0.11433333333333334                               25.221719025354403                                -78.9008994233856                                 58.674553426547575                                -138.38812529604292
50                                                1.4                                               200                                               1780                                              0.1145                                            25.48746904994043                                 -70.81248328158225                                55.51093258543865                                 -130.9264995693703
50                                                1.4                                               200                                               1780                                              0.11466666666666667                               25.715501085913175                                -62.296320630893824                               52.128235453948115                                -122.9481667635262
50                                                1.4                                               200                                               1780                                              0.11483333333333334                               25.904164547203635                                -53.38779133109261                                48.53981199224593                                 -114.48461371314004
50                                                1.4                                               200                                               1780                                              0.115                                             26.051973180101605                                -44.12380259497714                                44.75982406834146                                 -105.56924219547393
50                                                1.4                                               200                                               1780                                              0.11516666666666667                               26.157610821808866                                -34.54264358485112                                40.80318956765732                                 -96.23723710886033
50                                                1.4                                               200                                               1780                                              0.11533333333333334                               26.219936488998716                                -24.683834552080757                               36.68552351895422                                 -86.52542761398948
50                                                1.4                                               200                                               1780                                              0.1155                                            26.25262863018328                                 -14.553441973988509                               32.423076468942796                                -76.47214178603508
50                                                1.4                                               200                                               1780                                              0.11566666666666667                               26.245250516438936                                -4.2157573474771795                               28.032670348803585                                -66.11705535124959
50                                                1.4                                               200                                               1780                                              0.11583333333333334                               26.193915056046507                                6.279184548617387                                 23.531632085706                                   -55.50103510500087
50                                                1.4                                               200                                               1780                                              0.116                                             26.09705340706324                                 16.885786906598263                                18.937725221346223                                -44.66597762920374
50                                                1.4                                               200                                               1780                                              0.11616666666666667                               25.9539997653452                                  27.559718358043238                                14.269079807361996                                -33.654643945649504
50                                                1.4                                               200                                               1780                                              0.11633333333333334                               25.76451819656655                                 38.25696573154569                                 9.544120854300052                                 -22.51049075778484
50                                                1.4                                               200                                               1780                                              0.1165                                            25.528644257769912                                48.93363200957473                                 4.781495616520785                                 -11.277498946965453
50                                                1.4                                               200                                               1780                                              0.11666666666666667                               25.246631472873325                                59.54598365959092                                 0.0000000000001305595284785821                    -0.0000000000003079339735973414
50                                                1.4                                               200                                               1780                                              0.11683333333333334                               24.918932400886366                                70.05058093819827                                 -4.781495616520526                                11.27749894696484
50                                                1.4                                               200                                               1780                                              0.117                                             24.546190785125173                                80.40443502384375                                 -9.544120854299793                                22.51049075778423
50                                                1.4                                               200                                               1780                                              0.11716666666666667                               24.12923692026624                                 90.56517273901844                                 -14.269079807361209                               33.65464394564765
50                                                1.4                                               200                                               1780                                              0.11733333333333335                               23.669083613425958                                100.49120198029779                                -18.93772522134597                                44.66597762920314
50                                                1.4                                               200                                               1780                                              0.11750000000000001                               23.166921870913438                                110.14187511768327                                -23.531632085705752                               55.501035105000284
50                                                1.4                                               200                                               1780                                              0.11766666666666667                               22.62411603170637                                 119.47764902031525                                -28.032670348802835                               66.11705535124783
50                                                1.4                                               200                                               1780                                              0.11783333333333335                               22.042198267788706                                128.4602408433476                                 -32.42307646894256                                76.47214178603453
50                                                1.4                                               200                                               1780                                              0.11800000000000001                               21.422862439889023                                137.0527788829272                                 -36.68552351895352                                86.52542761398894
50                                                1.4                                               200                                               1780                                              0.11816666666666667                               20.745381747132836                                145.16670177245453                                -40.80318956765709                                96.2372371088598
50                                                1.4                                               200                                               1780                                              0.11833333333333335                               19.995831778203424                                152.73083971806466                                -44.759824068341246                               105.56924219547344
50                                                1.4                                               200                                               1780                                              0.11850000000000001                               19.17680692289713                                 159.7144826127155                                 -48.539811992245724                               114.48461371313955
50                                                1.4                                               200                                               1780                                              0.11866666666666667                               18.275452521635874                                166.05212692526888                                -52.12823545394754                                122.94816676352482
50                                                1.4                                               200                                               1780                                              0.11883333333333335                               17.265135651463385                                171.64755522732136                                -55.510932585438454                               130.92649956936984
50                                                1.4                                               200                                               1780                                              0.11900000000000001                               16.14209849844866                                 176.4604176116693                                 -58.6745534265474                                 138.38812529604252
50                                                1.4                                               200                                               1780                                              0.11916666666666667                               14.829934704203932                                180.2810565966067                                 -61.60661261113507                                145.30359631569144
50                                                1.4                                               200                                               1780                                              0.11933333333333335                               13.22837484124882                                 182.8456873705844                                 -64.29553864113099                                151.6456204235818
50                                                1.4                                               200                                               1780                                              0.11950000000000001                               11.20430863316895                                 183.81533076704198                                -66.73071955394758                                157.38916854795352
50                                                1.4                                               200                                               1780                                              0.11966666666666667                               8.716120182009519                                 183.069165557621                                  -68.90254480305089                                162.51157352833857
50                                                1.4                                               200                                               1780                                              0.11983333333333333                               5.5712012637545545                                180.13269569599495                                -70.80244318639473                                166.99261957248243
50                                                1.4                                               200                                               1780                                              0.12000000000000001                               1.4467827935651811                                174.22696259909665                                -72.42291667304151                                170.81462203884504
50                                                1.4                                               200                                               1780                                              0.12016666666666667                               -3.483312142543546                                165.74685673359863                                -73.75756999446301                                173.96249722979775
50                                                1.4                                               200                                               1780                                              0.12033333333333333                               -9.307265273153343                                154.47197196869533                                -74.80113588374493                                176.42382192008984
50                                                1.4                                               200                                               1780                                              0.12050000000000001                               -15.333948257132331                               142.02267013917574                                -75.54949586308207                                178.1888823856407
50                                                1.4                                               200                                               1780                                              0.12066666666666667                               -21.76015590600337                                127.92783073801273                                -75.99969649752907                                179.25071273917212
50                                                1.4                                               200                                               1780                                              0.12083333333333333                               -27.960732239851623                               113.65773823853303                                -76.14996105085896                                179.60512242138307
50                                                1.4                                               200                                               1780                                              0.121                                             -33.555917227063226                               100.1066851079131                                 -75.9996964975291                                 179.2507127391722
50                                                1.4                                               200                                               1780                                              0.12116666666666667                               -38.41967568833554                                87.57333301215219                                 -75.54949586308207                                178.1888823856407
50                                                1.4                                               200                                               1780                                              0.12133333333333333                               -42.55239419755404                                76.06096074843046                                 -74.80113588374503                                176.4238219200901
50                                                1.4                                               200                                               1780                                              0.1215                                            -45.95688275688785                                65.56990661319574                                 -73.75756999446327                                173.96249722979837
50                                                1.4                                               200                                               1780                                              0.12166666666666667                               -48.673398861102235                               56.01493415358859                                 -72.42291667304167                                170.81462203884544
50                                                1.4                                               200                                               1780                                              0.12183333333333334                               -50.754331980832134                               47.28490228626309                                 -70.80244318639492                                166.99261957248288
50                                                1.4                                               200                                               1780                                              0.122                                             -52.24967460835591                                39.276983844916806                                -68.90254480305111                                162.5115735283391
50                                                1.4                                               200                                               1780                                              0.12216666666666667                               -53.21351410715304                                31.88129456094029                                 -66.73071955394784                                157.3891685479541
50                                                1.4                                               200                                               1780                                              0.12233333333333334                               -53.690056024491305                               25.013788285817977                                -64.29553864113127                                151.64562042358247
50                                                1.4                                               200                                               1780                                              0.1225                                            -53.72605109253537                                18.586867238869488                                -61.606612611135404                               145.3035963156922
50                                                1.4                                               200                                               1780                                              0.12266666666666667                               -53.3624968785094                                 12.52886480115822                                 -58.6745534265474                                 138.38812529604252
50                                                1.4                                               200                                               1780                                              0.12283333333333334                               -52.61731364432804                                6.824806959677006                                 -55.51093258543882                                130.92649956937072
50                                                1.4                                               200                                               1780                                              0.123                                             -51.53951225583448                                1.3885457144085238                                -52.12823545394832                                122.94816676352669
50                                                1.4                                               200                                               1780                                              0.12316666666666667                               -50.16049919920863                                -3.822506540992959                                -48.539811992246136                               114.48461371314053
50                                                1.4                                               200                                               1780                                              0.12333333333333334                               -48.46999881684551                                -8.750712156829364                                -44.759824068341246                               105.56924219547344
50                                                1.4                                               200                                               1780                                              0.1235                                            -46.543218964374056                               -13.538269334255649                               -40.80318956765755                                96.23723710886088
50                                                1.4                                               200                                               1780                                              0.12366666666666667                               -44.383670378754665                               -18.156629236472728                               -36.68552351895399                                86.52542761399005
50                                                1.4                                               200                                               1780                                              0.12383333333333334                               -41.99295150588243                                -22.57123383712418                                -32.42307646894305                                76.47214178603568
50                                                1.4                                               200                                               1780                                              0.124                                             -39.444485585475405                               -26.915581365350864                               -28.032670348803332                               66.11705535124901
50                                                1.4                                               200                                               1780                                              0.12416666666666668                               -36.702433876266255                               -31.064276794593425                               -23.531632085705752                               55.501035105000284
50                                                1.4                                               200                                               1780                                              0.12433333333333334                               -33.8330159161796                                 -35.131607053099216                               -18.937725221346493                               44.66597762920438
50                                                1.4                                               200                                               1780                                              0.1245                                            -30.855680141192202                               -39.120681644504586                               -14.26907980736227                                33.65464394565016
50                                                1.4                                               200                                               1780                                              0.12466666666666668                               -27.779085104011152                               -43.008465680389385                               -9.544120854300333                                22.510490757785497
50                                                1.4                                               200                                               1780                                              0.12483333333333334                               -24.6224852020525                                 -46.796391151018994                               -4.781495616520526                                11.27749894696484
50                                                1.4                                               200                                               1780                                              0.125                                             -21.4785351315912                                 -50.658659288937706                               -0.0000000000004104242173497072                   0.0000000000009680148326348092
50                                                1.4                                               200                                               1780                                              0.12516666666666668                               -18.302009624762523                               -54.44409593336835                                4.781495616520246                                 -11.27749894696418
50                                                1.4                                               200                                               1780                                              0.12533333333333335                               -15.227217093486553                               -58.424969931136694                               9.544120854300052                                 -22.51049075778484
50                                                1.4                                               200                                               1780                                              0.1255                                            -12.37205462743958                                -62.835018502652176                               14.269079807361463                                -33.65464394564825
50                                                1.4                                               200                                               1780                                              0.12566666666666668                               -9.51139661182167                                 -67.09928592365742                                18.937725221346223                                -44.66597762920374
50                                                1.4                                               200                                               1780                                              0.12583333333333335                               -6.68517851806401                                 -71.26850615260614                                23.531632085706                                   -55.50103510500087
50                                                1.4                                               200                                               1780                                              0.126                                             -3.9654907409376583                               -75.46994851308733                                28.032670348802576                                -66.11705535124722
50                                                1.4                                               200                                               1780                                              0.12616666666666668                               -1.3948588527510417                               -79.76201602302245                                32.423076468942305                                -76.47214178603393
50                                                1.4                                               200                                               1780                                              0.12633333333333335                               0.8879915042287658                                -84.43103622330135                                36.685523518953744                                -86.52542761398948
50                                                1.4                                               200                                               1780                                              0.1265                                            3.039650080188288                                 -89.06800527687228                                40.80318956765685                                 -96.23723710885925
50                                                1.4                                               200                                               1780                                              0.12666666666666668                               5.072306510687815                                 -93.60584498240779                                44.75982406834102                                 -105.5692421954729
50                                                1.4                                               200                                               1780                                              0.12683333333333335                               6.922795021451568                                 -98.15670716968783                                48.53981199224593                                 -114.48461371314004
50                                                1.4                                               200                                               1780                                              0.127                                             8.470521653899144                                 -102.96983640554313                               52.128235453947724                                -122.94816676352526
50                                                1.4                                               200                                               1780                                              0.12716666666666668                               9.897777412650843                                 -107.58188455753238                               55.510932585438646                                -130.9264995693703
50                                                1.4                                               200                                               1780                                              0.12733333333333333                               11.241206920555937                                -111.87493583055866                               58.67455342654688                                 -138.3881252960413
50                                                1.4                                               200                                               1780                                              0.1275                                            12.454453849574229                                -115.92887730762385                               61.606612611134906                                -145.30359631569107
50                                                1.4                                               200                                               1780                                              0.12766666666666668                               13.5836606273446                                  -119.60758657251583                               64.29553864113085                                 -151.64562042358145
50                                                1.4                                               200                                               1780                                              0.12783333333333333                               14.559647221587145                                -123.0492006010384                                66.73071955394745                                 -157.3891685479532
50                                                1.4                                               200                                               1780                                              0.128                                             15.464320480539806                                -126.03786908066509                               68.90254480305074                                 -162.51157352833826
50                                                1.4                                               200                                               1780                                              0.12816666666666668                               16.27974488077515                                 -128.59567843225437                               70.80244318639481                                 -166.99261957248262
50                                                1.4                                               200                                               1780                                              0.12833333333333333                               17.045868274303842                                -130.61072415187962                               72.42291667304141                                 -170.81462203884485
50                                                1.4                                               200                                               1780                                              0.1285                                            17.779001021813546                                -132.02945339120623                               73.75756999446307                                 -173.9624972297979
50                                                1.4                                               200                                               1780                                              0.12866666666666668                               18.474954257813383                                -132.84932266344725                               74.80113588374499                                 -176.42382192008998
50                                                1.4                                               200                                               1780                                              0.12883333333333333                               19.130503777480456                                -133.0682227618973                                75.54949586308196                                 -178.18888238564045
50                                                1.4                                               200                                               1780                                              0.129                                             19.766051503344592                                -132.63106840771218                               75.99969649752904                                 -179.25071273917206
50                                                1.4                                               200                                               1780                                              0.12916666666666668                               20.37054524214055                                 -131.55973642884874                               76.14996105085896                                 -179.60512242138307
50                                                1.4                                               200                                               1780                                              0.12933333333333333                               20.938833973167952                                -129.86497718245752                               75.99969649752911                                 -179.25071273917223
50                                                1.4                                               200                                               1780                                              0.1295                                            21.472770165642135                                -127.54382018067626                               75.5494958630821                                  -178.1888823856408
50                                                1.4                                               200                                               1780                                              0.12966666666666668                               21.980240733695165                                -124.58185413247469                               74.801135883745                                   -176.42382192008998
50                                                1.4                                               200                                               1780                                              0.12983333333333333                               22.470994714104567                                -120.96305112553159                               73.75756999446321                                 -173.96249722979823
50                                                1.4                                               200                                               1780                                              0.13                                              22.9422836288307                                  -116.70360736570315                               72.42291667304161                                 -170.81462203884527
50                                                1.4                                               200                                               1780                                              0.13016666666666668                               23.391394758809803                                -111.82234421991838                               70.80244318639483                                 -166.99261957248265
50                                                1.4                                               200                                               1780                                              0.13033333333333333                               23.815762853579297                                -106.34039571225452                               68.90254480305123                                 -162.5115735283394
50                                                1.4                                               200                                               1780                                              0.1305                                            24.212889011932077                                -100.28134032124038                               66.73071955394798                                 -157.38916854795445
50                                                1.4                                               200                                               1780                                              0.13066666666666668                               24.580397931354945                                -93.6709961597721                                 64.29553864113113                                 -151.64562042358213
50                                                1.4                                               200                                               1780                                              0.13083333333333333                               24.916048882154758                                -86.53731530935329                                61.606612611135546                                -145.30359631569257
50                                                1.4                                               200                                               1780                                              0.131                                             25.217753667908653                                -78.91025200216126                                58.67455342654759                                 -138.38812529604294
50                                                1.4                                               200                                               1780                                              0.13116666666666668                               25.483550038184337                                -70.82172655073839                                55.51093258543865                                 -130.9264995693703
50                                                1.4                                               200                                               1780                                              0.13133333333333333                               25.71162845148395                                 -62.30545451581196                                52.12823545394812                                 -122.94816676352625
50                                                1.4                                               200                                               1780                                              0.1315                                            25.900337241927893                                -53.396818303964416                               48.539811992245944                                -114.48461371314006
50                                                1.4                                               200                                               1780                                              0.13166666666666665                               26.048191675879373                                -44.1327215427938                                 44.75982406834192                                 -105.56924219547501
50                                                1.4                                               200                                               1780                                              0.13183333333333333                               26.153874670719187                                -34.551455564066266                               40.803189567658244                                -96.23723710886144
50                                                1.4                                               200                                               1780                                              0.132                                             26.216244990703178                                -24.69254121449039                                36.6855235189547                                  -86.52542761399063
50                                                1.4                                               200                                               1780                                              0.13216666666666665                               26.24898022655922                                 -14.562046994537331                               32.42307646894331                                 -76.47214178603627
50                                                1.4                                               200                                               1780                                              0.13233333333333333                               26.24164433425321                                 -4.224262785746701                                28.0326703488036                                  -66.11705535124963
50                                                1.4                                               200                                               1780                                              0.1325                                            26.190341361826597                                6.270755735535825                                 23.53163208570602                                 -55.50103510500091
50                                                1.4                                               200                                               1780                                              0.13266666666666665                               26.09350934082571                                 16.877427973228194                                18.937725221346767                                -44.66597762920502
50                                                1.4                                               200                                               1780                                              0.13283333333333333                               25.950496102902385                                27.551454719910215                                14.269079807362012                                -33.654643945649546
50                                                1.4                                               200                                               1780                                              0.133                                             25.76108057775158                                 38.248857862026355                                9.544120854300072                                 -22.510490757784883
50                                                1.4                                               200                                               1780                                              0.13316666666666666                               25.52527497283344                                 48.92568531038753                                 4.781495616521345                                 -11.277498946966771
50                                                1.4                                               200                                               1780                                              0.13333333333333333                               25.243327537490853                                59.53819109199464                                 0.0000000000006902889062208321                    -0.000000000001628095691672277
50                                                1.4                                               200                                               1780                                              0.1335                                            24.915630564630348                                70.04279332154168                                 -4.781495616519966                                11.27749894696352
50                                                1.4                                               200                                               1780                                              0.13366666666666666                               24.542919016404408                                80.39671832361675                                 -9.544120854299237                                22.510490757782918
50                                                1.4                                               200                                               1780                                              0.13383333333333333                               24.12598143055031                                 90.55749443398841                                 -14.269079807361189                               33.65464394564761
50                                                1.4                                               200                                               1780                                              0.134                                             23.6659051833283                                  100.48370542588171                                -18.937725221345953                               44.6659776292031
50                                                1.4                                               200                                               1780                                              0.13416666666666666                               23.163762588495814                                110.13442372443701                                -23.53163208570522                                55.501035104999026
50                                                1.4                                               200                                               1780                                              0.13433333333333333                               22.620977824968325                                119.47024733556593                                -28.032670348802814                               66.11705535124779
50                                                1.4                                               200                                               1780                                              0.1345                                            22.038946186881994                                128.45257057823756                                -32.42307646894254                                76.47214178603448
50                                                1.4                                               200                                               1780                                              0.13466666666666666                               21.419653536397256                                137.0452104548333                                 -36.685523518953026                               86.52542761398777
50                                                1.4                                               200                                               1780                                              0.13483333333333333                               20.741862054997117                                145.15840032714476                                -40.803189567656624                               96.2372371088587
50                                                1.4                                               200                                               1780                                              0.135                                             19.992346498630525                                152.72261943724234                                -44.759824068340805                               105.56924219547237
50                                                1.4                                               200                                               1780                                              0.13516666666666666                               19.17334449286685                                 159.70631622417164                                -48.53981199224528                                114.48461371313853
50                                                1.4                                               200                                               1780                                              0.13533333333333333                               18.27171900873252                                 166.04332116840678                                -52.12823545394751                                122.94816676352478
50                                                1.4                                               200                                               1780                                              0.1355                                            17.261118978915256                                171.63808161821137                                -55.510932585438454                               130.92649956936984
50                                                1.4                                               200                                               1780                                              0.13566666666666666                               16.137506602464633                                176.44958729699755                                -58.674553426547064                               138.3881252960417
50                                                1.4                                               200                                               1780                                              0.13583333333333333                               14.824253891266562                                180.2676579935215                                 -61.60661261113506                                145.3035963156914
50                                                1.4                                               200                                               1780                                              0.136                                             13.221552446905868                                182.82959626621258                                -64.29553864113097                                151.64562042358176
50                                                1.4                                               200                                               1780                                              0.13616666666666666                               11.197254733482307                                183.79869364078044                                -66.73071955394731                                157.3891685479529
50                                                1.4                                               200                                               1780                                              0.13633333333333333                               8.708006968384746                                 183.05002996377118                                -68.90254480305063                                162.511573528338
50                                                1.4                                               200                                               1780                                              0.1365                                            5.557813522395149                                 180.10111975173152                                -70.80244318639471                                166.9926195724824
50                                                1.4                                               200                                               1780                                              0.13666666666666666                               1.4341573800276277                                174.19718465945266                                -72.42291667304134                                170.81462203884465
50                                                1.4                                               200                                               1780                                              0.13683333333333333                               -3.503030596242166                                165.7003493520894                                 -73.75756999446298                                173.96249722979772
50                                                1.4                                               200                                               1780                                              0.137                                             -9.323369150309922                                154.43398982414456                                -74.80113588374492                                176.42382192008984
50                                                1.4                                               200                                               1780                                              0.13716666666666666                               -15.380699563985155                               141.91240384258413                                -75.549495863082                                  178.18888238564054
50                                                1.4                                               200                                               1780                                              0.13733333333333334                               -21.771427142316718                               127.90124672207939                                -75.99969649752907                                179.25071273917212
50                                                1.4                                               200                                               1780                                              0.1375                                            -27.971747666493965                               113.63175756798087                                -76.14996105085896                                179.60512242138307
50                                                1.4                                               200                                               1780                                              0.13766666666666666                               -33.56470087105031                                100.08596825616644                                -75.99969649752913                                179.25071273917226
50                                                1.4                                               200                                               1780                                              0.13783333333333334                               -38.42822818099472                                87.55316134732334                                 -75.54949586308213                                178.18888238564088
50                                                1.4                                               200                                               1780                                              0.138                                             -42.55818453279629                                76.04730382916627                                 -74.80113588374505                                176.4238219200901
50                                                1.4                                               200                                               1780                                              0.13816666666666666                               -45.96355735603592                                65.55416409434798                                 -73.75756999446328                                173.9624972297984
50                                                1.4                                               200                                               1780                                              0.13833333333333334                               -48.67825889098984                                56.00347142595373                                 -72.42291667304168                                170.81462203884547
50                                                1.4                                               200                                               1780                                              0.1385                                            -50.765981173728655                               47.25742683273145                                 -70.80244318639492                                166.99261957248288
50                                                1.4                                               200                                               1780                                              0.13866666666666666                               -52.26491871471829                                39.241029531196425                                -68.90254480305113                                162.51157352833914
50                                                1.4                                               200                                               1780                                              0.13883333333333334                               -53.210756465164366                               31.88779865654507                                 -66.73071955394786                                157.38916854795417
50                                                1.4                                               200                                               1780                                              0.139                                             -53.69262447085033                                25.00773042161908                                 -64.29553864113099                                151.64562042358182
50                                                1.4                                               200                                               1780                                              0.13916666666666666                               -53.723613147543965                               18.592617306271453                                -61.60661261113572                                145.30359631569297
50                                                1.4                                               200                                               1780                                              0.13933333333333334                               -53.36844990069942                                12.51482417310803                                 -58.67455342654775                                138.38812529604337
50                                                1.4                                               200                                               1780                                              0.1395                                            -52.62130114566679                                6.815402152948093                                 -55.51093258543886                                130.92649956937078
50                                                1.4                                               200                                               1780                                              0.13966666666666666                               -51.53292950644339                                1.4040715990438182                                -52.12823545394833                                122.94816676352671
50                                                1.4                                               200                                               1780                                              0.13983333333333334                               -50.153030408291315                               -3.804890864129379                                -48.53981199224615                                114.48461371314056
50                                                1.4                                               200                                               1780                                              0.14                                              -48.47429127368753                                -8.760836222895263                                -44.75982406834127                                105.56924219547348
50                                                1.4                                               200                                               1780                                              0.14016666666666666                               -46.544448006049336                               -13.541168116835458                               -40.80318956765757                                96.23723710886092
50                                                1.4                                               200                                               1780                                              0.14033333333333334                               -44.39188389953293                                -18.176001411908285                               -36.685523518954                                  86.52542761399009
50                                                1.4                                               200                                               1780                                              0.1405                                            -42.00962220315653                                -22.61055286741035                                -32.423076468942575                               76.47214178603456
50                                                1.4                                               200                                               1780                                              0.14066666666666666                               -39.42588061388556                                -26.871700210928434                               -28.032670348803855                               66.11705535125023
50                                                1.4                                               200                                               1780                                              0.14083333333333334                               -36.70429753579971                                -31.068672368720367                               -23.53163208570628                                55.501035105001534
50                                                1.4                                               200                                               1780                                              0.14100000000000001                               -33.832477842088515                               -35.1303379669215                                 -18.93772522134651                                44.66597762920441
50                                                1.4                                               200                                               1780                                              0.14116666666666666                               -30.859908362546314                               -39.13065420658403                                -14.269079807362287                               33.65464394565019
50                                                1.4                                               200                                               1780                                              0.14133333333333334                               -27.787489283491418                               -43.02828753799208                                -9.544120854300347                                22.510490757785536
50                                                1.4                                               200                                               1780                                              0.14150000000000001                               -24.616429889515892                               -46.782109263879036                               -4.781495616520544                                11.277498946964883
50                                                1.4                                               200                                               1780                                              0.14166666666666666                               -21.448601549033377                               -50.588058796361985                               -0.0000000000004290755785609331                   0.000000000001012005400291572
50                                                1.4                                               200                                               1780                                              0.14183333333333334                               -18.29634317761824                                -54.430731213032296                               4.781495616520228                                 -11.277498946964137
50                                                1.4                                               200                                               1780                                              0.14200000000000002                               -15.213590069829028                               -58.39282962248155                                9.544120854300035                                 -22.510490757784797
50                                                1.4                                               200                                               1780                                              0.14216666666666666                               -12.30213008634885                                -62.67009647787832                                14.26907980736091                                 -33.65464394564695
50                                                1.4                                               200                                               1780                                              0.14233333333333334                               -9.391187418255635                                -66.81576395425968                                18.93772522134568                                 -44.66597762920246
50                                                1.4                                               200                                               1780                                              0.14250000000000002                               -6.535426119692611                                -70.91530442444724                                23.531632085705983                                -55.50103510500083
50                                                1.4                                               200                                               1780                                              0.14266666666666666                               -3.7866686835557033                               -75.04818391774782                                28.032670348802547                                -66.11705535124716
50                                                1.4                                               200                                               1780                                              0.14283333333333334                               -1.2132031632349078                               -79.33356810389222                                32.42307646894229                                 -76.47214178603389
50                                                1.4                                               200                                               1780                                              0.14300000000000002                               1.0771066294749236                                -83.98499469218501                                36.68552351895372                                 -86.52542761398944
50                                                1.4                                               200                                               1780                                              0.14316666666666666                               3.2469507138771796                                -88.57907192512889                                40.803189567656844                                -96.2372371088592
50                                                1.4                                               200                                               1780                                              0.14333333333333334                               5.283955023729982                                 -93.10665684664686                                44.759824068341004                                -105.56924219547285
50                                                1.4                                               200                                               1780                                              0.14350000000000002                               7.125203624375945                                 -97.67931202193331                                48.5398119922459                                  -114.48461371313999
50                                                1.4                                               200                                               1780                                              0.14366666666666666                               8.66096711329676                                  -102.52065718630583                               52.12823545394732                                 -122.94816676352431
50                                                1.4                                               200                                               1780                                              0.14383333333333334                               10.09343296895246                                 -107.12041695259722                               55.510932585438255                                -130.92649956936938
50                                                1.4                                               200                                               1780                                              0.14400000000000002                               11.427222880419547                                -111.43620390236764                               58.674553426547554                                -138.3881252960429
50                                                1.4                                               200                                               1780                                              0.14416666666666667                               12.637757522530007                                -115.49654250183809                               61.606612611134885                                -145.303596315691
50                                                1.4                                               200                                               1780                                              0.14433333333333334                               13.752351098896062                                -119.20971804604228                               64.29553864113082                                 -151.64562042358142
50                                                1.4                                               200                                               1780                                              0.14450000000000002                               14.715731959832215                                -122.68106359697812                               66.7307195539477                                  -157.3891685479538
50                                                1.4                                               200                                               1780                                              0.14466666666666667                               15.607170518834721                                -125.70094706177237                               68.90254480305074                                 -162.51157352833826
50                                                1.4                                               200                                               1780                                              0.14483333333333334                               16.419907309753963                                -128.26509533190577                               70.80244318639481                                 -166.99261957248262
50                                                1.4                                               200                                               1780                                              0.14500000000000002                               17.17788524408231                                 -130.29935269887397                               72.42291667304161                                 -170.81462203884524
50                                                1.4                                               200                                               1780                                              0.14516666666666667                               17.90502699995799                                 -131.73221211989664                               73.75756999446294                                 -173.96249722979758
50                                                1.4                                               200                                               1780                                              0.14533333333333334                               18.601025854644266                                -132.55197379720732                               74.80113588374489                                 -176.42382192008972
50                                                1.4                                               200                                               1780                                              0.14550000000000002                               19.24905314183141                                 -132.78861561826415                               75.5494958630821                                  -178.18888238564077
50                                                1.4                                               200                                               1780                                              0.14566666666666667                               19.871884396884234                                -132.3814539688065                                75.99969649752904                                 -179.25071273917206
50                                                1.4                                               200                                               1780                                              0.14583333333333334                               20.469338399422362                                -131.32672571074545                               76.14996105085896                                 -179.60512242138307
50                                                1.4                                               200                                               1780                                              0.14600000000000002                               21.032567932816125                                -129.6438989433444                                75.99969649752909                                 -179.25071273917214
50                                                1.4                                               200                                               1780                                              0.14616666666666667                               21.561168965994632                                -127.33532529584488                               75.54949586308211                                 -178.1888823856408
50                                                1.4                                               200                                               1780                                              0.14633333333333334                               22.06762180772634                                 -124.37575962786687                               74.801135883745                                   -176.42382192008998
50                                                1.4                                               200                                               1780                                              0.14650000000000002                               22.55737053881505                                 -120.75932757324986                               73.75756999446308                                 -173.96249722979792
50                                                1.4                                               200                                               1780                                              0.14666666666666667                               23.02764194190734                                 -116.50228368728993                               72.42291667304178                                 -170.81462203884567
50                                                1.4                                               200                                               1780                                              0.14683333333333334                               23.475749702002588                                -111.62338706104516                               70.80244318639484                                 -166.99261957248268
50                                                1.4                                               200                                               1780                                              0.14700000000000002                               23.89910488830383                                 -106.14382757035312                               68.90254480305077                                 -162.51157352833832
50                                                1.4                                               200                                               1780                                              0.14716666666666667                               24.29522605316888                                 -100.08714252826616                               66.73071955394798                                 -157.38916854795445
50                                                1.4                                               200                                               1780                                              0.14733333333333334                               24.661748908287695                                -93.47912406989218                                64.29553864113115                                 -151.64562042358216
50                                                1.4                                               200                                               1780                                              0.14750000000000002                               24.996435539881567                                -86.34771763519977                                61.606612611135255                                -145.30359631569186
50                                                1.4                                               200                                               1780                                              0.14766666666666667                               25.297183126540023                                -78.72291195044643                                58.6745534265476                                  -138.38812529604297
50                                                1.4                                               200                                               1780                                              0.14783333333333334                               25.56203212527325                                 -70.63662094247587                                55.51093258543867                                 -130.92649956937035
50                                                1.4                                               200                                               1780                                              0.14800000000000002                               25.78917389345662                                 -62.12255805195837                                52.12823545394776                                 -122.94816676352535
50                                                1.4                                               200                                               1780                                              0.14816666666666667                               25.976957716572016                                -53.21610344162622                                48.53981199224638                                 -114.48461371314109
50                                                1.4                                               200                                               1780                                              0.14833333333333334                               26.12389721399392                                 -43.954164623612236                               44.75982406834193                                 -105.56924219547297
50                                                1.4                                               200                                               1780                                              0.14850000000000002                               26.228676097524012                                -34.375031055986994                               40.803189567657796                                -96.23723710885932
50                                                1.4                                               200                                               1780                                              0.14866666666666667                               26.304471815962426                                -24.48445194519929                                36.685523518954255                                -86.52542761399067
50                                                1.4                                               200                                               1780                                              0.14883333333333335                               26.340942513127157                                -14.34514737293097                                32.42307646894283                                 -76.47214178603517
50                                                1.4                                               200                                               1780                                              0.149                                             26.334108077045446                                -4.006180443818186                                28.032670348803613                                -66.11705535124966
50                                                1.4                                               200                                               1780                                              0.14916666666666667                               26.28224227401026                                 6.487510601271813                                 23.531632085706043                                -55.50103510500096
50                                                1.4                                               200                                               1780                                              0.14933333333333335                               26.184499375010425                                17.09203446814219                                 18.93772522134626                                 -44.66597762920382
50                                                1.4                                               200                                               1780                                              0.1495                                            26.040455491588435                                27.763630363795595                                14.269079807362564                                -33.65464394565085
50                                                1.4                                               200                                               1780                                              0.14966666666666667                               25.849955554569352                                38.458475843062374                                9.544120854300628                                 -22.510490757786194
50                                                1.4                                               200                                               1780                                              0.14983333333333335                               25.613062085408217                                49.13273748590567                                 4.781495616520283                                 -11.277498946964267
50                                                1.4                                               200                                               1780                                              0.15                                              25.330037533617713                                59.74270281143097                                 0.0000000000007089402674320581                    -0.000000000001672086259329040
50                                                1.4                                               200                                               1780                                              0.15016666666666667                               25.001337347585658                                70.24493889105479                                 -4.781495616519948                                11.277498946963476
50                                                1.4                                               200                                               1780                                              0.15033333333333335                               24.627606140923238                                80.59645895587595                                 -9.544120854299756                                22.51049075778414
50                                                1.4                                               200                                               1780                                              0.1505                                            24.209674403997884                                90.75489028993398                                 -14.26907980736117                                33.65464394564756
50                                                1.4                                               200                                               1780                                              0.15066666666666667                               23.748554914981806                                100.6786407215387                                 -18.937725221345936                               44.665977629203056
50                                                1.4                                               200                                               1780                                              0.15083333333333335                               23.245438577191468                                110.32706237777607                                -23.531632085705716                               55.5010351050002
50                                                1.4                                               200                                               1780                                              0.151                                             22.701689602949486                                119.66061182906026                                -28.032670348802295                               66.11705535124655
50                                                1.4                                               200                                               1780                                              0.15116666666666667                               22.118840030772223                                128.64100591575465                                -32.423076468942035                               76.47214178603329
50                                                1.4                                               200                                               1780                                              0.15133333333333335                               21.498583586734796                                137.23137261641733                                -36.68552351895396                                86.52542761398998
50                                                1.4                                               200                                               1780                                              0.1515                                            20.82452586321797                                 145.35336882339132                                -40.80318956765661                                96.23723710885865
50                                                1.4                                               200                                               1780                                              0.15166666666666667                               20.078185986196733                                152.92507800005922                                -44.759824068340784                               105.56924219547234
50                                                1.4                                               200                                               1780                                              0.15183333333333332                               19.26129210978307                                 159.91374696064113                                -48.539811992245276                               114.4846137131385
50                                                1.4                                               200                                               1780                                              0.152                                             18.366218995085323                                166.26620613621884                                -52.1282354539475                                 122.94816676352477
50                                                1.4                                               200                                               1780                                              0.15216666666666667                               17.360514951506083                                171.87251411927912                                -55.510932585438425                               130.92649956936978
50                                                1.4                                               200                                               1780                                              0.15233333333333332                               16.246623863155303                                176.7069481504257                                 -58.67455342654669                                138.38812529604084
50                                                1.4                                               200                                               1780                                              0.1525                                            14.950848146458352                                180.5662395868374                                 -61.606612611134736                               145.30359631569064
50                                                1.4                                               200                                               1780                                              0.15266666666666667                               13.37566999437725                                 183.19309351032007                                -64.29553864113096                                151.64562042358173
50                                                1.4                                               200                                               1780                                              0.15283333333333332                               11.375971322676545                                184.2202094818657                                 -66.73071955394731                                157.38916854795286
50                                                1.4                                               200                                               1780                                              0.153                                             8.919463744253827                                 183.5487658737138                                 -68.90254480305062                                162.51157352833798
50                                                1.4                                               200                                               1780                                              0.15316666666666667                               5.845981852870977                                 180.78078534261093                                -70.8024431863947                                 166.99261957248237
50                                                1.4                                               200                                               1780                                              0.15333333333333332                               1.769262205494339                                 174.98755332637487                                -72.42291667304134                                170.81462203884465
50                                                1.4                                               200                                               1780                                              0.1535                                            -3.090741304613767                                166.6727630956301                                 -73.75756999446298                                173.96249722979772
50                                                1.4                                               200                                               1780                                              0.15366666666666667                               -8.885426635566812                                155.4669085267744                                 -74.80113588374492                                176.42382192008984
50                                                1.4                                               200                                               1780                                              0.15383333333333332                               -14.908107595538842                               143.02704575673377                                -75.54949586308193                                178.18888238564037
50                                                1.4                                               200                                               1780                                              0.154                                             -21.315577408176512                               128.97640088074428                                -75.99969649752903                                179.25071273917203
50                                                1.4                                               200                                               1780                                              0.15416666666666667                               -27.551337768862638                               114.62332434082276                                -76.14996105085896                                179.60512242138307
50                                                1.4                                               200                                               1780                                              0.15433333333333332                               -33.192349347123844                               100.96418592188446                                -75.99969649752914                                179.2507127391723
50                                                1.4                                               200                                               1780                                              0.1545                                            -38.10335851368003                                88.31938966266128                                 -75.54949586308214                                178.18888238564088
50                                                1.4                                               200                                               1780                                              0.15466666666666667                               -42.281965398327905                               76.69878638774813                                 -74.80113588374503                                176.4238219200901
50                                                1.4                                               200                                               1780                                              0.15483333333333332                               -45.726752783365825                               66.11268459360272                                 -73.75756999446328                                173.9624972297984
50                                                1.4                                               200                                               1780                                              0.155                                             -48.47859079470862                                56.47440289303989                                 -72.4229166730417                                 170.8146220388455
50                                                1.4                                               200                                               1780                                              0.15516666666666667                               -50.59208905631908                                47.66756381250748                                 -70.80244318639492                                166.9926195724829
50                                                1.4                                               200                                               1780                                              0.15533333333333332                               -52.119464310886706                               39.584094132234036                                -68.90254480305134                                162.51157352833968
50                                                1.4                                               200                                               1780                                              0.1555                                            -53.09792552700943                                32.15391848353686                                 -66.73071955394813                                157.3891685479548
50                                                1.4                                               200                                               1780                                              0.15566666666666668                               -53.59236548549443                                25.244198399937115                                -64.29553864113102                                151.64562042358185
50                                                1.4                                               200                                               1780                                              0.15583333333333332                               -53.64896567841251                                18.768678694180082                                -61.60661261113574                                145.303596315693
50                                                1.4                                               200                                               1780                                              0.156                                             -53.29673136219224                                12.683977468929978                                -58.67455342654777                                138.3881252960434
50                                                1.4                                               200                                               1780                                              0.15616666666666668                               -52.56344769432844                                6.95185365031899                                  -55.51093258543886                                130.92649956937078
50                                                1.4                                               200                                               1780                                              0.15633333333333332                               -51.49197478268737                                1.5006662403598316                                -52.12823545394835                                122.94816676352674
50                                                1.4                                               200                                               1780                                              0.1565                                            -50.11110661664701                                -3.70601060697969                                 -48.53981199224617                                114.4846137131406
50                                                1.4                                               200                                               1780                                              0.15666666666666668                               -48.44237853963771                                -8.685567760157712                                -44.75982406834128                                105.5692421954735
50                                                1.4                                               200                                               1780                                              0.15683333333333332                               -46.51649489381898                                -13.47523870498816                                -40.80318956765804                                96.23723710886203
50                                                1.4                                               200                                               1780                                              0.157                                             -44.37143390155666                                -18.12776863096707                                -36.68552351895402                                86.52542761399013
50                                                1.4                                               200                                               1780                                              0.15716666666666668                               -41.97997203837879                                -22.540620835913074                               -32.4230764689426                                 76.4721417860346
50                                                1.4                                               200                                               1780                                              0.15733333333333333                               -39.4125978623643                                 -26.840371892697522                               -28.032670348803872                               66.11705535125027
50                                                1.4                                               200                                               1780                                              0.1575                                            -36.689542529961614                               -31.033871633522146                               -23.5316320857063                                 55.50103510500158
50                                                1.4                                               200                                               1780                                              0.15766666666666668                               -33.830305870765486                               -35.12521521741529                                -18.93772522134653                                44.66597762920446
50                                                1.4                                               200                                               1780                                              0.15783333333333333                               -30.845234576870943                               -39.09604503494107                                -14.269079807362306                               33.65464394565024
50                                                1.4                                               200                                               1780                                              0.158                                             -27.780650128995358                               -43.01215690360204                                -9.544120854300367                                22.510490757785583
50                                                1.4                                               200                                               1780                                              0.15816666666666668                               -24.61625845392021                                -46.78170492078117                                -4.781495616520562                                11.277498946964927
50                                                1.4                                               200                                               1780                                              0.15833333333333333                               -21.44856528579397                                -50.587973266920294                               -0.0000000000009888049563031830                   0.000000000002332167118366508
50                                                1.4                                               200                                               1780                                              0.1585                                            -18.28024200137055                                -54.392755438768056                               4.78149561652021                                  -11.277498946964092
50                                                1.4                                               200                                               1780                                              0.15866666666666668                               -15.231241815888284                               -58.43446252640127                                9.544120854300017                                 -22.510490757784755
50                                                1.4                                               200                                               1780                                              0.15883333333333333                               -12.380202693522063                               -62.85423629851109                                14.269079807360896                                -33.65464394564691
50                                                1.4                                               200                                               1780                                              0.159                                             -9.50814675710198                                 -67.09162090916722                                18.937725221345666                                -44.665977629202416
50                                                1.4                                               200                                               1780                                              0.15916666666666668                               -6.692305800177485                                -71.28531635656104                                23.531632085705454                                -55.50103510499957
50                                                1.4                                               200                                               1780                                              0.15933333333333333                               -3.958635683212716                                -75.45378036979596                                28.032670348802533                                -66.11705535124712
50                                                1.4                                               200                                               1780                                              0.1595                                            -1.3916179440322918                               -79.75437210831572                                32.42307646894228                                 -76.47214178603384
50                                                1.4                                               200                                               1780                                              0.15966666666666668                               0.8857113151185969                                -84.43641421218824                                36.68552351895371                                 -86.5254276139894
50                                                1.4                                               200                                               1780                                              0.15983333333333333                               3.0397673532966625                                -89.06772867986838                                40.80318956765637                                 -96.23723710885808
50                                                1.4                                               200                                               1780                                              0.16                                              5.0727337656306455                                -93.60483727110683                                44.759824068341                                   -105.56924219547284
50                                                1.4                                               200                                               1780                                              0.16016666666666668                               6.91884186821545                                  -98.16603096396324                                48.5398119922459                                  -114.48461371313996
50                                                1.4                                               200                                               1780                                              0.16033333333333333                               8.472403492761583                                 -102.96539795416804                               52.128235453947305                                -122.94816676352428
50                                                1.4                                               200                                               1780                                              0.1605                                            9.901572370662514                                 -107.57293387799248                               55.51093258543824                                 -130.92649956936935
50                                                1.4                                               200                                               1780                                              0.16066666666666668                               11.243057650471108                                -111.87057075185946                               58.6745534265472                                  -138.38812529604203
50                                                1.4                                               200                                               1780                                              0.16083333333333333                               12.459009919915                                   -115.91813149029149                               61.6066126111349                                  -145.303596315691
50                                                1.4                                               200                                               1780                                              0.161                                             13.581140469092494                                -119.61353054576468                               64.2955386411308                                  -151.6456204235814
50                                                1.4                                               200                                               1780                                              0.16116666666666668                               14.553561693039711                                -123.06355375479868                               66.7307195539477                                  -157.38916854795377
50                                                1.4                                               200                                               1780                                              0.16133333333333333                               15.467074401161197                                -126.0313737621709                                68.90254480305074                                 -162.51157352833826
50                                                1.4                                               200                                               1780                                              0.1615                                            16.28118086847992                                 -128.59229155268213                               70.80244318639481                                 -166.99261957248262
50                                                1.4                                               200                                               1780                                              0.16166666666666668                               17.044143636518875                                -130.61479183328427                               72.42291667304161                                 -170.81462203884524
50                                                1.4                                               200                                               1780                                              0.16183333333333333                               17.77889526669411                                 -132.02970282220898                               73.75756999446293                                 -173.96249722979755
50                                                1.4                                               200                                               1780                                              0.162                                             18.480306740305366                                -132.83669845116947                               74.80113588374488                                 -176.4238219200897
50                                                1.4                                               200                                               1780                                              0.16216666666666668                               19.137705398602165                                -133.05123722408038                               75.54949586308204                                 -178.18888238564062
50                                                1.4                                               200                                               1780                                              0.16233333333333333                               19.765437831946095                                -132.6325157955392                                75.99969649752904                                 -179.25071273917206
50                                                1.4                                               200                                               1780                                              0.1625                                            20.367656633809286                                -131.56654941792718                               76.14996105085896                                 -179.60512242138307
50                                                1.4                                               200                                               1780                                              0.16266666666666668                               20.93598731899342                                 -129.87169121966053                               75.99969649752909                                 -179.25071273917217
50                                                1.4                                               200                                               1780                                              0.16283333333333333                               21.47009664736075                                 -127.55012586450849                               75.54949586308211                                 -178.1888823856408
50                                                1.4                                               200                                               1780                                              0.163                                             21.977636873852582                                -124.5879955219034                                74.801135883745                                   -176.42382192008998
50                                                1.4                                               200                                               1780                                              0.16316666666666668                               22.468460006550945                                -120.96902941434703                               73.75756999446308                                 -173.96249722979792
50                                                1.4                                               200                                               1780                                              0.16333333333333333                               22.939792983118565                                -116.7094817315189                                72.42291667304178                                 -170.8146220388457
50                                                1.4                                               200                                               1780                                              0.1635                                            23.38894964172011                                 -111.82811120322617                               70.80244318639504                                 -166.99261957248316
50                                                1.4                                               200                                               1780                                              0.16366666666666668                               23.813341202895142                                -106.34610734836762                               68.90254480305101                                 -162.5115735283389
50                                                1.4                                               200                                               1780                                              0.16383333333333333                               24.21048636853105                                 -100.2870071273191                                66.73071955394799                                 -157.38916854795448
50                                                1.4                                               200                                               1780                                              0.164                                             24.578020998062065                                -93.6766023267244                                 64.29553864113116                                 -151.64562042358222
50                                                1.4                                               200                                               1780                                              0.16416666666666668                               24.91370732368967                                 -86.54283804224669                                61.606612611135255                                -145.3035963156919
50                                                1.4                                               200                                               1780                                              0.16433333333333333                               25.21544266824064                                 -78.91570265994973                                58.67455342654761                                 -138.388125296043
50                                                1.4                                               200                                               1780                                              0.1645                                            25.481267631240218                                -70.82710977054523                                55.51093258543868                                 -130.92649956937038
50                                                1.4                                               200                                               1780                                              0.16466666666666668                               25.709373710877255                                -62.310772482584866                               52.12823545394776                                 -122.94816676352536
50                                                1.4                                               200                                               1780                                              0.16483333333333333                               25.89811033176583                                 -53.40207063064769                                48.53981199224637                                 -114.4846137131411
50                                                1.4                                               200                                               1780                                              0.165                                             26.045991250751403                                -44.13791140263039                                44.759824068341516                                -105.56924219547405
50                                                1.4                                               200                                               1780                                              0.16516666666666668                               26.15170031546524                                 -34.5565839362417                                 40.80318956765736                                 -96.23723710886044
50                                                1.4                                               200                                               1780                                              0.16533333333333333                               26.21409655288563                                 -24.6976084585419                                 36.68552351895427                                 -86.52542761399071
50                                                1.4                                               200                                               1780                                              0.1655                                            26.232218567808015                                -14.601580563964584                               32.423076468943826                                -76.4721417860352
50                                                1.4                                               200                                               1780                                              0.16566666666666668                               26.205288233850425                                -4.3100112454122534                               28.032670348804135                                -66.11705535124852
50                                                1.4                                               200                                               1780                                              0.16583333333333333                               26.14780681702326                                 6.170434973435284                                 23.531632085706057                                -55.501035105001
50                                                1.4                                               200                                               1780                                              0.166                                             26.04928136984043                                 16.77311314451978                                 18.937725221346277                                -44.665977629203866
50                                                1.4                                               200                                               1780                                              0.16616666666666668                               25.906059339217407                                27.446647438705813                                14.26907980736152                                 -33.65464394564838
50                                                1.4                                               200                                               1780                                              0.16633333333333333                               25.716905213401635                                38.14466710982248                                 9.544120854300644                                 -22.510490757786233
50                                                1.4                                               200                                               1780                                              0.1665                                            25.481520057199823                                48.822486216515706                                4.781495616520841                                 -11.277498946965585
50                                                1.4                                               200                                               1780                                              0.16666666666666669                               25.200045498795568                                59.43610731215882                                 0.0000000000001865136121122601                    -0.0000000000004399056765676306
50                                                1.4                                               200                                               1780                                              0.16683333333333333                               24.872896701559004                                69.94200245306902                                 -4.78149561651993                                 11.277498946963433
50                                                1.4                                               200                                               1780                                              0.167                                             24.50070494692509                                 80.29715342546027                                 -9.544120854299738                                22.510490757784098
50                                                1.4                                               200                                               1780                                              0.16716666666666669                               24.08429641211268                                 90.4591773405031                                  -14.269079807361683                               33.65464394564877
50                                                1.4                                               200                                               1780                                              0.16733333333333333                               23.624682578931726                                100.38647896894057                                -18.937725221345918                               44.66597762920301
50                                                1.4                                               200                                               1780                                              0.1675                                            23.12305406225506                                 110.03840975754744                                -23.531632085705706                               55.50103510500016
50                                                1.4                                               200                                               1780                                              0.16766666666666669                               22.580775121555043                                119.37542638794513                                -28.032670348803286                               66.1170553512489
50                                                1.4                                               200                                               1780                                              0.16783333333333333                               21.999377953091702                                128.3592460725395                                 -32.42307646894202                                76.47214178603325
50                                                1.4                                               200                                               1780                                              0.16799999999999998                               21.380556475992645                                136.9529972452218                                 -36.685523518953                                  86.5254276139877
50                                                1.4                                               200                                               1780                                              0.1681666666666667                                20.701053490451976                                145.06215041276857                                -40.80318956765706                                96.2372371088597
50                                                1.4                                               200                                               1780                                              0.16833333333333333                               19.94969413749321                                 152.62202079690275                                -44.75982406834077                                105.5692421954723
50                                                1.4                                               200                                               1780                                              0.16849999999999998                               19.129506775001758                                159.60292183532022                                -48.539811992244836                               114.48461371313748
50                                                1.4                                               200                                               1780                                              0.1686666666666667                                18.224497175457383                                165.93194510164014                                -52.12823545394789                                122.94816676352566
50                                                1.4                                               200                                               1780                                              0.16883333333333334                               17.211676364408046                                171.52146768028078                                -55.51093258543843                                130.92649956936978
50                                                1.4                                               200                                               1780                                              0.16899999999999998                               16.08335361876093                                 176.32186361686124                                -58.67455342654669                                138.3881252960408
50                                                1.4                                               200                                               1780                                              0.1691666666666667                                14.761766937933858                                180.12027805073328                                -61.60661261113537                                145.30359631569212
50                                                1.4                                               200                                               1780                                              0.16933333333333334                               13.144899843145856                                182.64880562505792                                -64.29553864113068                                151.64562042358105
50                                                1.4                                               200                                               1780                                              0.16949999999999998                               11.105813534460514                                183.58302304137328                                -66.7307195539473                                 157.38916854795283
50                                                1.4                                               200                                               1780                                              0.1696666666666667                                8.601852524489928                                 182.79965712538547                                -68.90254480305084                                162.51157352833852
50                                                1.4                                               200                                               1780                                              0.16983333333333334                               5.4155258513094875                                179.7655241160704                                 -70.8024431863945                                 166.99261957248189
50                                                1.4                                               200                                               1780                                              0.16999999999999998                               1.2655280916719716                                173.79946043791668                                -72.42291667304134                                170.81462203884465
50                                                1.4                                               200                                               1780                                              0.1701666666666667                                -3.704498981165593                                165.22517177564922                                -73.75756999446325                                173.96249722979834
50                                                1.4                                               200                                               1780                                              0.17033333333333334                               -9.543292665037237                                153.91528450583772                                -74.80113588374492                                176.42382192008984
50                                                1.4                                               200                                               1780                                              0.17049999999999998                               -15.575512252100115                               141.45292420247281                                -75.54949586308192                                178.18888238564037
50                                                1.4                                               200                                               1780                                              0.1706666666666667                                -22.006560241244276                               127.34666851303749                                -75.9996964975291                                 179.2507127391722
50                                                1.4                                               200                                               1780                                              0.17083333333333334                               -28.187859972688045                               113.12204125722884                                -76.14996105085896                                179.60512242138307
50                                                1.4                                               200                                               1780                                              0.17099999999999999                               -33.75657433538853                                99.63342098527743                                 -75.99969649752916                                179.25071273917237
50                                                1.4                                               200                                               1780                                              0.1711666666666667                                -38.59369543572731                                87.16289500794672                                 -75.54949586308207                                178.1888823856407
50                                                1.4                                               200                                               1780                                              0.17133333333333334                               -42.70194374268125                                75.7082374641379                                  -74.80113588374518                                176.42382192009038
50                                                1.4                                               200                                               1780                                              0.17149999999999999                               -46.08718322528401                                65.26258365130712                                 -73.75756999446328                                173.9624972297984
50                                                1.4                                               200                                               1780                                              0.1716666666666667                                -48.78264512910427                                55.75726902720021                                 -72.42291667304136                                170.8146220388447
50                                                1.4                                               200                                               1780                                              0.17183333333333334                               -50.84815114124083                                47.06362309507066                                 -70.80244318639495                                166.99261957248294
50                                                1.4                                               200                                               1780                                              0.172                                             -52.331329773298926                               39.08439430588755                                 -68.90254480305136                                162.5115735283397
50                                                1.4                                               200                                               1780                                              0.1721666666666667                                -53.27062835327899                                31.74658653186272                                 -66.73071955394761                                157.38916854795357
50                                                1.4                                               200                                               1780                                              0.17233333333333334                               -53.74241163537562                                24.89030383786092                                 -64.2955386411313                                 151.64562042358253
50                                                1.4                                               200                                               1780                                              0.1725                                            -53.79503105900337                                18.42417306081581                                 -61.60661261113606                                145.30359631569377
50                                                1.4                                               200                                               1780                                              0.1726666666666667                                -53.416561999991366                               12.40134835034869                                 -58.67455342654744                                138.3881252960426
50                                                1.4                                               200                                               1780                                              0.17283333333333334                               -52.64652558595945                                6.755908508773043                                 -55.510932585439235                               130.92649956937169
50                                                1.4                                               200                                               1780                                              0.173                                             -51.557371336737305                               1.3464237964506647                                -52.12823545394837                                122.94816676352679
50                                                1.4                                               200                                               1780                                              0.17316666666666666                               -50.159009374358966                               -3.818992682668861                                -48.53981199224619                                114.48461371314065
50                                                1.4                                               200                                               1780                                              0.17333333333333334                               -48.49195611479525                                -8.802500012422122                                -44.759824068341295                               105.56924219547354
50                                                1.4                                               200                                               1780                                              0.1735                                            -46.55842322055366                                -13.574129658472351                               -40.80318956765806                                96.23723710886208
50                                                1.4                                               200                                               1780                                              0.17366666666666666                               -44.38160625753613                                -18.151760859140346                               -36.68552351895451                                86.52542761399128
50                                                1.4                                               200                                               1780                                              0.17383333333333334                               -42.01914650993747                                -22.633016625259568                               -32.4230764689431                                 76.47214178603579
50                                                1.4                                               200                                               1780                                              0.174                                             -39.43428328611772                                -26.891518513577573                               -28.032670348804388                               66.1170553512515
50                                                1.4                                               200                                               1780                                              0.17416666666666666                               -36.701708927096384                               -31.062566950191638                               -23.531632085706832                               55.501035105002835
50                                                1.4                                               200                                               1780                                              0.17433333333333334                               -33.84438771725855                                -35.15842825821407                                -18.93772522134707                                44.665977629205734
50                                                1.4                                               200                                               1780                                              0.1745                                            -30.861163544648953                               -39.13361464322891                                -14.269079807362326                               33.654643945650285
50                                                1.4                                               200                                               1780                                              0.17466666666666666                               -27.77801522283088                                -43.0059422892055                                 -9.544120854300386                                22.510490757785625
50                                                1.4                                               200                                               1780                                              0.17483333333333334                               -24.631899051630572                               -46.81859438766656                                -4.78149561652058                                 11.27749894696497
50                                                1.4                                               200                                               1780                                              0.175                                             -21.454570061486177                               -50.602135959302885                               -0.000000000001007456317514409                    0.000000000002376157686023271
50                                                1.4                                               200                                               1780                                              0.17516666666666666                               -18.292701304470043                               -54.42214159507712                                4.78149561651965                                  -11.277498946962773
50                                                1.4                                               200                                               1780                                              0.17533333333333334                               -15.236019617683123                               -58.44573131320465                                9.54412085429946                                  -22.510490757783444
50                                                1.4                                               200                                               1780                                              0.1755                                            -12.376077021254051                               -62.84450560577482                                14.269079807360347                                -33.65464394564562
50                                                1.4                                               200                                               1780                                              0.17566666666666667                               -9.512644078322953                                -67.10222816250285                                18.937725221345122                                -44.66597762920114
50                                                1.4                                               200                                               1780                                              0.17583333333333334                               -6.687980828955746                                -71.2751156030068                                 23.53163208570492                                 -55.501035104998316
50                                                1.4                                               200                                               1780                                              0.176                                             -3.9624516804158683                               -75.4627806717708                                 28.032670348802522                                -66.11705535124709
50                                                1.4                                               200                                               1780                                              0.17616666666666667                               -1.403262500723225                                -79.7818366270253                                 32.423076468942256                                -76.4721417860338
50                                                1.4                                               200                                               1780                                              0.17633333333333334                               0.8845503324049191                                -84.43915247284573                                36.6855235189537                                  -86.52542761398935
50                                                1.4                                               200                                               1780                                              0.1765                                            3.0385733968270063                                -89.07054471148464                                40.803189567656354                                -96.23723710885805
50                                                1.4                                               200                                               1780                                              0.17666666666666667                               5.069636208440569                                 -93.61214308099264                                44.75982406834054                                 -105.56924219547176
50                                                1.4                                               200                                               1780                                              0.17683333333333334                               6.91351011241733                                  -98.17860629085179                                48.539811992245475                                -114.48461371313896
50                                                1.4                                               200                                               1780                                              0.177                                             8.469880894701445                                 -102.97134768187749                               52.12823545394689                                 -122.94816676352332
50                                                1.4                                               200                                               1780                                              0.17716666666666667                               9.899195353658722                                 -107.57854024238195                               55.51093258543786                                 -130.92649956936845
50                                                1.4                                               200                                               1780                                              0.17733333333333334                               11.243191359798043                                -111.8702553888604                                58.674553426546844                                -138.3881252960412
50                                                1.4                                               200                                               1780                                              0.1775                                            12.453568679897714                                -115.93096504353223                               61.60661261113488                                 -145.30359631569098
50                                                1.4                                               200                                               1780                                              0.17766666666666667                               13.5827652663122                                  -119.609698345465                                 64.29553864113079                                 -151.64562042358136
50                                                1.4                                               200                                               1780                                              0.17783333333333334                               14.55851817179239                                 -123.05186354562625                               66.73071955394768                                 -157.38916854795374
50                                                1.4                                               200                                               1780                                              0.178                                             15.46229735056382                                 -126.04264077722213                               68.9025448030505                                  -162.51157352833766
50                                                1.4                                               200                                               1780                                              0.17816666666666667                               16.278081618113234                                -128.59960135604646                               70.8024431863946                                  -166.9926195724821
50                                                1.4                                               200                                               1780                                              0.17833333333333334                               17.045660287388042                                -130.61121470387673                               72.4229166730414                                  -170.81462203884482
50                                                1.4                                               200                                               1780                                              0.1785                                            17.77628417416684                                 -132.03586127044088                               73.75756999446278                                 -173.96249722979724
50                                                1.4                                               200                                               1780                                              0.17866666666666667                               18.47645223386375                                 -132.84578957993367                               74.80113588374478                                 -176.42382192008947
50                                                1.4                                               200                                               1780                                              0.17883333333333334                               19.13453366739823                                 -133.0587179786772                                75.5494958630821                                  -178.18888238564077
50                                                1.4                                               200                                               1780                                              0.179                                             19.765912616992658                                -132.63139598109365                               75.99969649752904                                 -179.25071273917206
50                                                1.4                                               200                                               1780                                              0.17916666666666667                               20.37047647686012                                 -131.55989861667442                               76.14996105085896                                 -179.60512242138307
50                                                1.4                                               200                                               1780                                              0.17933333333333334                               20.942344345171694                                -129.8566977193458                                75.99969649752909                                 -179.25071273917217
50                                                1.4                                               200                                               1780                                              0.1795                                            21.4809207636216                                  -127.5245964131563                                75.54949586308217                                 -178.18888238564097
50                                                1.4                                               200                                               1780                                              0.17966666666666667                               21.99453859009117                                 -124.54813161688949                               74.80113588374509                                 -176.42382192009023
50                                                1.4                                               200                                               1780                                              0.17983333333333335                               22.492764158570072                                -120.91170633579942                               73.75756999446322                                 -173.96249722979826
50                                                1.4                                               200                                               1780                                              0.18                                              22.97279546279781                                 -116.63164302587585                               72.42291667304195                                 -170.8146220388461
50                                                1.4                                               200                                               1780                                              0.18016666666666667                               23.431897678388268                                -111.72681519102788                               70.80244318639525                                 -166.99261957248365
50                                                1.4                                               200                                               1780                                              0.18033333333333335                               23.86742376584237                                 -106.21854976061583                               68.90254480305079                                 -162.51157352833835
50                                                1.4                                               200                                               1780                                              0.1805                                            24.276828119586163                                -100.13053536875915                               66.730719553948                                   -157.3891685479545
50                                                1.4                                               200                                               1780                                              0.18066666666666667                               24.657677606195335                                -93.48872652668436                                64.29553864113116                                 -151.64562042358222
50                                                1.4                                               200                                               1780                                              0.18083333333333335                               25.0076614198713                                  -86.32124059539542                                61.606612611135255                                -145.3035963156919
50                                                1.4                                               200                                               1780                                              0.181                                             25.324600208802405                                -78.65824680356846                                58.67455342654798                                 -138.38812529604385
50                                                1.4                                               200                                               1780                                              0.18116666666666667                               25.606454601224407                                -70.531847359912                                  55.51093258543906                                 -130.9264995693713
50                                                1.4                                               200                                               1780                                              0.18133333333333335                               25.851333152687946                                -61.97595099911521                                52.12823545394818                                 -122.94816676352634
50                                                1.4                                               200                                               1780                                              0.1815                                            26.057499701618774                                -53.026139416895546                               48.53981199224682                                 -114.48461371314212
50                                                1.4                                               200                                               1780                                              0.18166666666666667                               26.223380110305023                                -43.7195271067414                                 44.75982406834196                                 -105.56924219547511
50                                                1.4                                               200                                               1780                                              0.18183333333333335                               26.34756836675965                                 -34.09461514668772                                40.80318956765693                                 -96.2372371088594
50                                                1.4                                               200                                               1780                                              0.182                                             26.428832024053722                                -24.191139511544048                               36.685523518954284                                -86.52542761399076
50                                                1.4                                               200                                               1780                                              0.18216666666666667                               26.466116955868998                                -14.049914508692783                               32.42307646894287                                 -76.47214178603524
50                                                1.4                                               200                                               1780                                              0.18233333333333335                               26.4585514095637                                  -3.712671955263329                                28.032670348803148                                -66.11705535124857
50                                                1.4                                               200                                               1780                                              0.1825                                            26.405449340766324                                6.778103268719467                                 23.531632085706587                                -55.50103510500225
50                                                1.4                                               200                                               1780                                              0.18266666666666667                               26.30631301633047                                 17.379340642168582                                18.93772522134682                                 -44.665977629205145
50                                                1.4                                               200                                               1780                                              0.18283333333333335                               26.160834875365715                                28.047553738962886                                14.269079807362067                                -33.654643945649674
50                                                1.4                                               200                                               1780                                              0.183                                             25.968898640985792                                38.73901160830894                                 9.544120854301202                                 -22.510490757787547
50                                                1.4                                               200                                               1780                                              0.18316666666666667                               25.730579678371672                                49.4099111230237                                  4.781495616520321                                 -11.277498946964355
50                                                1.4                                               200                                               1780                                              0.18333333333333335                               25.44614459772252                                 60.01654961548634                                 -0.0000000000003359130432075379                   0.0000000000007922749061937787
50                                                1.4                                               200                                               1780                                              0.1835                                            25.116050103646085                                70.51549711999152                                 -4.78149561651991                                 11.277498946963389
50                                                1.4                                               200                                               1780                                              0.18366666666666667                               24.740941095515527                                80.86376754163568                                 -9.54412085429972                                 22.510490757784055
50                                                1.4                                               200                                               1780                                              0.18383333333333335                               24.321648026275955                                91.01898807619388                                 -14.269079807361663                               33.65464394564872
50                                                1.4                                               200                                               1780                                              0.184                                             23.859183530109377                                100.93956621235971                                -18.937725221345374                               44.665977629201734
50                                                1.4                                               200                                               1780                                              0.18416666666666667                               23.354738332253465                                110.58485365721386                                -23.53163208570517                                55.501035104998905
50                                                1.4                                               200                                               1780                                              0.18433333333333335                               22.809676457103535                                119.9153065379304                                 -28.032670348802764                               66.11705535124766
50                                                1.4                                               200                                               1780                                              0.1845                                            22.225529753494087                                128.8926412474874                                 -32.42307646894151                                76.47214178603205
50                                                1.4                                               200                                               1780                                              0.18466666666666667                               21.60399175875346                                 137.47998531927843                                -36.68552351895393                                86.5254276139899
50                                                1.4                                               200                                               1780                                              0.18483333333333335                               20.934226867107945                                145.6121064768539                                 -40.80318956765749                                96.23723710886074
50                                                1.4                                               200                                               1780                                              0.185                                             20.19229640271068                                 153.19421556815132                                -44.75982406834075                                105.56924219547226
50                                                1.4                                               200                                               1780                                              0.18516666666666667                               19.378493687953743                                160.19017525429888                                -48.53981199224566                                114.48461371313941
50                                                1.4                                               200                                               1780                                              0.18533333333333335                               18.491538506638662                                166.56178115561192                                -52.12823545394788                                122.94816676352562
50                                                1.4                                               200                                               1780                                              0.1855                                            17.492587254078614                                172.18401607863143                                -55.51093258543804                                130.92649956936887
50                                                1.4                                               200                                               1780                                              0.18566666666666667                               16.390679535827445                                177.04671374411464                                -58.674553426547014                               138.3881252960416
50                                                1.4                                               200                                               1780                                              0.18583333333333335                               15.116616185519355                                180.9572153475377                                 -61.60661261113504                                145.30359631569135
50                                                1.4                                               200                                               1780                                              0.186                                             13.57574870374567                                 183.6649934377005                                 -64.29553864113038                                151.64562042358034
50                                                1.4                                               200                                               1780                                              0.18616666666666667                               11.609150676019684                                184.77017964239477                                -66.73071955394782                                157.38916854795406
50                                                1.4                                               200                                               1780                                              0.18633333333333335                               9.19978655816338                                  184.20992725337865                                -68.90254480305107                                162.51157352833903
50                                                1.4                                               200                                               1780                                              0.1865                                            6.219786713560372                                 181.66243080689404                                -70.8024431863947                                 166.99261957248237
50                                                1.4                                               200                                               1780                                              0.18666666666666668                               2.21363461125966                                  176.03563738625888                                -72.4229166730415                                 170.81462203884502
50                                                1.4                                               200                                               1780                                              0.18683333333333335                               -2.5520325182967536                               167.9433462473581                                 -73.75756999446313                                173.962497229798
50                                                1.4                                               200                                               1780                                              0.187                                             -8.2999207877466                                  156.84786589070438                                -74.80113588374483                                176.42382192008958
50                                                1.4                                               200                                               1780                                              0.18716666666666668                               -14.330013730230926                               144.39052143048156                                -75.54949586308199                                178.1888823856405
50                                                1.4                                               200                                               1780                                              0.18733333333333335                               -20.698619972796664                               130.43153906047598                                -75.99969649752907                                179.25071273917212
50                                                1.4                                               200                                               1780                                              0.1875                                            -26.97668423652283                                115.9786857435271                                 -76.14996105085896                                179.60512242138307
50                                                1.4                                               200                                               1780                                              0.18766666666666668                               -32.68099156624588                                102.17025977364081                                -75.99969649752907                                179.25071273917214
50                                                1.4                                               200                                               1780                                              0.18783333333333335                               -37.65710829335722                                89.37190268230803                                 -75.54949586308202                                178.18888238564057
50                                                1.4                                               200                                               1780                                              0.188                                             -41.897406873906995                               77.6057951360609                                  -74.80113588374505                                176.42382192009012
50                                                1.4                                               200                                               1780                                              0.18816666666666665                               -45.40117039361138                                66.8805939157239                                  -73.75756999446342                                173.96249722979874
50                                                1.4                                               200                                               1780                                              0.18833333333333335                               -48.20414490049819                                57.12170313781294                                 -72.42291667304153                                170.8146220388451
50                                                1.4                                               200                                               1780                                              0.1885                                            -50.35891685115987                                48.217517113533475                                -70.80244318639515                                166.99261957248342
50                                                1.4                                               200                                               1780                                              0.18866666666666665                               -51.91914035667039                                40.056572487107694                                -68.9025448030516                                 162.51157352834028
50                                                1.4                                               200                                               1780                                              0.18883333333333335                               -52.93842603171729                                32.53010943600386                                 -66.73071955394788                                157.38916854795423
50                                                1.4                                               200                                               1780                                              0.189                                             -53.46014746791128                                25.556044038551118                                -64.29553864113102                                151.64562042358187
50                                                1.4                                               200                                               1780                                              0.18916666666666665                               -53.53139982308345                                19.04596616153482                                 -61.60661261113576                                145.30359631569306
50                                                1.4                                               200                                               1780                                              0.18933333333333335                               -53.19490184308721                                12.924149663274735                                -58.67455342654711                                138.38812529604184
50                                                1.4                                               200                                               1780                                              0.1895                                            -52.49157806018605                                7.1213633159891785                                -55.510932585438866                               130.92649956937083
50                                                1.4                                               200                                               1780                                              0.18966666666666665                               -51.444152654238344                               1.6134581461741584                                -52.12823545394877                                122.94816676352774
50                                                1.4                                               200                                               1780                                              0.18983333333333335                               -50.07563171422404                                -3.6223405156944337                               -48.53981199224579                                114.4846137131397
50                                                1.4                                               200                                               1780                                              0.19                                              -48.3921990549682                                 -8.56721586131468                                 -44.75982406834175                                105.56924219547462
50                                                1.4                                               200                                               1780                                              0.19016666666666665                               -46.492655657406246                               -13.419012163104968                               -40.803189567658535                               96.2372371088632
50                                                1.4                                               200                                               1780                                              0.19033333333333335                               -44.324228943922684                               -18.01643236660459                                -36.68552351895406                                86.5254276139902
50                                                1.4                                               200                                               1780                                              0.1905                                            -41.94667396088804                                -22.462084941716977                               -32.423076468942625                               76.47214178603468
50                                                1.4                                               200                                               1780                                              0.19066666666666665                               -39.39814770552108                                -26.80629016562867                                -28.032670348803904                               66.11705535125036
50                                                1.4                                               200                                               1780                                              0.19083333333333335                               -36.674912210991984                               -30.999364981211876                               -23.531632085705308                               55.50103510499923
50                                                1.4                                               200                                               1780                                              0.191                                             -33.810979522666315                               -35.07963264496987                                -18.937725221346568                               44.66597762920455
50                                                1.4                                               200                                               1780                                              0.19116666666666665                               -30.857919255494878                               -39.12596275552277                                -14.269079807362875                               33.65464394565158
50                                                1.4                                               200                                               1780                                              0.19133333333333336                               -27.751872304715775                               -42.94428234948095                                -9.54412085429987                                 22.510490757784407
50                                                1.4                                               200                                               1780                                              0.1915                                            -24.61166394446976                                -46.77086844206167                                -4.7814956165211395                               11.277498946966288
50                                                1.4                                               200                                               1780                                              0.19166666666666665                               -21.442753678135514                               -50.57426617514163                                -0.000000000001567185695256660                    0.000000000003696319404098206
50                                                1.4                                               200                                               1780                                              0.19183333333333336                               -18.28622129509365                                -54.4068580301063                                 4.781495616520171                                 -11.277498946964005
50                                                1.4                                               200                                               1780                                              0.192                                             -15.223532076113525                               -58.41627855444671                                9.544120854299978                                 -22.510490757784662
50                                                1.4                                               200                                               1780                                              0.19216666666666665                               -12.37004846104201                                -62.83028681590448                                14.269079807360857                                -33.654643945646825
50                                                1.4                                               200                                               1780                                              0.19233333333333336                               -9.503270029500873                                -67.08011879878471                                18.93772522134667                                 -44.6659776292048
50                                                1.4                                               200                                               1780                                              0.1925                                            -6.6811790642375755                               -71.25907315507983                                23.531632085705414                                -55.501035104999495
50                                                1.4                                               200                                               1780                                              0.19266666666666665                               -3.963835528188802                                -75.4660445755883                                 28.032670348801997                                -66.11705535124585
50                                                1.4                                               200                                               1780                                              0.19283333333333336                               -1.3919977829834433                               -79.75526798561445                                32.42307646894273                                 -76.47214178603492
50                                                1.4                                               200                                               1780                                              0.193                                             0.8888669281016982                                -84.42897147356547                                36.685523518953204                                -86.5254276139882
50                                                1.4                                               200                                               1780                                              0.19316666666666665                               3.043161622242926                                 -89.0597230541097                                 40.80318956765588                                 -96.23723710885695
50                                                1.4                                               200                                               1780                                              0.19333333333333333                               5.075590287760679                                 -93.59809995962578                                44.75982406834096                                 -105.56924219547275
50                                                1.4                                               200                                               1780                                              0.1935                                            6.92120418408599                                  -98.16045927324565                                48.53981199224587                                 -114.4846137131399
50                                                1.4                                               200                                               1780                                              0.19366666666666665                               8.471982540525067                                 -102.9663908000858                                52.128235453947276                                -122.94816676352421
50                                                1.4                                               200                                               1780                                              0.19383333333333333                               9.901096262765112                                 -107.57405681247613                               55.51093258543821                                 -130.92649956936927
50                                                1.4                                               200                                               1780                                              0.194                                             11.243642935647117                                -111.8691903149657                                58.67455342654717                                 -138.38812529604198
50                                                1.4                                               200                                               1780                                              0.19416666666666665                               12.45989692637385                                 -115.9160394221999                                61.606612611134565                                -145.3035963156902
50                                                1.4                                               200                                               1780                                              0.19433333333333333                               13.58237624557291                                 -119.61061587866516                               64.29553864113052                                 -151.64562042358068
50                                                1.4                                               200                                               1780                                              0.1945                                            14.559476725913727                                -123.0496027272623                                66.73071955394742                                 -157.38916854795312
50                                                1.4                                               200                                               1780                                              0.19466666666666665                               15.467488109655857                                -126.03039800113451                               68.90254480305026                                 -162.51157352833712
50                                                1.4                                               200                                               1780                                              0.19483333333333333                               16.279800966207254                                -128.5955461507566                                70.8024431863948                                  -166.99261957248257
50                                                1.4                                               200                                               1780                                              0.195                                             17.04390290884853                                 -130.61535960668957                               72.42291667304157                                 -170.8146220388452
50                                                1.4                                               200                                               1780                                              0.19516666666666665                               17.779275781021745                                -132.02880535198767                               73.75756999446291                                 -173.96249722979752
50                                                1.4                                               200                                               1780                                              0.19533333333333333                               18.480660081714497                                -132.83586507021735                               74.80113588374488                                 -176.4238219200897
50                                                1.4                                               200                                               1780                                              0.1955                                            19.138029654571234                                -133.05047244321614                               75.54949586308203                                 -178.1888823856406
50                                                1.4                                               200                                               1780                                              0.19566666666666666                               19.765747816078544                                -132.63178467582105                               75.999696497529                                   -179.250712739172
50                                                1.4                                               200                                               1780                                              0.19583333333333333                               20.36795355996164                                 -131.5658490963878                                76.14996105085896                                 -179.60512242138307
50                                                1.4                                               200                                               1780                                              0.196                                             20.93626882402255                                 -129.87102726994192                               75.99969649752913                                 -179.25071273917226
50                                                1.4                                               200                                               1780                                              0.19616666666666666                               21.470361350904522                                -127.54950154229348                               75.54949586308224                                 -178.18888238564114
50                                                1.4                                               200                                               1780                                              0.19633333333333333                               21.97789841689046                                 -124.58737865396694                               74.80113588374502                                 -176.42382192009
50                                                1.4                                               200                                               1780                                              0.1965                                            22.468718426818725                                -120.96841991168692                               73.7575699944631                                  -173.96249722979795
50                                                1.4                                               200                                               1780                                              0.19666666666666666                               22.940048317901482                                -116.70887950619523                               72.4229166730418                                  -170.81462203884573
50                                                1.4                                               200                                               1780                                              0.19683333333333333                               23.38920192785821                                 -111.82751616834904                               70.80244318639504                                 -166.9926195724832
50                                                1.4                                               200                                               1780                                              0.197                                             23.813590476788633                                -106.34551941808459                               68.90254480305103                                 -162.51157352833891
50                                                1.4                                               200                                               1780                                              0.19716666666666666                               24.2107326661455                                  -100.28642621680339                               66.73071955394828                                 -157.38916854795514
50                                                1.4                                               200                                               1780                                              0.19733333333333333                               24.578264354933633                                -93.67602835216087                                64.29553864113147                                 -151.64562042358293
50                                                1.4                                               200                                               1780                                              0.1975                                            24.913947774930236                                -86.54227092082152                                61.6066126111356                                  -145.3035963156927
50                                                1.4                                               200                                               1780                                              0.19766666666666666                               25.215680248542828                                -78.91514230983707                                58.67455342654763                                 -138.38812529604306
50                                                1.4                                               200                                               1780                                              0.19783333333333333                               25.481502374882442                                -70.8265561108977                                 55.51093258543871                                 -130.92649956937043
50                                                1.4                                               200                                               1780                                              0.198                                             25.709605651728662                                -62.31022543351968                                52.12823545394779                                 -122.94816676352542
50                                                1.4                                               200                                               1780                                              0.19816666666666666                               25.89833950329115                                 -53.40153011323591                                48.53981199224641                                 -114.48461371314119
50                                                1.4                                               200                                               1780                                              0.19833333333333333                               26.046217686015837                                -44.13737733888534                                44.75982406834153                                 -105.5692421954741
50                                                1.4                                               200                                               1780                                              0.1985                                            26.151924047139175                                -34.556056249107996                               40.8031895676574                                  -96.23723710886053
50                                                1.4                                               200                                               1780                                              0.19866666666666666                               26.214317613249374                                -24.697087071885175                               36.68552351895478                                 -86.52542761399191
50                                                1.4                                               200                                               1780                                              0.19883333333333333                               26.232436988756476                                -14.601065402557392                               32.42307646894434                                 -76.47214178603643
50                                                1.4                                               200                                               1780                                              0.199                                             26.20550404689767                                 -4.309502234926362                                28.032670348804672                                -66.11705535124979
50                                                1.4                                               200                                               1780                                              0.19916666666666666                               26.14802004301077                                 6.170937882157176                                 23.531632085706093                                -55.50103510500108
50                                                1.4                                               200                                               1780                                              0.19933333333333333                               26.04949203633478                                 16.77361001649422                                 18.937725221346312                                -44.665977629203944
50                                                1.4                                               200                                               1780                                              0.1995                                            25.90626747578863                                 27.44713834367587                                 14.269079807361555                                -33.654643945648466
50                                                1.4                                               200                                               1780                                              0.19966666666666666                               25.717110850045966                                38.14515211853639                                 9.544120854300683                                 -22.510490757786325
50                                                1.4                                               200                                               1780                                              0.19983333333333334                               25.481723223814672                                48.82296539948864                                 4.781495616520878                                 -11.277498946965672
50                                                1.4                                               200                                               1780                                              0.2                                               25.200246225006754                                59.4365807392654                                  0.0000000000002238163345347121                    -0.0000000000005278868118811567
