% Model:              refrencia.mph
% Version:            COMSOL 6.2.0.290
% Date:               Jul 7 2026, 18:43
% Table:              Table 1 - Global Evaluation 1
% H (cm)                                          W (cm)                                            N_DC                                              N_AC                                              Time (s)                                          Corrente de curto (A)                             Queda de tensao (V)
50                                                1.4                                               200                                               1780                                              0                                                 28.061424397398902                                712.8730289131361
50                                                1.4                                               200                                               1780                                              0.0008333333333333333                             13.693856481933917                                403.32498974612173
50                                                1.4                                               200                                               1780                                              0.0016666666666666666                             -3.156651190144873                                25.390301965793377
50                                                1.4                                               200                                               1780                                              0.0024999999999999996                             -5.414686495437712                                7.770559331573934
50                                                1.4                                               200                                               1780                                              0.003333333333333333                              -6.428857621429022                                7.521638454547978
50                                                1.4                                               200                                               1780                                              0.004166666666666667                              -6.87068775919208                                 5.089653337904231
50                                                1.4                                               200                                               1780                                              0.004999999999999999                              -6.663527802186705                                1.561015863302852
50                                                1.4                                               200                                               1780                                              0.005833333333333333                              -5.810028194263109                                -2.271119818591031
50                                                1.4                                               200                                               1780                                              0.006666666666666666                              -4.396936363885297                                -6.112941447213244
50                                                1.4                                               200                                               1780                                              0.0075                                            -2.5699864647871333                               -9.77662110059281
50                                                1.4                                               200                                               1780                                              0.008333333333333333                              -0.5557320045361601                               -14.115592915218363
50                                                1.4                                               200                                               1780                                              0.009166666666666667                              1.5025190829646262                                -17.337050397698683
50                                                1.4                                               200                                               1780                                              0.009999999999999998                              3.463009695918252                                 -17.608795919149433
50                                                1.4                                               200                                               1780                                              0.010833333333333332                              5.074445709352498                                 -16.41267529813824
50                                                1.4                                               200                                               1780                                              0.011666666666666665                              6.195759725298191                                 -13.44232501627104
50                                                1.4                                               200                                               1780                                              0.012499999999999999                              6.7400089969478                                   -8.40889389890894
50                                                1.4                                               200                                               1780                                              0.013333333333333332                              6.734974888271865                                 0.2537401232601597
50                                                1.4                                               200                                               1780                                              0.014166666666666666                              6.047937253694834                                 8.314009928156805
50                                                1.4                                               200                                               1780                                              0.015                                             4.703394602410504                                 13.89698070575347
50                                                1.4                                               200                                               1780                                              0.01583333333333333                               2.8415788017439767                                16.67506645929654
50                                                1.4                                               200                                               1780                                              0.016666666666666666                              0.6815008406507805                                17.31012135252962
50                                                1.4                                               200                                               1780                                              0.017499999999999998                              -1.5374347752803703                               16.450191812878682
50                                                1.4                                               200                                               1780                                              0.018333333333333333                              -3.599191541611948                                14.149777038529539
50                                                1.4                                               200                                               1780                                              0.019166666666666665                              -5.264349681322456                                11.589114410101308
50                                                1.4                                               200                                               1780                                              0.019999999999999997                              -6.38464989626664                                 8.644514673672402
50                                                1.4                                               200                                               1780                                              0.020833333333333332                              -6.8630763473654275                               5.282983198301219
50                                                1.4                                               200                                               1780                                              0.021666666666666664                              -6.662235014678369                                1.593852666014725
50                                                1.4                                               200                                               1780                                              0.0225                                            -5.809808361827286                                -2.2655360747210196
50                                                1.4                                               200                                               1780                                              0.02333333333333333                               -4.396898376451407                                -6.111976566392256
50                                                1.4                                               200                                               1780                                              0.024166666666666666                              -2.569979686223963                                -9.776448925088316
50                                                1.4                                               200                                               1780                                              0.024999999999999998                              -0.5198931874682531                               -13.20528696169324
50                                                1.4                                               200                                               1780                                              0.025833333333333333                              1.5455445185156682                                -16.244204334702243
50                                                1.4                                               200                                               1780                                              0.026666666666666665                              3.4794430552047517                                -17.191388593272173
50                                                1.4                                               200                                               1780                                              0.027499999999999997                              5.078433040340479                                 -16.31139709104343
50                                                1.4                                               200                                               1780                                              0.028333333333333332                              6.196797763029139                                 -13.415958857904894
50                                                1.4                                               200                                               1780                                              0.029166666666666664                              6.740299404201653                                 -8.401517554661083
50                                                1.4                                               200                                               1780                                              0.03                                              6.656088890829421                                 -1.7499642117780074
50                                                1.4                                               200                                               1780                                              0.03083333333333333                               5.925037915413767                                 5.192366735817579
50                                                1.4                                               200                                               1780                                              0.03166666666666666                               4.585849914012688                                 10.911345620448786
50                                                1.4                                               200                                               1780                                              0.0325                                            2.7620834845600766                                14.65588540282557
50                                                1.4                                               200                                               1780                                              0.03333333333333333                               0.647857920133969                                 16.455591171402407
50                                                1.4                                               200                                               1780                                              0.034166666666666665                              -1.5453550922951085                               16.249015760704133
50                                                1.4                                               200                                               1780                                              0.034999999999999996                              -3.6008194118059995                               14.108429135600455
50                                                1.4                                               200                                               1780                                              0.03583333333333333                               -5.264655013792874                                11.581358965352363
50                                                1.4                                               200                                               1780                                              0.03666666666666667                               -6.4347523922256                                  7.371911276314791
50                                                1.4                                               200                                               1780                                              0.0375                                            -6.9316300761386085                               3.541718487462429
50                                                1.4                                               200                                               1780                                              0.03833333333333333                               -6.733161243990934                                -0.2076735585244306
50                                                1.4                                               200                                               1780                                              0.03916666666666666                               -5.878464706685505                                -4.009407234119548
50                                                1.4                                               200                                               1780                                              0.039999999999999994                              -4.4609491566405355                               -7.738866383195818
50                                                1.4                                               200                                               1780                                              0.04083333333333333                               -2.6242619428979377                               -11.155218244606928
50                                                1.4                                               200                                               1780                                              0.041666666666666664                              -0.5656673569344641                               -14.367950866134954
50                                                1.4                                               200                                               1780                                              0.042499999999999996                              1.5064669483901783                                -17.23677461588934
50                                                1.4                                               200                                               1780                                              0.04333333333333333                               3.480632934260795                                 -17.16116566524836
50                                                1.4                                               200                                               1780                                              0.04416666666666667                               5.101800675594049                                 -15.717859155602715
50                                                1.4                                               200                                               1780                                              0.045                                             6.247875250012009                                 -12.118590688539893
50                                                1.4                                               200                                               1780                                              0.04583333333333333                               6.824728052777667                                 -6.257029880830318
50                                                1.4                                               200                                               1780                                              0.04666666666666666                               6.7724057120904675                                1.2044830482524618
50                                                1.4                                               200                                               1780                                              0.047499999999999994                              6.056430309316905                                 8.529733540956931
50                                                1.4                                               200                                               1780                                              0.04833333333333333                               4.702558273223856                                 13.875737944412661
50                                                1.4                                               200                                               1780                                              0.049166666666666664                              2.8400717403095026                                16.63678709886065
50                                                1.4                                               200                                               1780                                              0.049999999999999996                              0.6809537050304411                                17.296224107772428
50                                                1.4                                               200                                               1780                                              0.05083333333333333                               -1.555497804336038                                15.991390874863871
50                                                1.4                                               200                                               1780                                              0.051666666666666666                              -3.6510417597870046                               12.83278149688315
50                                                1.4                                               200                                               1780                                              0.0525                                            -5.327899856200946                                9.974939968187535
50                                                1.4                                               200                                               1780                                              0.05333333333333333                               -6.451292383252541                                6.951795504230355
50                                                1.4                                               200                                               1780                                              0.05416666666666666                               -6.932076127967256                                3.5303887710147737
50                                                1.4                                               200                                               1780                                              0.05499999999999999                               -6.732349793997699                                -0.18706272869614898
50                                                1.4                                               200                                               1780                                              0.05583333333333333                               -5.877595249541866                                -3.98732302267131
50                                                1.4                                               200                                               1780                                              0.056666666666666664                              -4.4604124905944795                               -7.725235065625993
50                                                1.4                                               200                                               1780                                              0.057499999999999996                              -2.627484802181682                                -11.237078870413992
50                                                1.4                                               200                                               1780                                              0.05833333333333333                               -0.5703594894105041                               -14.487131031026008
50                                                1.4                                               200                                               1780                                              0.059166666666666666                              1.501492567709293                                 -17.363123885183786
50                                                1.4                                               200                                               1780                                              0.06                                              3.4638506966877114                                -17.587434499604672
50                                                1.4                                               200                                               1780                                              0.06083333333333333                               5.0747817573320875                                -16.404139679456566
50                                                1.4                                               200                                               1780                                              0.06166666666666666                               6.196267096818569                                 -13.429437779653266
50                                                1.4                                               200                                               1780                                              0.06249999999999999                               6.740451598503658                                 -8.397651819390159
50                                                1.4                                               200                                               1780                                              0.06333333333333332                               6.7351993770436875                                0.2594421380642293
50                                                1.4                                               200                                               1780                                              0.06416666666666666                               6.047836199346979                                 8.311443147721173
50                                                1.4                                               200                                               1780                                              0.065                                             4.7024544344667945                                13.873100439983261
50                                                1.4                                               200                                               1780                                              0.06583333333333333                               2.8423153673112553                                16.693775224704538
50                                                1.4                                               200                                               1780                                              0.06666666666666667                               0.6817303095689712                                17.315949863051053
50                                                1.4                                               200                                               1780                                              0.06749999999999999                               -1.5378594751453285                               16.439404436307854
50                                                1.4                                               200                                               1780                                              0.06833333333333333                               -3.599419131066089                                14.143996266393854
50                                                1.4                                               200                                               1780                                              0.06916666666666667                               -5.26389566884476                                 11.600646327034655
50                                                1.4                                               200                                               1780                                              0.06999999999999999                               -6.384380522895032                                8.65135675731108
50                                                1.4                                               200                                               1780                                              0.07083333333333333                               -6.863042341318585                                5.283846951891019
50                                                1.4                                               200                                               1780                                              0.07166666666666666                               -6.662258660646842                                1.5932520584158114
50                                                1.4                                               200                                               1780                                              0.0725                                            -5.809822454924364                                -2.265894039386349
50                                                1.4                                               200                                               1780                                              0.07333333333333333                               -4.396891303218787                                -6.111796906283327
50                                                1.4                                               200                                               1780                                              0.07416666666666666                               -2.569977210550629                                -9.776386042984612
50                                                1.4                                               200                                               1780                                              0.075                                             -0.5198956376854741                               -13.205349197210207
50                                                1.4                                               200                                               1780                                              0.07583333333333332                               1.545544055213533                                 -16.24421610257544
50                                                1.4                                               200                                               1780                                              0.07666666666666666                               3.4794429349888496                                -17.19139164675572
50                                                1.4                                               200                                               1780                                              0.0775                                            5.078433011160836                                 -16.311397832206236
50                                                1.4                                               200                                               1780                                              0.07833333333333332                               6.196797755431278                                 -13.415959050890251
50                                                1.4                                               200                                               1780                                              0.07916666666666666                               6.7402994020765                                   -8.401517608639974
50                                                1.4                                               200                                               1780                                              0.07999999999999999                               6.656088890200598                                 -1.7499642277504377
50                                                1.4                                               200                                               1780                                              0.08083333333333333                               5.925037915225749                                 5.19236673104149
50                                                1.4                                               200                                               1780                                              0.08166666666666667                               4.585849913958798                                 10.911345619079588
50                                                1.4                                               200                                               1780                                              0.08249999999999999                               2.7620834845457347                                14.65588540246026
50                                                1.4                                               200                                               1780                                              0.08333333333333333                               0.6478579201304353                                16.455591171312193
50                                                1.4                                               200                                               1780                                              0.08416666666666667                               -1.5453550922959414                               16.24901576068286
50                                                1.4                                               200                                               1780                                              0.08499999999999999                               -3.600819411806155                                14.108429135596129
50                                                1.4                                               200                                               1780                                              0.08583333333333333                               -5.26465501379291                                 11.581358965351574
50                                                1.4                                               200                                               1780                                              0.08666666666666666                               -6.384704149761344                                8.643136634906568
50                                                1.4                                               200                                               1780                                              0.0875                                            -6.863085696777527                                5.28274572323391
50                                                1.4                                               200                                               1780                                              0.08833333333333333                               -6.662236602796372                                1.5938123278176104
50                                                1.4                                               200                                               1780                                              0.08916666666666666                               -5.809808631888448                                -2.2655429342737
50                                                1.4                                               200                                               1780                                              0.09                                              -4.396898423119038                                -6.111977751749159
50                                                1.4                                               200                                               1780                                              0.09083333333333332                               -2.56997969455122                                 -9.776449136599558
50                                                1.4                                               200                                               1780                                              0.09166666666666666                               -0.5198931890252481                               -13.205287001240421
50                                                1.4                                               200                                               1780                                              0.0925                                            1.545544518187009                                 -16.24420434304971
50                                                1.4                                               200                                               1780                                              0.09333333333333332                               3.479443055129669                                 -17.19138859517835
50                                                1.4                                               200                                               1780                                              0.09416666666666666                               5.078433040322244                                 -16.311397091506127
50                                                1.4                                               200                                               1780                                              0.09499999999999999                               6.196797763024374                                 -13.415958858025432
50                                                1.4                                               200                                               1780                                              0.09583333333333333                               6.740299404200322                                 -8.401517554694893
50                                                1.4                                               200                                               1780                                              0.09666666666666666                               6.656088890829026                                 -1.7499642117879937
50                                                1.4                                               200                                               1780                                              0.09749999999999999                               5.925037915413662                                 5.192366735814463
50                                                1.4                                               200                                               1780                                              0.09833333333333333                               4.585849914012669                                 10.911345620447873
50                                                1.4                                               200                                               1780                                              0.09916666666666667                               2.762083484560084                                 14.655885402825296
50                                                1.4                                               200                                               1780                                              0.09999999999999999                               0.6478579201340093                                16.455591171402293
50                                                1.4                                               200                                               1780                                              0.10083333333333333                               -1.5453550922950805                               16.24901576070408
50                                                1.4                                               200                                               1780                                              0.10166666666666666                               -3.6008194118059444                               14.108429135600419
50                                                1.4                                               200                                               1780                                              0.1025                                            -5.264655013792869                                11.581358965352566
50                                                1.4                                               200                                               1780                                              0.10333333333333333                               -6.384704149761352                                8.643136634906746
50                                                1.4                                               200                                               1780                                              0.10416666666666666                               -6.863085696777525                                5.282745723233905
50                                                1.4                                               200                                               1780                                              0.105                                             -6.662236602796372                                1.5938123278176177
50                                                1.4                                               200                                               1780                                              0.10583333333333332                               -5.8098086318884485                               -2.2655429342736997
50                                                1.4                                               200                                               1780                                              0.10666666666666666                               -4.396898423119038                                -6.1119777517491425
50                                                1.4                                               200                                               1780                                              0.1075                                            -2.569979694551216                                -9.776449136599426
50                                                1.4                                               200                                               1780                                              0.10833333333333332                               -0.5198931890252545                               -13.20528700124054
50                                                1.4                                               200                                               1780                                              0.10916666666666666                               1.5455445181870062                                -16.244204343049752
50                                                1.4                                               200                                               1780                                              0.10999999999999999                               3.479443055129668                                 -17.191388595178353
50                                                1.4                                               200                                               1780                                              0.11083333333333333                               5.078433040322241                                 -16.311397091506112
50                                                1.4                                               200                                               1780                                              0.11166666666666666                               6.196797763024388                                 -13.415958858025421
50                                                1.4                                               200                                               1780                                              0.11249999999999999                               6.740299404200324                                 -8.401517554694877
50                                                1.4                                               200                                               1780                                              0.11333333333333333                               6.6560888908290385                                -1.7499642117880807
50                                                1.4                                               200                                               1780                                              0.11416666666666665                               5.925037915413666                                 5.192366735814545
50                                                1.4                                               200                                               1780                                              0.11499999999999999                               4.58584991401267                                  10.911345620447863
50                                                1.4                                               200                                               1780                                              0.11583333333333333                               2.7620834845600863                                14.655885402825318
50                                                1.4                                               200                                               1780                                              0.11666666666666665                               0.647857920134011                                 16.455591171402293
50                                                1.4                                               200                                               1780                                              0.1175                                            -1.545355092295078                                16.24901576070409
50                                                1.4                                               200                                               1780                                              0.11833333333333333                               -3.600819411805982                                14.108429135600453
50                                                1.4                                               200                                               1780                                              0.11916666666666666                               -5.264655013792847                                11.581358965352369
50                                                1.4                                               200                                               1780                                              0.12                                              -6.384704149761335                                8.643136634906782
50                                                1.4                                               200                                               1780                                              0.12083333333333332                               -6.863085696777524                                5.282745723233988
50                                                1.4                                               200                                               1780                                              0.12166666666666666                               -6.662236602796372                                1.5938123278176297
50                                                1.4                                               200                                               1780                                              0.1225                                            -5.809808631888424                                -2.265542934273756
50                                                1.4                                               200                                               1780                                              0.12333333333333332                               -4.39689842311904                                 -6.111977751749141
50                                                1.4                                               200                                               1780                                              0.12416666666666666                               -2.569979694551218                                -9.776449136599425
50                                                1.4                                               200                                               1780                                              0.12499999999999999                               -0.5198931890252956                               -13.205287001240263
50                                                1.4                                               200                                               1780                                              0.12583333333333332                               1.5455445181869603                                -16.244204343049653
50                                                1.4                                               200                                               1780                                              0.12666666666666665                               3.479443055129656                                 -17.19138859517861
50                                                1.4                                               200                                               1780                                              0.1275                                            5.078433040322247                                 -16.311397091506024
50                                                1.4                                               200                                               1780                                              0.12833333333333333                               6.196797763024383                                 -13.415958858025526
50                                                1.4                                               200                                               1780                                              0.12916666666666665                               6.740299404200322                                 -8.401517554694918
50                                                1.4                                               200                                               1780                                              0.13                                              6.656088890829028                                 -1.7499642117879861
50                                                1.4                                               200                                               1780                                              0.13083333333333333                               5.925037915413663                                 5.192366735814478
50                                                1.4                                               200                                               1780                                              0.13166666666666665                               4.585849914012706                                 10.9113456204477
50                                                1.4                                               200                                               1780                                              0.13249999999999998                               2.7620834845601396                                14.655885402825424
50                                                1.4                                               200                                               1780                                              0.13333333333333333                               0.6478579201340088                                16.455591171402194
50                                                1.4                                               200                                               1780                                              0.13416666666666666                               -1.5453550922950683                               16.249015760704285
50                                                1.4                                               200                                               1780                                              0.13499999999999998                               -3.60081941180594                                 14.108429135600455
50                                                1.4                                               200                                               1780                                              0.13583333333333333                               -5.264655013792872                                11.581358965352456
50                                                1.4                                               200                                               1780                                              0.13666666666666666                               -6.384704149761335                                8.643136634906742
50                                                1.4                                               200                                               1780                                              0.13749999999999998                               -6.8630856967775244                               5.282745723233977
50                                                1.4                                               200                                               1780                                              0.13833333333333334                               -6.662236602796371                                1.5938123278176615
50                                                1.4                                               200                                               1780                                              0.13916666666666666                               -5.809808631888453                                -2.265542934273681
50                                                1.4                                               200                                               1780                                              0.13999999999999999                               -4.396898423119047                                -6.111977751749266
50                                                1.4                                               200                                               1780                                              0.1408333333333333                                -2.569979694551264                                -9.776449136599332
50                                                1.4                                               200                                               1780                                              0.14166666666666666                               -0.5557326871108915                               -14.11561025261563
50                                                1.4                                               200                                               1780                                              0.1425                                            1.502518270877017                                 -17.337071024722167
50                                                1.4                                               200                                               1780                                              0.1433333333333333                                3.4630094288956728                                -17.608802701520723
50                                                1.4                                               200                                               1780                                              0.14416666666666667                               5.074445644587367                                 -16.412676943171896
50                                                1.4                                               200                                               1780                                              0.145                                             6.195759708438726                                 -13.442325444500808
50                                                1.4                                               200                                               1780                                              0.14583333333333331                               6.740008992232672                                 -8.408894018673205
50                                                1.4                                               200                                               1780                                              0.14666666666666667                               6.656002951987687                                 -1.752147058358426
50                                                1.4                                               200                                               1780                                              0.1475                                            5.925012225184484                                 5.191714203993279
50                                                1.4                                               200                                               1780                                              0.14833333333333332                               4.585842543026487                                 10.911158397397752
50                                                1.4                                               200                                               1780                                              0.14916666666666667                               2.762081517676983                                 14.655835443994402
50                                                1.4                                               200                                               1780                                              0.15                                              0.6478574342796788                                16.455578830702166
50                                                1.4                                               200                                               1780                                              0.15083333333333332                               -1.5453552066160097                               16.249012856951122
50                                                1.4                                               200                                               1780                                              0.15166666666666664                               -3.6008194352975975                               14.108428538912333
50                                                1.4                                               200                                               1780                                              0.1525                                            -5.26465501819886                                 11.581358853439625
50                                                1.4                                               200                                               1780                                              0.15333333333333332                               -6.384704150544264                                8.643136615020355
50                                                1.4                                               200                                               1780                                              0.15416666666666665                               -6.863085696912382                                5.282745719808583
50                                                1.4                                               200                                               1780                                              0.155                                             -6.66223660281928                                 1.593812327235811
50                                                1.4                                               200                                               1780                                              0.15583333333333332                               -5.8098086318923485                               -2.2655429343726308
50                                                1.4                                               200                                               1780                                              0.15666666666666665                               -4.396898423119753                                -6.111977751766144
50                                                1.4                                               200                                               1780                                              0.1575                                            -2.569979694551341                                -9.776449136602471
50                                                1.4                                               200                                               1780                                              0.15833333333333333                               -0.5198931890253211                               -13.205287001240823
50                                                1.4                                               200                                               1780                                              0.15916666666666665                               1.5455445181869447                                -16.244204343049965
50                                                1.4                                               200                                               1780                                              0.15999999999999998                               3.4794430551296207                                -17.191388595178413
50                                                1.4                                               200                                               1780                                              0.16083333333333333                               5.078433040322235                                 -16.311397091506237
50                                                1.4                                               200                                               1780                                              0.16166666666666665                               6.19679776302437                                  -13.415958858025476
50                                                1.4                                               200                                               1780                                              0.16249999999999998                               6.740299404200319                                 -8.401517554694987
50                                                1.4                                               200                                               1780                                              0.16333333333333333                               6.656088890829038                                 -1.7499642117881495
50                                                1.4                                               200                                               1780                                              0.16416666666666666                               5.9250379154136885                                5.192366735814312
50                                                1.4                                               200                                               1780                                              0.16499999999999998                               4.585849914012715                                 10.911345620447886
50                                                1.4                                               200                                               1780                                              0.16583333333333333                               2.7620834845600943                                14.655885402825394
50                                                1.4                                               200                                               1780                                              0.16666666666666666                               0.6478579201340164                                16.455591171402304
50                                                1.4                                               200                                               1780                                              0.16749999999999998                               -1.5453550922950277                               16.249015760704033
50                                                1.4                                               200                                               1780                                              0.16833333333333333                               -3.6008194118059755                               14.108429135600536
50                                                1.4                                               200                                               1780                                              0.16916666666666666                               -5.264655013792844                                11.581358965352402
50                                                1.4                                               200                                               1780                                              0.16999999999999998                               -6.38470414976133                                 8.643136634906874
50                                                1.4                                               200                                               1780                                              0.1708333333333333                                -6.863085696777523                                5.282745723234005
50                                                1.4                                               200                                               1780                                              0.17166666666666666                               -6.715685680374366                                0.2362057573366055
50                                                1.4                                               200                                               1780                                              0.1725                                            -5.878336376691878                                -4.006147652279929
50                                                1.4                                               200                                               1780                                              0.1733333333333333                                -4.462266182987729                                -7.772318852412687
50                                                1.4                                               200                                               1780                                              0.17416666666666666                               -2.6278432972702643                               -11.24618464566188
50                                                1.4                                               200                                               1780                                              0.175                                             -0.5701540267400652                               -14.48191227919528
50                                                1.4                                               200                                               1780                                              0.1758333333333333                                1.501828894842864                                 -17.35458117598958
50                                                1.4                                               200                                               1780                                              0.17666666666666667                               3.464048349550107                                 -17.58241411689904
50                                                1.4                                               200                                               1780                                              0.1775                                            5.074697638955996                                 -16.406276286208687
50                                                1.4                                               200                                               1780                                              0.17833333333333332                               6.195825312202099                                 -13.440659108910728
50                                                1.4                                               200                                               1780                                              0.17916666666666667                               6.740027340728671                                 -8.408427966874854
50                                                1.4                                               200                                               1780                                              0.18                                              6.656008381208843                                 -1.752009156141478
50                                                1.4                                               200                                               1780                                              0.18083333333333332                               5.925013848576611                                 5.191755438152461
50                                                1.4                                               200                                               1780                                              0.18166666666666664                               4.585843008390671                                 10.911170217647916
50                                                1.4                                               200                                               1780                                              0.1825                                            2.8016821985498566                                15.661692738164101
50                                                1.4                                               200                                               1780                                              0.18333333333333332                               0.6781741200496638                                17.225622649259698
50                                                1.4                                               200                                               1780                                              0.18416666666666665                               -1.552187398576329                                16.075475181157717
50                                                1.4                                               200                                               1780                                              0.185                                             -3.602223044450045                                14.072776866441114
50                                                1.4                                               200                                               1780                                              0.18583333333333332                               -5.26491829316736                                 11.574671669238905
50                                                1.4                                               200                                               1780                                              0.18666666666666665                               -6.3847509333237795                               8.641948332420231
50                                                1.4                                               200                                               1780                                              0.1875                                            -6.863093755477258                                5.2825410322607285
50                                                1.4                                               200                                               1780                                              0.18833333333333332                               -6.66223797167063                                 1.5937775584119236
50                                                1.4                                               200                                               1780                                              0.18916666666666665                               -5.809808864666878                                -2.265548846845614
50                                                1.4                                               200                                               1780                                              0.18999999999999997                               -4.396898463344118                                -6.111978773463932
50                                                1.4                                               200                                               1780                                              0.19083333333333333                               -2.6118977375701014                               -10.84116742927891
50                                                1.4                                               200                                               1780                                              0.19166666666666665                               -0.5698904818424949                               -14.475218238795675
50                                                1.4                                               200                                               1780                                              0.19249999999999998                               1.50062652599953                                  -17.385121344608997
50                                                1.4                                               200                                               1780                                              0.19333333333333333                               3.4635356969770745                                -17.595435492255067
50                                                1.4                                               200                                               1780                                              0.19416666666666665                               5.074573284359476                                 -16.409434892959503
50                                                1.4                                               200                                               1780                                              0.19499999999999998                               6.1957929397195555                                -13.441481369967741
50                                                1.4                                               200                                               1780                                              0.19583333333333333                               6.740018287010547                                 -8.408657931315197
50                                                1.4                                               200                                               1780                                              0.19666666666666666                               6.656005702266868                                 -1.7520772012672656
50                                                1.4                                               200                                               1780                                              0.19749999999999998                               5.925013047545754                                 5.1917350919679714
50                                                1.4                                               200                                               1780                                              0.19833333333333333                               4.585842778766275                                 10.911164385189268
50                                                1.4                                               200                                               1780                                              0.19916666666666666                               2.762081580582154                                 14.655837041785636
50                                                1.4                                               200                                               1780                                              0.19999999999999998                               0.6478574498183913                                16.455579225384064
50                                                1.4                                               200                                               1780                                              0.2008333333333333                                -1.5453552029597644                               16.249012949819633
50                                                1.4                                               200                                               1780                                              0.20166666666666666                               -3.6008194345462905                               14.10842855799542
50                                                1.4                                               200                                               1780                                              0.20249999999999999                               -5.264655018057933                                11.581358857019039
50                                                1.4                                               200                                               1780                                              0.2033333333333333                                -6.3847041505191955                               8.643136615656275
50                                                1.4                                               200                                               1780                                              0.20416666666666666                               -6.863085696908067                                5.282745719918178
50                                                1.4                                               200                                               1780                                              0.205                                             -6.662236602818549                                1.5938123272544045
50                                                1.4                                               200                                               1780                                              0.2058333333333333                                -5.80980863189225                                 -2.2655429343693085
50                                                1.4                                               200                                               1780                                              0.20666666666666667                               -4.396898423119665                                -6.111977751765873
50                                                1.4                                               200                                               1780                                              0.2075                                            -2.5699796945513786                               -9.776449136602093
50                                                1.4                                               200                                               1780                                              0.20833333333333331                               -0.5198931890253319                               -13.205287001240963
50                                                1.4                                               200                                               1780                                              0.20916666666666664                               1.5455445181868666                                -16.244204343049404
50                                                1.4                                               200                                               1780                                              0.21                                              3.479443055129645                                 -17.191388595178715
50                                                1.4                                               200                                               1780                                              0.21083333333333332                               5.078433040322226                                 -16.31139709150639
50                                                1.4                                               200                                               1780                                              0.21166666666666664                               6.196797763024354                                 -13.415958858025402
50                                                1.4                                               200                                               1780                                              0.2125                                            6.74029940420032                                  -8.401517554694975
50                                                1.4                                               200                                               1780                                              0.21333333333333332                               6.656088890829051                                 -1.7499642117882437
50                                                1.4                                               200                                               1780                                              0.21416666666666664                               5.925037915413695                                 5.192366735814379
50                                                1.4                                               200                                               1780                                              0.215                                             4.585849914012709                                 10.911345620447578
50                                                1.4                                               200                                               1780                                              0.21583333333333332                               2.7620834845601476                                14.65588540282541
50                                                1.4                                               200                                               1780                                              0.21666666666666665                               0.6478579201340334                                16.4555911714026
50                                                1.4                                               200                                               1780                                              0.2175                                            -1.5453550922950727                               16.249015760703973
50                                                1.4                                               200                                               1780                                              0.21833333333333332                               -3.600819411805968                                14.108429135600616
50                                                1.4                                               200                                               1780                                              0.21916666666666665                               -5.264655013792816                                11.581358965352264
50                                                1.4                                               200                                               1780                                              0.21999999999999997                               -6.38470414976131                                 8.643136634906908
50                                                1.4                                               200                                               1780                                              0.22083333333333333                               -6.915748841634314                                3.9451018438715115
50                                                1.4                                               200                                               1780                                              0.22166666666666665                               -6.732155784556371                                -0.18213488888589505
50                                                1.4                                               200                                               1780                                              0.22249999999999998                               -5.879391690864969                                -4.032952632277107
50                                                1.4                                               200                                               1780                                              0.22333333333333333                               -4.461325522373373                                -7.748426072808989
50                                                1.4                                               200                                               1780                                              0.22416666666666665                               -2.6274540855331945                               -11.236298667541387
50                                                1.4                                               200                                               1780                                              0.22499999999999998                               -0.5700979669302273                               -14.48048836002399
50                                                1.4                                               200                                               1780                                              0.22583333333333333                               1.5018184347366708                                -17.35484686268797
50                                                1.4                                               200                                               1780                                              0.22666666666666666                               3.4640389741145188                                -17.582652252961843
50                                                1.4                                               200                                               1780                                              0.22749999999999998                               5.07469536486814                                  -16.406334048039398
50                                                1.4                                               200                                               1780                                              0.2283333333333333                                6.195824720211679                                 -13.440674145467762
50                                                1.4                                               200                                               1780                                              0.22916666666666666                               6.740027175164395                                 -8.408432172207442
50                                                1.4                                               200                                               1780                                              0.22999999999999998                               6.656008332219228                                 -1.7520104004773844
50                                                1.4                                               200                                               1780                                              0.2308333333333333                                5.925013833928255                                 5.1917550660834495
50                                                1.4                                               200                                               1780                                              0.23166666666666666                               4.585843004191503                                 10.911170110989975
50                                                1.4                                               200                                               1780                                              0.23249999999999998                               2.762081640735028                                 14.655838569666129
50                                                1.4                                               200                                               1780                                              0.2333333333333333                                0.6478574646772023                                16.455579602797773
50                                                1.4                                               200                                               1780                                              0.23416666666666666                               -1.545355199463515                                16.249013038624287
50                                                1.4                                               200                                               1780                                              0.235                                             -3.600819433827836                                14.108428576244101
50                                                1.4                                               200                                               1780                                              0.2358333333333333                                -5.264655017923181                                11.581358860441705
50                                                1.4                                               200                                               1780                                              0.23666666666666666                               -6.38470415049528                                 8.643136616264453
50                                                1.4                                               200                                               1780                                              0.2375                                            -6.863085696903944                                5.282745720022884
50                                                1.4                                               200                                               1780                                              0.2383333333333333                                -6.662236602817874                                1.5938123272723428
50                                                1.4                                               200                                               1780                                              0.23916666666666664                               -5.809808631892138                                -2.26554293436639
50                                                1.4                                               200                                               1780                                              0.24                                              -4.44469100023796                                 -7.3259092105684305
50                                                1.4                                               200                                               1780                                              0.24083333333333332                               -2.6274487474485784                               -11.236163080190881
50                                                1.4                                               200                                               1780                                              0.24166666666666664                               -0.5713983514824589                               -14.513518127651905
50                                                1.4                                               200                                               1780                                              0.2425                                            1.5013298545459972                                -17.367256799529823
50                                                1.4                                               200                                               1780                                              0.24333333333333332                               3.4639594478188465                                -17.58467222087293
50                                                1.4                                               200                                               1780                                              0.24416666666666664                               5.074676074726443                                 -16.40682401763769
50                                                1.4                                               200                                               1780                                              0.245                                             6.1958196985996485                                -13.440801694413713
50                                                1.4                                               200                                               1780                                              0.24583333333333332                               6.7400257707505284                                -8.408467844319661
50                                                1.4                                               200                                               1780                                              0.24666666666666665                               6.65600791666049                                  -1.7520209556697153
50                                                1.4                                               200                                               1780                                              0.24749999999999997                               5.925013709672077                                 5.191751909977258
50                                                1.4                                               200                                               1780                                              0.24833333333333332                               4.651624409450265                                 12.58201780456148
50                                                1.4                                               200                                               1780                                              0.24916666666666665                               2.8328353102943646                                16.452981776474445
50                                                1.4                                               200                                               1780                                              0.24999999999999997                               0.6841137676589499                                17.376489698532836
50                                                1.4                                               200                                               1780                                              0.2508333333333333                                -1.5532738680121962                               16.04787885748653
50                                                1.4                                               200                                               1780                                              0.25166666666666665                               -3.6505593485501593                               12.845034742296045
50                                                1.4                                               200                                               1780                                              0.2525                                            -5.327825138832065                                9.976837789356779
50                                                1.4                                               200                                               1780                                              0.2533333333333333                                -6.4510960501079175                               6.956782366103048
50                                                1.4                                               200                                               1780                                              0.25416666666666665                               -6.9316334995966455                               3.5416315316282936
50                                                1.4                                               200                                               1780                                              0.255                                             -6.731864913972868                                -0.17474677606487996
50                                                1.4                                               200                                               1780                                              0.2558333333333333                                -5.878061092656509                                -3.9991554377806584
50                                                1.4                                               200                                               1780                                              0.25666666666666665                               -4.460921668904764                                -7.738168194706268
50                                                1.4                                               200                                               1780                                              0.2575                                            -2.627424863599551                                -11.235556430426756
50                                                1.4                                               200                                               1780                                              0.2583333333333333                                -0.5701208523134057                               -14.48106964875663
50                                                1.4                                               200                                               1780                                              0.25916666666666666                               1.5018073111396117                                -17.35512940205075
50                                                1.4                                               200                                               1780                                              0.26                                              3.464036607448821                                 -17.582712366272546
50                                                1.4                                               200                                               1780                                              0.2608333333333333                                5.07469479081419                                  -16.406348629009702
50                                                1.4                                               200                                               1780                                              0.26166666666666666                               6.195824570773994                                 -13.440677941184905
50                                                1.4                                               200                                               1780                                              0.26249999999999996                               6.740027133370564                                 -8.408433233770756
50                                                1.4                                               200                                               1780                                              0.2633333333333333                                6.6560083198526705                                -1.7520107145886965
50                                                1.4                                               200                                               1780                                              0.26416666666666666                               5.925013830230485                                 5.191754972161522
50                                                1.4                                               200                                               1780                                              0.26499999999999996                               4.585843003131577                                 10.911170084065738
50                                                1.4                                               200                                               1780                                              0.2658333333333333                                2.762081640452183                                 14.655838562481776
50                                                1.4                                               200                                               1780                                              0.26666666666666666                               0.647857464607319                                 16.45557960102264
50                                                1.4                                               200                                               1780                                              0.26749999999999996                               -1.5453551994798485                               16.249013038206908
50                                                1.4                                               200                                               1780                                              0.2683333333333333                                -3.6008194338312025                               14.108428576158525
50                                                1.4                                               200                                               1780                                              0.26916666666666667                               -5.264655017923824                                11.581358860425386
50                                                1.4                                               200                                               1780                                              0.26999999999999996                               -6.384704150495354                                8.64313661626175
50                                                1.4                                               200                                               1780                                              0.2708333333333333                                -6.86308569690396                                 5.282745720022497
50                                                1.4                                               200                                               1780                                              0.27166666666666667                               -6.662236602817852                                1.5938123272721623
50                                                1.4                                               200                                               1780                                              0.27249999999999996                               -5.80980863189214                                 -2.265542934366416
50                                                1.4                                               200                                               1780                                              0.2733333333333333                                -4.396898423119716                                -6.1119777517649565
50                                                1.4                                               200                                               1780                                              0.27416666666666667                               -2.5699796945513813                               -9.776449136602004
50                                                1.4                                               200                                               1780                                              0.27499999999999997                               -0.5198931890254298                               -13.205287001240725
50                                                1.4                                               200                                               1780                                              0.2758333333333333                                1.5455445181869296                                -16.244204343050058
50                                                1.4                                               200                                               1780                                              0.27666666666666667                               3.479443055129654                                 -17.191388595178317
50                                                1.4                                               200                                               1780                                              0.27749999999999997                               5.07843304032217                                  -16.311397091506233
50                                                1.4                                               200                                               1780                                              0.2783333333333333                                6.196797763024349                                 -13.415958858025508
50                                                1.4                                               200                                               1780                                              0.2791666666666667                                6.740299404200319                                 -8.40151755469502
50                                                1.4                                               200                                               1780                                              0.27999999999999997                               6.656088890829053                                 -1.749964211788261
50                                                1.4                                               200                                               1780                                              0.2808333333333333                                5.925037915413691                                 5.192366735814205
50                                                1.4                                               200                                               1780                                              0.2816666666666666                                4.585849914012794                                 10.911345620447573
50                                                1.4                                               200                                               1780                                              0.2825                                            2.762083484560231                                 14.655885402824936
50                                                1.4                                               200                                               1780                                              0.2833333333333333                                0.6478579201340428                                16.455591171402663
50                                                1.4                                               200                                               1780                                              0.2841666666666666                                -1.5453550922949582                               16.249015760704296
50                                                1.4                                               200                                               1780                                              0.285                                             -3.600819411805888                                14.108429135600428
50                                                1.4                                               200                                               1780                                              0.28583333333333333                               -5.264655013792808                                11.581358965352385
50                                                1.4                                               200                                               1780                                              0.2866666666666666                                -6.3847041497612755                               8.643136634906957
50                                                1.4                                               200                                               1780                                              0.2875                                            -6.8630856967775165                               5.282745723234192
50                                                1.4                                               200                                               1780                                              0.28833333333333333                               -6.662236602796386                                1.5938123278177774
50                                                1.4                                               200                                               1780                                              0.2891666666666666                                -5.809808631888514                                -2.2655429342735456
50                                                1.4                                               200                                               1780                                              0.29                                              -4.396898423119124                                -6.111977751748856
50                                                1.4                                               200                                               1780                                              0.29083333333333333                               -2.56997969455124                                 -9.776449136599567
50                                                1.4                                               200                                               1780                                              0.29166666666666663                               -0.5198931890253652                               -13.205287001240318
50                                                1.4                                               200                                               1780                                              0.2925                                            1.5455445181869047                                -16.244204343049432
50                                                1.4                                               200                                               1780                                              0.29333333333333333                               3.479443055129618                                 -17.191388595178193
50                                                1.4                                               200                                               1780                                              0.29416666666666663                               5.078433040322137                                 -16.31139709150623
50                                                1.4                                               200                                               1780                                              0.295                                             6.1967977630243505                                -13.415958858025837
50                                                1.4                                               200                                               1780                                              0.29583333333333334                               6.740299404200319                                 -8.40151755469501
50                                                1.4                                               200                                               1780                                              0.29666666666666663                               6.656088890829063                                 -1.7499642117883805
50                                                1.4                                               200                                               1780                                              0.2975                                            5.925037915413716                                 5.192366735814046
50                                                1.4                                               200                                               1780                                              0.29833333333333334                               4.585849914012689                                 10.911345620447978
50                                                1.4                                               200                                               1780                                              0.29916666666666664                               2.7620834845601996                                14.6558854028253
50                                                1.4                                               200                                               1780                                              0.3                                               0.6478579201340745                                16.455591171402148
50                                                1.4                                               200                                               1780                                              0.3008333333333333                                -1.5453550922949115                               16.249015760704218
50                                                1.4                                               200                                               1780                                              0.30166666666666664                               -3.600819411805844                                14.108429135600463
50                                                1.4                                               200                                               1780                                              0.3025                                            -5.264655013792822                                11.581358965352718
50                                                1.4                                               200                                               1780                                              0.3033333333333333                                -6.384704149761291                                8.643136634906968
50                                                1.4                                               200                                               1780                                              0.30416666666666664                               -6.863085696777518                                5.282745723234102
50                                                1.4                                               200                                               1780                                              0.305                                             -6.6622366027963995                               1.5938123278178502
50                                                1.4                                               200                                               1780                                              0.3058333333333333                                -5.80980863188854                                 -2.2655429342734563
50                                                1.4                                               200                                               1780                                              0.30666666666666664                               -4.396898423119096                                -6.111977751749173
50                                                1.4                                               200                                               1780                                              0.3075                                            -2.5699796945512743                               -9.77644913659919
50                                                1.4                                               200                                               1780                                              0.3083333333333333                                -0.5198931890254122                               -13.205287001240185
50                                                1.4                                               200                                               1780                                              0.30916666666666665                               1.545544518186858                                 -16.24420434304937
50                                                1.4                                               200                                               1780                                              0.31                                              3.479443055129636                                 -17.191388595178722
50                                                1.4                                               200                                               1780                                              0.3108333333333333                                5.078433040322163                                 -16.311397091506333
50                                                1.4                                               200                                               1780                                              0.31166666666666665                               6.196797763024346                                 -13.415958858025531
50                                                1.4                                               200                                               1780                                              0.3125                                            6.740299404200316                                 -8.401517554695033
50                                                1.4                                               200                                               1780                                              0.3133333333333333                                6.656088890829075                                 -1.7499642117885097
50                                                1.4                                               200                                               1780                                              0.31416666666666665                               5.9250379154137                                   5.192366735814343
50                                                1.4                                               200                                               1780                                              0.315                                             4.585849914012714                                 10.911345620447557
50                                                1.4                                               200                                               1780                                              0.3158333333333333                                2.7620834845602427                                14.655885402825152
50                                                1.4                                               200                                               1780                                              0.31666666666666665                               0.647857920134125                                 16.45559117140211
50                                                1.4                                               200                                               1780                                              0.3175                                            -1.5453550922950436                               16.249015760704452
50                                                1.4                                               200                                               1780                                              0.3183333333333333                                -3.600819411805876                                14.108429135600655
50                                                1.4                                               200                                               1780                                              0.31916666666666665                               -5.264655013792804                                11.581358965352416
50                                                1.4                                               200                                               1780                                              0.31999999999999995                               -6.384704149761274                                8.643136634906964
50                                                1.4                                               200                                               1780                                              0.3208333333333333                                -6.863085696777516                                5.2827457232341795
50                                                1.4                                               200                                               1780                                              0.32166666666666666                               -6.662236602796388                                1.5938123278177934
50                                                1.4                                               200                                               1780                                              0.32249999999999995                               -5.809808631888516                                -2.26554293427354
50                                                1.4                                               200                                               1780                                              0.3233333333333333                                -4.396898423119127                                -6.111977751748844
50                                                1.4                                               200                                               1780                                              0.32416666666666666                               -2.5699796945512423                               -9.776449136599561
50                                                1.4                                               200                                               1780                                              0.32499999999999996                               -0.5198931890254465                               -13.20528700123974
50                                                1.4                                               200                                               1780                                              0.3258333333333333                                1.545544518186886                                 -16.24420434304983
50                                                1.4                                               200                                               1780                                              0.32666666666666666                               3.479443055129611                                 -17.191388595178285
50                                                1.4                                               200                                               1780                                              0.32749999999999996                               5.078433040322135                                 -16.31139709150625
50                                                1.4                                               200                                               1780                                              0.3283333333333333                                6.196797763024327                                 -13.41595885802561
50                                                1.4                                               200                                               1780                                              0.32916666666666666                               6.740299404200312                                 -8.401517554695165
50                                                1.4                                               200                                               1780                                              0.32999999999999996                               6.656088890829062                                 -1.749964211788442
50                                                1.4                                               200                                               1780                                              0.3308333333333333                                5.925037915413716                                 5.1923667358140095
50                                                1.4                                               200                                               1780                                              0.33166666666666667                               4.585849914012692                                 10.911345620447984
50                                                1.4                                               200                                               1780                                              0.33249999999999996                               2.762083484560274                                 14.655885402824671
50                                                1.4                                               200                                               1780                                              0.3333333333333333                                0.6478579201340954                                16.45559117140259
50                                                1.4                                               200                                               1780                                              0.33416666666666667                               -1.5453550922950114                               16.249015760704022
50                                                1.4                                               200                                               1780                                              0.33499999999999996                               -3.6008194118058365                               14.108429135600598
50                                                1.4                                               200                                               1780                                              0.3358333333333333                                -5.26465501379282                                 11.58135896535276
50                                                1.4                                               200                                               1780                                              0.33666666666666667                               -6.384704149761327                                8.643136634906789
50                                                1.4                                               200                                               1780                                              0.33749999999999997                               -6.863085696777519                                5.282745723234081
50                                                1.4                                               200                                               1780                                              0.3383333333333333                                -6.6622366027964                                  1.5938123278178575
50                                                1.4                                               200                                               1780                                              0.33916666666666667                               -5.809808631888438                                -2.2655429342737783
50                                                1.4                                               200                                               1780                                              0.33999999999999997                               -4.396898423119097                                -6.1119777517491265
50                                                1.4                                               200                                               1780                                              0.3408333333333333                                -2.5699796945513516                               -9.776449136598648
50                                                1.4                                               200                                               1780                                              0.3416666666666666                                -0.5198931890255069                               -13.205287001239952
50                                                1.4                                               200                                               1780                                              0.34249999999999997                               1.5455445181868352                                -16.24420434304986
50                                                1.4                                               200                                               1780                                              0.3433333333333333                                3.47944305512963                                  -17.1913885951788
50                                                1.4                                               200                                               1780                                              0.3441666666666666                                5.078433040322159                                 -16.311397091506375
50                                                1.4                                               200                                               1780                                              0.345                                             6.196797763024323                                 -13.415958858025322
50                                                1.4                                               200                                               1780                                              0.3458333333333333                                6.740299404200311                                 -8.40151755469518
50                                                1.4                                               200                                               1780                                              0.3466666666666666                                6.656088890829074                                 -1.749964211788578
50                                                1.4                                               200                                               1780                                              0.3475                                            5.925037915413701                                 5.192366735814308
50                                                1.4                                               200                                               1780                                              0.34833333333333333                               4.585849914012776                                 10.911345620447007
50                                                1.4                                               200                                               1780                                              0.3491666666666666                                2.762083484560333                                 14.655885402824927
50                                                1.4                                               200                                               1780                                              0.35                                              0.6478579201341496                                16.455591171402645
50                                                1.4                                               200                                               1780                                              0.35083333333333333                               -1.545355092295035                                16.249015760704598
50                                                1.4                                               200                                               1780                                              0.3516666666666666                                -3.6008194118058725                               14.10842913560068
50                                                1.4                                               200                                               1780                                              0.3525                                            -5.264655013792755                                11.581358965352143
50                                                1.4                                               200                                               1780                                              0.35333333333333333                               -6.384704149761303                                8.643136634907012
50                                                1.4                                               200                                               1780                                              0.35416666666666663                               -6.863085696777516                                5.282745723234196
50                                                1.4                                               200                                               1780                                              0.355                                             -6.662236602796389                                1.5938123278177894
50                                                1.4                                               200                                               1780                                              0.35583333333333333                               -5.809808631888509                                -2.2655429342732774
50                                                1.4                                               200                                               1780                                              0.35666666666666663                               -4.396898423119209                                -6.111977751748827
50                                                1.4                                               200                                               1780                                              0.3575                                            -2.5699796945513365                               -9.77644913659943
50                                                1.4                                               200                                               1780                                              0.35833333333333334                               -0.519893189025284                                -13.20528700124063
50                                                1.4                                               200                                               1780                                              0.35916666666666663                               1.545544518186886                                 -16.244204343049727
50                                                1.4                                               200                                               1780                                              0.36                                              3.4794430551295488                                -17.19138859517772
50                                                1.4                                               200                                               1780                                              0.3608333333333333                                5.078433040322077                                 -16.311397091506226
50                                                1.4                                               200                                               1780                                              0.36166666666666664                               6.196797763024311                                 -13.415958858025986
50                                                1.4                                               200                                               1780                                              0.3625                                            6.740299404200306                                 -8.401517554695277
50                                                1.4                                               200                                               1780                                              0.3633333333333333                                6.656088890829061                                 -1.749964211788485
50                                                1.4                                               200                                               1780                                              0.36416666666666664                               5.925037915413761                                 5.192366735813569
50                                                1.4                                               200                                               1780                                              0.365                                             4.585849914012765                                 10.9113456204477
50                                                1.4                                               200                                               1780                                              0.3658333333333333                                2.7620834845602955                                14.655885402825142
50                                                1.4                                               200                                               1780                                              0.36666666666666664                               0.6478579201341041                                16.45559117140272
50                                                1.4                                               200                                               1780                                              0.3675                                            -1.5453550922949328                               16.249015760703507
50                                                1.4                                               200                                               1780                                              0.3683333333333333                                -3.6008194118057526                               14.108429135600598
50                                                1.4                                               200                                               1780                                              0.36916666666666664                               -5.264655013792754                                11.58135896535286
50                                                1.4                                               200                                               1780                                              0.37                                              -6.384704149761314                                8.643136634907082
50                                                1.4                                               200                                               1780                                              0.3708333333333333                                -6.863085696777517                                5.282745723234139
50                                                1.4                                               200                                               1780                                              0.37166666666666665                               -6.662236602796428                                1.5938123278180067
50                                                1.4                                               200                                               1780                                              0.3725                                            -5.809808631888492                                -2.2655429342735762
50                                                1.4                                               200                                               1780                                              0.3733333333333333                                -4.3968984231191754                               -6.111977751748959
50                                                1.4                                               200                                               1780                                              0.37416666666666665                               -2.569979694551293                                -9.776449136599508
50                                                1.4                                               200                                               1780                                              0.375                                             -0.5198931890253938                               -13.205287001239547
50                                                1.4                                               200                                               1780                                              0.3758333333333333                                1.5455445181867538                                -16.244204343049415
50                                                1.4                                               200                                               1780                                              0.37666666666666665                               3.4794430551295483                                -17.19138859517874
50                                                1.4                                               200                                               1780                                              0.3775                                            5.07843304032221                                  -16.311397091506578
50                                                1.4                                               200                                               1780                                              0.3783333333333333                                6.1967977630243345                                -13.41595885802572
50                                                1.4                                               200                                               1780                                              0.37916666666666665                               6.7402994042003135                                -8.401517554695106
50                                                1.4                                               200                                               1780                                              0.37999999999999995                               6.656088890829097                                 -1.7499642117888015
50                                                1.4                                               200                                               1780                                              0.3808333333333333                                5.925037915413751                                 5.192366735814044
50                                                1.4                                               200                                               1780                                              0.38166666666666665                               4.585849914012734                                 10.911345620447907
50                                                1.4                                               200                                               1780                                              0.38249999999999995                               2.762083484560253                                 14.65588540282524
50                                                1.4                                               200                                               1780                                              0.3833333333333333                                0.6478579201342093                                16.455591171401522
50                                                1.4                                               200                                               1780                                              0.38416666666666666                               -1.545355092294943                                16.249015760704413
50                                                1.4                                               200                                               1780                                              0.38499999999999995                               -3.600819411805787                                14.108429135600732
50                                                1.4                                               200                                               1780                                              0.3858333333333333                                -5.264655013792783                                11.581358965352834
50                                                1.4                                               200                                               1780                                              0.38666666666666666                               -6.384704149761332                                8.64313663490701
50                                                1.4                                               200                                               1780                                              0.38749999999999996                               -6.86308569677752                                 5.28274572323407
50                                                1.4                                               200                                               1780                                              0.3883333333333333                                -6.6622366027964155                               1.593812327817911
50                                                1.4                                               200                                               1780                                              0.38916666666666666                               -5.8098086318884645                               -2.265542934273675
50                                                1.4                                               200                                               1780                                              0.38999999999999996                               -4.396898423119139                                -6.111977751749018
50                                                1.4                                               200                                               1780                                              0.3908333333333333                                -2.5699796945514017                               -9.776449136598577
50                                                1.4                                               200                                               1780                                              0.39166666666666666                               -0.519893189025377                                -13.205287001240348
50                                                1.4                                               200                                               1780                                              0.39249999999999996                               1.5455445181867915                                -16.244204343049628
50                                                1.4                                               200                                               1780                                              0.3933333333333333                                3.479443055129587                                 -17.191388595178765
50                                                1.4                                               200                                               1780                                              0.39416666666666667                               5.0784330403222375                                -16.311397091506535
50                                                1.4                                               200                                               1780                                              0.39499999999999996                               6.1967977630243105                                -13.415958858025176
50                                                1.4                                               200                                               1780                                              0.3958333333333333                                6.740299404200308                                 -8.401517554695287
50                                                1.4                                               200                                               1780                                              0.39666666666666667                               6.6560888908290385                                -1.749964211788286
50                                                1.4                                               200                                               1780                                              0.39749999999999996                               5.925037915413727                                 5.192366735814177
50                                                1.4                                               200                                               1780                                              0.3983333333333333                                4.585849914012698                                 10.911345620447998
50                                                1.4                                               200                                               1780                                              0.3991666666666666                                2.762083484560352                                 14.655885402824058
50                                                1.4                                               200                                               1780                                              0.39999999999999997                               0.6478579201341971                                16.455591171402446
50                                                1.4                                               200                                               1780                                              0.4008333333333333                                -1.5453550922949832                               16.249015760704577
50                                                1.4                                               200                                               1780                                              0.4016666666666666                                -3.6008194118058263                               14.108429135600714
50                                                1.4                                               200                                               1780                                              0.40249999999999997                               -5.264655013792718                                11.581358965352216
50                                                1.4                                               200                                               1780                                              0.4033333333333333                                -6.3847041497612835                               8.643136634907085
50                                                1.4                                               200                                               1780                                              0.4041666666666666                                -6.863085696777513                                5.2827457232342745
50                                                1.4                                               200                                               1780                                              0.40499999999999997                               -6.6622366027964                                  1.5938123278178948
50                                                1.4                                               200                                               1780                                              0.4058333333333333                                -5.8098086318884405                               -2.265542934273754
50                                                1.4                                               200                                               1780                                              0.4066666666666666                                -4.396898423119233                                -6.111977751748298
50                                                1.4                                               200                                               1780                                              0.4075                                            -2.5699796945513826                               -9.776449136599258
50                                                1.4                                               200                                               1780                                              0.4083333333333333                                -0.5198931890253354                               -13.205287001240528
50                                                1.4                                               200                                               1780                                              0.4091666666666666                                1.5455445181868355                                -16.244204343049688
50                                                1.4                                               200                                               1780                                              0.41                                              3.479443055129626                                 -17.191388595178775
50                                                1.4                                               200                                               1780                                              0.41083333333333333                               5.078433040322183                                 -16.311397091505647
50                                                1.4                                               200                                               1780                                              0.4116666666666666                                6.196797763024306                                 -13.41595885802567
50                                                1.4                                               200                                               1780                                              0.4125                                            6.740299404200306                                 -8.401517554695308
50                                                1.4                                               200                                               1780                                              0.41333333333333333                               6.656088890829029                                 -1.749964211788189
50                                                1.4                                               200                                               1780                                              0.4141666666666666                                5.9250379154137045                                5.1923667358142955
50                                                1.4                                               200                                               1780                                              0.415                                             4.585849914012783                                 10.91134562044698
50                                                1.4                                               200                                               1780                                              0.41583333333333333                               2.762083484560166                                 14.655885402825373
50                                                1.4                                               200                                               1780                                              0.41666666666666663                               0.6478579201341473                                16.455591171402414
50                                                1.4                                               200                                               1780                                              0.4175                                            -1.5453550922950303                               16.24901576070454
50                                                1.4                                               200                                               1780                                              0.4183333333333333                                -3.6008194118057384                               14.108429135599838
50                                                1.4                                               200                                               1780                                              0.41916666666666663                               -5.264655013792725                                11.581358965352768
50                                                1.4                                               200                                               1780                                              0.42                                              -6.384704149761297                                8.643136634907144
50                                                1.4                                               200                                               1780                                              0.4208333333333333                                -6.863085696777514                                5.282745723234213
50                                                1.4                                               200                                               1780                                              0.42166666666666663                               -6.662236602796389                                1.593812327817818
50                                                1.4                                               200                                               1780                                              0.4225                                            -5.809808631888512                                -2.265542934273274
50                                                1.4                                               200                                               1780                                              0.4233333333333333                                -4.396898423119215                                -6.111977751748813
50                                                1.4                                               200                                               1780                                              0.42416666666666664                               -2.5699796945513422                               -9.776449136599412
50                                                1.4                                               200                                               1780                                              0.425                                             -0.5198931890252906                               -13.205287001240622
50                                                1.4                                               200                                               1780                                              0.4258333333333333                                1.54554451818688                                  -16.244204343049724
50                                                1.4                                               200                                               1780                                              0.42666666666666664                               3.4794430551295434                                -17.191388595177727
50                                                1.4                                               200                                               1780                                              0.4275                                            5.078433040322183                                 -16.311397091506382
50                                                1.4                                               200                                               1780                                              0.4283333333333333                                6.196797763024317                                 -13.415958858025785
50                                                1.4                                               200                                               1780                                              0.42916666666666664                               6.740299404200309                                 -8.40151755469523
50                                                1.4                                               200                                               1780                                              0.43                                              6.656088890829062                                 -1.749964211788533
50                                                1.4                                               200                                               1780                                              0.4308333333333333                                5.925037915413777                                 5.192366735813897
50                                                1.4                                               200                                               1780                                              0.43166666666666664                               4.585849914012774                                 10.91134562044779
50                                                1.4                                               200                                               1780                                              0.4325                                            2.76208348456013                                  14.655885402825618
50                                                1.4                                               200                                               1780                                              0.4333333333333333                                0.6478579201341017                                16.45559117140249
50                                                1.4                                               200                                               1780                                              0.43416666666666665                               -1.5453550922949282                               16.249015760703468
50                                                1.4                                               200                                               1780                                              0.435                                             -3.600819411805905                                14.108429135600721
50                                                1.4                                               200                                               1780                                              0.4358333333333333                                -5.264655013792759                                11.581358965352624
50                                                1.4                                               200                                               1780                                              0.43666666666666665                               -6.384704149761314                                8.64313663490705
50                                                1.4                                               200                                               1780                                              0.43749999999999994                               -6.863085696777518                                5.282745723234142
50                                                1.4                                               200                                               1780                                              0.4383333333333333                                -6.662236602796428                                1.5938123278180187
50                                                1.4                                               200                                               1780                                              0.43916666666666665                               -5.809808631888495                                -2.2655429342735736
50                                                1.4                                               200                                               1780                                              0.43999999999999995                               -4.396898423119181                                -6.111977751748938
50                                                1.4                                               200                                               1780                                              0.4408333333333333                                -2.5699796945513                                  -9.776449136599497
50                                                1.4                                               200                                               1780                                              0.44166666666666665                               -0.5198931890254                                  -13.205287001239531
50                                                1.4                                               200                                               1780                                              0.44249999999999995                               1.545544518186747                                 -16.244204343049425
50                                                1.4                                               200                                               1780                                              0.4433333333333333                                3.4794430551295426                                -17.191388595178747
50                                                1.4                                               200                                               1780                                              0.44416666666666665                               5.078433040322205                                 -16.311397091506578
50                                                1.4                                               200                                               1780                                              0.44499999999999995                               6.1967977630243345                                -13.41595885802575
50                                                1.4                                               200                                               1780                                              0.4458333333333333                                6.7402994042003135                                -8.401517554695117
50                                                1.4                                               200                                               1780                                              0.44666666666666666                               6.656088890829054                                 -1.7499642117883965
50                                                1.4                                               200                                               1780                                              0.44749999999999995                               5.925037915413755                                 5.192366735814059
50                                                1.4                                               200                                               1780                                              0.4483333333333333                                4.585849914012739                                 10.911345620447884
50                                                1.4                                               200                                               1780                                              0.44916666666666666                               2.7620834845602285                                14.655885402824449
50                                                1.4                                               200                                               1780                                              0.44999999999999996                               0.6478579201342416                                16.45559117140217
50                                                1.4                                               200                                               1780                                              0.45083333333333336                               -2.263527702269399                                50.162343338648114
50                                                1.4                                               200                                               1780                                              0.45166666666666666                               -13.851792570486854                               72.89880000422342
50                                                1.4                                               200                                               1780                                              0.4525                                            -30.60123965165657                                73.12838679442513
50                                                1.4                                               200                                               1780                                              0.45333333333333337                               -44.99676106923573                                64.68654700269023
50                                                1.4                                               200                                               1780                                              0.45416666666666666                               -54.49204076426394                                51.08175199024054
50                                                1.4                                               200                                               1780                                              0.455                                             -58.03454566906529                                33.936000753665766
50                                                1.4                                               200                                               1780                                              0.45583333333333337                               -55.49404121284386                                14.416936255114567
50                                                1.4                                               200                                               1780                                              0.45666666666666667                               -48.52600693750734                                -8.882811309986486
50                                                1.4                                               200                                               1780                                              0.4575                                            -36.67272134228362                                -30.994197660869453
50                                                1.4                                               200                                               1780                                              0.45833333333333337                               -21.549027101461732                               -50.824919635019725
50                                                1.4                                               200                                               1780                                              0.45916666666666667                               -6.691303937828549                                -71.28295339264872
50                                                1.4                                               200                                               1780                                              0.46                                              5.1438336259995685                                -93.43714317186257
50                                                1.4                                               200                                               1780                                              0.4608333333333333                                12.501606123035378                                -115.8176653026434
50                                                1.4                                               200                                               1780                                              0.46166666666666667                               17.023405849977138                                -130.66370338411085
50                                                1.4                                               200                                               1780                                              0.4625                                            20.268787499445683                                -131.79973933340477
50                                                1.4                                               200                                               1780                                              0.4633333333333333                                22.789210671590013                                -117.06464086913863
50                                                1.4                                               200                                               1780                                              0.46416666666666667                               24.79289098733538                                 -86.82779200127929
50                                                1.4                                               200                                               1780                                              0.465                                             26.024165259175234                                -44.18938956276694
50                                                1.4                                               200                                               1780                                              0.4658333333333333                                26.241869857031496                                6.3922893720801035
50                                                1.4                                               200                                               1780                                              0.4666666666666667                                25.32201435072782                                 59.723779561495995
50                                                1.4                                               200                                               1780                                              0.4675                                            23.26695606229341                                 110.37781290334901
50                                                1.4                                               200                                               1780                                              0.4683333333333333                                20.160021567066046                                153.11809306293432
50                                                1.4                                               200                                               1780                                              0.4691666666666667                                15.234151508505366                                181.23443080217623
50                                                1.4                                               200                                               1780                                              0.47000000000000003                               3.607697979013886                                 179.32363541506064
50                                                1.4                                               200                                               1780                                              0.4708333333333333                                -24.122521064758153                               122.71043345293207
50                                                1.4                                               200                                               1780                                              0.4716666666666667                                -46.893849451667585                               60.21212854641499
50                                                1.4                                               200                                               1780                                              0.47250000000000003                               -54.153771927297285                               17.578057098598844
50                                                1.4                                               200                                               1780                                              0.47333333333333333                               -49.732099308618444                               -11.7274663167081
50                                                1.4                                               200                                               1780                                              0.4741666666666667                                -37.91694134755075                                -33.92877941614582
50                                                1.4                                               200                                               1780                                              0.47500000000000003                               -22.30044670527984                                -52.5971964434497
50                                                1.4                                               200                                               1780                                              0.47583333333333333                               -6.970950340062732                                -71.94251940705739
50                                                1.4                                               200                                               1780                                              0.4766666666666667                                5.030363658712442                                 -93.7047701947038
50                                                1.4                                               200                                               1780                                              0.47750000000000004                               12.432868288183432                                -115.97978839598778
50                                                1.4                                               200                                               1780                                              0.47833333333333333                               16.998738845379954                                -130.72188227638415
50                                                1.4                                               200                                               1780                                              0.4791666666666667                                20.299868786661253                                -131.7264318974149
50                                                1.4                                               200                                               1780                                              0.48                                              22.83124426469298                                 -116.96550163740694
50                                                1.4                                               200                                               1780                                              0.48083333333333333                               24.781134997313817                                -86.85551934346101
50                                                1.4                                               200                                               1780                                              0.4816666666666667                                25.928757189090305                                -44.414416310923386
50                                                1.4                                               200                                               1780                                              0.48250000000000004                               26.110383189855984                                6.082168675643031
50                                                1.4                                               200                                               1780                                              0.48333333333333334                               25.164858980035767                                59.3531173943364
50                                                1.4                                               200                                               1780                                              0.4841666666666667                                23.108164471811705                                110.00329159494261
50                                                1.4                                               200                                               1780                                              0.485                                             19.990153885253854                                152.7174480019754
50                                                1.4                                               200                                               1780                                              0.48583333333333334                               14.990642807807493                                180.66009813810237
50                                                1.4                                               200                                               1780                                              0.4866666666666667                                3.0026551375282695                                177.89659865607135
50                                                1.4                                               200                                               1780                                              0.4875                                            -24.96413062168963                                120.72543719794082
50                                                1.4                                               200                                               1780                                              0.48833333333333334                               -47.32508610744304                                59.19502609114993
50                                                1.4                                               200                                               1780                                              0.4891666666666667                                -54.31440024479656                                17.19920373832484
50                                                1.4                                               200                                               1780                                              0.49                                              -49.77408935235789                                -11.826502834157443
50                                                1.4                                               200                                               1780                                              0.49083333333333334                               -37.91878197656861                                -33.93312067115913
50                                                1.4                                               200                                               1780                                              0.4916666666666667                                -22.294053605050788                               -52.5821178599056
50                                                1.4                                               200                                               1780                                              0.4925                                            -6.968028887761974                                -71.93562895313205
50                                                1.4                                               200                                               1780                                              0.49333333333333335                               5.030811624900107                                 -93.7037136344536
50                                                1.4                                               200                                               1780                                              0.4941666666666667                                12.432796160877032                                -115.97995851339262
50                                                1.4                                               200                                               1780                                              0.495                                             16.99865719229885                                 -130.72207486100706
50                                                1.4                                               200                                               1780                                              0.49583333333333335                               20.29980888931819                                 -131.7265731695769
50                                                1.4                                               200                                               1780                                              0.4966666666666667                                22.831193305421944                                -116.96562182848727
50                                                1.4                                               200                                               1780                                              0.4975                                            24.781087201289925                                -86.85563207379361
50                                                1.4                                               200                                               1780                                              0.49833333333333335                               25.9287122573442                                  -44.414522285654996
50                                                1.4                                               200                                               1780                                              0.49916666666666665                               26.11034090024043                                 6.082068932560396
50                                                1.4                                               200                                               1780                                              0.5                                               25.16481917144965                                 59.3530235029438
50                                                1.4                                               200                                               1780                                              0.5008333333333334                                23.108126999624552                                110.0032032141138
50                                                1.4                                               200                                               1780                                              0.5016666666666667                                19.99011462184765                                 152.7173553964284
50                                                1.4                                               200                                               1780                                              0.5025000000000001                                14.990586432184388                                180.6599651721722
50                                                1.4                                               200                                               1780                                              0.5033333333333333                                3.002515963431991                                 177.89627040402308
50                                                1.4                                               200                                               1780                                              0.5041666666666667                                -24.964321494799833                               120.72498701007663
50                                                1.4                                               200                                               1780                                              0.505                                             -47.3251831524959                                 59.19479720345901
50                                                1.4                                               200                                               1780                                              0.5058333333333334                                -54.31443785729965                                17.199115026551972
50                                                1.4                                               200                                               1780                                              0.5066666666666667                                -49.774097889437854                               -11.826522969467188
50                                                1.4                                               200                                               1780                                              0.5075000000000001                                -37.918781875879205                               -33.9331204336723
50                                                1.4                                               200                                               1780                                              0.5083333333333333                                -22.294051933634673                               -52.582113917752544
50                                                1.4                                               200                                               1780                                              0.5091666666666667                                -6.968028149346733                                -71.93562721151842
50                                                1.4                                               200                                               1780                                              0.51                                              5.030811753518556                                 -93.70371333109465
50                                                1.4                                               200                                               1780                                              0.5108333333333334                                12.432796156064583                                -115.97995852474084
50                                                1.4                                               200                                               1780                                              0.5116666666666667                                16.998657180116332                                -130.72207488973922
50                                                1.4                                               200                                               1780                                              0.5125                                            20.299808880660656                                -131.7265731899963
50                                                1.4                                               200                                               1780                                              0.5133333333333333                                22.831193298190406                                -116.96562184554617
50                                                1.4                                               200                                               1780                                              0.5141666666666667                                24.781087194542096                                -86.85563208971413
50                                                1.4                                               200                                               1780                                              0.515                                             25.928712251012655                                -44.41452230059153
50                                                1.4                                               200                                               1780                                              0.5158333333333334                                26.11034089428258                                 6.082068918514399
50                                                1.4                                               200                                               1780                                              0.5166666666666667                                25.164819165841458                                59.3530234897177
50                                                1.4                                               200                                               1780                                              0.5175                                            23.108126994345824                                110.00320320165986
50                                                1.4                                               200                                               1780                                              0.5183333333333333                                19.990114616316987                                152.71735538337663
50                                                1.4                                               200                                               1780                                              0.5191666666666667                                14.990586424243874                                180.65996515343866
50                                                1.4                                               200                                               1780                                              0.52                                              3.002515943831375                                 177.89627035779245
50                                                1.4                                               200                                               1780                                              0.5208333333333334                                -24.61963297254979                                121.53795951041208
50                                                1.4                                               200                                               1780                                              0.5216666666666667                                -47.388791865067894                               59.0447715113781
50                                                1.4                                               200                                               1780                                              0.5225                                            -54.45230221127294                                16.87395210025138
50                                                1.4                                               200                                               1780                                              0.5233333333333333                                -49.874804332718334                               -12.064046309258432
50                                                1.4                                               200                                               1780                                              0.5241666666666667                                -37.9727851760331                                 -34.06049107446015
50                                                1.4                                               200                                               1780                                              0.525                                             -22.317514758475735                               -52.63745266605237
50                                                1.4                                               200                                               1780                                              0.5258333333333334                                -6.976108187118423                                -71.95468455775455
50                                                1.4                                               200                                               1780                                              0.5266666666666666                                5.027970442897245                                 -93.7104147651468
50                                                1.4                                               200                                               1780                                              0.5275                                            12.431596413546785                                -115.98278820316268
50                                                1.4                                               200                                               1780                                              0.5283333333333333                                16.998000923920724                                -130.72362271685083
50                                                1.4                                               200                                               1780                                              0.5291666666666667                                20.299292432288524                                -131.72779127037114
50                                                1.4                                               200                                               1780                                              0.53                                              22.830745154808564                                -116.96667882372051
50                                                1.4                                               200                                               1780                                              0.5308333333333334                                24.78066325131094                                 -86.85663199010574
50                                                1.4                                               200                                               1780                                              0.5316666666666667                                25.928312477477373                                -44.41546519502876
50                                                1.4                                               200                                               1780                                              0.5325                                            26.109964488334903                                6.081181138196978
50                                                1.4                                               200                                               1780                                              0.5333333333333333                                25.164464826796273                                59.35218775576584
50                                                1.4                                               200                                               1780                                              0.5341666666666667                                23.107793446332778                                110.0024165048474
50                                                1.4                                               200                                               1780                                              0.535                                             19.989765081653918                                152.71653098091627
50                                                1.4                                               200                                               1780                                              0.5358333333333334                                14.990084538074395                                180.65878141906265
50                                                1.4                                               200                                               1780                                              0.5366666666666666                                3.0012776065433324                                177.89334965084785
50                                                1.4                                               200                                               1780                                              0.5375                                            -24.966018530968345                               120.7209844290563
50                                                1.4                                               200                                               1780                                              0.5383333333333333                                -47.3260474726001                                 59.19275864275849
50                                                1.4                                               200                                               1780                                              0.5391666666666667                                -54.3147585683131                                 17.198358606720337
50                                                1.4                                               200                                               1780                                              0.54                                              -49.774181090701646                               -11.826719205588667
50                                                1.4                                               200                                               1780                                              0.5408333333333333                                -37.918785058141054                               -33.933127939266505
50                                                1.4                                               200                                               1780                                              0.5416666666666666                                -22.294038900713854                               -52.582083178670125
50                                                1.4                                               200                                               1780                                              0.5425                                            -6.968022219140331                                -71.93561322470536
50                                                1.4                                               200                                               1780                                              0.5433333333333333                                5.030812678242576                                 -93.70371115006488
50                                                1.4                                               200                                               1780                                              0.5441666666666667                                12.432796022909978                                -115.97995883879393
50                                                1.4                                               200                                               1780                                              0.545                                             16.998657022699707                                -130.72207526101835
50                                                1.4                                               200                                               1780                                              0.5458333333333334                                20.299808764998886                                -131.72657346279283
50                                                1.4                                               200                                               1780                                              0.5466666666666666                                22.831193200330357                                -116.96562207635372
50                                                1.4                                               200                                               1780                                              0.5475                                            24.781087102792544                                -86.85563230611355
50                                                1.4                                               200                                               1780                                              0.5483333333333333                                25.928712164773696                                -44.41452250399442
50                                                1.4                                               200                                               1780                                              0.5491666666666667                                26.110340813116146                                6.082068727075045
50                                                1.4                                               200                                               1780                                              0.55                                              25.16481908943698                                 59.353023309514754
50                                                1.4                                               200                                               1780                                              0.5508333333333333                                23.10812692242568                                 110.00320303202857
50                                                1.4                                               200                                               1780                                              0.5516666666666666                                19.990114540956643                                152.71735520563175
50                                                1.4                                               200                                               1780                                              0.5525                                            14.990586316033411                                180.65996489821498
50                                                1.4                                               200                                               1780                                              0.5533333333333333                                3.002515676716516                                 177.89626972778373
50                                                1.4                                               200                                               1780                                              0.5541666666666667                                -24.61963334810404                                121.53795862464054
50                                                1.4                                               200                                               1780                                              0.555                                             -47.388792058438966                               59.04477105529945
50                                                1.4                                               200                                               1780                                              0.5558333333333333                                -54.4523022836965                                 16.873951929433783
50                                                1.4                                               200                                               1780                                              0.5566666666666666                                -49.87480435187611                                -12.064046354441265
50                                                1.4                                               200                                               1780                                              0.5575                                            -37.97278517705224                                -34.0604910768662
50                                                1.4                                               200                                               1780                                              0.5583333333333333                                -22.317514755699197                               -52.63745265950107
50                                                1.4                                               200                                               1780                                              0.5591666666666667                                -6.9761081858408955                               -71.95468455473889
50                                                1.4                                               200                                               1780                                              0.56                                              5.027970443087159                                 -93.71041476470084
50                                                1.4                                               200                                               1780                                              0.5608333333333333                                12.431596413510102                                -115.98278820325068
50                                                1.4                                               200                                               1780                                              0.5616666666666666                                16.998000923881808                                -130.72362271694337
50                                                1.4                                               200                                               1780                                              0.5625                                            20.29929243225974                                 -131.72779127043904
50                                                1.4                                               200                                               1780                                              0.5633333333333334                                22.830745154784154                                -116.96667882377892
50                                                1.4                                               200                                               1780                                              0.5641666666666667                                24.78066325128802                                 -86.85663199015835
50                                                1.4                                               200                                               1780                                              0.565                                             25.928312477455844                                -44.415465195081666
50                                                1.4                                               200                                               1780                                              0.5658333333333333                                26.109964488314716                                6.081181138146856
50                                                1.4                                               200                                               1780                                              0.5666666666666667                                25.16446482677724                                 59.35218775572341
50                                                1.4                                               200                                               1780                                              0.5675                                            23.107793446314894                                110.00241650480271
50                                                1.4                                               200                                               1780                                              0.5683333333333334                                19.98976508163522                                 152.71653098087003
50                                                1.4                                               200                                               1780                                              0.5691666666666667                                14.990084538047531                                180.65878141900075
50                                                1.4                                               200                                               1780                                              0.5700000000000001                                3.0012776064746642                                177.89334965068824
50                                                1.4                                               200                                               1780                                              0.5708333333333333                                -24.621374950070216                               121.53385093200319
50                                                1.4                                               200                                               1780                                              0.5716666666666667                                -47.38968952272247                                59.0426543216834
50                                                1.4                                               200                                               1780                                              0.5725                                            -54.45264141503893                                16.873152063941255
50                                                1.4                                               200                                               1780                                              0.5733333333333334                                -49.87489221458154                                -12.064253584908954
50                                                1.4                                               200                                               1780                                              0.5741666666666667                                -37.97278930102165                                -34.0605008035438
50                                                1.4                                               200                                               1780                                              0.575                                             -22.31750159270735                                -52.63742161365093
50                                                1.4                                               200                                               1780                                              0.5758333333333333                                -6.9761021585145                                  -71.95467033885537
50                                                1.4                                               200                                               1780                                              0.5766666666666667                                5.027971358167731                                 -93.71041260641483
50                                                1.4                                               200                                               1780                                              0.5775                                            12.43159625672115                                 -115.98278857304634
50                                                1.4                                               200                                               1780                                              0.5783333333333334                                16.99800075043071                                 -130.72362312604054
50                                                1.4                                               200                                               1780                                              0.5791666666666666                                20.299292304294088                                -131.72779157225517
50                                                1.4                                               200                                               1780                                              0.5800000000000001                                22.830745046350472                                -116.96667907952869
50                                                1.4                                               200                                               1780                                              0.5808333333333333                                24.78066314956783                                 -86.85663223007198
50                                                1.4                                               200                                               1780                                              0.5816666666666667                                25.928312381825542                                -44.4154654206357
50                                                1.4                                               200                                               1780                                              0.5825                                            26.109964398307145                                6.081180925858728
50                                                1.4                                               200                                               1780                                              0.5833333333333334                                25.164464742050097                                59.35218755588963
50                                                1.4                                               200                                               1780                                              0.5841666666666667                                23.107793366560703                                110.00241631669307
50                                                1.4                                               200                                               1780                                              0.585                                             19.989764998065247                                152.71653078376116
50                                                1.4                                               200                                               1780                                              0.5858333333333333                                14.990084418043844                                180.6587811359552
50                                                1.4                                               200                                               1780                                              0.5866666666666667                                3.00127731026599                                  177.8933489520546
50                                                1.4                                               200                                               1780                                              0.5875                                            -24.621375366525285                               121.53384994976416
50                                                1.4                                               200                                               1780                                              0.5883333333333334                                -47.389689737146554                               59.042653815946935
50                                                1.4                                               200                                               1780                                              0.5891666666666666                                -54.45264149534614                                16.873151874530265
50                                                1.4                                               200                                               1780                                              0.59                                              -49.87489223582434                                -12.064253635008464
50                                                1.4                                               200                                               1780                                              0.5908333333333333                                -37.97278930215218                                -34.060500806206555
50                                                1.4                                               200                                               1780                                              0.5916666666666667                                -22.317501589629142                               -52.63742160638686
50                                                1.4                                               200                                               1780                                              0.5925                                            -6.9761021570979                                  -71.95467033551539
50                                                1.4                                               200                                               1780                                              0.5933333333333333                                5.027971358378399                                 -93.71041260591895
50                                                1.4                                               200                                               1780                                              0.5941666666666667                                12.4315962566804                                  -115.98278857314014
50                                                1.4                                               200                                               1780                                              0.595                                             16.998000750387472                                -130.7236231261429
50                                                1.4                                               200                                               1780                                              0.5958333333333333                                20.299292304262096                                -131.7277915723306
50                                                1.4                                               200                                               1780                                              0.5966666666666667                                22.830745046323322                                -116.96667907959232
50                                                1.4                                               200                                               1780                                              0.5975                                            24.780663149542384                                -86.85663223013427
50                                                1.4                                               200                                               1780                                              0.5983333333333334                                25.928312381801554                                -44.41546542068714
50                                                1.4                                               200                                               1780                                              0.5991666666666666                                26.10996439828449                                 6.081180925801624
50                                                1.4                                               200                                               1780                                              0.6                                               25.16446474202884                                 59.35218755583561
50                                                1.4                                               200                                               1780                                              0.6008333333333333                                23.1077933665404                                  110.0024163166512
50                                                1.4                                               200                                               1780                                              0.6016666666666667                                19.989764998043515                                152.7165307837109
50                                                1.4                                               200                                               1780                                              0.6025                                            14.990084418011639                                180.65878113588593
50                                                1.4                                               200                                               1780                                              0.6033333333333333                                3.001277310186215                                 177.89334895186684
50                                                1.4                                               200                                               1780                                              0.6041666666666666                                -24.96601893743448                                120.7209834703769
50                                                1.4                                               200                                               1780                                              0.605                                             -47.326047679196634                               59.19275815548746
50                                                1.4                                               200                                               1780                                              0.6058333333333333                                -54.3147586449419                                 17.19835842598596
50                                                1.4                                               200                                               1780                                              0.6066666666666667                                -49.77418111056353                                -11.826719252434161
50                                                1.4                                               200                                               1780                                              0.6075                                            -37.91878505888766                                -33.93312794102239
50                                                1.4                                               200                                               1780                                              0.6083333333333334                                -22.294038897591864                               -52.582083171311616
50                                                1.4                                               200                                               1780                                              0.6091666666666666                                -6.968022217719825                                -71.9356132213597
50                                                1.4                                               200                                               1780                                              0.61                                              5.030812678464885                                 -93.7037111495404
50                                                1.4                                               200                                               1780                                              0.6108333333333333                                12.43279602287869                                 -115.97995883886765
50                                                1.4                                               200                                               1780                                              0.6116666666666667                                16.998657022662332                                -130.72207526110486
50                                                1.4                                               200                                               1780                                              0.6125                                            20.29980876497142                                 -131.72657346285763
50                                                1.4                                               200                                               1780                                              0.6133333333333333                                22.83119320030712                                 -116.96562207640861
50                                                1.4                                               200                                               1780                                              0.6141666666666666                                24.781087102770762                                -86.85563230616505
50                                                1.4                                               200                                               1780                                              0.615                                             25.928712164753225                                -44.414522504042836
50                                                1.4                                               200                                               1780                                              0.6158333333333333                                26.11034081309688                                 6.082068727029438
50                                                1.4                                               200                                               1780                                              0.6166666666666667                                25.16481908941889                                 59.35302330947193
50                                                1.4                                               200                                               1780                                              0.6174999999999999                                23.10812692240867                                 110.00320303198828
50                                                1.4                                               200                                               1780                                              0.6183333333333334                                19.99011454093882                                 152.71735520558957
50                                                1.4                                               200                                               1780                                              0.6191666666666666                                14.99058631600776                                 180.6599648981574
50                                                1.4                                               200                                               1780                                              0.62                                              3.0025156766532555                                177.8962697276329
50                                                1.4                                               200                                               1780                                              0.6208333333333333                                -24.61963334819281                                121.53795862443118
50                                                1.4                                               200                                               1780                                              0.6216666666666667                                -47.38879205848465                                59.044771055191745
50                                                1.4                                               200                                               1780                                              0.6225                                            -54.45230228371403                                16.873951929395588
50                                                1.4                                               200                                               1780                                              0.6233333333333333                                -49.87480435188044                                -12.06404635445547
50                                                1.4                                               200                                               1780                                              0.6241666666666666                                -37.97278517705289                                -34.06049107686271
50                                                1.4                                               200                                               1780                                              0.625                                             -22.317514755698927                               -52.63745265950026
50                                                1.4                                               200                                               1780                                              0.6258333333333334                                -6.976108185840769                                -71.9546845547384
50                                                1.4                                               200                                               1780                                              0.6266666666666667                                5.027970443086928                                 -93.71041476469713
50                                                1.4                                               200                                               1780                                              0.6275                                            12.431596413509906                                -115.98278820325102
50                                                1.4                                               200                                               1780                                              0.6283333333333333                                16.998000923881666                                -130.72362271694206
50                                                1.4                                               200                                               1780                                              0.6291666666666667                                20.299292432259623                                -131.7277912704393
50                                                1.4                                               200                                               1780                                              0.63                                              22.830745154784047                                -116.96667882377923
50                                                1.4                                               200                                               1780                                              0.6308333333333334                                24.780663251287965                                -86.85663199016162
50                                                1.4                                               200                                               1780                                              0.6316666666666666                                25.92831247745581                                 -44.415465195081886
50                                                1.4                                               200                                               1780                                              0.6325000000000001                                26.10996448831468                                 6.081181138151467
50                                                1.4                                               200                                               1780                                              0.6333333333333333                                25.16446482677732                                 59.35218775571832
50                                                1.4                                               200                                               1780                                              0.6341666666666667                                23.107793446315295                                110.00241650479863
50                                                1.4                                               200                                               1780                                              0.635                                             19.98976508163624                                 152.71653098086406
50                                                1.4                                               200                                               1780                                              0.6358333333333334                                14.99008453805005                                 180.65878141900058
50                                                1.4                                               200                                               1780                                              0.6366666666666667                                3.001277606483628                                 177.89334965070617
50                                                1.4                                               200                                               1780                                              0.6375                                            -24.62137495005744                                121.53385093203332
50                                                1.4                                               200                                               1780                                              0.6383333333333333                                -47.389689522715884                               59.04265432169901
50                                                1.4                                               200                                               1780                                              0.6391666666666667                                -54.452641415036894                               16.87315206394923
50                                                1.4                                               200                                               1780                                              0.64                                              -49.87489221458126                                -12.064253584908137
50                                                1.4                                               200                                               1780                                              0.6408333333333334                                -37.97278930102186                                -34.06050080354412
50                                                1.4                                               200                                               1780                                              0.6416666666666666                                -22.31750159270819                                -52.63742161364762
50                                                1.4                                               200                                               1780                                              0.6425                                            -6.976102158515152                                -71.95467033885674
50                                                1.4                                               200                                               1780                                              0.6433333333333333                                5.027971358167222                                 -93.71041260641175
50                                                1.4                                               200                                               1780                                              0.6441666666666667                                12.431596256720878                                -115.98278857304689
50                                                1.4                                               200                                               1780                                              0.645                                             16.998000750430556                                -130.72362312604085
50                                                1.4                                               200                                               1780                                              0.6458333333333334                                20.299292304293978                                -131.72779157225543
50                                                1.4                                               200                                               1780                                              0.6466666666666667                                22.83074504635035                                 -116.96667907952744
50                                                1.4                                               200                                               1780                                              0.6475                                            24.780663149567715                                -86.85663223007234
50                                                1.4                                               200                                               1780                                              0.6483333333333333                                25.928312381825428                                -44.4154654206361
50                                                1.4                                               200                                               1780                                              0.6491666666666667                                26.10996439830704                                 6.081180925858325
50                                                1.4                                               200                                               1780                                              0.65                                              25.164464742050054                                59.35218755588935
50                                                1.4                                               200                                               1780                                              0.6508333333333334                                23.107793366560678                                110.00241631669284
50                                                1.4                                               200                                               1780                                              0.6516666666666666                                19.989764998065233                                152.716530783761
50                                                1.4                                               200                                               1780                                              0.6525                                            14.990084418043834                                180.65878113595508
50                                                1.4                                               200                                               1780                                              0.6533333333333333                                3.001277310265968                                 177.89334895205448
50                                                1.4                                               200                                               1780                                              0.6541666666666667                                -24.62137536652531                                121.53384994976409
50                                                1.4                                               200                                               1780                                              0.655                                             -47.38968973714664                                59.04265381594678
50                                                1.4                                               200                                               1780                                              0.6558333333333333                                -54.45264149534622                                16.873151874530166
50                                                1.4                                               200                                               1780                                              0.6566666666666667                                -49.87489223582441                                -12.064253635008484
50                                                1.4                                               200                                               1780                                              0.6575                                            -37.97278930215161                                -34.0605008062099
50                                                1.4                                               200                                               1780                                              0.6583333333333333                                -22.31750158962931                                -52.637421606382
50                                                1.4                                               200                                               1780                                              0.6591666666666667                                -6.976102157098294                                -71.95467033551614
50                                                1.4                                               200                                               1780                                              0.66                                              5.02797135837816                                  -93.71041260591939
50                                                1.4                                               200                                               1780                                              0.6608333333333334                                12.431596256680377                                -115.98278857314313
50                                                1.4                                               200                                               1780                                              0.6616666666666666                                16.998000750387494                                -130.7236231261428
50                                                1.4                                               200                                               1780                                              0.6625                                            20.299292304262117                                -131.72779157233055
50                                                1.4                                               200                                               1780                                              0.6633333333333333                                22.83074504632335                                 -116.96667907959232
50                                                1.4                                               200                                               1780                                              0.6641666666666667                                24.78066314954241                                 -86.8566322301343
50                                                1.4                                               200                                               1780                                              0.665                                             25.928312381801643                                -44.41546542069122
50                                                1.4                                               200                                               1780                                              0.6658333333333333                                26.10996439828459                                 6.081180925801691
50                                                1.4                                               200                                               1780                                              0.6666666666666666                                25.16446474202894                                 59.35218755583569
50                                                1.4                                               200                                               1780                                              0.6675                                            23.107793366540495                                110.00241631665126
50                                                1.4                                               200                                               1780                                              0.6683333333333333                                19.989764998043622                                152.716530783711
50                                                1.4                                               200                                               1780                                              0.6691666666666667                                14.990084418011794                                180.65878113588622
50                                                1.4                                               200                                               1780                                              0.6699999999999999                                3.001277310186613                                 177.8933489518677
50                                                1.4                                               200                                               1780                                              0.6708333333333334                                -24.966018937439618                               120.72098347036477
50                                                1.4                                               200                                               1780                                              0.6716666666666666                                -47.32604767919888                                59.19275815547902
50                                                1.4                                               200                                               1780                                              0.6725                                            -54.31475864494257                                17.198358425984445
50                                                1.4                                               200                                               1780                                              0.6733333333333333                                -49.77418111056419                                -11.82671925243147
50                                                1.4                                               200                                               1780                                              0.6741666666666667                                -37.91878505888807                                -33.9331279410232
50                                                1.4                                               200                                               1780                                              0.675                                             -22.29403889759208                                -52.58208317131194
50                                                1.4                                               200                                               1780                                              0.6758333333333333                                -6.96802221771992                                 -71.93561322135974
50                                                1.4                                               200                                               1780                                              0.6766666666666666                                5.030812678464847                                 -93.70371114954034
50                                                1.4                                               200                                               1780                                              0.6775                                            12.432796022878591                                -115.97995883886477
50                                                1.4                                               200                                               1780                                              0.6783333333333333                                16.99865702266225                                 -130.722075261105
50                                                1.4                                               200                                               1780                                              0.6791666666666667                                20.299808764971353                                -131.72657346285777
50                                                1.4                                               200                                               1780                                              0.6799999999999999                                22.831193200307062                                -116.96562207640878
50                                                1.4                                               200                                               1780                                              0.6808333333333333                                24.781087102770755                                -86.85563230616816
50                                                1.4                                               200                                               1780                                              0.6816666666666666                                25.928712164753232                                -44.41452250404296
50                                                1.4                                               200                                               1780                                              0.6825                                            26.110340813096894                                6.082068727029304
50                                                1.4                                               200                                               1780                                              0.6833333333333333                                25.1648190894189                                  59.35302330946665
50                                                1.4                                               200                                               1780                                              0.6841666666666667                                23.108126922408434                                110.00320303198754
50                                                1.4                                               200                                               1780                                              0.685                                             19.990114540937967                                152.71735520559977
50                                                1.4                                               200                                               1780                                              0.6858333333333333                                14.990586316006466                                180.65996489815126
50                                                1.4                                               200                                               1780                                              0.6866666666666666                                3.0025156766500043                                177.89626972762514
50                                                1.4                                               200                                               1780                                              0.6875                                            -24.964321888137494                               120.72498608236164
50                                                1.4                                               200                                               1780                                              0.6883333333333334                                -47.325183352425164                               59.194796731913684
50                                                1.4                                               200                                               1780                                              0.6891666666666667                                -54.31443793145731                                17.19911485164685
50                                                1.4                                               200                                               1780                                              0.69                                              -49.774097908660565                               -11.826523014799783
50                                                1.4                                               200                                               1780                                              0.6908333333333333                                -37.91878187660304                                -33.933120435372985
50                                                1.4                                               200                                               1780                                              0.6916666666666667                                -22.294051930616153                               -52.582113910621175
50                                                1.4                                               200                                               1780                                              0.6925                                            -6.968028147974219                                -71.93562720828442
50                                                1.4                                               200                                               1780                                              0.6933333333333334                                5.030811753732608                                 -93.7037133305884
50                                                1.4                                               200                                               1780                                              0.6941666666666666                                12.432796156033755                                -115.97995852480952
50                                                1.4                                               200                                               1780                                              0.6950000000000001                                16.99865718007985                                 -130.72207488982318
50                                                1.4                                               200                                               1780                                              0.6958333333333333                                20.29980888063384                                 -131.72657319005955
50                                                1.4                                               200                                               1780                                              0.6966666666666667                                22.831193298167687                                -116.96562184559869
50                                                1.4                                               200                                               1780                                              0.6975                                            24.781087194520804                                -86.85563208976536
50                                                1.4                                               200                                               1780                                              0.6983333333333334                                25.92871225099273                                 -44.414522300644066
50                                                1.4                                               200                                               1780                                              0.6991666666666667                                26.110340894263906                                6.082068918463828
50                                                1.4                                               200                                               1780                                              0.7                                               25.1648191658241                                  59.3530234896699
50                                                1.4                                               200                                               1780                                              0.7008333333333333                                23.10812699432965                                 110.0032032016152
50                                                1.4                                               200                                               1780                                              0.7016666666666667                                19.99011461630012                                 152.71735538333544
50                                                1.4                                               200                                               1780                                              0.7025                                            14.990586424219805                                180.65996515337787
50                                                1.4                                               200                                               1780                                              0.7033333333333334                                3.002515943772065                                 177.89627035765358
50                                                1.4                                               200                                               1780                                              0.7041666666666666                                -24.619632972633184                               121.53795951021539
50                                                1.4                                               200                                               1780                                              0.7050000000000001                                -47.388791865112935                               59.044771511272415
50                                                1.4                                               200                                               1780                                              0.7058333333333333                                -54.45230221128953                                16.87395210021027
50                                                1.4                                               200                                               1780                                              0.7066666666666667                                -49.87480433272331                                -12.06404630926464
50                                                1.4                                               200                                               1780                                              0.7075                                            -37.9727851760334                                 -34.06049107446401
50                                                1.4                                               200                                               1780                                              0.7083333333333333                                -22.31751475847525                                -52.63745266604946
50                                                1.4                                               200                                               1780                                              0.7091666666666667                                -6.976108187118817                                -71.95468455774892
50                                                1.4                                               200                                               1780                                              0.71                                              5.027970442896914                                 -93.71041476515026
50                                                1.4                                               200                                               1780                                              0.7108333333333333                                12.431596413546531                                -115.98278820315926
50                                                1.4                                               200                                               1780                                              0.7116666666666667                                16.998000923920575                                -130.72362271685222
50                                                1.4                                               200                                               1780                                              0.7124999999999999                                20.299292432288414                                -131.72779127037143
50                                                1.4                                               200                                               1780                                              0.7133333333333334                                22.830745154808493                                -116.96667882372279
50                                                1.4                                               200                                               1780                                              0.7141666666666666                                24.780663251310862                                -86.85663199010396
50                                                1.4                                               200                                               1780                                              0.715                                             25.928312477477423                                -44.4154651950383
50                                                1.4                                               200                                               1780                                              0.7158333333333333                                26.109964488335123                                6.08118113819098
50                                                1.4                                               200                                               1780                                              0.7166666666666667                                25.164464826796504                                59.352187755769734
50                                                1.4                                               200                                               1780                                              0.7175                                            23.107793446333396                                110.00241650483747
50                                                1.4                                               200                                               1780                                              0.7183333333333333                                19.98976508165514                                 152.71653098091363
50                                                1.4                                               200                                               1780                                              0.7191666666666667                                14.990084538077284                                180.65878141905944
50                                                1.4                                               200                                               1780                                              0.72                                              3.001277606551                                    177.89334965086385
50                                                1.4                                               200                                               1780                                              0.7208333333333333                                -24.621374949962675                               121.53385093225683
50                                                1.4                                               200                                               1780                                              0.7216666666666667                                -47.38968952266819                                59.04265432181115
50                                                1.4                                               200                                               1780                                              0.7224999999999999                                -54.45264141501855                                16.87315206398883
50                                                1.4                                               200                                               1780                                              0.7233333333333334                                -49.874892214577145                               -12.064253584891034
50                                                1.4                                               200                                               1780                                              0.7241666666666666                                -37.97278930102271                                -34.06050080354228
50                                                1.4                                               200                                               1780                                              0.725                                             -22.31750159271011                                -52.637421613648094
50                                                1.4                                               200                                               1780                                              0.7258333333333333                                -6.976102158516504                                -71.95467033885609
50                                                1.4                                               200                                               1780                                              0.7266666666666667                                5.027971358166883                                 -93.71041260641752
50                                                1.4                                               200                                               1780                                              0.7275                                            12.431596256720859                                -115.98278857304753
50                                                1.4                                               200                                               1780                                              0.7283333333333333                                16.998000750430563                                -130.7236231260396
50                                                1.4                                               200                                               1780                                              0.7291666666666667                                20.29929230429397                                 -131.72779157225543
50                                                1.4                                               200                                               1780                                              0.73                                              22.830745046350344                                -116.96667907952711
50                                                1.4                                               200                                               1780                                              0.7308333333333333                                24.780663149567737                                -86.85663223007467
50                                                1.4                                               200                                               1780                                              0.7316666666666667                                25.928312381825453                                -44.41546542063517
50                                                1.4                                               200                                               1780                                              0.7324999999999999                                26.10996439830705                                 6.081180925849632
50                                                1.4                                               200                                               1780                                              0.7333333333333334                                25.16446474204992                                 59.35218755589519
50                                                1.4                                               200                                               1780                                              0.7341666666666666                                23.107793366560518                                110.00241631669348
50                                                1.4                                               200                                               1780                                              0.735                                             19.989764998065105                                152.71653078375743
50                                                1.4                                               200                                               1780                                              0.7358333333333333                                14.990084418043649                                180.65878113595525
50                                                1.4                                               200                                               1780                                              0.7366666666666666                                3.001277310265607                                 177.8933489520524
50                                                1.4                                               200                                               1780                                              0.7375                                            -24.621375366525708                               121.53384994976314
50                                                1.4                                               200                                               1780                                              0.7383333333333333                                -47.38968973714497                                59.04265381595356
50                                                1.4                                               200                                               1780                                              0.7391666666666666                                -54.45264149534603                                16.873151874533036
50                                                1.4                                               200                                               1780                                              0.74                                              -49.8748922358245                                 -12.064253635009532
50                                                1.4                                               200                                               1780                                              0.7408333333333333                                -37.972789302152854                               -34.06050080620412
50                                                1.4                                               200                                               1780                                              0.7416666666666667                                -22.317501589629522                               -52.63742160638866
50                                                1.4                                               200                                               1780                                              0.7424999999999999                                -6.976102157097918                                -71.95467033551627
50                                                1.4                                               200                                               1780                                              0.7433333333333334                                5.027971358378284                                 -93.71041260591578
50                                                1.4                                               200                                               1780                                              0.7441666666666666                                12.431596256680486                                -115.98278857314648
50                                                1.4                                               200                                               1780                                              0.745                                             16.99800075038753                                 -130.7236231261399
50                                                1.4                                               200                                               1780                                              0.7458333333333333                                20.29929230426213                                 -131.72779157233052
50                                                1.4                                               200                                               1780                                              0.7466666666666666                                22.830745046323358                                -116.96667907959196
50                                                1.4                                               200                                               1780                                              0.7475                                            24.78066314954245                                 -86.85663223013661
50                                                1.4                                               200                                               1780                                              0.7483333333333333                                25.928312381801625                                -44.41546542068627
50                                                1.4                                               200                                               1780                                              0.7491666666666666                                26.109964398284614                                6.081180925802748
50                                                1.4                                               200                                               1780                                              0.75                                              25.16446474202897                                 59.352187555831705
50                                                1.4                                               200                                               1780                                              0.7508333333333332                                23.107793366540893                                110.00241631664352
50                                                1.4                                               200                                               1780                                              0.7516666666666667                                19.989764998044627                                152.716530783706
50                                                1.4                                               200                                               1780                                              0.7525                                            14.990084418014206                                180.6587811358895
50                                                1.4                                               200                                               1780                                              0.7533333333333333                                3.001277310192973                                 177.89334895187986
50                                                1.4                                               200                                               1780                                              0.7541666666666667                                -24.621375366627714                               121.53384994952258
50                                                1.4                                               200                                               1780                                              0.755                                             -47.38968973719824                                59.04265381582594
50                                                1.4                                               200                                               1780                                              0.7558333333333334                                -54.452641495366144                               16.873151874487842
50                                                1.4                                               200                                               1780                                              0.7566666666666666                                -49.874892235829215                               -12.064253635025787
50                                                1.4                                               200                                               1780                                              0.7575000000000001                                -37.97278930215314                                -34.0605008062011
50                                                1.4                                               200                                               1780                                              0.7583333333333333                                -22.317501589629344                               -52.63742160638436
50                                                1.4                                               200                                               1780                                              0.7591666666666667                                -6.9761021570983335                               -71.95467033551357
50                                                1.4                                               200                                               1780                                              0.76                                              5.027971358377723                                 -93.71041260591399
50                                                1.4                                               200                                               1780                                              0.7608333333333333                                12.431596256680091                                -115.98278857314513
50                                                1.4                                               200                                               1780                                              0.7616666666666667                                16.998000750387273                                -130.72362312613927
50                                                1.4                                               200                                               1780                                              0.7625                                            20.29929230426193                                 -131.72779157233103
50                                                1.4                                               200                                               1780                                              0.7633333333333333                                22.830745046323187                                -116.96667907959359
50                                                1.4                                               200                                               1780                                              0.7641666666666667                                24.78066314954233                                 -86.85663223013917
50                                                1.4                                               200                                               1780                                              0.765                                             25.928312381801565                                -44.41546542068954
50                                                1.4                                               200                                               1780                                              0.7658333333333334                                26.109964398284554                                6.081180925808629
50                                                1.4                                               200                                               1780                                              0.7666666666666666                                25.164464742029015                                59.352187555827925
50                                                1.4                                               200                                               1780                                              0.7675000000000001                                23.107793366541003                                110.00241631664008
50                                                1.4                                               200                                               1780                                              0.7683333333333333                                19.98976499804469                                 152.71653078371128
50                                                1.4                                               200                                               1780                                              0.7691666666666667                                14.99008441801432                                 180.65878113588752
50                                                1.4                                               200                                               1780                                              0.77                                              3.001277310193154                                 177.89334895188227
50                                                1.4                                               200                                               1780                                              0.7708333333333333                                -24.621375366627618                               121.5338499495228
50                                                1.4                                               200                                               1780                                              0.7716666666666667                                -47.38968973720123                                59.04265381581692
50                                                1.4                                               200                                               1780                                              0.7725                                            -54.45264149536671                                16.87315187448278
50                                                1.4                                               200                                               1780                                              0.7733333333333333                                -49.87489223582946                                -12.064253635023292
50                                                1.4                                               200                                               1780                                              0.7741666666666667                                -37.972789302152435                               -34.060500806205475
50                                                1.4                                               200                                               1780                                              0.7749999999999999                                -22.317501589629217                               -52.63742160638019
50                                                1.4                                               200                                               1780                                              0.7758333333333334                                -6.97610215709881                                 -71.95467033551101
50                                                1.4                                               200                                               1780                                              0.7766666666666666                                5.027971358377608                                 -93.71041260591939
50                                                1.4                                               200                                               1780                                              0.7775                                            12.431596256680049                                -115.98278857314295
50                                                1.4                                               200                                               1780                                              0.7783333333333333                                16.998000750387277                                -130.72362312614126
50                                                1.4                                               200                                               1780                                              0.7791666666666667                                20.299292304261943                                -131.72779157233097
50                                                1.4                                               200                                               1780                                              0.78                                              22.83074504632318                                 -116.96667907959164
50                                                1.4                                               200                                               1780                                              0.7808333333333333                                24.780663149542264                                -86.85663223013559
50                                                1.4                                               200                                               1780                                              0.7816666666666667                                25.928312381801515                                -44.41546542069281
50                                                1.4                                               200                                               1780                                              0.7825                                            26.10996439828447                                 6.081180925804747
50                                                1.4                                               200                                               1780                                              0.7833333333333333                                25.164464742028798                                59.352187555833765
50                                                1.4                                               200                                               1780                                              0.7841666666666667                                23.107793366540303                                110.00241631665416
50                                                1.4                                               200                                               1780                                              0.7849999999999999                                19.98976499804389                                 152.71653078370622
50                                                1.4                                               200                                               1780                                              0.7858333333333334                                14.990084418013186                                180.65878113588258
50                                                1.4                                               200                                               1780                                              0.7866666666666666                                3.0012773101902424                                177.89334895187739
50                                                1.4                                               200                                               1780                                              0.7875                                            -24.96601893742887                                120.72098347039012
50                                                1.4                                               200                                               1780                                              0.7883333333333333                                -47.3260476791937                                 59.192758155493344
50                                                1.4                                               200                                               1780                                              0.7891666666666667                                -54.314758644940916                               17.198358425989337
50                                                1.4                                               200                                               1780                                              0.79                                              -49.774181110564086                               -11.826719252429935
50                                                1.4                                               200                                               1780                                              0.7908333333333333                                -37.91878505888788                                -33.93312794102609
50                                                1.4                                               200                                               1780                                              0.7916666666666666                                -22.294038897593392                               -52.58208317130326
50                                                1.4                                               200                                               1780                                              0.7925                                            -6.968022217721662                                -71.93561322135751
50                                                1.4                                               200                                               1780                                              0.7933333333333333                                5.030812678463766                                 -93.7037111495416
50                                                1.4                                               200                                               1780                                              0.7941666666666667                                12.432796022878076                                -115.97995883886506
50                                                1.4                                               200                                               1780                                              0.7949999999999999                                16.998657022661998                                -130.72207526110668
50                                                1.4                                               200                                               1780                                              0.7958333333333334                                20.29980876497118                                 -131.72657346285817
50                                                1.4                                               200                                               1780                                              0.7966666666666666                                22.8311932003069                                  -116.96562207640808
50                                                1.4                                               200                                               1780                                              0.7975                                            24.78108710277056                                 -86.85563230616653
50                                                1.4                                               200                                               1780                                              0.7983333333333333                                25.928712164753115                                -44.41452250404864
50                                                1.4                                               200                                               1780                                              0.7991666666666666                                26.110340813096876                                6.082068727022902
50                                                1.4                                               200                                               1780                                              0.8                                               25.164819089418803                                59.353023309469954
50                                                1.4                                               200                                               1780                                              0.8008333333333333                                23.108126922408523                                110.0032030319911
50                                                1.4                                               200                                               1780                                              0.8016666666666666                                19.99011454093867                                 152.7173552055878
50                                                1.4                                               200                                               1780                                              0.8025                                            14.99058631600772                                 180.6599648981503
50                                                1.4                                               200                                               1780                                              0.8033333333333333                                3.002515676653256                                 177.89626972763395
50                                                1.4                                               200                                               1780                                              0.8041666666666667                                -24.619633348192856                               121.53795862443108
50                                                1.4                                               200                                               1780                                              0.8049999999999999                                -47.388792058484064                               59.04477105519684
50                                                1.4                                               200                                               1780                                              0.8058333333333334                                -54.45230228371456                                16.873951929398334
50                                                1.4                                               200                                               1780                                              0.8066666666666666                                -49.874804351881195                               -12.064046354455835
50                                                1.4                                               200                                               1780                                              0.8075                                            -37.972785177052984                               -34.060491076866114
50                                                1.4                                               200                                               1780                                              0.8083333333333333                                -22.317514755699065                               -52.637452659498805
50                                                1.4                                               200                                               1780                                              0.8091666666666666                                -6.976108185841431                                -71.95468455473345
50                                                1.4                                               200                                               1780                                              0.81                                              5.027970443086153                                 -93.7104147646934
50                                                1.4                                               200                                               1780                                              0.8108333333333333                                12.43159641350943                                 -115.98278820325112
50                                                1.4                                               200                                               1780                                              0.8116666666666666                                16.998000923881413                                -130.7236227169437
50                                                1.4                                               200                                               1780                                              0.8125                                            20.29929243225945                                 -131.72779127043972
50                                                1.4                                               200                                               1780                                              0.8133333333333332                                22.83074515478393                                 -116.96667882378159
50                                                1.4                                               200                                               1780                                              0.8141666666666667                                24.780663251287926                                -86.85663199016571
50                                                1.4                                               200                                               1780                                              0.815                                             25.928312477455815                                -44.41546519508331
50                                                1.4                                               200                                               1780                                              0.8158333333333333                                26.109964488314656                                6.081181138149717
50                                                1.4                                               200                                               1780                                              0.8166666666666667                                25.164464826777248                                59.35218775572151
50                                                1.4                                               200                                               1780                                              0.8175                                            23.107793446314947                                110.00241650480099
50                                                1.4                                               200                                               1780                                              0.8183333333333334                                19.989765081635255                                152.71653098087268
50                                                1.4                                               200                                               1780                                              0.8191666666666666                                14.990084538048528                                180.65878141899594
50                                                1.4                                               200                                               1780                                              0.8200000000000001                                3.0012776064799063                                177.89334965069528
50                                                1.4                                               200                                               1780                                              0.8208333333333333                                -24.966018531053287                               120.72098442885597
50                                                1.4                                               200                                               1780                                              0.8216666666666667                                -47.326047472643495                               59.192758642659136
50                                                1.4                                               200                                               1780                                              0.8225                                            -54.314758568329275                               17.19835860668195
50                                                1.4                                               200                                               1780                                              0.8233333333333333                                -49.77418109070638                                -11.826719205596117
50                                                1.4                                               200                                               1780                                              0.8241666666666667                                -37.91878505814286                                -33.933127939261546
50                                                1.4                                               200                                               1780                                              0.825                                             -22.294038900713684                               -52.582083178675354
50                                                1.4                                               200                                               1780                                              0.8258333333333333                                -6.968022219140604                                -71.93561322469681
50                                                1.4                                               200                                               1780                                              0.8266666666666667                                5.030812678242244                                 -93.70371115006608
50                                                1.4                                               200                                               1780                                              0.8275                                            12.43279602290972                                 -115.97995883879187
50                                                1.4                                               200                                               1780                                              0.8283333333333334                                16.998657022699547                                -130.72207526101886
50                                                1.4                                               200                                               1780                                              0.8291666666666666                                20.29980876499877                                 -131.7265734627931
50                                                1.4                                               200                                               1780                                              0.83                                              22.831193200330326                                -116.96562207635837
50                                                1.4                                               200                                               1780                                              0.8308333333333333                                24.781087102792537                                -86.85563230611329
50                                                1.4                                               200                                               1780                                              0.8316666666666667                                25.92871216477374                                 -44.414522503998015
50                                                1.4                                               200                                               1780                                              0.8325                                            26.110340813116274                                6.082068727071007
50                                                1.4                                               200                                               1780                                              0.8333333333333333                                25.164819089437362                                59.353023309505986
