% Model:              Barra I_BASE.mph
% Version:            COMSOL 6.2.0.290
% Date:               May 1 2026, 22:28
% Table:              Table 19 - Global Evaluation 2
% H (cm)                 W (cm)                   N_DC                     N_AC                     Time (s)                 Medidores Magneticos - Centro Nucleo, Campo B (T) Medidores Magneticos - Centro Nucleo, Permeabilidade Relativa (1)
25                       2.5                      350                      5000                     0                        0.00001666067180012277                            1199.999269151538
25                       2.5                      350                      5000                     0.5                      1.868594809486725                                 52.187467789513
25                       2.5                      350                      5000                     1                        2.213281996561928                                 8.848873875817445
25                       2.5                      350                      5000                     1.5                      2.0507910942896097                                18.821466479589535
25                       2.5                      350                      5000                     2                        1.4310419220596449                                262.7932082264364
25                       2.6                      350                      5000                     0                        0.00001604125499298844                            1199.9992691522173
25                       2.6                      350                      5000                     0.5                      1.8396125909359815                                58.32300628931657
25                       2.6                      350                      5000                     1                        2.205732616276641                                 9.09266990095626
25                       2.6                      350                      5000                     1.5                      2.038605888790192                                 20.12956199409864
25                       2.6                      350                      5000                     2                        1.3837008989435742                                304.4294046468871
25                       2.7                      350                      5000                     0                        0.00001546668478215788                            1199.9992691526556
25                       2.7                      350                      5000                     0.5                      1.794125503973196                                 71.44608329827231
25                       2.7                      350                      5000                     1                        2.198088891317885                                 9.353188586383432
25                       2.7                      350                      5000                     1.5                      2.026104414390382                                 21.69537982293146
25                       2.7                      350                      5000                     2                        1.339209001849881                                 354.8069497603616
25                       2.8                      350                      5000                     0                        0.00001493211741087640                            1199.9992691476004
25                       2.8                      350                      5000                     0.5                      1.756450173798002                                 82.67133234149252
25                       2.8                      350                      5000                     1                        2.1903017635051305                                9.629102515262682
25                       2.8                      350                      5000                     1.5                      2.013090564527606                                 23.633348168678303
25                       2.8                      350                      5000                     2                        1.2967797972079016                                423.1527345329026
25                       2.9                      350                      5000                     0                        0.00001443363690210434                            1199.999269154445
25                       2.9                      350                      5000                     0.5                      1.718274524740618                                 99.1535415117813
25                       2.9                      350                      5000                     1                        2.1824748272214594                                9.925501630573658
25                       2.9                      350                      5000                     1.5                      1.998703438797771                                 26.14399331547752
25                       2.9                      350                      5000                     2                        1.2560198169305887                                469.29857392303177
25                       3                        350                      5000                     0                        0.00001396730425640135                            1199.9992691481873
25                       3                        350                      5000                     0.5                      1.6783987780283458                                117.56570473868474
25                       3                        350                      5000                     1                        2.1746062352265723                                10.244820056320876
25                       3                        350                      5000                     1.5                      1.9795651206596954                                28.49738300249623
25                       3                        350                      5000                     2                        1.2175610462738222                                527.0591743587237
25                       3.1000000000000005       350                      5000                     0                        0.00001353108344137504                            1199.999269149348
25                       3.1000000000000005       350                      5000                     0.5                      1.6375955188342253                                135.89271672158057
25                       3.1000000000000005       350                      5000                     1                        2.1667099070853206                                10.589178239696306
25                       3.1000000000000005       350                      5000                     1.5                      1.9606410351940269                                31.34118055703621
25                       3.1000000000000005       350                      5000                     2                        1.181290555463867                                 592.7439960642753
25                       3.2                      350                      5000                     0                        0.00001312133733397836                            1199.9992691457915
25                       3.2                      350                      5000                     0.5                      1.5978227393682758                                160.89685285490262
25                       3.2                      350                      5000                     1                        2.15886084082013                                  10.957973303464625
25                       3.2                      350                      5000                     1.5                      1.9413422147503745                                34.97007019401008
25                       3.2                      350                      5000                     2                        1.147045243921202                                 667.4772667065756
25                       3.3000000000000003       350                      5000                     0                        0.00001273556507386406                            1199.9992691532009
25                       3.3000000000000003       350                      5000                     0.5                      1.557727578196679                                 179.98065609475995
25                       3.3000000000000003       350                      5000                     1                        2.150866183777587                                 11.364066610263407
25                       3.3000000000000003       350                      5000                     1.5                      1.9213463331700107                                39.8484046334834
25                       3.3000000000000003       350                      5000                     2                        1.1146506463609245                                764.0508932623785
25                       3.4000000000000004       350                      5000                     0                        0.00001237137086954017                            1199.9992691505531
25                       3.4000000000000004       350                      5000                     0.5                      1.5193593064351871                                204.37528000106948
25                       3.4000000000000004       350                      5000                     1                        2.1426152379607037                                11.819559106752035
25                       3.4000000000000004       350                      5000                     1.5                      1.8996118765931664                                47.05688650625865
25                       3.4000000000000004       350                      5000                     2                        1.0836612454033463                                861.1157302588049
25                       3.5000000000000004       350                      5000                     0                        0.00001202911864575179                            1199.9992691481345
25                       3.5000000000000004       350                      5000                     0.5                      1.4819424168008768                                229.44790486508842
25                       3.5000000000000004       350                      5000                     1                        2.134384120126376                                 12.31581598831323
25                       3.5000000000000004       350                      5000                     1.5                      1.8718328463483396                                51.59153035753747
25                       3.5000000000000004       350                      5000                     2                        1.0543263588385798                                950.3741357337152
26                       2.5                      350                      5000                     0                        0.00001640233428219265                            1199.9992691545626
26                       2.5                      350                      5000                     0.5                      1.8557870505302547                                54.70867616714056
26                       2.5                      350                      5000                     1                        2.199929122295908                                 9.290553210468367
26                       2.5                      350                      5000                     1.5                      2.035101428273326                                 20.543352958427384
26                       2.5                      350                      5000                     2                        1.3636148208921255                                324.8816469692491
26                       2.6                      350                      5000                     0                        0.00001579146115525330                            1199.9992691523516
26                       2.6                      350                      5000                     0.5                      1.8186032579015836                                63.92037035265502
26                       2.6                      350                      5000                     1                        2.192432889812723                                 9.551790048106685
26                       2.6                      350                      5000                     1.5                      2.022925411193684                                 22.13664726675634
26                       2.6                      350                      5000                     2                        1.3181704783209027                                386.5589517591784
26                       2.7                      350                      5000                     0                        0.00001522459328001368                            1199.9992691475259
26                       2.7                      350                      5000                     0.5                      1.7734916980099094                                77.12640717655047
26                       2.7                      350                      5000                     1                        2.184896220614584                                 9.831645210579353
26                       2.7                      350                      5000                     1.5                      2.0101947878315234                                24.116492084716864
26                       2.7                      350                      5000                     2                        1.2743643955591322                                446.97493690659286
26                       2.8                      350                      5000                     0                        0.00001469753719685169                            1199.999269146921
26                       2.8                      350                      5000                     0.5                      1.7355237958036014                                90.86904660870384
26                       2.8                      350                      5000                     1                        2.1773196155145387                                10.132148637379633
26                       2.8                      350                      5000                     1.5                      1.9954060591071598                                26.51830931800049
26                       2.8                      350                      5000                     2                        1.2329521482396155                                501.8763860789388
26                       2.9                      350                      5000                     0                        0.00001420632810156518                            1199.9992691521193
26                       2.9                      350                      5000                     0.5                      1.696815362636749                                 111.04235818335766
26                       2.9                      350                      5000                     1                        2.1697004325570894                                10.4557752737563
26                       2.9                      350                      5000                     1.5                      1.9764765654830536                                28.922259219305378
26                       2.9                      350                      5000                     2                        1.1938876416200468                                570.1820217768558
26                       3                        350                      5000                     0                        0.00001374673072827792                            1199.9992691545656
26                       3                        350                      5000                     0.5                      1.650853875123321                                 129.2372273101599
26                       3                        350                      5000                     1                        2.16212795044702                                  10.80106194314177
26                       3                        350                      5000                     1.5                      1.9578356430124169                                31.817092308722476
26                       3                        350                      5000                     2                        1.157141089982249                                 643.0755252558932
26                       3.1000000000000005       350                      5000                     0                        0.00001331664826457225                            1199.9992691530283
26                       3.1000000000000005       350                      5000                     0.5                      1.6150392409867667                                149.2598632529806
26                       3.1000000000000005       350                      5000                     1                        2.154302935095874                                 11.185493165717805
26                       3.1000000000000005       350                      5000                     1.5                      1.9388154609789525                                35.5145203587293
26                       3.1000000000000005       350                      5000                     2                        1.122528088570102                                 737.5353298977706
26                       3.2                      350                      5000                     0                        0.00001291260735611901                            1199.9992691553216
26                       3.2                      350                      5000                     0.5                      1.574378473117499                                 171.4117940226015
26                       3.2                      350                      5000                     1                        2.146687800415394                                 11.589821171954286
26                       3.2                      350                      5000                     1.5                      1.9190131235383387                                40.515571381460205
26                       3.2                      350                      5000                     2                        1.0895798001882246                                845.6107123684432
26                       3.3000000000000003       350                      5000                     0                        0.00001253228581634555                            1199.9992691511966
26                       3.3000000000000003       350                      5000                     0.5                      1.5347507583803501                                193.6864879984718
26                       3.3000000000000003       350                      5000                     1                        2.13866571480185                                  12.052112154062119
26                       3.3000000000000003       350                      5000                     1.5                      1.8970073380844203                                47.44267179917188
26                       3.3000000000000003       350                      5000                     2                        1.058332523086885                                 936.7957466439644
26                       3.4000000000000004       350                      5000                     0                        0.00001217413414181859                            1199.9992691465775
26                       3.4000000000000004       350                      5000                     0.5                      1.4963854291882208                                221.81047468361712
26                       3.4000000000000004       350                      5000                     1                        2.1306726383771006                                12.554834887365892
26                       3.4000000000000004       350                      5000                     1.5                      1.8688963455345644                                52.13130351698953
26                       3.4000000000000004       350                      5000                     2                        1.0288351620803655                                1049.9894457338457
26                       3.5000000000000004       350                      5000                     0                        0.00001183535984838658                            1199.9992691450943
26                       3.5000000000000004       350                      5000                     0.5                      1.4588617842033107                                243.17247878567343
26                       3.5000000000000004       350                      5000                     1                        2.1225838057204367                                13.112536655707315
26                       3.5000000000000004       350                      5000                     1.5                      1.8370684629309175                                58.94174397773843
26                       3.5000000000000004       350                      5000                     2                        1.0007711206900332                                1195.304391549053
27                       2.5                      350                      5000                     0                        0.00001615089588358550                            1199.9992691512416
27                       2.5                      350                      5000                     0.5                      1.8308164557287996                                60.52729421004934
27                       2.5                      350                      5000                     1                        2.1873458371610877                                9.738689392495917
27                       2.5                      350                      5000                     1.5                      2.0205643262417112                                22.47712218629289
27                       2.5                      350                      5000                     2                        1.3008575433064018                                418.26993477252535
27                       2.6                      350                      5000                     0                        0.00001554819192288568                            1199.9992691465018
27                       2.6                      350                      5000                     0.5                      1.7911478257897118                                72.20595303621243
27                       2.6                      350                      5000                     1                        2.1800410355795097                                10.021878117279673
27                       2.6                      350                      5000                     1.5                      2.0081392866268373                                24.47249342249849
27                       2.6                      350                      5000                     2                        1.2557087037241847                                469.7023307946677
27                       2.7                      350                      5000                     0                        0.00001498985240086664                            1199.9992691464727
27                       2.7                      350                      5000                     0.5                      1.753531755376641                                 83.71375552278153
27                       2.7                      350                      5000                     1                        2.172686627057646                                 10.326230674316127
27                       2.7                      350                      5000                     1.5                      1.9931512919938994                                26.781237989196203
27                       2.7                      350                      5000                     2                        1.2133723310777542                                534.4756613055217
27                       2.8                      350                      5000                     0                        0.00001446975562475498                            1199.9992691526052
27                       2.8                      350                      5000                     0.5                      1.7150787896366917                                100.87775886523649
27                       2.8                      350                      5000                     1                        2.16529481215177                                  10.65362893719362
27                       2.8                      350                      5000                     1.5                      1.9744864004748262                                29.20354147160194
27                       2.8                      350                      5000                     2                        1.173622447969014                                 607.6327339349324
27                       2.9                      350                      5000                     0                        0.00001398552075976690                            1199.9992691508853
27                       2.9                      350                      5000                     0.5                      1.6745583678920064                                119.04341732681746
27                       2.9                      350                      5000                     1                        2.1578677451994306                                11.006673187752188
27                       2.9                      350                      5000                     1.5                      1.9561868281130455                                32.10426283123691
27                       2.9                      350                      5000                     2                        1.1363042825674627                                696.093916215643
27                       3                        350                      5000                     0                        0.00001353246259244032                            1199.9992691485163
27                       3                        350                      5000                     0.5                      1.6330650552871944                                138.35388798402045
27                       3                        350                      5000                     1                        2.1503731871486376                                11.390199163014833
27                       3                        350                      5000                     1.5                      1.9374293996520908                                35.82106651717626
27                       3                        350                      5000                     2                        1.101111398593612                                 815.4165468576387
27                       3.1000000000000005       350                      5000                     0                        0.00001310790458340486                            1199.9992691472673
27                       3.1000000000000005       350                      5000                     0.5                      1.5923763848003605                                163.19622322997654
27                       3.1000000000000005       350                      5000                     1                        2.1428220878109934                                11.807649712563355
27                       3.1000000000000005       350                      5000                     1.5                      1.9179011958793                                   40.84203366312967
27                       3.1000000000000005       350                      5000                     2                        1.067545326351226                                 907.3527777130298
27                       3.2                      350                      5000                     0                        0.00001270971142781577                            1199.9992691459152
27                       3.2                      350                      5000                     0.5                      1.5515383745881866                                183.4394038769873
27                       3.2                      350                      5000                     1                        2.135193112858442                                 12.265027344476799
27                       3.2                      350                      5000                     1.5                      1.8958944350608182                                47.609779286924514
27                       3.2                      350                      5000                     2                        1.0360141244186907                                1019.3667935167568
27                       3.3000000000000003       350                      5000                     0                        0.00001233494194846619                            1199.9992691502569
27                       3.3000000000000003       350                      5000                     0.5                      1.5124277991814261                                209.66292436007134
27                       3.3000000000000003       350                      5000                     1                        2.127415154995181                                 12.77311853609429
27                       3.3000000000000003       350                      5000                     1.5                      1.8676853160389333                                52.35771660480841
27                       3.3000000000000003       350                      5000                     2                        1.0061702724023163                                1163.6242048235279
27                       3.4000000000000004       350                      5000                     0                        0.00001198180734105028                            1199.9992691459497
27                       3.4000000000000004       350                      5000                     0.5                      1.4737520904873644                                234.08887129790665
27                       3.4000000000000004       350                      5000                     1                        2.119558583156536                                 13.335244118776055
27                       3.4000000000000004       350                      5000                     1.5                      1.8356625290099562                                59.29008790525383
27                       3.4000000000000004       350                      5000                     2                        0.9763378461170845                                1199.9992691505197
27                       3.5000000000000004       350                      5000                     0                        0.00001164773989844249                            1199.9992691527896
27                       3.5000000000000004       350                      5000                     0.5                      1.4368578492620747                                258.36829981441906
27                       3.5000000000000004       350                      5000                     1                        2.111522801436139                                 13.968742085772519
27                       3.5000000000000004       350                      5000                     1.5                      1.8064967992425671                                67.73498551310541
27                       3.5000000000000004       350                      5000                     2                        0.9492436765496506                                1199.99926915052
28.000000000000004       2.5                      350                      5000                     0                        0.00001647408054589426                            1199.999269149909
28.000000000000004       2.5                      350                      5000                     0.5                      1.8551147522311675                                54.84877763846085
28.000000000000004       2.5                      350                      5000                     1                        2.190480645525176                                 9.622559171403486
28.000000000000004       2.5                      350                      5000                     1.5                      2.030880649873389                                 21.06691465530748
28.000000000000004       2.5                      350                      5000                     2                        1.371625023456207                                 316.33191465320834
28.000000000000004       2.6                      350                      5000                     0                        0.00001585724310249174                            1199.9992691476696
28.000000000000004       2.6                      350                      5000                     0.5                      1.8194052983727524                                63.68445401401878
28.000000000000004       2.6                      350                      5000                     1                        2.1833206272840333                                9.892490599576016
28.000000000000004       2.6                      350                      5000                     1.5                      2.019131744933388                                 22.68925921315011
28.000000000000004       2.6                      350                      5000                     2                        1.325849406202418                                 374.2126482252767
28.000000000000004       2.7                      350                      5000                     0                        0.00001528471718911626                            1199.9992691465775
28.000000000000004       2.7                      350                      5000                     0.5                      1.7735097401110476                                77.12098349421191
28.000000000000004       2.7                      350                      5000                     1                        2.1761135103287144                                10.181889281165875
28.000000000000004       2.7                      350                      5000                     1.5                      2.006748272465645                                 24.7198608860901
28.000000000000004       2.7                      350                      5000                     2                        1.2818170338075938                                438.66830946891423
28.000000000000004       2.8                      350                      5000                     0                        0.00001475328931050800                            1199.9992691510913
28.000000000000004       2.8                      350                      5000                     0.5                      1.7362247578066143                                90.56472889522495
28.000000000000004       2.8                      350                      5000                     1                        2.1688714858806284                                10.492378825471564
28.000000000000004       2.8                      350                      5000                     1.5                      1.9914491201881164                                26.983612578203182
28.000000000000004       2.8                      350                      5000                     2                        1.23995445465252                                  491.3876045029167
28.000000000000004       2.9                      350                      5000                     0                        0.00001425666875723226                            1199.9992691488892
28.000000000000004       2.9                      350                      5000                     0.5                      1.698096104441684                                 110.62045710982188
28.000000000000004       2.9                      350                      5000                     1                        2.1615844275435494                                10.826821103234904
28.000000000000004       2.9                      350                      5000                     1.5                      1.9730817109910468                                29.4057409763385
28.000000000000004       2.9                      350                      5000                     2                        1.2005276245169503                                558.9360246154231
28.000000000000004       3                        350                      5000                     0                        0.00001379293288078849                            1199.999269154442
28.000000000000004       3                        350                      5000                     0.5                      1.6569661786254357                                126.41627955341775
28.000000000000004       3                        350                      5000                     1                        2.154250995267555                                 11.18814600366752
28.000000000000004       3                        350                      5000                     1.5                      1.955013388830415                                 32.31211760606886
28.000000000000004       3                        350                      5000                     2                        1.1633152524765733                                629.2049355774387
28.000000000000004       3.1000000000000005       350                      5000                     0                        0.00001335889072297408                            1199.999269146829
28.000000000000004       3.1000000000000005       350                      5000                     0.5                      1.6167751675608009                                148.12409645411248
28.000000000000004       3.1000000000000005       350                      5000                     1                        2.1468637356750766                                11.580116760167833
28.000000000000004       3.1000000000000005       350                      5000                     1.5                      1.936527588916075                                 36.023612168587775
28.000000000000004       3.1000000000000005       350                      5000                     2                        1.128285306726972                                 719.5067813854372
28.000000000000004       3.2                      350                      5000                     0                        0.00001295118091928733                            1199.9992691528973
28.000000000000004       3.2                      350                      5000                     0.5                      1.5763402467370486                                170.46688455473657
28.000000000000004       3.2                      350                      5000                     1                        2.139413568770664                                 12.007311113330392
28.000000000000004       3.2                      350                      5000                     1.5                      1.9172451578430638                                41.037306878423024
28.000000000000004       3.2                      350                      5000                     2                        1.0950216817596325                                831.9797122020304
28.000000000000004       3.3000000000000003       350                      5000                     0                        0.00001256731838863684                            1199.9992691469647
28.000000000000004       3.3000000000000003       350                      5000                     0.5                      1.536725130333911                                 192.4102194254559
28.000000000000004       3.3000000000000003       350                      5000                     1                        2.1318707511569888                                12.476577275218377
28.000000000000004       3.3000000000000003       350                      5000                     1.5                      1.8953696322691957                                47.689058517563026
28.000000000000004       3.3000000000000003       350                      5000                     2                        1.0633782542096006                                920.3746955229592
28.000000000000004       3.4000000000000004       350                      5000                     0                        0.00001220585993747350                            1199.999269151775
28.000000000000004       3.4000000000000004       350                      5000                     0.5                      1.49837802237752                                  220.80759701599126
28.000000000000004       3.4000000000000004       350                      5000                     1                        2.1241688029758676                                12.999042694919588
28.000000000000004       3.4000000000000004       350                      5000                     1.5                      1.867438098365957                                 52.40421446334732
28.000000000000004       3.4000000000000004       350                      5000                     2                        1.0335009249379492                                1029.8338665236784
28.000000000000004       3.5000000000000004       350                      5000                     0                        0.00001186440796744841                            1199.9992691507111
28.000000000000004       3.5000000000000004       350                      5000                     0.5                      1.4607857532128505                                241.94861500240637
28.000000000000004       3.5000000000000004       350                      5000                     1                        2.1163885467029564                                13.577596518009384
28.000000000000004       3.5000000000000004       350                      5000                     1.5                      1.8362289190526544                                59.14919687856741
28.000000000000004       3.5000000000000004       350                      5000                     2                        1.0051394737803727                                1169.516333775523
28.999999999999996       2.5                      350                      5000                     0                        0.00001621398950902416                            1199.9992691520247
28.999999999999996       2.5                      350                      5000                     0.5                      1.82989825048871                                  60.768314113908524
28.999999999999996       2.5                      350                      5000                     1                        2.1786057843427877                                10.079698544275441
28.999999999999996       2.5                      350                      5000                     1.5                      2.017200500078027                                 22.982151631923585
28.999999999999996       2.5                      350                      5000                     2                        1.3132091971654922                                395.0612523853884
28.999999999999996       2.6                      350                      5000                     0                        0.00001560557269346823                            1199.9992691511354
28.999999999999996       2.6                      350                      5000                     0.5                      1.7904266625337548                                72.39280956223755
28.999999999999996       2.6                      350                      5000                     1                        2.1716099874502843                                10.37252392993258
28.999999999999996       2.6                      350                      5000                     1.5                      2.005094540886299                                 25.02099599718415
28.999999999999996       2.6                      350                      5000                     2                        1.2677137610014546                                454.74481317662526
28.999999999999996       2.7                      350                      5000                     0                        0.00001504200520707735                            1199.9992691547632
28.999999999999996       2.7                      350                      5000                     0.5                      1.7534789162949291                                83.7329037364734
28.999999999999996       2.7                      350                      5000                     1                        2.1645790650151504                                10.686559916558828
28.999999999999996       2.7                      350                      5000                     1.5                      1.9895203267565773                                27.217088016400925
28.999999999999996       2.7                      350                      5000                     2                        1.225663288789382                                 513.416869423124
28.999999999999996       2.8                      350                      5000                     0                        0.00001451781291692090                            1199.9992691472119
28.999999999999996       2.8                      350                      5000                     0.5                      1.715546429768073                                 100.62130761926221
28.999999999999996       2.8                      350                      5000                     1                        2.1575088707345644                                11.024389600673988
28.999999999999996       2.8                      350                      5000                     1.5                      1.9716067690624242                                29.621405477162885
28.999999999999996       2.8                      350                      5000                     2                        1.1845122823586753                                586.7589729591256
28.999999999999996       2.9                      350                      5000                     0                        0.00001402879271216616                            1199.999269149476
28.999999999999996       2.9                      350                      5000                     0.5                      1.6755129537224334                                118.67201691063477
28.999999999999996       2.9                      350                      5000                     1                        2.1503782550238704                                11.389929854793799
28.999999999999996       2.9                      350                      5000                     1.5                      1.9538506635010613                                32.520997498697646
28.999999999999996       2.9                      350                      5000                     2                        1.1461673677363937                                669.7081314287227
28.999999999999996       3                        350                      5000                     0                        0.00001357181504722425                            1199.999269149841
28.999999999999996       3                        350                      5000                     0.5                      1.6342556061122433                                137.69719450444995
28.999999999999996       3                        350                      5000                     1                        2.14319683175624                                  11.786140646319767
28.999999999999996       3                        350                      5000                     1.5                      1.9356598345638811                                36.22086419147538
28.999999999999996       3                        350                      5000                     2                        1.110941491376953                                 777.3471323269498
28.999999999999996       3.1000000000000005       350                      5000                     0                        0.00001314382770454018                            1199.9992691514517
28.999999999999996       3.1000000000000005       350                      5000                     0.5                      1.5938341056812242                                162.57282826735462
28.999999999999996       3.1000000000000005       350                      5000                     1                        2.1359412504177095                                12.218464428469746
28.999999999999996       3.1000000000000005       350                      5000                     1.5                      1.9166271451897556                                41.22310140821698
28.999999999999996       3.1000000000000005       350                      5000                     2                        1.0769585764073832                                879.5946474105397
28.999999999999996       3.2                      350                      5000                     0                        0.00001274159490678653                            1199.9992691474126
28.999999999999996       3.2                      350                      5000                     0.5                      1.5529966937421873                                182.610018353491
28.999999999999996       3.2                      350                      5000                     1                        2.12859382656952                                  12.693187502999935
28.999999999999996       3.2                      350                      5000                     1.5                      1.8948582746332925                                47.76660349040124
28.999999999999996       3.2                      350                      5000                     2                        1.0448537295310654                                984.5524495234412
28.999999999999996       3.3000000000000003       350                      5000                     0                        0.00001236362221895589                            1199.999269149386
28.999999999999996       3.3000000000000003       350                      5000                     0.5                      1.5138970735171795                                208.51527005875892
28.999999999999996       3.3000000000000003       350                      5000                     1                        2.1210917322243064                                13.221361698190659
28.999999999999996       3.3000000000000003       350                      5000                     1.5                      1.8668761665091276                                52.51025910957714
28.999999999999996       3.3000000000000003       350                      5000                     2                        1.0145610245459333                                1118.192629665503
28.999999999999996       3.4000000000000004       350                      5000                     0                        0.00001200748710364572                            1199.9992691461896
28.999999999999996       3.4000000000000004       350                      5000                     0.5                      1.4752320208209917                                233.2325739454902
28.999999999999996       3.4000000000000004       350                      5000                     1                        2.1135088097020263                                13.806182661410013
28.999999999999996       3.4000000000000004       350                      5000                     1.5                      1.835506555505442                                 59.32901999894792
28.999999999999996       3.4000000000000004       350                      5000                     2                        0.9854329152987208                                1199.99926915052
28.999999999999996       3.5000000000000004       350                      5000                     0                        0.00001167118283858195                            1199.9992691471502
28.999999999999996       3.5000000000000004       350                      5000                     0.5                      1.4382599602089545                                257.32896087234025
28.999999999999996       3.5000000000000004       350                      5000                     1                        2.1056993222963865                                14.470185358839315
28.999999999999996       3.5000000000000004       350                      5000                     1.5                      1.8067719839663543                                67.6426276804043
28.999999999999996       3.5000000000000004       350                      5000                     2                        0.9568672732034188                                1199.9992691505197
30                       2.5                      350                      5000                     0                        0.00001595934155869064                            1199.9992691489192
30                       2.5                      350                      5000                     0.5                      1.8111081343701976                                66.22342263932947
30                       2.5                      350                      5000                     1                        2.167564133253329                                 10.550688653922261
30                       2.5                      350                      5000                     1.5                      2.004046714338508                                 25.215890286637784
30                       2.5                      350                      5000                     2                        1.2567404071294517                                468.36682999432475
30                       2.6                      350                      5000                     0                        0.00001536020830928934                            1199.9992691536925
30                       2.6                      350                      5000                     0.5                      1.7709921549007719                                77.88633688614756
30                       2.6                      350                      5000                     1                        2.1607286469233347                                10.86765556788974
30                       2.6                      350                      5000                     1.5                      1.9880773579494098                                27.394717516420272
30                       2.6                      350                      5000                     2                        1.2127522981268197                                535.5956883471478
30                       2.7                      350                      5000                     0                        0.00001480425662507130                            1199.9992691546552
30                       2.7                      350                      5000                     0.5                      1.7336084290852196                                91.71239803705753
30                       2.7                      350                      5000                     1                        2.1538430037510357                                11.20903257089767
30                       2.7                      350                      5000                     1.5                      1.9709208108627547                                29.72289853141627
30                       2.7                      350                      5000                     2                        1.171328206731302                                 612.2732364852102
30                       2.8                      350                      5000                     0                        0.00001428742649560310                            1199.9992691501009
30                       2.8                      350                      5000                     0.5                      1.6948253716640913                                111.70560776857394
30                       2.8                      350                      5000                     1                        2.1469080095662587                                11.577677465944584
30                       2.8                      350                      5000                     1.5                      1.953492001657968                                 32.586026751734614
30                       2.8                      350                      5000                     2                        1.1325798053481269                                706.7346752578881
30                       2.9                      350                      5000                     0                        0.00001380566108588357                            1199.9992691506166
30                       2.9                      350                      5000                     0.5                      1.6531034722571418                                128.18203252277598
30                       2.9                      350                      5000                     1                        2.1399142975384007                                11.97751744234642
30                       2.9                      350                      5000                     1.5                      1.9356147547639975                                36.23117532886444
30                       2.9                      350                      5000                     2                        1.0959952377471671                                829.6012903414423
30                       3                        350                      5000                     0                        0.00001335511727500763                            1199.99926915121
30                       3                        350                      5000                     0.5                      1.6122400537401491                                151.13375916018043
30                       3                        350                      5000                     1                        2.1328499502893465                                12.413403590694763
30                       3                        350                      5000                     1.5                      1.916904151334611                                 41.139601990893716
30                       3                        350                      5000                     2                        1.0613046679333988                                927.0340449003968
30                       3.1000000000000005       350                      5000                     0                        0.00001293281771176160                            1199.9992691476848
30                       3.1000000000000005       350                      5000                     0.5                      1.5707694907006522                                173.1840706190921
30                       3.1000000000000005       350                      5000                     1                        2.125697249994143                                 12.891599686829297
30                       3.1000000000000005       350                      5000                     1.5                      1.8955816476024128                                47.65699341085516
30                       3.1000000000000005       350                      5000                     2                        1.028679797029953                                 1050.677398832956
30                       3.2                      350                      5000                     0                        0.00001253703776408212                            1199.9992691497814
30                       3.2                      350                      5000                     0.5                      1.530416467364567                                 196.56048165964333
30                       3.2                      350                      5000                     1                        2.1183882005616534                                13.423622820527257
30                       3.2                      350                      5000                     1.5                      1.8676768601978992                                52.359305452933945
30                       3.2                      350                      5000                     2                        0.9976167497594794                                1199.9992691505197
30                       3.3000000000000003       350                      5000                     0                        0.00001216454453588158                            1199.9992691499144
30                       3.3000000000000003       350                      5000                     0.5                      1.4911161420315864                                224.52024577749543
30                       3.3000000000000003       350                      5000                     1                        2.110979886633226                                 14.01390357568066
30                       3.3000000000000003       350                      5000                     1.5                      1.8361176578400993                                59.17681367708518
30                       3.3000000000000003       350                      5000                     2                        0.9672179699225492                                1199.9992691505197
30                       3.4000000000000004       350                      5000                     0                        0.00001181364629007183                            1199.9992691453924
30                       3.4000000000000004       350                      5000                     0.5                      1.452800613764358                                 247.1323260386635
30                       3.4000000000000004       350                      5000                     1                        2.10333748241747                                  14.684814013194721
30                       3.4000000000000004       350                      5000                     1.5                      1.8073294726335412                                67.45637810237763
30                       3.4000000000000004       350                      5000                     2                        0.9393868902562901                                1199.9992691505197
30                       3.5000000000000004       350                      5000                     0                        0.00001148195639072451                            1199.999269146313
30                       3.5000000000000004       350                      5000                     0.5                      1.4162835681895074                                274.91439331142635
30                       3.5000000000000004       350                      5000                     1                        2.0946460259454804                                15.331652280159442
30                       3.5000000000000004       350                      5000                     1.5                      1.7766522847234134                                76.18943184454467
30                       3.5000000000000004       350                      5000                     2                        0.9130926670954967                                1199.99926915052
31                       2.5                      350                      5000                     0                        0.00001570999347243856                            1199.9992691477237
31                       2.5                      350                      5000                     0.5                      1.7888616118482008                                72.80219201494853
31                       2.5                      350                      5000                     1                        2.157260500725872                                 11.036687680332184
31                       2.5                      350                      5000                     1.5                      1.9877640838921928                                27.43362271418999
31                       2.5                      350                      5000                     2                        1.2026495344274721                                554.7049105412559
31                       2.6                      350                      5000                     0                        0.00001511947495486712                            1199.9992691540535
31                       2.6                      350                      5000                     0.5                      1.7519773991247276                                84.28120894797742
31                       2.6                      350                      5000                     1                        2.150558072561867                                 11.3803833591317
31                       2.6                      350                      5000                     1.5                      1.9709507124024097                                29.718458384158314
31                       2.6                      350                      5000                     2                        1.1608916373384994                                634.5602632677429
31                       2.7                      350                      5000                     0                        0.00001457166726303828                            1199.9992691530888
31                       2.7                      350                      5000                     0.5                      1.7137541708485278                                101.61209236237947
31                       2.7                      350                      5000                     1                        2.1438092855974293                                11.751172067149447
31                       2.7                      350                      5000                     1.5                      1.953859197117116                                 32.519453713422514
31                       2.7                      350                      5000                     2                        1.1211340125004294                                742.0664319931476
31                       2.8                      350                      5000                     0                        0.00001406229845412243                            1199.9992691507782
31                       2.8                      350                      5000                     0.5                      1.673170801275068                                 119.58820690207246
31                       2.8                      350                      5000                     1                        2.1369969070395403                                12.153414854543243
31                       2.8                      350                      5000                     1.5                      1.9363229831737123                                36.06991206263156
31                       2.8                      350                      5000                     2                        1.0835240447325676                                861.4839525196093
31                       2.9                      350                      5000                     0                        0.00001358710772093813                            1199.9992691532493
31                       2.9                      350                      5000                     0.5                      1.6311677945570688                                139.41545879123834
31                       2.9                      350                      5000                     1                        2.130167463122085                                 12.588153326556657
31                       2.9                      350                      5000                     1.5                      1.917973398206903                                 40.8206638297075
31                       2.9                      350                      5000                     2                        1.0480600735188998                                972.6417467103618
31                       3                        350                      5000                     0                        0.00001314321313983551                            1199.9992691495024
31                       3                        350                      5000                     0.5                      1.5898503517322562                                164.2906322243337
31                       3                        350                      5000                     1                        2.123146545163512                                 13.07199596122033
31                       3                        350                      5000                     1.5                      1.8974374466103419                                47.37845508927737
31                       3                        350                      5000                     2                        1.0147440231700748                                1117.2493139790072
31                       3.1000000000000005       350                      5000                     0                        0.00001272745142384242                            1199.9992691493067
31                       3.1000000000000005       350                      5000                     0.5                      1.548240281853071                                 185.34910229751452
31                       3.1000000000000005       350                      5000                     1                        2.116019778626649                                 13.606410593436072
31                       3.1000000000000005       350                      5000                     1.5                      1.8698499424802435                                51.95459727460466
31                       3.1000000000000005       350                      5000                     2                        0.9828891046204176                                1199.99926915052
31                       3.2                      350                      5000                     0                        0.00001233704442567000                            1199.999269153359
31                       3.2                      350                      5000                     0.5                      1.5082803623407146                                212.98425323052584
31                       3.2                      350                      5000                     1                        2.1087741206570247                                14.200676299766378
31                       3.2                      350                      5000                     1.5                      1.8380150074017385                                58.709814068370605
31                       3.2                      350                      5000                     2                        0.9521207825770899                                1199.99926915052
31                       3.3000000000000003       350                      5000                     0                        0.00001196982527613038                            1199.9992691495995
31                       3.3000000000000003       350                      5000                     0.5                      1.4686509922282123                                237.10282283842696
31                       3.3000000000000003       350                      5000                     1                        2.101260043736815                                 14.879346338708823
31                       3.3000000000000003       350                      5000                     1.5                      1.8091742059248321                                66.848124684054
31                       3.3000000000000003       350                      5000                     2                        0.923886768319459                                 1199.9992691505195
31                       3.4000000000000004       350                      5000                     0                        0.00001162348097571126                            1199.9992691463294
31                       3.4000000000000004       350                      5000                     0.5                      1.4308936201888327                                262.9085014583713
31                       3.4000000000000004       350                      5000                     1                        2.0923618576416287                                15.478160667429195
31                       3.4000000000000004       350                      5000                     1.5                      1.7784516011324127                                75.66756255534138
31                       3.4000000000000004       350                      5000                     2                        0.8972674470160128                                1199.9992691505197
31                       3.5000000000000004       350                      5000                     0                        0.00001129687756916843                            1199.999269149468
31                       3.5000000000000004       350                      5000                     0.5                      1.394724366882827                                 294.48219624626245
31                       3.5000000000000004       350                      5000                     1                        2.083005865888406                                 16.11234294693237
31                       3.5000000000000004       350                      5000                     1.5                      1.7473386655310064                                86.02766206518716
31                       3.5000000000000004       350                      5000                     2                        0.8721607304142419                                1199.9992691505197
32                       2.5                      350                      5000                     0                        0.00001546632309205890                            1199.9992691502614
32                       2.5                      350                      5000                     0.5                      1.7704217310347965                                78.06216990257367
32                       2.5                      350                      5000                     1                        2.1476187810206455                                11.538670999427259
32                       2.5                      350                      5000                     1.5                      1.971594401602848                                 29.623228583495038
32                       2.5                      350                      5000                     2                        1.1532145441056132                                652.3006133656525
32                       2.6                      350                      5000                     0                        0.00001488398900743153                            1199.9992691467908
32                       2.6                      350                      5000                     0.5                      1.7331262962086091                                91.92745475828062
32                       2.6                      350                      5000                     1                        2.14103989180495                                  11.911130821291184
32                       2.6                      350                      5000                     1.5                      1.9548428686399246                                32.342567477171656
32                       2.6                      350                      5000                     2                        1.1120388649825739                                773.3561079225032
32                       2.7                      350                      5000                     0                        0.00001434392597276855                            1199.999269149427
32                       2.7                      350                      5000                     0.5                      1.6938542457671208                                112.03273464556572
32                       2.7                      350                      5000                     1                        2.134396719886994                                 12.315021453451221
32                       2.7                      350                      5000                     1.5                      1.9376617781544885                                35.76927340039598
32                       2.7                      350                      5000                     2                        1.073523775047313                                 889.4683771703837
32                       2.8                      350                      5000                     0                        0.00001384166428359929                            1199.999269152803
32                       2.8                      350                      5000                     0.5                      1.6515431681070332                                128.91176010266207
32                       2.8                      350                      5000                     1                        2.1276866429830075                                12.754610732626212
32                       2.8                      350                      5000                     1.5                      1.9197281962608679                                40.308565274715924
32                       2.8                      350                      5000                     2                        1.0371573847012243                                1014.6918473396098
32                       2.9                      350                      5000                     0                        0.00001337342414834193                            1199.9992691547302
32                       2.9                      350                      5000                     0.5                      1.609924155740433                                 152.72515469819947
32                       2.9                      350                      5000                     1                        2.1208975604200173                                13.235668056598511
32                       2.9                      350                      5000                     1.5                      1.9000277453471262                                46.98893946688692
32                       2.9                      350                      5000                     2                        1.002991994179366                                 1182.025127722708
32                       3                        350                      5000                     0                        0.00001293549530346487                            1199.99926914757
32                       3                        350                      5000                     0.5                      1.5674861374292361                                174.83587892047765
32                       3                        350                      5000                     1                        2.1139287911010234                                13.772328142884637
32                       3                        350                      5000                     1.5                      1.873091579318386                                 51.36407203454301
32                       3                        350                      5000                     2                        0.96961661392836                                  1199.9992691505197
32                       3.1000000000000005       350                      5000                     0                        0.00001252592565978825                            1199.9992691523996
32                       3.1000000000000005       350                      5000                     0.5                      1.5262925160088565                                199.3911428615065
32                       3.1000000000000005       350                      5000                     1                        2.1068455333089724                                14.36843891729314
32                       3.1000000000000005       350                      5000                     1.5                      1.8410566906214731                                57.978287175475764
32                       3.1000000000000005       350                      5000                     2                        0.9390479409609901                                1199.9992691505197
32                       3.2                      350                      5000                     0                        0.00001214103392895394                            1199.9992691498178
32                       3.2                      350                      5000                     0.5                      1.4859883592112275                                227.24070678517833
32                       3.2                      350                      5000                     1                        2.0994272205431224                                15.034770040769903
32                       3.2                      350                      5000                     1.5                      1.8122196735976845                                65.8702177252715
32                       3.2                      350                      5000                     2                        0.9103337052711221                                1199.9992691505195
32                       3.3000000000000003       350                      5000                     0                        0.00001177902106889303                            1199.9992691502507
32                       3.3000000000000003       350                      5000                     0.5                      1.4468204120843107                                251.20186990931163
32                       3.3000000000000003       350                      5000                     1                        2.0904100884777015                                15.605845802199688
32                       3.3000000000000003       350                      5000                     1.5                      1.7815876336696657                                74.77732644277974
32                       3.3000000000000003       350                      5000                     2                        0.883328379255617                                 1199.9992691505197
32                       3.4000000000000004       350                      5000                     0                        0.00001143801203171088                            1199.9992691562004
32                       3.4000000000000004       350                      5000                     0.5                      1.4095365815922911                                280.92855025001563
32                       3.4000000000000004       350                      5000                     1                        2.0812618073049585                                16.237018804557202
32                       3.4000000000000004       350                      5000                     1.5                      1.7502760944116422                                84.91237407391863
32                       3.4000000000000004       350                      5000                     2                        0.8578894037810231                                1199.9992691505197
32                       3.5000000000000004       350                      5000                     0                        0.00001111549059196939                            1199.9992691453297
32                       3.5000000000000004       350                      5000                     0.5                      1.3736250822705611                                314.28184131790755
32                       3.5000000000000004       350                      5000                     1                        2.0718021957399055                                16.952351463646043
32                       3.5000000000000004       350                      5000                     1.5                      1.7183064472078753                                99.13664722169719
32                       3.5000000000000004       350                      5000                     2                        0.8338450248490551                                1199.9992691505192
33                       2.5                      350                      5000                     0                        0.00001522743532451990                            1199.999269146645
33                       2.5                      350                      5000                     0.5                      1.7523945401357848                                84.12806903853028
33                       2.5                      350                      5000                     1                        2.1385708542430604                                12.057821037175152
33                       2.5                      350                      5000                     1.5                      1.9563632050393145                                32.07327299633703
33                       2.5                      350                      5000                     2                        1.1060200603965387                                795.8670581557124
33                       2.6                      350                      5000                     0                        0.00001465343086479392                            1199.9992691519437
33                       2.6                      350                      5000                     0.5                      1.7139286448286628                                101.51469259616479
33                       2.6                      350                      5000                     1                        2.132090445920777                                 12.4623425731405
33                       2.6                      350                      5000                     1.5                      1.9395551794186625                                35.353235249069996
33                       2.6                      350                      5000                     2                        1.0660097986826258                                912.0963355079873
33                       2.7                      350                      5000                     0                        0.00001412110710004880                            1199.9992691470754
33                       2.7                      350                      5000                     0.5                      1.6730218797119867                                119.64702726882742
33                       2.7                      350                      5000                     1                        2.1255453964791426                                12.90218791405819
33                       2.7                      350                      5000                     1.5                      1.9220583479931461                                39.64947635124323
33                       2.7                      350                      5000                     2                        1.0285917002472127                                1051.0679826143687
33                       2.8                      350                      5000                     0                        0.00001362582194836213                            1199.9992691462853
33                       2.8                      350                      5000                     0.5                      1.630257892751262                                 139.9312655690379
33                       2.8                      350                      5000                     1                        2.1189095367650763                                13.384099008314816
33                       2.8                      350                      5000                     1.5                      1.9030568109924864                                45.81134170958811
33                       2.8                      350                      5000                     2                        0.9932197905460209                                1199.99926915052
33                       2.9                      350                      5000                     0                        0.00001316429612250393                            1199.999269148762
33                       2.9                      350                      5000                     0.5                      1.5881294080350303                                165.04670548752568
33                       2.9                      350                      5000                     1                        2.11211562369276                                  13.919786648019004
33                       2.9                      350                      5000                     1.5                      1.8774187191331306                                50.599457545254864
33                       2.9                      350                      5000                     2                        0.9592390730789675                                1199.99926915052
33                       3                        350                      5000                     0                        0.00001273289892843931                            1199.9992691464893
33                       3                        350                      5000                     0.5                      1.5455900400634122                                186.9187998765162
33                       3                        350                      5000                     1                        2.105181841689835                                 14.516631332649306
33                       3                        350                      5000                     1.5                      1.8451902147819543                                57.01659675135457
33                       3                        350                      5000                     2                        0.9279797721073262                                1199.99926915052
33                       3.1000000000000005       350                      5000                     0                        0.00001232878355985082                            1199.9992691518669
33                       3.1000000000000005       350                      5000                     0.5                      1.5047231650862558                                215.9331238669195
33                       3.1000000000000005       350                      5000                     1                        2.0976750550261705                                15.142068030828717
33                       3.1000000000000005       350                      5000                     1.5                      1.8163819171244993                                64.58410027100514
33                       3.1000000000000005       350                      5000                     2                        0.8986989725171152                                1199.99926915052
33                       3.2                      350                      5000                     0                        0.00001194916622106654                            1199.999269150316
33                       3.2                      350                      5000                     0.5                      1.46409986617533                                  239.8764754407083
33                       3.2                      350                      5000                     1                        2.088773738694912                                 15.714718928329713
33                       3.2                      350                      5000                     1.5                      1.7859600504066209                                73.5755048227048
33                       3.2                      350                      5000                     2                        0.8712005518641147                                1199.99926915052
33                       3.3000000000000003       350                      5000                     0                        0.00001159242908428692                            1199.9992691480932
33                       3.3000000000000003       350                      5000                     0.5                      1.4255197865966118                                267.1723111749593
33                       3.3000000000000003       350                      5000                     1                        2.0797130029238815                                16.349544553353777
33                       3.3000000000000003       350                      5000                     1.5                      1.7544775433026607                                83.37268269019282
33                       3.3000000000000003       350                      5000                     2                        0.8453538501725673                                1199.9992691505195
33                       3.4000000000000004       350                      5000                     0                        0.00001125619896873318                            1199.9992691539194
33                       3.4000000000000004       350                      5000                     0.5                      1.3885015653594457                                299.99654755364753
33                       3.4000000000000004       350                      5000                     1                        2.0706060789442224                                17.04780670665833
33                       3.4000000000000004       350                      5000                     1.5                      1.7222477931683742                                97.09871277249732
33                       3.4000000000000004       350                      5000                     2                        0.820995934065013                                 1199.9992691505197
33                       3.5000000000000004       350                      5000                     0                        0.00001093861766160946                            1199.9992691472632
33                       3.5000000000000004       350                      5000                     0.5                      1.3530594410421295                                337.0506083977675
33                       3.5000000000000004       350                      5000                     1                        2.0613497196536135                                17.828626759742548
33                       3.5000000000000004       350                      5000                     1.5                      1.689199238303853                                 113.6331593970912
33                       3.5000000000000004       350                      5000                     2                        0.7979944062435699                                1199.9992691505197
34                       2.5                      350                      5000                     0                        0.00001544927854196575                            1199.9992691540247
34                       2.5                      350                      5000                     0.5                      1.7656591437527995                                79.5664339349693
34                       2.5                      350                      5000                     1                        2.1405252198274423                                11.94138554245065
34                       2.5                      350                      5000                     1.5                      1.9681644534393812                                30.13856988847642
34                       2.5                      350                      5000                     2                        1.170351273023001                                 614.2764438316483
34                       2.6                      350                      5000                     0                        0.00001486510256977505                            1199.9992691483767
34                       2.6                      350                      5000                     0.5                      1.7286286923529421                                93.98935372290738
34                       2.6                      350                      5000                     1                        2.13414521133918                                  12.330902667754655
34                       2.6                      350                      5000                     1.5                      1.951834179872817                                 32.89033542048624
34                       2.6                      350                      5000                     2                        1.128709842606165                                 718.2192684395608
34                       2.7                      350                      5000                     0                        0.00001432329945385860                            1199.9992691460945
34                       2.7                      350                      5000                     0.5                      1.6892635740475481                                113.61066781534475
34                       2.7                      350                      5000                     1                        2.127705798843276                                 12.753307048235243
34                       2.7                      350                      5000                     1.5                      1.9350488044984442                                36.36116803816951
34                       2.7                      350                      5000                     2                        1.0894323043137184                                845.9883129084354
34                       2.8                      350                      5000                     0                        0.00001381955638792059                            1199.9992691537138
34                       2.8                      350                      5000                     0.5                      1.6472383241360402                                130.9762748663934
34                       2.8                      350                      5000                     1                        2.121187000774437                                 13.214354678810361
34                       2.8                      350                      5000                     1.5                      1.9174659086288401                                40.971376178404746
34                       2.8                      350                      5000                     2                        1.0521643865973254                                957.9109599900466
34                       2.9                      350                      5000                     0                        0.00001334967831764681                            1199.9992691494124
34                       2.9                      350                      5000                     0.5                      1.6056525142160045                                155.76277753275332
34                       2.9                      350                      5000                     1                        2.114522717120667                                 13.724757206478182
34                       2.9                      350                      5000                     1.5                      1.8976856353121994                                47.341491890436046
34                       2.9                      350                      5000                     2                        1.017600996019425                                 1102.768804480116
34                       3                        350                      5000                     0                        0.00001291063917856380                            1199.9992691491054
34                       3                        350                      5000                     0.5                      1.5649752705481852                                176.12526929694351
34                       3                        350                      5000                     1                        2.1077524959604803                                14.28901541912678
34                       3                        350                      5000                     1.5                      1.8706025546906335                                51.81610416556409
34                       3                        350                      5000                     2                        0.984425923149218                                 1199.9992691505195
34                       3.1000000000000005       350                      5000                     0                        0.00001249946525616231                            1199.9992691543582
34                       3.1000000000000005       350                      5000                     0.5                      1.5220823041806375                                202.38290748014535
34                       3.1000000000000005       350                      5000                     1                        2.1007163749693896                                14.931174405250257
34                       3.1000000000000005       350                      5000                     1.5                      1.8390860080823987                                58.44986437486721
34                       3.1000000000000005       350                      5000                     2                        0.9525344569599412                                1199.9992691505197
34                       3.2                      350                      5000                     0                        0.00001211353883683154                            1199.9992691462658
34                       3.2                      350                      5000                     0.5                      1.4817195239631296                                229.57110132162163
34                       3.2                      350                      5000                     1                        2.0922719463064774                                15.483991563612333
34                       3.2                      350                      5000                     1.5                      1.8105963293475096                                66.38747888521505
34                       3.2                      350                      5000                     2                        0.9231998802445863                                1199.9992691505197
34                       3.3000000000000003       350                      5000                     0                        0.00001175080058066448                            1199.9992691541652
34                       3.3000000000000003       350                      5000                     0.5                      1.4426185735245312                                254.1633383634603
34                       3.3000000000000003       350                      5000                     1                        2.083313133571062                                 16.09059710582434
34                       3.3000000000000003       350                      5000                     1.5                      1.7801784007578654                                75.17437721286203
34                       3.3000000000000003       350                      5000                     2                        0.8956278056448476                                1199.99926915052
34                       3.4000000000000004       350                      5000                     0                        0.00001140868970876202                            1199.9992691479476
34                       3.4000000000000004       350                      5000                     0.5                      1.4053476556888258                                284.827234517797
34                       3.4000000000000004       350                      5000                     1                        2.0744206957728113                                16.747443219367774
34                       3.4000000000000004       350                      5000                     1.5                      1.749090037487209                                 85.35874925802767
34                       3.4000000000000004       350                      5000                     2                        0.8696334538647466                                1199.9992691505197
34                       3.5000000000000004       350                      5000                     0                        0.00001108558015057606                            1199.9992691490359
34                       3.5000000000000004       350                      5000                     0.5                      1.3694598359823245                                318.58850047771244
34                       3.5000000000000004       350                      5000                     1                        2.065349860070948                                 17.481725692954004
34                       3.5000000000000004       350                      5000                     1.5                      1.717370143464916                                 99.63483362265792
34                       3.5000000000000004       350                      5000                     2                        0.8450900835796908                                1199.9992691505197
35                       2.5                      350                      5000                     0                        0.00001520457743275740                            1199.9992691473278
35                       2.5                      350                      5000                     0.5                      1.7475857769220458                                85.93256496324207
35                       2.5                      350                      5000                     1                        2.1319025206564133                                12.474516638803221
35                       2.5                      350                      5000                     1.5                      1.95352717632485                                  32.57963664855547
35                       2.5                      350                      5000                     2                        1.1252546412762812                                728.8628950951118
35                       2.6                      350                      5000                     0                        0.00001462870280957920                            1199.9992691506336
35                       2.6                      350                      5000                     0.5                      1.7093227535541906                                104.15715672623622
35                       2.6                      350                      5000                     1                        2.125606381590213                                 12.89793335941538
35                       2.6                      350                      5000                     1.5                      1.9370990989958845                                35.894964925288974
35                       2.6                      350                      5000                     2                        1.084622346599606                                 858.5476998285808
35                       2.7                      350                      5000                     0                        0.00001409475206807112                            1199.9992691473233
35                       2.7                      350                      5000                     0.5                      1.6681947965402106                                121.59132457412841
35                       2.7                      350                      5000                     1                        2.1192350397992383                                13.359549405181403
35                       2.7                      350                      5000                     1.5                      1.919954289625512                                 40.24358485522631
35                       2.7                      350                      5000                     2                        1.0464023137218383                                978.7545528496844
35                       2.8                      350                      5000                     0                        0.00001359831001844622                            1199.999269154572
35                       2.8                      350                      5000                     0.5                      1.625609019713428                                 142.63673859943563
35                       2.8                      350                      5000                     1                        2.1127193185336948                                13.870312670529263
35                       2.8                      350                      5000                     1.5                      1.9011323517197327                                46.552120301361775
35                       2.8                      350                      5000                     2                        1.0105951034593699                                1139.1218327303932
35                       2.9                      350                      5000                     0                        0.00001313535597739552                            1199.999269147856
35                       2.9                      350                      5000                     0.5                      1.5833446133957811                                167.19478947395692
35                       2.9                      350                      5000                     1                        2.106091370677144                                 14.43520990798498
35                       2.9                      350                      5000                     1.5                      1.8751573146920604                                50.99574988302917
35                       2.9                      350                      5000                     2                        0.9764014102185582                                1199.9992691505197
35                       3                        350                      5000                     0                        0.00001270291226256872                            1199.9992691455661
35                       3                        350                      5000                     0.5                      1.54094728917074                                  189.7472032648905
35                       3                        350                      5000                     1                        2.0991248714818265                                15.05316367781077
35                       3                        350                      5000                     1.5                      1.8434446957819568                                57.41825905955101
35                       3                        350                      5000                     2                        0.9438186234421652                                1199.9992691505195
35                       3.1000000000000005       350                      5000                     0                        0.00001229770763167409                            1199.9992691502553
35                       3.1000000000000005       350                      5000                     0.5                      1.500079898716674                                 219.92958145419814
35                       3.1000000000000005       350                      5000                     1                        2.0905619085556273                                15.595829579111301
35                       3.1000000000000005       350                      5000                     1.5                      1.8149904178531653                                65.00779098221668
35                       3.1000000000000005       350                      5000                     2                        0.9138147907753014                                1199.9992691505195
35                       3.2                      350                      5000                     0                        0.00001191748934990808                            1199.9992691520179
35                       3.2                      350                      5000                     0.5                      1.4594794308819705                                242.77788553596696
35                       3.2                      350                      5000                     1                        2.081915963548125                                 16.190005758609225
35                       3.2                      350                      5000                     1.5                      1.784819115963567                                 73.88480297260105
35                       3.2                      350                      5000                     2                        0.8856620655743903                                1199.9992691505195
35                       3.3000000000000003       350                      5000                     0                        0.00001155975317972367                            1199.99926915511
35                       3.3000000000000003       350                      5000                     0.5                      1.420926771241363                                 270.9544618485622
35                       3.3000000000000003       350                      5000                     1                        2.073061848179908                                 16.853091701986227
35                       3.3000000000000003       350                      5000                     1.5                      1.7535602526507452                                83.70343258534294
35                       3.3000000000000003       350                      5000                     2                        0.8591806336178587                                1199.9992691505197
35                       3.4000000000000004       350                      5000                     0                        0.00001122274923166863                            1199.9992691542927
35                       3.4000000000000004       350                      5000                     0.5                      1.3839305162670277                                304.2136891053544
35                       3.4000000000000004       350                      5000                     1                        2.064180511557378                                 17.58159192731749
35                       3.4000000000000004       350                      5000                     1.5                      1.7215885618178535                                97.4330825160821
35                       3.4000000000000004       350                      5000                     2                        0.8342354213589595                                1199.9992691505195
35                       3.5000000000000004       350                      5000                     0                        0.00001090454322764201                            1199.999269152487
35                       3.5000000000000004       350                      5000                     0.5                      1.3484954818858477                                342.66244405651014
35                       3.5000000000000004       350                      5000                     1                        2.0552590207273136                                18.386902649792848
35                       3.5000000000000004       350                      5000                     1.5                      1.6886529307704463                                113.82457564938896
35                       3.5000000000000004       350                      5000                     2                        0.8106864508499991                                1199.99926915052
