Time;Tensao
0.0133333;-0.191848196
0.0135000;1.43996042
0.0136667;3.063010623
0.0138333;4.670733745
0.0140000;6.254936219
0.0141667;7.807982179
0.0143333;9.322264147
0.0145000;10.78928044
0.0146667;12.20367447
0.0148333;13.56070966
0.0150000;14.77152626
0.0151667;15.84796204
0.0153333;16.83020938
0.0155000;17.72675785
0.0156667;18.54089914
0.0158333;19.27026689
0.0160000;19.9159454
0.0161667;20.47621306
0.0163333;20.95094649
0.0165000;21.33940441
0.0166667;21.64373519
0.0168333;21.86412678
0.0170000;22.00149298
0.0171667;22.05911984
0.0173333;22.03226452
0.0175000;21.92361113
0.0176667;21.73777892
0.0178333;21.47634268
0.0180000;21.14103802
0.0181667;20.7323139
0.0183333;20.2568864
0.0185000;19.71124481
0.0186667;19.10359503
0.0188333;18.32365073
0.0190000;17.4808274
0.0191667;16.58221908
0.0193333;15.62478394
0.0195000;14.66232357
0.0196667;13.82532597
0.0198333;12.79616905
0.0200000;11.71695472
0.0201667;10.63873971
0.0203333;9.5015466
0.0205000;8.326552855
0.0206667;7.177735196
0.0208333;5.91378089
0.0210000;4.715345841
0.0211667;3.646180545
0.0213333;2.331139711
0.0215000;0.717086977
0.0216667;-0.13439097
0.0218333;-1.401319817
0.0220000;-2.441834097
0.0221667;-3.56426523
0.0223333;-4.731044705
0.0225000;-5.904286179
0.0226667;-7.089492728
0.0228333;-8.283135746
0.0230000;-9.459984744
0.0231667;-10.60823492
0.0233333;-11.72909502
0.0235000;-12.89965371
0.0236667;-14.02207675
0.0238333;-15.09235518
0.0240000;-16.09366598
0.0241667;-16.98539697
0.0243333;-17.81630827
0.0245000;-18.61448545
0.0246667;-19.35878875
0.0248333;-19.90121811
0.0250000;-20.44150411
0.0251667;-20.92344105
0.0253333;-21.35070027
0.0255000;-21.66499255
0.0256667;-21.93555181
0.0258333;-22.15344509
0.0260000;-22.29815735
0.0261667;-22.35573037
0.0263333;-22.32367557
0.0265000;-22.20863472
0.0266667;-22.00801842
0.0268333;-21.72011868
0.0270000;-21.33687247
0.0271667;-20.87225521
0.0273333;-20.32437486
0.0275000;-19.61535276
0.0276667;-18.85695115
0.0278333;-17.95875443
0.0280000;-16.93523534
0.0281667;-15.80623415
0.0283333;-14.58784398
0.0285000;-13.28885596
0.0286667;-11.91985766
0.0288333;-10.48988568
0.0290000;-9.006377661
0.0291667;-7.476842403
0.0293333;-5.911777283
0.0295000;-4.318810223
0.0296667;-2.703694994
0.0298333;-1.069919047
0.0300000;0.558216275
0.0301667;2.216501817
0.0303333;3.842215401
0.0305000;5.401128283
0.0306667;6.958632565
0.0308333;8.596121603
0.0310000;10.02485434
0.0311667;11.46980176
0.0313333;12.89705835
0.0315000;14.19179262
0.0316667;15.45768824
0.0318333;16.43726192
0.0320000;17.3118847
0.0321667;18.17383092
0.0323333;18.93872236
0.0325000;19.61682046
0.0326667;20.28059078
0.0328333;20.77465349
0.0330000;21.14631671
0.0331667;21.47257696
0.0333333;21.7375737
0.0335000;21.92370491
0.0336667;21.99283472
0.0338333;22.09208997
0.0340000;22.05256258
0.0341667;21.91408889
0.0343333;21.71741625
0.0345000;21.48120215
0.0346667;21.15961816
0.0348333;20.74830206
0.0350000;20.26736816
0.0351667;19.71923154
0.0353333;19.11164768
0.0355000;18.44072279
0.0356667;17.7112248
0.0358333;16.92368691
0.0360000;16.0803496
0.0361667;15.18537313
0.0363333;14.24951289
0.0365000;13.26242763
0.0366667;12.2335138
0.0368333;11.16450573
0.0370000;10.05922561
0.0371667;8.924184449
0.0373333;7.762706997
0.0375000;6.577450752
0.0376667;5.371555084
0.0378333;4.14674454
0.0380000;2.908773164
0.0381667;1.661779381
0.0383333;0.401795218
0.0385000;-0.863581422
0.0386667;-2.12710829
0.0388333;-3.386319328
0.0390000;-4.630172044
0.0391667;-5.864208872
0.0393333;-7.071121826
0.0395000;-8.264009506
0.0396667;-9.436286266
0.0398333;-10.58124417
0.0400000;-11.69376231
0.0401667;-12.77077641
0.0403333;-13.80821621
0.0405000;-14.80258598
0.0406667;-15.7525342
0.0408333;-16.64934145
0.0410000;-17.49184459
0.0411667;-18.27693722
0.0413333;-19.0008972
0.0415000;-19.65909143
0.0416667;-20.25562669
0.0418333;-20.78421868
0.0420000;-21.24091475
0.0421667;-21.62263203
0.0423333;-21.92653723
0.0425000;-22.15041551
0.0426667;-22.29337717
0.0428333;-22.35150465
0.0430000;-22.32091332
0.0431667;-22.20699534
0.0433333;-22.00593266
0.0435000;-21.71677422
0.0436667;-21.33894034
0.0438333;-20.87487496
0.0440000;-20.32721943
0.0441667;-19.70517564
0.0443333;-19.03773042
0.0445000;-18.22849958
0.0446667;-17.28582858
0.0448333;-16.22838854
0.0450000;-15.07194629
0.0451667;-13.82689965
0.0453333;-12.50502916
0.0455000;-11.11580006
0.0456667;-9.667463408
0.0458333;-8.167835626
0.0460000;-6.625424545
0.0461667;-5.047614245
0.0463333;-3.444055935
0.0465000;-1.823641767
0.0466667;-0.19362734
0.0468333;1.436475347
0.0470000;3.060675308
0.0471667;4.668831015
0.0473333;6.253662616
0.0475000;7.808627302
0.0476667;9.323633357
0.0478333;10.79186398
0.0480000;12.20653986
0.0481667;13.56283968
0.0483333;14.77054462
0.0485000;15.84487609
0.0486667;16.82928078
0.0488333;17.72599101
0.0490000;18.53839513
0.0491667;19.27053016
0.0493333;19.91601793
0.0495000;20.47707607
0.0496667;20.95122202
0.0498333;21.34305071
0.0500000;21.64713166
0.0501667;21.86660735
0.0503333;22.00244611
0.0505000;22.05662047
0.0506667;22.02946842
0.0508333;21.9220302
0.0510000;21.73722442
0.0511667;21.47635908
0.0513333;21.14161353
0.0515000;20.73461967
0.0516667;20.25896849
0.0518333;19.71537794
0.0520000;19.10746173
0.0521667;18.43677373
0.0523333;17.7067151
0.0525000;16.91973623
0.0526667;16.07872849
0.0528333;15.1865141
0.0530000;14.24657838
0.0531667;13.26093044
0.0533333;12.23305593
0.0535000;11.16669835
0.0536667;10.06489601
0.0538333;8.931336212
0.0540000;7.768928232
0.0541667;6.581384257
0.0543333;5.372286451
0.0545000;4.14531317
0.0546667;2.904202731
0.0548333;1.652711833
0.0550000;0.394693416
0.0551667;-0.866062825
0.0553333;-2.125617692
0.0555000;-3.379880008
0.0556667;-4.625222657
0.0558333;-5.857968526
0.0560000;-7.074379497
0.0561667;-8.270388374
0.0563333;-9.441614176
0.0565000;-10.58460396
0.0566667;-11.6959662
0.0568333;-12.77140944
0.0570000;-13.80795412
0.0571667;-14.80139129
0.0573333;-15.74816678
0.0575000;-16.64542871
0.0576667;-17.48804915
0.0578333;-18.27450208
0.0580000;-19.00072168
0.0581667;-19.66386994
0.0583333;-20.26026865
0.0585000;-20.78787561
0.0586667;-21.24304485
0.0588333;-21.62362389
0.0590000;-21.92690017
0.0591667;-22.150123
0.0593333;-22.29185118
0.0595000;-22.34971438
0.0596667;-22.3224597
0.0598333;-22.20857719
0.0600000;-22.00688411
0.0601667;-21.71716279
0.0603333;-21.33906757
0.0605000;-20.87459636
0.0606667;-20.32601473
0.0608333;-19.70412607
0.0610000;-19.03823819
0.0611667;-18.22900207
0.0613333;-17.28604246
0.0615000;-16.22833943
0.0616667;-15.07162829
0.0618333;-13.82688743
0.0620000;-12.50506359
0.0621667;-11.11543472
0.0623333;-9.666759544
0.0625000;-8.167097172
0.0626667;-6.624580769
0.0628333;-5.047588565
0.0630000;-3.444500397
0.0631667;-1.823622036
0.0633333;-0.193229274
0.0635000;1.438278803
0.0636667;3.062167938
0.0638333;4.670468847
0.0640000;6.254991479
0.0641667;7.808337193
0.0643333;9.32289593
0.0645000;10.79063695
0.0646667;12.20579911
0.0648333;13.56196791
0.0650000;14.77020883
0.0651667;15.84618912
0.0653333;16.82930303
0.0655000;17.72596959
0.0656667;18.53969122
0.0658333;19.2696677
0.0660000;19.91520845
0.0661667;20.47585438
0.0663333;20.95098977
0.0665000;21.34093316
0.0666667;21.64549151
0.0668333;21.86591297
0.0670000;22.00248652
0.0671667;22.05619887
0.0673333;22.02919461
0.0675000;21.92186564
0.0676667;21.7371145
0.0678333;21.47628706
0.0680000;21.1415664
0.0681667;20.6524406
0.0683333;20.08765592
0.0685000;19.46876906
0.0686667;18.80164363
0.0688333;18.08435536
0.0690000;17.31688702
0.0691667;16.49866501
0.0693333;15.63073109
0.0695000;14.71482042
0.0696667;13.75368444
0.0698333;12.74899516
0.0700000;11.70400179
0.0701667;10.62253586
0.0703333;9.507541956
0.0705000;8.362569587
0.0706667;7.190536316
0.0708333;5.99520762
0.0710000;4.780114446
0.0711667;3.549002407
0.0713333;2.305626687
0.0715000;1.053651439
0.0716667;-0.203068977
0.0718333;-1.460694623
0.0720000;-2.715388997
0.0721667;-3.962874347
0.0723333;-5.1998052
0.0725000;-6.422401017
0.0726667;-7.6270417
0.0728333;-8.809711084
0.0730000;-9.965839734
0.0731667;-11.09217789
0.0733333;-12.18531747
0.0735000;-13.2410582
0.0736667;-14.25652083
0.0738333;-15.22748257
0.0740000;-16.15034013
0.0741667;-17.02247814
0.0743333;-17.83854741
0.0745000;-18.59731545
0.0746667;-19.29466689
0.0748333;-19.92786535
0.0750000;-20.4932135
0.0751667;-20.98884788
0.0753333;-21.41105128
0.0755000;-21.75784462
0.0756667;-22.02649935
0.0758333;-22.21430111
0.0760000;-22.31999259
0.0761667;-22.34123266
0.0763333;-22.27690748
0.0765000;-22.12558685
0.0766667;-21.88621764
0.0768333;-21.55874607
0.0770000;-21.14297416
0.0771667;-20.64140046
0.0773333;-20.05672163
0.0775000;-19.4019321
0.0776667;-18.70764889
0.0778333;-17.85980283
0.0780000;-16.87182547
0.0781667;-15.76644872
0.0783333;-14.56246085
0.0785000;-13.27302022
0.0786667;-11.91031408
0.0788333;-10.48391236
0.0790000;-9.002910553
0.0791667;-7.475036162
0.0793333;-5.908481225
0.0795000;-4.311666147
0.0796667;-2.692948611
0.0798333;-1.060593616
0.0800000;-0.191848196
0.0801667;1.43996042
0.0803333;3.063010623
0.0805000;4.670733745
0.0806667;6.254936219
0.0808333;7.807982179
0.0810000;9.322264147
0.0811667;10.78928044
0.0813333;12.20367447
0.0815000;13.56070966
0.0816667;14.77152626
0.0818333;15.84796204
0.0820000;16.83020938
0.0821667;17.72675785
0.0823333;18.54089914
0.0825000;19.27026689
0.0826667;19.9159454
0.0828333;20.47621306
0.0830000;20.95094649
0.0831667;21.33940441
0.0833333;21.64373519
0.0835000;21.86412678
0.0836667;22.00149298
0.0838333;22.05911984
0.0840000;22.03226452
0.0841667;21.92361113
0.0843333;21.73777892
0.0845000;21.47634268
0.0846667;21.14103802
0.0848333;20.7323139
0.0850000;20.2568864
0.0851667;19.71124481
0.0853333;19.10359503
0.0855000;18.32365073
0.0856667;17.4808274
0.0858333;16.58221908
0.0860000;15.62478394
0.0861667;14.66232357
0.0863333;13.82532597
0.0865000;12.79616905
0.0866667;11.71695472
0.0868333;10.63873971
0.0870000;9.5015466
0.0871667;8.326552855
0.0873333;7.177735196
0.0875000;5.91378089
0.0876667;4.715345841
0.0878333;3.646180545
0.0880000;2.331139711
0.0881667;0.717086977
0.0883333;-0.13439097
0.0885000;-1.401319817
0.0886667;-2.441834097
0.0888333;-3.56426523
0.0890000;-4.731044705
0.0891667;-5.904286179
0.0893333;-7.089492728
0.0895000;-8.283135746
0.0896667;-9.459984744
0.0898333;-10.60823492
0.0900000;-11.72909502
0.0901667;-12.89965371
0.0903333;-14.02207675
0.0905000;-15.09235518
0.0906667;-16.09366598
0.0908333;-16.98539697
0.0910000;-17.81630827
0.0911667;-18.61448545
0.0913333;-19.35878875
0.0915000;-19.90121811
0.0916667;-20.44150411
0.0918333;-20.92344105
0.0920000;-21.35070027
0.0921667;-21.66499255
0.0923333;-21.93555181
0.0925000;-22.15344509
0.0926667;-22.29815735
0.0928333;-22.35573037
0.0930000;-22.32367557
0.0931667;-22.20863472
0.0933333;-22.00801842
0.0935000;-21.72011868
0.0936667;-21.33687247
0.0938333;-20.87225521
0.0940000;-20.32437486
0.0941667;-19.61535276
0.0943333;-18.85695115
0.0945000;-17.95875443
0.0946667;-16.93523534
0.0948333;-15.80623415
0.0950000;-14.58784398
0.0951667;-13.28885596
0.0953333;-11.91985766
0.0955000;-10.48988568
0.0956667;-9.006377661
0.0958333;-7.476842403
0.0960000;-5.911777283
0.0961667;-4.318810223
0.0963333;-2.703694994
0.0965000;-1.069919047
0.0966667;0.558216275
0.0968333;2.216501817
0.0970000;3.842215401
0.0971667;5.401128283
0.0973333;6.958632565
0.0975000;8.596121603
0.0976667;10.02485434
0.0978333;11.46980176
0.0980000;12.89705835
0.0981667;14.19179262
0.0983333;15.45768824
0.0985000;16.43726192
0.0986667;17.3118847
0.0988333;18.17383092
0.0990000;18.93872236
0.0991667;19.61682046
0.0993333;20.28059078
0.0995000;20.77465349
0.0996667;21.14631671
0.0998333;21.47257696
0.1000000;21.7375737
0.1001667;21.92370491
0.1003333;21.99283472
0.1005000;22.09208997
0.1006667;22.05256258
0.1008333;21.91408889
0.1010000;21.71741625
0.1011667;21.48120215
0.1013333;21.15961816
0.1015000;20.74830206
0.1016667;20.26736816
0.1018333;19.71923154
0.1020000;19.11164768
0.1021667;18.44072279
0.1023333;17.7112248
0.1025000;16.92368691
0.1026667;16.0803496
0.1028333;15.18537313
0.1030000;14.24951289
0.1031667;13.26242763
0.1033333;12.2335138
0.1035000;11.16450573
0.1036667;10.05922561
0.1038333;8.924184449
0.1040000;7.762706997
0.1041667;6.577450752
0.1043333;5.371555084
0.1045000;4.14674454
0.1046667;2.908773164
0.1048333;1.661779381
0.1050000;0.401795218
0.1051667;-0.863581422
0.1053333;-2.12710829
0.1055000;-3.386319328
0.1056667;-4.630172044
0.1058333;-5.864208872
0.1060000;-7.071121826
0.1061667;-8.264009506
0.1063333;-9.436286266
0.1065000;-10.58124417
0.1066667;-11.69376231
0.1068333;-12.77077641
0.1070000;-13.80821621
0.1071667;-14.80258598
0.1073333;-15.7525342
0.1075000;-16.64934145
0.1076667;-17.49184459
0.1078333;-18.27693722
0.1080000;-19.0008972
0.1081667;-19.65909143
0.1083333;-20.25562669
0.1085000;-20.78421868
0.1086667;-21.24091475
0.1088333;-21.62263203
0.1090000;-21.92653723
0.1091667;-22.15041551
0.1093333;-22.29337717
0.1095000;-22.35150465
0.1096667;-22.32091332
0.1098333;-22.20699534
0.1100000;-22.00593266
0.1101667;-21.71677422
0.1103333;-21.33894034
0.1105000;-20.87487496
0.1106667;-20.32721943
0.1108333;-19.70517564
0.1110000;-19.03773042
0.1111667;-18.22849958
0.1113333;-17.28582858
0.1115000;-16.22838854
0.1116667;-15.07194629
0.1118333;-13.82689965
0.1120000;-12.50502916
0.1121667;-11.11580006
0.1123333;-9.667463408
0.1125000;-8.167835626
0.1126667;-6.625424545
0.1128333;-5.047614245
0.1130000;-3.444055935
0.1131667;-1.823641767
0.1133333;-0.19362734
0.1135000;1.436475347
0.1136667;3.060675308
0.1138333;4.668831015
0.1140000;6.253662616
0.1141667;7.808627302
0.1143333;9.323633357
0.1145000;10.79186398
0.1146667;12.20653986
0.1148333;13.56283968
0.1150000;14.77054462
0.1151667;15.84487609
0.1153333;16.82928078
0.1155000;17.72599101
0.1156667;18.53839513
0.1158333;19.27053016
0.1160000;19.91601793
0.1161667;20.47707607
0.1163333;20.95122202
0.1165000;21.34305071
0.1166667;21.64713166
0.1168333;21.86660735
0.1170000;22.00244611
0.1171667;22.05662047
0.1173333;22.02946842
0.1175000;21.9220302
0.1176667;21.73722442
0.1178333;21.47635908
0.1180000;21.14161353
0.1181667;20.73461967
0.1183333;20.25896849
0.1185000;19.71537794
0.1186667;19.10746173
0.1188333;18.43677373
0.1190000;17.7067151
0.1191667;16.91973623
0.1193333;16.07872849
0.1195000;15.1865141
0.1196667;14.24657838
0.1198333;13.26093044
0.1200000;12.23305593
0.1201667;11.16669835
0.1203333;10.06489601
0.1205000;8.931336212
0.1206667;7.768928232
0.1208333;6.581384257
0.1210000;5.372286451
0.1211667;4.14531317
0.1213333;2.904202731
0.1215000;1.652711833
0.1216667;0.394693416
0.1218333;-0.866062825
0.1220000;-2.125617692
0.1221667;-3.379880008
0.1223333;-4.625222657
0.1225000;-5.857968526
0.1226667;-7.074379497
0.1228333;-8.270388374
0.1230000;-9.441614176
0.1231667;-10.58460396
0.1233333;-11.6959662
0.1235000;-12.77140944
0.1236667;-13.80795412
0.1238333;-14.80139129
0.1240000;-15.74816678
0.1241667;-16.64542871
0.1243333;-17.48804915
0.1245000;-18.27450208
0.1246667;-19.00072168
0.1248333;-19.66386994
0.1250000;-20.26026865
0.1251667;-20.78787561
0.1253333;-21.24304485
0.1255000;-21.62362389
0.1256667;-21.92690017
0.1258333;-22.150123
0.1260000;-22.29185118
0.1261667;-22.34971438
0.1263333;-22.3224597
0.1265000;-22.20857719
0.1266667;-22.00688411
0.1268333;-21.71716279
0.1270000;-21.33906757
0.1271667;-20.87459636
0.1273333;-20.32601473
0.1275000;-19.70412607
0.1276667;-19.03823819
0.1278333;-18.22900207
0.1280000;-17.28604246
0.1281667;-16.22833943
0.1283333;-15.07162829
0.1285000;-13.82688743
0.1286667;-12.50506359
0.1288333;-11.11543472
0.1290000;-9.666759544
0.1291667;-8.167097172
0.1293333;-6.624580769
0.1295000;-5.047588565
0.1296667;-3.444500397
0.1298333;-1.823622036
0.1300000;-0.193229274
0.1301667;1.438278803
0.1303333;3.062167938
0.1305000;4.670468847
0.1306667;6.254991479
0.1308333;7.808337193
0.1310000;9.32289593
0.1311667;10.79063695
0.1313333;12.20579911
0.1315000;13.56196791
0.1316667;14.77020883
0.1318333;15.84618912
0.1320000;16.82930303
0.1321667;17.72596959
0.1323333;18.53969122
0.1325000;19.2696677
0.1326667;19.91520845
0.1328333;20.47585438
0.1330000;20.95098977
0.1331667;21.34093316
0.1333333;21.64549151
0.1335000;21.86591297
0.1336667;22.00248652
0.1338333;22.05619887
0.1340000;22.02919461
0.1341667;21.92186564
0.1343333;21.7371145
0.1345000;21.47628706
0.1346667;21.1415664
0.1348333;20.6524406
0.1350000;20.08765592
0.1351667;19.46876906
0.1353333;18.80164363
0.1355000;18.08435536
0.1356667;17.31688702
0.1358333;16.49866501
0.1360000;15.63073109
0.1361667;14.71482042
0.1363333;13.75368444
0.1365000;12.74899516
0.1366667;11.70400179
0.1368333;10.62253586
0.1370000;9.507541956
0.1371667;8.362569587
0.1373333;7.190536316
0.1375000;5.99520762
0.1376667;4.780114446
0.1378333;3.549002407
0.1380000;2.305626687
0.1381667;1.053651439
0.1383333;-0.203068977
0.1385000;-1.460694623
0.1386667;-2.715388997
0.1388333;-3.962874347
0.1390000;-5.1998052
0.1391667;-6.422401017
0.1393333;-7.6270417
0.1395000;-8.809711084
0.1396667;-9.965839734
0.1398333;-11.09217789
0.1400000;-12.18531747
0.1401667;-13.2410582
0.1403333;-14.25652083
0.1405000;-15.22748257
0.1406667;-16.15034013
0.1408333;-17.02247814
0.1410000;-17.83854741
0.1411667;-18.59731545
0.1413333;-19.29466689
0.1415000;-19.92786535
0.1416667;-20.4932135
0.1418333;-20.98884788
0.1420000;-21.41105128
0.1421667;-21.75784462
0.1423333;-22.02649935
0.1425000;-22.21430111
0.1426667;-22.31999259
0.1428333;-22.34123266
0.1430000;-22.27690748
0.1431667;-22.12558685
0.1433333;-21.88621764
0.1435000;-21.55874607
0.1436667;-21.14297416
0.1438333;-20.64140046
0.1440000;-20.05672163
0.1441667;-19.4019321
0.1443333;-18.70764889
0.1445000;-17.85980283
0.1446667;-16.87182547
0.1448333;-15.76644872
0.1450000;-14.56246085
0.1451667;-13.27302022
0.1453333;-11.91031408
0.1455000;-10.48391236
0.1456667;-9.002910553
0.1458333;-7.475036162
0.1460000;-5.908481225
0.1461667;-4.311666147
0.1463333;-2.692948611
0.1465000;-1.060593616
0.1466667;-0.191848196
0.1468333;1.43996042
0.1470000;3.063010623
0.1471667;4.670733745
0.1473333;6.254936219
0.1475000;7.807982179
0.1476667;9.322264147
0.1478333;10.78928044
0.1480000;12.20367447
0.1481667;13.56070966
0.1483333;14.77152626
0.1485000;15.84796204
0.1486667;16.83020938
0.1488333;17.72675785
0.1490000;18.54089914
0.1491667;19.27026689
0.1493333;19.9159454
0.1495000;20.47621306
0.1496667;20.95094649
0.1498333;21.33940441
0.1500000;21.64373519
0.1501667;21.86412678
0.1503333;22.00149298
0.1505000;22.05911984
0.1506667;22.03226452
0.1508333;21.92361113
0.1510000;21.73777892
0.1511667;21.47634268
0.1513333;21.14103802
0.1515000;20.7323139
0.1516667;20.2568864
0.1518333;19.71124481
0.1520000;19.10359503
0.1521667;18.32365073
0.1523333;17.4808274
0.1525000;16.58221908
0.1526667;15.62478394
0.1528333;14.66232357
0.1530000;13.82532597
0.1531667;12.79616905
0.1533333;11.71695472
0.1535000;10.63873971
0.1536667;9.5015466
0.1538333;8.326552855
0.1540000;7.177735196
0.1541667;5.91378089
0.1543333;4.715345841
0.1545000;3.646180545
0.1546667;2.331139711
0.1548333;0.717086977
0.1550000;-0.13439097
0.1551667;-1.401319817
0.1553333;-2.441834097
0.1555000;-3.56426523
0.1556667;-4.731044705
0.1558333;-5.904286179
0.1560000;-7.089492728
0.1561667;-8.283135746
0.1563333;-9.459984744
0.1565000;-10.60823492
0.1566667;-11.72909502
0.1568333;-12.89965371
0.1570000;-14.02207675
0.1571667;-15.09235518
0.1573333;-16.09366598
0.1575000;-16.98539697
0.1576667;-17.81630827
0.1578333;-18.61448545
0.1580000;-19.35878875
0.1581667;-19.90121811
0.1583333;-20.44150411
0.1585000;-20.92344105
0.1586667;-21.35070027
0.1588333;-21.66499255
0.1590000;-21.93555181
0.1591667;-22.15344509
0.1593333;-22.29815735
0.1595000;-22.35573037
0.1596667;-22.32367557
0.1598333;-22.20863472
0.1600000;-22.00801842
0.1601667;-21.72011868
0.1603333;-21.33687247
0.1605000;-20.87225521
0.1606667;-20.32437486
0.1608333;-19.61535276
0.1610000;-18.85695115
0.1611667;-17.95875443
0.1613333;-16.93523534
0.1615000;-15.80623415
0.1616667;-14.58784398
0.1618333;-13.28885596
0.1620000;-11.91985766
0.1621667;-10.48988568
0.1623333;-9.006377661
0.1625000;-7.476842403
0.1626667;-5.911777283
0.1628333;-4.318810223
0.1630000;-2.703694994
0.1631667;-1.069919047
0.1633333;0.558216275
0.1635000;2.216501817
0.1636667;3.842215401
0.1638333;5.401128283
0.1640000;6.958632565
0.1641667;8.596121603
0.1643333;10.02485434
0.1645000;11.46980176
0.1646667;12.89705835
0.1648333;14.19179262
0.1650000;15.45768824
0.1651667;16.43726192
0.1653333;17.3118847
0.1655000;18.17383092
0.1656667;18.93872236
0.1658333;19.61682046
0.1660000;20.28059078
0.1661667;20.77465349
0.1663333;21.14631671
0.1665000;21.47257696
0.1666667;21.7375737
0.1668333;21.92370491
0.1670000;21.99283472
0.1671667;22.09208997
0.1673333;22.05256258
0.1675000;21.91408889
0.1676667;21.71741625
0.1678333;21.48120215
0.1680000;21.15961816
0.1681667;20.74830206
0.1683333;20.26736816
0.1685000;19.71923154
0.1686667;19.11164768
0.1688333;18.44072279
0.1690000;17.7112248
0.1691667;16.92368691
0.1693333;16.0803496
0.1695000;15.18537313
0.1696667;14.24951289
0.1698333;13.26242763
0.1700000;12.2335138
0.1701667;11.16450573
0.1703333;10.05922561
0.1705000;8.924184449
0.1706667;7.762706997
0.1708333;6.577450752
0.1710000;5.371555084
0.1711667;4.14674454
0.1713333;2.908773164
0.1715000;1.661779381
0.1716667;0.401795218
0.1718333;-0.863581422
0.1720000;-2.12710829
0.1721667;-3.386319328
0.1723333;-4.630172044
0.1725000;-5.864208872
0.1726667;-7.071121826
0.1728333;-8.264009506
0.1730000;-9.436286266
0.1731667;-10.58124417
0.1733333;-11.69376231
0.1735000;-12.77077641
0.1736667;-13.80821621
0.1738333;-14.80258598
0.1740000;-15.7525342
0.1741667;-16.64934145
0.1743333;-17.49184459
0.1745000;-18.27693722
0.1746667;-19.0008972
0.1748333;-19.65909143
0.1750000;-20.25562669
0.1751667;-20.78421868
0.1753333;-21.24091475
0.1755000;-21.62263203
0.1756667;-21.92653723
0.1758333;-22.15041551
0.1760000;-22.29337717
0.1761667;-22.35150465
0.1763333;-22.32091332
0.1765000;-22.20699534
0.1766667;-22.00593266
0.1768333;-21.71677422
0.1770000;-21.33894034
0.1771667;-20.87487496
0.1773333;-20.32721943
0.1775000;-19.70517564
0.1776667;-19.03773042
0.1778333;-18.22849958
0.1780000;-17.28582858
0.1781667;-16.22838854
0.1783333;-15.07194629
0.1785000;-13.82689965
0.1786667;-12.50502916
0.1788333;-11.11580006
0.1790000;-9.667463408
0.1791667;-8.167835626
0.1793333;-6.625424545
0.1795000;-5.047614245
0.1796667;-3.444055935
0.1798333;-1.823641767
0.1800000;-0.19362734
0.1801667;1.436475347
0.1803333;3.060675308
0.1805000;4.668831015
0.1806667;6.253662616
0.1808333;7.808627302
0.1810000;9.323633357
0.1811667;10.79186398
0.1813333;12.20653986
0.1815000;13.56283968
0.1816667;14.77054462
0.1818333;15.84487609
0.1820000;16.82928078
0.1821667;17.72599101
0.1823333;18.53839513
0.1825000;19.27053016
0.1826667;19.91601793
0.1828333;20.47707607
0.1830000;20.95122202
0.1831667;21.34305071
0.1833333;21.64713166
0.1835000;21.86660735
0.1836667;22.00244611
0.1838333;22.05662047
0.1840000;22.02946842
0.1841667;21.9220302
0.1843333;21.73722442
0.1845000;21.47635908
0.1846667;21.14161353
0.1848333;20.73461967
0.1850000;20.25896849
0.1851667;19.71537794
0.1853333;19.10746173
0.1855000;18.43677373
0.1856667;17.7067151
0.1858333;16.91973623
0.1860000;16.07872849
0.1861667;15.1865141
0.1863333;14.24657838
0.1865000;13.26093044
0.1866667;12.23305593
0.1868333;11.16669835
0.1870000;10.06489601
0.1871667;8.931336212
0.1873333;7.768928232
0.1875000;6.581384257
0.1876667;5.372286451
0.1878333;4.14531317
0.1880000;2.904202731
0.1881667;1.652711833
0.1883333;0.394693416
0.1885000;-0.866062825
0.1886667;-2.125617692
0.1888333;-3.379880008
0.1890000;-4.625222657
0.1891667;-5.857968526
0.1893333;-7.074379497
0.1895000;-8.270388374
0.1896667;-9.441614176
0.1898333;-10.58460396
0.1900000;-11.6959662
0.1901667;-12.77140944
0.1903333;-13.80795412
0.1905000;-14.80139129
0.1906667;-15.74816678
0.1908333;-16.64542871
0.1910000;-17.48804915
0.1911667;-18.27450208
0.1913333;-19.00072168
0.1915000;-19.66386994
0.1916667;-20.26026865
0.1918333;-20.78787561
0.1920000;-21.24304485
0.1921667;-21.62362389
0.1923333;-21.92690017
0.1925000;-22.150123
0.1926667;-22.29185118
0.1928333;-22.34971438
0.1930000;-22.3224597
0.1931667;-22.20857719
0.1933333;-22.00688411
0.1935000;-21.71716279
0.1936667;-21.33906757
0.1938333;-20.87459636
0.1940000;-20.32601473
0.1941667;-19.70412607
0.1943333;-19.03823819
0.1945000;-18.22900207
0.1946667;-17.28604246
0.1948333;-16.22833943
0.1950000;-15.07162829
0.1951667;-13.82688743
0.1953333;-12.50506359
0.1955000;-11.11543472
0.1956667;-9.666759544
0.1958333;-8.167097172
0.1960000;-6.624580769
0.1961667;-5.047588565
0.1963333;-3.444500397
0.1965000;-1.823622036
0.1966667;-0.193229274
0.1968333;1.438278803
0.1970000;3.062167938
0.1971667;4.670468847
0.1973333;6.254991479
0.1975000;7.808337193
0.1976667;9.32289593
0.1978333;10.79063695
0.1980000;12.20579911
0.1981667;13.56196791
0.1983333;14.77020883
0.1985000;15.84618912
0.1986667;16.82930303
0.1988333;17.72596959
0.1990000;18.53969122
0.1991667;19.2696677
0.1993333;19.91520845
0.1995000;20.47585438
0.1996667;20.95098977
0.1998333;21.34093316
0.2000000;21.64549151
0.2001667;21.86591297
0.2003333;22.00248652
0.2005000;22.05619887
0.2006667;22.02919461
0.2008333;21.92186564
0.2010000;21.7371145
0.2011667;21.47628706
0.2013333;21.1415664
0.2015000;20.6524406
0.2016667;20.08765592
0.2018333;19.46876906
0.2020000;18.80164363
0.2021667;18.08435536
0.2023333;17.31688702
0.2025000;16.49866501
0.2026667;15.63073109
0.2028333;14.71482042
0.2030000;13.75368444
0.2031667;12.74899516
0.2033333;11.70400179
0.2035000;10.62253586
0.2036667;9.507541956
0.2038333;8.362569587
0.2040000;7.190536316
0.2041667;5.99520762
0.2043333;4.780114446
0.2045000;3.549002407
0.2046667;2.305626687
0.2048333;1.053651439
0.2050000;-0.203068977
0.2051667;-1.460694623
0.2053333;-2.715388997
0.2055000;-3.962874347
0.2056667;-5.1998052
0.2058333;-6.422401017
0.2060000;-7.6270417
0.2061667;-8.809711084
0.2063333;-9.965839734
0.2065000;-11.09217789
0.2066667;-12.18531747
0.2068333;-13.2410582
0.2070000;-14.25652083
0.2071667;-15.22748257
0.2073333;-16.15034013
0.2075000;-17.02247814
0.2076667;-17.83854741
0.2078333;-18.59731545
0.2080000;-19.29466689
0.2081667;-19.92786535
0.2083333;-20.4932135
0.2085000;-20.98884788
0.2086667;-21.41105128
0.2088333;-21.75784462
0.2090000;-22.02649935
0.2091667;-22.21430111
0.2093333;-22.31999259
0.2095000;-22.34123266
0.2096667;-22.27690748
0.2098333;-22.12558685
0.2100000;-21.88621764
0.2101667;-21.55874607
0.2103333;-21.14297416
0.2105000;-20.64140046
0.2106667;-20.05672163
0.2108333;-19.4019321
0.2110000;-18.70764889
0.2111667;-17.85980283
0.2113333;-16.87182547
0.2115000;-15.76644872
0.2116667;-14.56246085
0.2118333;-13.27302022
0.2120000;-11.91031408
0.2121667;-10.48391236
0.2123333;-9.002910553
0.2125000;-7.475036162
0.2126667;-5.908481225
0.2128333;-4.311666147
0.2130000;-2.692948611
0.2131667;-1.060593616
0.2133333;-0.191848196
0.2135000;1.43996042
0.2136667;3.063010623
0.2138333;4.670733745
0.2140000;6.254936219
0.2141667;7.807982179
0.2143333;9.322264147
0.2145000;10.78928044
0.2146667;12.20367447
0.2148333;13.56070966
0.2150000;14.77152626
0.2151667;15.84796204
0.2153333;16.83020938
0.2155000;17.72675785
0.2156667;18.54089914
0.2158333;19.27026689
0.2160000;19.9159454
0.2161667;20.47621306
0.2163333;20.95094649
0.2165000;21.33940441
0.2166667;21.64373519
0.2168333;21.86412678
0.2170000;22.00149298
0.2171667;22.05911984
0.2173333;22.03226452
0.2175000;21.92361113
0.2176667;21.73777892
0.2178333;21.47634268
0.2180000;21.14103802
0.2181667;20.7323139
0.2183333;20.2568864
0.2185000;19.71124481
0.2186667;19.10359503
0.2188333;18.32365073
0.2190000;17.4808274
0.2191667;16.58221908
0.2193333;15.62478394
0.2195000;14.66232357
0.2196667;13.82532597
0.2198333;12.79616905
0.2200000;11.71695472
0.2201667;10.63873971
0.2203333;9.5015466
0.2205000;8.326552855
0.2206667;7.177735196
0.2208333;5.91378089
0.2210000;4.715345841
0.2211667;3.646180545
0.2213333;2.331139711
0.2215000;0.717086977
0.2216667;-0.13439097
0.2218333;-1.401319817
0.2220000;-2.441834097
0.2221667;-3.56426523
0.2223333;-4.731044705
0.2225000;-5.904286179
0.2226667;-7.089492728
0.2228333;-8.283135746
0.2230000;-9.459984744
0.2231667;-10.60823492
0.2233333;-11.72909502
0.2235000;-12.89965371
0.2236667;-14.02207675
0.2238333;-15.09235518
0.2240000;-16.09366598
0.2241667;-16.98539697
0.2243333;-17.81630827
0.2245000;-18.61448545
0.2246667;-19.35878875
0.2248333;-19.90121811
0.2250000;-20.44150411
0.2251667;-20.92344105
0.2253333;-21.35070027
0.2255000;-21.66499255
0.2256667;-21.93555181
0.2258333;-22.15344509
0.2260000;-22.29815735
0.2261667;-22.35573037
0.2263333;-22.32367557
0.2265000;-22.20863472
0.2266667;-22.00801842
0.2268333;-21.72011868
0.2270000;-21.33687247
0.2271667;-20.87225521
0.2273333;-20.32437486
0.2275000;-19.61535276
0.2276667;-18.85695115
0.2278333;-17.95875443
0.2280000;-16.93523534
0.2281667;-15.80623415
0.2283333;-14.58784398
0.2285000;-13.28885596
0.2286667;-11.91985766
0.2288333;-10.48988568
0.2290000;-9.006377661
0.2291667;-7.476842403
0.2293333;-5.911777283
0.2295000;-4.318810223
0.2296667;-2.703694994
0.2298333;-1.069919047
0.2300000;0.558216275
0.2301667;2.216501817
0.2303333;3.842215401
0.2305000;5.401128283
0.2306667;6.958632565
0.2308333;8.596121603
0.2310000;10.02485434
0.2311667;11.46980176
0.2313333;12.89705835
0.2315000;14.19179262
0.2316667;15.45768824
0.2318333;16.43726192
0.2320000;17.3118847
0.2321667;18.17383092
0.2323333;18.93872236
0.2325000;19.61682046
0.2326667;20.28059078
0.2328333;20.77465349
0.2330000;21.14631671
0.2331667;21.47257696
0.2333333;21.7375737
0.2335000;21.92370491
0.2336667;21.99283472
0.2338333;22.09208997
0.2340000;22.05256258
0.2341667;21.91408889
0.2343333;21.71741625
0.2345000;21.48120215
0.2346667;21.15961816
0.2348333;20.74830206
0.2350000;20.26736816
0.2351667;19.71923154
0.2353333;19.11164768
0.2355000;18.44072279
0.2356667;17.7112248
0.2358333;16.92368691
0.2360000;16.0803496
0.2361667;15.18537313
0.2363333;14.24951289
0.2365000;13.26242763
0.2366667;12.2335138
0.2368333;11.16450573
0.2370000;10.05922561
0.2371667;8.924184449
0.2373333;7.762706997
0.2375000;6.577450752
0.2376667;5.371555084
0.2378333;4.14674454
0.2380000;2.908773164
0.2381667;1.661779381
0.2383333;0.401795218
0.2385000;-0.863581422
0.2386667;-2.12710829
0.2388333;-3.386319328
0.2390000;-4.630172044
0.2391667;-5.864208872
0.2393333;-7.071121826
0.2395000;-8.264009506
0.2396667;-9.436286266
0.2398333;-10.58124417
0.2400000;-11.69376231
0.2401667;-12.77077641
0.2403333;-13.80821621
0.2405000;-14.80258598
0.2406667;-15.7525342
0.2408333;-16.64934145
0.2410000;-17.49184459
0.2411667;-18.27693722
0.2413333;-19.0008972
0.2415000;-19.65909143
0.2416667;-20.25562669
0.2418333;-20.78421868
0.2420000;-21.24091475
0.2421667;-21.62263203
0.2423333;-21.92653723
0.2425000;-22.15041551
0.2426667;-22.29337717
0.2428333;-22.35150465
0.2430000;-22.32091332
0.2431667;-22.20699534
0.2433333;-22.00593266
0.2435000;-21.71677422
0.2436667;-21.33894034
0.2438333;-20.87487496
0.2440000;-20.32721943
0.2441667;-19.70517564
0.2443333;-19.03773042
0.2445000;-18.22849958
0.2446667;-17.28582858
0.2448333;-16.22838854
0.2450000;-15.07194629
0.2451667;-13.82689965
0.2453333;-12.50502916
0.2455000;-11.11580006
0.2456667;-9.667463408
0.2458333;-8.167835626
0.2460000;-6.625424545
0.2461667;-5.047614245
0.2463333;-3.444055935
0.2465000;-1.823641767
0.2466667;-0.19362734
0.2468333;1.436475347
0.2470000;3.060675308
0.2471667;4.668831015
0.2473333;6.253662616
0.2475000;7.808627302
0.2476667;9.323633357
0.2478333;10.79186398
0.2480000;12.20653986
0.2481667;13.56283968
0.2483333;14.77054462
0.2485000;15.84487609
0.2486667;16.82928078
0.2488333;17.72599101
0.2490000;18.53839513
0.2491667;19.27053016
0.2493333;19.91601793
0.2495000;20.47707607
0.2496667;20.95122202
0.2498333;21.34305071
0.2500000;21.64713166
0.2501667;21.86660735
0.2503333;22.00244611
0.2505000;22.05662047
0.2506667;22.02946842
0.2508333;21.9220302
0.2510000;21.73722442
0.2511667;21.47635908
0.2513333;21.14161353
0.2515000;20.73461967
0.2516667;20.25896849
0.2518333;19.71537794
0.2520000;19.10746173
0.2521667;18.43677373
0.2523333;17.7067151
0.2525000;16.91973623
0.2526667;16.07872849
0.2528333;15.1865141
0.2530000;14.24657838
0.2531667;13.26093044
0.2533333;12.23305593
0.2535000;11.16669835
0.2536667;10.06489601
0.2538333;8.931336212
0.2540000;7.768928232
0.2541667;6.581384257
0.2543333;5.372286451
0.2545000;4.14531317
0.2546667;2.904202731
0.2548333;1.652711833
0.2550000;0.394693416
0.2551667;-0.866062825
0.2553333;-2.125617692
0.2555000;-3.379880008
0.2556667;-4.625222657
0.2558333;-5.857968526
0.2560000;-7.074379497
0.2561667;-8.270388374
0.2563333;-9.441614176
0.2565000;-10.58460396
0.2566667;-11.6959662
0.2568333;-12.77140944
0.2570000;-13.80795412
0.2571667;-14.80139129
0.2573333;-15.74816678
0.2575000;-16.64542871
0.2576667;-17.48804915
0.2578333;-18.27450208
0.2580000;-19.00072168
0.2581667;-19.66386994
0.2583333;-20.26026865
0.2585000;-20.78787561
0.2586667;-21.24304485
0.2588333;-21.62362389
0.2590000;-21.92690017
0.2591667;-22.150123
0.2593333;-22.29185118
0.2595000;-22.34971438
0.2596667;-22.3224597
0.2598333;-22.20857719
0.2600000;-22.00688411
0.2601667;-21.71716279
0.2603333;-21.33906757
0.2605000;-20.87459636
0.2606667;-20.32601473
0.2608333;-19.70412607
0.2610000;-19.03823819
0.2611667;-18.22900207
0.2613333;-17.28604246
0.2615000;-16.22833943
0.2616667;-15.07162829
0.2618333;-13.82688743
0.2620000;-12.50506359
0.2621667;-11.11543472
0.2623333;-9.666759544
0.2625000;-8.167097172
0.2626667;-6.624580769
0.2628333;-5.047588565
0.2630000;-3.444500397
0.2631667;-1.823622036
0.2633333;-0.193229274
0.2635000;1.438278803
0.2636667;3.062167938
0.2638333;4.670468847
0.2640000;6.254991479
0.2641667;7.808337193
0.2643333;9.32289593
0.2645000;10.79063695
0.2646667;12.20579911
0.2648333;13.56196791
0.2650000;14.77020883
0.2651667;15.84618912
0.2653333;16.82930303
0.2655000;17.72596959
0.2656667;18.53969122
0.2658333;19.2696677
0.2660000;19.91520845
0.2661667;20.47585438
0.2663333;20.95098977
0.2665000;21.34093316
0.2666667;21.64549151
0.2668333;21.86591297
0.2670000;22.00248652
0.2671667;22.05619887
0.2673333;22.02919461
0.2675000;21.92186564
0.2676667;21.7371145
0.2678333;21.47628706
0.2680000;21.1415664
0.2681667;20.6524406
0.2683333;20.08765592
0.2685000;19.46876906
0.2686667;18.80164363
0.2688333;18.08435536
0.2690000;17.31688702
0.2691667;16.49866501
0.2693333;15.63073109
0.2695000;14.71482042
0.2696667;13.75368444
0.2698333;12.74899516
0.2700000;11.70400179
0.2701667;10.62253586
0.2703333;9.507541956
0.2705000;8.362569587
0.2706667;7.190536316
0.2708333;5.99520762
0.2710000;4.780114446
0.2711667;3.549002407
0.2713333;2.305626687
0.2715000;1.053651439
0.2716667;-0.203068977
0.2718333;-1.460694623
0.2720000;-2.715388997
0.2721667;-3.962874347
0.2723333;-5.1998052
0.2725000;-6.422401017
0.2726667;-7.6270417
0.2728333;-8.809711084
0.2730000;-9.965839734
0.2731667;-11.09217789
0.2733333;-12.18531747
0.2735000;-13.2410582
0.2736667;-14.25652083
0.2738333;-15.22748257
0.2740000;-16.15034013
0.2741667;-17.02247814
0.2743333;-17.83854741
0.2745000;-18.59731545
0.2746667;-19.29466689
0.2748333;-19.92786535
0.2750000;-20.4932135
0.2751667;-20.98884788
0.2753333;-21.41105128
0.2755000;-21.75784462
0.2756667;-22.02649935
0.2758333;-22.21430111
0.2760000;-22.31999259
0.2761667;-22.34123266
0.2763333;-22.27690748
0.2765000;-22.12558685
0.2766667;-21.88621764
0.2768333;-21.55874607
0.2770000;-21.14297416
0.2771667;-20.64140046
0.2773333;-20.05672163
0.2775000;-19.4019321
0.2776667;-18.70764889
0.2778333;-17.85980283
0.2780000;-16.87182547
0.2781667;-15.76644872
0.2783333;-14.56246085
0.2785000;-13.27302022
0.2786667;-11.91031408
0.2788333;-10.48391236
0.2790000;-9.002910553
0.2791667;-7.475036162
0.2793333;-5.908481225
0.2795000;-4.311666147
0.2796667;-2.692948611
0.2798333;-1.060593616
0.2800000;-0.191848196
0.2801667;1.43996042
0.2803333;3.063010623
0.2805000;4.670733745
0.2806667;6.254936219
0.2808333;7.807982179
0.2810000;9.322264147
0.2811667;10.78928044
0.2813333;12.20367447
0.2815000;13.56070966
0.2816667;14.77152626
0.2818333;15.84796204
0.2820000;16.83020938
0.2821667;17.72675785
0.2823333;18.54089914
0.2825000;19.27026689
0.2826667;19.9159454
0.2828333;20.47621306
0.2830000;20.95094649
0.2831667;21.33940441
0.2833333;21.64373519
0.2835000;21.86412678
0.2836667;22.00149298
0.2838333;22.05911984
0.2840000;22.03226452
0.2841667;21.92361113
0.2843333;21.73777892
0.2845000;21.47634268
0.2846667;21.14103802
0.2848333;20.7323139
0.2850000;20.2568864
0.2851667;19.71124481
0.2853333;19.10359503
0.2855000;18.32365073
0.2856667;17.4808274
0.2858333;16.58221908
0.2860000;15.62478394
0.2861667;14.66232357
0.2863333;13.82532597
0.2865000;12.79616905
0.2866667;11.71695472
0.2868333;10.63873971
0.2870000;9.5015466
0.2871667;8.326552855
0.2873333;7.177735196
0.2875000;5.91378089
0.2876667;4.715345841
0.2878333;3.646180545
0.2880000;2.331139711
0.2881667;0.717086977
0.2883333;-0.13439097
0.2885000;-1.401319817
0.2886667;-2.441834097
0.2888333;-3.56426523
0.2890000;-4.731044705
0.2891667;-5.904286179
0.2893333;-7.089492728
0.2895000;-8.283135746
0.2896667;-9.459984744
0.2898333;-10.60823492
0.2900000;-11.72909502
0.2901667;-12.89965371
0.2903333;-14.02207675
0.2905000;-15.09235518
0.2906667;-16.09366598
0.2908333;-16.98539697
0.2910000;-17.81630827
0.2911667;-18.61448545
0.2913333;-19.35878875
0.2915000;-19.90121811
0.2916667;-20.44150411
0.2918333;-20.92344105
0.2920000;-21.35070027
0.2921667;-21.66499255
0.2923333;-21.93555181
0.2925000;-22.15344509
0.2926667;-22.29815735
0.2928333;-22.35573037
0.2930000;-22.32367557
0.2931667;-22.20863472
0.2933333;-22.00801842
0.2935000;-21.72011868
0.2936667;-21.33687247
0.2938333;-20.87225521
0.2940000;-20.32437486
0.2941667;-19.61535276
0.2943333;-18.85695115
0.2945000;-17.95875443
0.2946667;-16.93523534
0.2948333;-15.80623415
0.2950000;-14.58784398
0.2951667;-13.28885596
0.2953333;-11.91985766
0.2955000;-10.48988568
0.2956667;-9.006377661
0.2958333;-7.476842403
0.2960000;-5.911777283
0.2961667;-4.318810223
0.2963333;-2.703694994
0.2965000;-1.069919047
0.2966667;0.558216275
0.2968333;2.216501817
0.2970000;3.842215401
0.2971667;5.401128283
0.2973333;6.958632565
0.2975000;8.596121603
0.2976667;10.02485434
0.2978333;11.46980176
0.2980000;12.89705835
0.2981667;14.19179262
0.2983333;15.45768824
0.2985000;16.43726192
0.2986667;17.3118847
0.2988333;18.17383092
0.2990000;18.93872236
0.2991667;19.61682046
0.2993333;20.28059078
0.2995000;20.77465349
0.2996667;21.14631671
0.2998333;21.47257696
0.3000000;21.7375737
0.3001667;21.92370491
0.3003333;21.99283472
0.3005000;22.09208997
0.3006667;22.05256258
0.3008333;21.91408889
0.3010000;21.71741625
0.3011667;21.48120215
0.3013333;21.15961816
0.3015000;20.74830206
0.3016667;20.26736816
0.3018333;19.71923154
0.3020000;19.11164768
0.3021667;18.44072279
0.3023333;17.7112248
0.3025000;16.92368691
0.3026667;16.0803496
0.3028333;15.18537313
0.3030000;14.24951289
0.3031667;13.26242763
0.3033333;12.2335138
0.3035000;11.16450573
0.3036667;10.05922561
0.3038333;8.924184449
0.3040000;7.762706997
0.3041667;6.577450752
0.3043333;5.371555084
0.3045000;4.14674454
0.3046667;2.908773164
0.3048333;1.661779381
0.3050000;0.401795218
0.3051667;-0.863581422
0.3053333;-2.12710829
0.3055000;-3.386319328
0.3056667;-4.630172044
0.3058333;-5.864208872
0.3060000;-7.071121826
0.3061667;-8.264009506
0.3063333;-9.436286266
0.3065000;-10.58124417
0.3066667;-11.69376231
0.3068333;-12.77077641
0.3070000;-13.80821621
0.3071667;-14.80258598
0.3073333;-15.7525342
0.3075000;-16.64934145
0.3076667;-17.49184459
0.3078333;-18.27693722
0.3080000;-19.0008972
0.3081667;-19.65909143
0.3083333;-20.25562669
0.3085000;-20.78421868
0.3086667;-21.24091475
0.3088333;-21.62263203
0.3090000;-21.92653723
0.3091667;-22.15041551
0.3093333;-22.29337717
0.3095000;-22.35150465
0.3096667;-22.32091332
0.3098333;-22.20699534
0.3100000;-22.00593266
0.3101667;-21.71677422
0.3103333;-21.33894034
0.3105000;-20.87487496
0.3106667;-20.32721943
0.3108333;-19.70517564
0.3110000;-19.03773042
0.3111667;-18.22849958
0.3113333;-17.28582858
0.3115000;-16.22838854
0.3116667;-15.07194629
0.3118333;-13.82689965
0.3120000;-12.50502916
0.3121667;-11.11580006
0.3123333;-9.667463408
0.3125000;-8.167835626
0.3126667;-6.625424545
0.3128333;-5.047614245
0.3130000;-3.444055935
0.3131667;-1.823641767
0.3133333;-0.19362734
0.3135000;1.436475347
0.3136667;3.060675308
0.3138333;4.668831015
0.3140000;6.253662616
0.3141667;7.808627302
0.3143333;9.323633357
0.3145000;10.79186398
0.3146667;12.20653986
0.3148333;13.56283968
0.3150000;14.77054462
0.3151667;15.84487609
0.3153333;16.82928078
0.3155000;17.72599101
0.3156667;18.53839513
0.3158333;19.27053016
0.3160000;19.91601793
0.3161667;20.47707607
0.3163333;20.95122202
0.3165000;21.34305071
0.3166667;21.64713166
0.3168333;21.86660735
0.3170000;22.00244611
0.3171667;22.05662047
0.3173333;22.02946842
0.3175000;21.9220302
0.3176667;21.73722442
0.3178333;21.47635908
0.3180000;21.14161353
0.3181667;20.73461967
0.3183333;20.25896849
0.3185000;19.71537794
0.3186667;19.10746173
0.3188333;18.43677373
0.3190000;17.7067151
0.3191667;16.91973623
0.3193333;16.07872849
0.3195000;15.1865141
0.3196667;14.24657838
0.3198333;13.26093044
0.3200000;12.23305593
0.3201667;11.16669835
0.3203333;10.06489601
0.3205000;8.931336212
0.3206667;7.768928232
0.3208333;6.581384257
0.3210000;5.372286451
0.3211667;4.14531317
0.3213333;2.904202731
0.3215000;1.652711833
0.3216667;0.394693416
0.3218333;-0.866062825
0.3220000;-2.125617692
0.3221667;-3.379880008
0.3223333;-4.625222657
0.3225000;-5.857968526
0.3226667;-7.074379497
0.3228333;-8.270388374
0.3230000;-9.441614176
0.3231667;-10.58460396
0.3233333;-11.6959662
0.3235000;-12.77140944
0.3236667;-13.80795412
0.3238333;-14.80139129
0.3240000;-15.74816678
0.3241667;-16.64542871
0.3243333;-17.48804915
0.3245000;-18.27450208
0.3246667;-19.00072168
0.3248333;-19.66386994
0.3250000;-20.26026865
0.3251667;-20.78787561
0.3253333;-21.24304485
0.3255000;-21.62362389
0.3256667;-21.92690017
0.3258333;-22.150123
0.3260000;-22.29185118
0.3261667;-22.34971438
0.3263333;-22.3224597
0.3265000;-22.20857719
0.3266667;-22.00688411
0.3268333;-21.71716279
0.3270000;-21.33906757
0.3271667;-20.87459636
0.3273333;-20.32601473
0.3275000;-19.70412607
0.3276667;-19.03823819
0.3278333;-18.22900207
0.3280000;-17.28604246
0.3281667;-16.22833943
0.3283333;-15.07162829
0.3285000;-13.82688743
0.3286667;-12.50506359
0.3288333;-11.11543472
0.3290000;-9.666759544
0.3291667;-8.167097172
0.3293333;-6.624580769
0.3295000;-5.047588565
0.3296667;-3.444500397
0.3298333;-1.823622036
0.3300000;-0.193229274
0.3301667;1.438278803
0.3303333;3.062167938
0.3305000;4.670468847
0.3306667;6.254991479
0.3308333;7.808337193
0.3310000;9.32289593
0.3311667;10.79063695
0.3313333;12.20579911
0.3315000;13.56196791
0.3316667;14.77020883
0.3318333;15.84618912
0.3320000;16.82930303
0.3321667;17.72596959
0.3323333;18.53969122
0.3325000;19.2696677
0.3326667;19.91520845
0.3328333;20.47585438
0.3330000;20.95098977
0.3331667;21.34093316
0.3333333;21.64549151
0.3335000;21.86591297
0.3336667;22.00248652
0.3338333;22.05619887
0.3340000;22.02919461
0.3341667;21.92186564
0.3343333;21.7371145
0.3345000;21.47628706
0.3346667;21.1415664
0.3348333;20.6524406
0.3350000;20.08765592
0.3351667;19.46876906
0.3353333;18.80164363
0.3355000;18.08435536
0.3356667;17.31688702
0.3358333;16.49866501
0.3360000;15.63073109
0.3361667;14.71482042
0.3363333;13.75368444
0.3365000;12.74899516
0.3366667;11.70400179
0.3368333;10.62253586
0.3370000;9.507541956
0.3371667;8.362569587
0.3373333;7.190536316
0.3375000;5.99520762
0.3376667;4.780114446
0.3378333;3.549002407
0.3380000;2.305626687
0.3381667;1.053651439
0.3383333;-0.203068977
0.3385000;-1.460694623
0.3386667;-2.715388997
0.3388333;-3.962874347
0.3390000;-5.1998052
0.3391667;-6.422401017
0.3393333;-7.6270417
0.3395000;-8.809711084
0.3396667;-9.965839734
0.3398333;-11.09217789
0.3400000;-12.18531747
0.3401667;-13.2410582
0.3403333;-14.25652083
0.3405000;-15.22748257
0.3406667;-16.15034013
0.3408333;-17.02247814
0.3410000;-17.83854741
0.3411667;-18.59731545
0.3413333;-19.29466689
0.3415000;-19.92786535
0.3416667;-20.4932135
0.3418333;-20.98884788
0.3420000;-21.41105128
0.3421667;-21.75784462
0.3423333;-22.02649935
0.3425000;-22.21430111
0.3426667;-22.31999259
0.3428333;-22.34123266
0.3430000;-22.27690748
0.3431667;-22.12558685
0.3433333;-21.88621764
0.3435000;-21.55874607
0.3436667;-21.14297416
0.3438333;-20.64140046
0.3440000;-20.05672163
0.3441667;-19.4019321
0.3443333;-18.70764889
0.3445000;-17.85980283
0.3446667;-16.87182547
0.3448333;-15.76644872
0.3450000;-14.56246085
0.3451667;-13.27302022
0.3453333;-11.91031408
0.3455000;-10.48391236
0.3456667;-9.002910553
0.3458333;-7.475036162
0.3460000;-5.908481225
0.3461667;-4.311666147
0.3463333;-2.692948611
0.3465000;-1.060593616
0.3466667;-0.191848196
0.3468333;1.43996042
0.3470000;3.063010623
0.3471667;4.670733745
0.3473333;6.254936219
0.3475000;7.807982179
0.3476667;9.322264147
0.3478333;10.78928044
0.3480000;12.20367447
0.3481667;13.56070966
0.3483333;14.77152626
0.3485000;15.84796204
0.3486667;16.83020938
0.3488333;17.72675785
0.3490000;18.54089914
0.3491667;19.27026689
0.3493333;19.9159454
0.3495000;20.47621306
0.3496667;20.95094649
0.3498333;21.33940441
0.3500000;21.64373519
0.3501667;21.86412678
0.3503333;22.00149298
0.3505000;22.05911984
0.3506667;22.03226452
0.3508333;21.92361113
0.3510000;21.73777892
0.3511667;21.47634268
0.3513333;21.14103802
0.3515000;20.7323139
0.3516667;20.2568864
0.3518333;19.71124481
0.3520000;19.10359503
0.3521667;18.32365073
0.3523333;17.4808274
0.3525000;16.58221908
0.3526667;15.62478394
0.3528333;14.66232357
0.3530000;13.82532597
0.3531667;12.79616905
0.3533333;11.71695472
0.3535000;10.63873971
0.3536667;9.5015466
0.3538333;8.326552855
0.3540000;7.177735196
0.3541667;5.91378089
0.3543333;4.715345841
0.3545000;3.646180545
0.3546667;2.331139711
0.3548333;0.717086977
0.3550000;-0.13439097
0.3551667;-1.401319817
0.3553333;-2.441834097
0.3555000;-3.56426523
0.3556667;-4.731044705
0.3558333;-5.904286179
0.3560000;-7.089492728
0.3561667;-8.283135746
0.3563333;-9.459984744
0.3565000;-10.60823492
0.3566667;-11.72909502
0.3568333;-12.89965371
0.3570000;-14.02207675
0.3571667;-15.09235518
0.3573333;-16.09366598
0.3575000;-16.98539697
0.3576667;-17.81630827
0.3578333;-18.61448545
0.3580000;-19.35878875
0.3581667;-19.90121811
0.3583333;-20.44150411
0.3585000;-20.92344105
0.3586667;-21.35070027
0.3588333;-21.66499255
0.3590000;-21.93555181
0.3591667;-22.15344509
0.3593333;-22.29815735
0.3595000;-22.35573037
0.3596667;-22.32367557
0.3598333;-22.20863472
0.3600000;-22.00801842
0.3601667;-21.72011868
0.3603333;-21.33687247
0.3605000;-20.87225521
0.3606667;-20.32437486
0.3608333;-19.61535276
0.3610000;-18.85695115
0.3611667;-17.95875443
0.3613333;-16.93523534
0.3615000;-15.80623415
0.3616667;-14.58784398
0.3618333;-13.28885596
0.3620000;-11.91985766
0.3621667;-10.48988568
0.3623333;-9.006377661
0.3625000;-7.476842403
0.3626667;-5.911777283
0.3628333;-4.318810223
0.3630000;-2.703694994
0.3631667;-1.069919047
0.3633333;0.558216275
0.3635000;2.216501817
0.3636667;3.842215401
0.3638333;5.401128283
0.3640000;6.958632565
0.3641667;8.596121603
0.3643333;10.02485434
0.3645000;11.46980176
0.3646667;12.89705835
0.3648333;14.19179262
0.3650000;15.45768824
0.3651667;16.43726192
0.3653333;17.3118847
0.3655000;18.17383092
0.3656667;18.93872236
0.3658333;19.61682046
0.3660000;20.28059078
0.3661667;20.77465349
0.3663333;21.14631671
0.3665000;21.47257696
0.3666667;21.7375737
0.3668333;21.92370491
0.3670000;21.99283472
0.3671667;22.09208997
0.3673333;22.05256258
0.3675000;21.91408889
0.3676667;21.71741625
0.3678333;21.48120215
0.3680000;21.15961816
0.3681667;20.74830206
0.3683333;20.26736816
0.3685000;19.71923154
0.3686667;19.11164768
0.3688333;18.44072279
0.3690000;17.7112248
0.3691667;16.92368691
0.3693333;16.0803496
0.3695000;15.18537313
0.3696667;14.24951289
0.3698333;13.26242763
0.3700000;12.2335138
0.3701667;11.16450573
0.3703333;10.05922561
0.3705000;8.924184449
0.3706667;7.762706997
0.3708333;6.577450752
0.3710000;5.371555084
0.3711667;4.14674454
0.3713333;2.908773164
0.3715000;1.661779381
0.3716667;0.401795218
0.3718333;-0.863581422
0.3720000;-2.12710829
0.3721667;-3.386319328
0.3723333;-4.630172044
0.3725000;-5.864208872
0.3726667;-7.071121826
0.3728333;-8.264009506
0.3730000;-9.436286266
0.3731667;-10.58124417
0.3733333;-11.69376231
0.3735000;-12.77077641
0.3736667;-13.80821621
0.3738333;-14.80258598
0.3740000;-15.7525342
0.3741667;-16.64934145
0.3743333;-17.49184459
0.3745000;-18.27693722
0.3746667;-19.0008972
0.3748333;-19.65909143
0.3750000;-20.25562669
0.3751667;-20.78421868
0.3753333;-21.24091475
0.3755000;-21.62263203
0.3756667;-21.92653723
0.3758333;-22.15041551
0.3760000;-22.29337717
0.3761667;-22.35150465
0.3763333;-22.32091332
0.3765000;-22.20699534
0.3766667;-22.00593266
0.3768333;-21.71677422
0.3770000;-21.33894034
0.3771667;-20.87487496
0.3773333;-20.32721943
0.3775000;-19.70517564
0.3776667;-19.03773042
0.3778333;-18.22849958
0.3780000;-17.28582858
0.3781667;-16.22838854
0.3783333;-15.07194629
0.3785000;-13.82689965
0.3786667;-12.50502916
0.3788333;-11.11580006
0.3790000;-9.667463408
0.3791667;-8.167835626
0.3793333;-6.625424545
0.3795000;-5.047614245
0.3796667;-3.444055935
0.3798333;-1.823641767
0.3800000;-0.19362734
0.3801667;1.436475347
0.3803333;3.060675308
0.3805000;4.668831015
0.3806667;6.253662616
0.3808333;7.808627302
0.3810000;9.323633357
0.3811667;10.79186398
0.3813333;12.20653986
0.3815000;13.56283968
0.3816667;14.77054462
0.3818333;15.84487609
0.3820000;16.82928078
0.3821667;17.72599101
0.3823333;18.53839513
0.3825000;19.27053016
0.3826667;19.91601793
0.3828333;20.47707607
0.3830000;20.95122202
0.3831667;21.34305071
0.3833333;21.64713166
0.3835000;21.86660735
0.3836667;22.00244611
0.3838333;22.05662047
0.3840000;22.02946842
0.3841667;21.9220302
0.3843333;21.73722442
0.3845000;21.47635908
0.3846667;21.14161353
0.3848333;20.73461967
0.3850000;20.25896849
0.3851667;19.71537794
0.3853333;19.10746173
0.3855000;18.43677373
0.3856667;17.7067151
0.3858333;16.91973623
0.3860000;16.07872849
0.3861667;15.1865141
0.3863333;14.24657838
0.3865000;13.26093044
0.3866667;12.23305593
0.3868333;11.16669835
0.3870000;10.06489601
0.3871667;8.931336212
0.3873333;7.768928232
0.3875000;6.581384257
0.3876667;5.372286451
0.3878333;4.14531317
0.3880000;2.904202731
0.3881667;1.652711833
0.3883333;0.394693416
0.3885000;-0.866062825
0.3886667;-2.125617692
0.3888333;-3.379880008
0.3890000;-4.625222657
0.3891667;-5.857968526
0.3893333;-7.074379497
0.3895000;-8.270388374
0.3896667;-9.441614176
0.3898333;-10.58460396
0.3900000;-11.6959662
0.3901667;-12.77140944
0.3903333;-13.80795412
0.3905000;-14.80139129
0.3906667;-15.74816678
0.3908333;-16.64542871
0.3910000;-17.48804915
0.3911667;-18.27450208
0.3913333;-19.00072168
0.3915000;-19.66386994
0.3916667;-20.26026865
0.3918333;-20.78787561
0.3920000;-21.24304485
0.3921667;-21.62362389
0.3923333;-21.92690017
0.3925000;-22.150123
0.3926667;-22.29185118
0.3928333;-22.34971438
0.3930000;-22.3224597
0.3931667;-22.20857719
0.3933333;-22.00688411
0.3935000;-21.71716279
0.3936667;-21.33906757
0.3938333;-20.87459636
0.3940000;-20.32601473
0.3941667;-19.70412607
0.3943333;-19.03823819
0.3945000;-18.22900207
0.3946667;-17.28604246
0.3948333;-16.22833943
0.3950000;-15.07162829
0.3951667;-13.82688743
0.3953333;-12.50506359
0.3955000;-11.11543472
0.3956667;-9.666759544
0.3958333;-8.167097172
0.3960000;-6.624580769
0.3961667;-5.047588565
0.3963333;-3.444500397
0.3965000;-1.823622036
0.3966667;-0.193229274
0.3968333;1.438278803
0.3970000;3.062167938
0.3971667;4.670468847
0.3973333;6.254991479
0.3975000;7.808337193
0.3976667;9.32289593
0.3978333;10.79063695
0.3980000;12.20579911
0.3981667;13.56196791
0.3983333;14.77020883
0.3985000;15.84618912
0.3986667;16.82930303
0.3988333;17.72596959
0.3990000;18.53969122
0.3991667;19.2696677
0.3993333;19.91520845
0.3995000;20.47585438
0.3996667;20.95098977
0.3998333;21.34093316
0.4000000;21.64549151
0.4001667;21.86591297
0.4003333;22.00248652
0.4005000;22.05619887
0.4006667;22.02919461
0.4008333;21.92186564
0.4010000;21.7371145
0.4011667;21.47628706
0.4013333;21.1415664
0.4015000;20.6524406
0.4016667;20.08765592
0.4018333;19.46876906
0.4020000;18.80164363
0.4021667;18.08435536
0.4023333;17.31688702
0.4025000;16.49866501
0.4026667;15.63073109
0.4028333;14.71482042
0.4030000;13.75368444
0.4031667;12.74899516
0.4033333;11.70400179
0.4035000;10.62253586
0.4036667;9.507541956
0.4038333;8.362569587
0.4040000;7.190536316
0.4041667;5.99520762
0.4043333;4.780114446
0.4045000;3.549002407
0.4046667;2.305626687
0.4048333;1.053651439
0.4050000;-0.203068977
0.4051667;-1.460694623
0.4053333;-2.715388997
0.4055000;-3.962874347
0.4056667;-5.1998052
0.4058333;-6.422401017
0.4060000;-7.6270417
0.4061667;-8.809711084
0.4063333;-9.965839734
0.4065000;-11.09217789
0.4066667;-12.18531747
0.4068333;-13.2410582
0.4070000;-14.25652083
0.4071667;-15.22748257
0.4073333;-16.15034013
0.4075000;-17.02247814
0.4076667;-17.83854741
0.4078333;-18.59731545
0.4080000;-19.29466689
0.4081667;-19.92786535
0.4083333;-20.4932135
0.4085000;-20.98884788
0.4086667;-21.41105128
0.4088333;-21.75784462
0.4090000;-22.02649935
0.4091667;-22.21430111
0.4093333;-22.31999259
0.4095000;-22.34123266
0.4096667;-22.27690748
0.4098333;-22.12558685
0.4100000;-21.88621764
0.4101667;-21.55874607
0.4103333;-21.14297416
0.4105000;-20.64140046
0.4106667;-20.05672163
0.4108333;-19.4019321
0.4110000;-18.70764889
0.4111667;-17.85980283
0.4113333;-16.87182547
0.4115000;-15.76644872
0.4116667;-14.56246085
0.4118333;-13.27302022
0.4120000;-11.91031408
0.4121667;-10.48391236
0.4123333;-9.002910553
0.4125000;-7.475036162
0.4126667;-5.908481225
0.4128333;-4.311666147
0.4130000;-2.692948611
0.4131667;-1.060593616
0.4133333;-0.191848196
0.4135000;1.43996042
0.4136667;3.063010623
0.4138333;4.670733745
0.4140000;6.254936219
0.4141667;7.807982179
0.4143333;9.322264147
0.4145000;10.78928044
0.4146667;12.20367447
0.4148333;13.56070966
0.4150000;14.77152626
0.4151667;15.84796204
0.4153333;16.83020938
0.4155000;17.72675785
0.4156667;18.54089914
0.4158333;19.27026689
0.4160000;19.9159454
0.4161667;20.47621306
0.4163333;20.95094649
0.4165000;21.33940441
0.4166667;21.64373519
0.4168333;21.86412678
0.4170000;22.00149298
0.4171667;22.05911984
0.4173333;22.03226452
0.4175000;21.92361113
0.4176667;21.73777892
0.4178333;21.47634268
0.4180000;21.14103802
0.4181667;20.7323139
0.4183333;20.2568864
0.4185000;19.71124481
0.4186667;19.10359503
0.4188333;18.32365073
0.4190000;17.4808274
0.4191667;16.58221908
0.4193333;15.62478394
0.4195000;14.66232357
0.4196667;13.82532597
0.4198333;12.79616905
0.4200000;11.71695472
0.4201667;10.63873971
0.4203333;9.5015466
0.4205000;8.326552855
0.4206667;7.177735196
0.4208333;5.91378089
0.4210000;4.715345841
0.4211667;3.646180545
0.4213333;2.331139711
0.4215000;0.717086977
0.4216667;-0.13439097
0.4218333;-1.401319817
0.4220000;-2.441834097
0.4221667;-3.56426523
0.4223333;-4.731044705
0.4225000;-5.904286179
0.4226667;-7.089492728
0.4228333;-8.283135746
0.4230000;-9.459984744
0.4231667;-10.60823492
0.4233333;-11.72909502
0.4235000;-12.89965371
0.4236667;-14.02207675
0.4238333;-15.09235518
0.4240000;-16.09366598
0.4241667;-16.98539697
0.4243333;-17.81630827
0.4245000;-18.61448545
0.4246667;-19.35878875
0.4248333;-19.90121811
0.4250000;-20.44150411
0.4251667;-20.92344105
0.4253333;-21.35070027
0.4255000;-21.66499255
0.4256667;-21.93555181
0.4258333;-22.15344509
0.4260000;-22.29815735
0.4261667;-22.35573037
0.4263333;-22.32367557
0.4265000;-22.20863472
0.4266667;-22.00801842
0.4268333;-21.72011868
0.4270000;-21.33687247
0.4271667;-20.87225521
0.4273333;-20.32437486
0.4275000;-19.61535276
0.4276667;-18.85695115
0.4278333;-17.95875443
0.4280000;-16.93523534
0.4281667;-15.80623415
0.4283333;-14.58784398
0.4285000;-13.28885596
0.4286667;-11.91985766
0.4288333;-10.48988568
0.4290000;-9.006377661
0.4291667;-7.476842403
0.4293333;-5.911777283
0.4295000;-4.318810223
0.4296667;-2.703694994
0.4298333;-1.069919047
0.4300000;0.558216275
0.4301667;2.216501817
0.4303333;3.842215401
0.4305000;5.401128283
0.4306667;6.958632565
0.4308333;8.596121603
0.4310000;10.02485434
0.4311667;11.46980176
0.4313333;12.89705835
0.4315000;14.19179262
0.4316667;15.45768824
0.4318333;16.43726192
0.4320000;17.3118847
0.4321667;18.17383092
0.4323333;18.93872236
0.4325000;19.61682046
0.4326667;20.28059078
0.4328333;20.77465349
0.4330000;21.14631671
0.4331667;21.47257696
0.4333333;21.7375737
0.4335000;21.92370491
0.4336667;21.99283472
0.4338333;22.09208997
0.4340000;22.05256258
0.4341667;21.91408889
0.4343333;21.71741625
0.4345000;21.48120215
0.4346667;21.15961816
0.4348333;20.74830206
0.4350000;20.26736816
0.4351667;19.71923154
0.4353333;19.11164768
0.4355000;18.44072279
0.4356667;17.7112248
0.4358333;16.92368691
0.4360000;16.0803496
0.4361667;15.18537313
0.4363333;14.24951289
0.4365000;13.26242763
0.4366667;12.2335138
0.4368333;11.16450573
0.4370000;10.05922561
0.4371667;8.924184449
0.4373333;7.762706997
0.4375000;6.577450752
0.4376667;5.371555084
0.4378333;4.14674454
0.4380000;2.908773164
0.4381667;1.661779381
0.4383333;0.401795218
0.4385000;-0.863581422
0.4386667;-2.12710829
0.4388333;-3.386319328
0.4390000;-4.630172044
0.4391667;-5.864208872
0.4393333;-7.071121826
0.4395000;-8.264009506
0.4396667;-9.436286266
0.4398333;-10.58124417
0.4400000;-11.69376231
0.4401667;-12.77077641
0.4403333;-13.80821621
0.4405000;-14.80258598
0.4406667;-15.7525342
0.4408333;-16.64934145
0.4410000;-17.49184459
0.4411667;-18.27693722
0.4413333;-19.0008972
0.4415000;-19.65909143
0.4416667;-20.25562669
0.4418333;-20.78421868
0.4420000;-21.24091475
0.4421667;-21.62263203
0.4423333;-21.92653723
0.4425000;-22.15041551
0.4426667;-22.29337717
0.4428333;-22.35150465
0.4430000;-22.32091332
0.4431667;-22.20699534
0.4433333;-22.00593266
0.4435000;-21.71677422
0.4436667;-21.33894034
0.4438333;-20.87487496
0.4440000;-20.32721943
0.4441667;-19.70517564
0.4443333;-19.03773042
0.4445000;-18.22849958
0.4446667;-17.28582858
0.4448333;-16.22838854
0.4450000;-15.07194629
0.4451667;-13.82689965
0.4453333;-12.50502916
0.4455000;-11.11580006
0.4456667;-9.667463408
0.4458333;-8.167835626
0.4460000;-6.625424545
0.4461667;-5.047614245
0.4463333;-3.444055935
0.4465000;-1.823641767
0.4466667;-0.19362734
0.4468333;1.436475347
0.4470000;3.060675308
0.4471667;4.668831015
0.4473333;6.253662616
0.4475000;7.808627302
0.4476667;9.323633357
0.4478333;10.79186398
0.4480000;12.20653986
0.4481667;13.56283968
0.4483333;14.77054462
0.4485000;15.84487609
0.4486667;16.82928078
0.4488333;17.72599101
0.4490000;18.53839513
0.4491667;19.27053016
0.4493333;19.91601793
0.4495000;20.47707607
0.4496667;20.95122202
0.4498333;21.34305071
0.4500000;21.64713166
0.4501667;21.86660735
0.4503333;22.00244611
0.4505000;22.05662047
0.4506667;22.02946842
0.4508333;21.9220302
0.4510000;21.73722442
0.4511667;21.47635908
0.4513333;21.14161353
0.4515000;20.73461967
0.4516667;20.25896849
0.4518333;19.71537794
0.4520000;19.10746173
0.4521667;18.43677373
0.4523333;17.7067151
0.4525000;16.91973623
0.4526667;16.07872849
0.4528333;15.1865141
0.4530000;14.24657838
0.4531667;13.26093044
0.4533333;12.23305593
0.4535000;11.16669835
0.4536667;10.06489601
0.4538333;8.931336212
0.4540000;7.768928232
0.4541667;6.581384257
0.4543333;5.372286451
0.4545000;4.14531317
0.4546667;2.904202731
0.4548333;1.652711833
0.4550000;0.394693416
0.4551667;-0.866062825
0.4553333;-2.125617692
0.4555000;-3.379880008
0.4556667;-4.625222657
0.4558333;-5.857968526
0.4560000;-7.074379497
0.4561667;-8.270388374
0.4563333;-9.441614176
0.4565000;-10.58460396
0.4566667;-11.6959662
0.4568333;-12.77140944
0.4570000;-13.80795412
0.4571667;-14.80139129
0.4573333;-15.74816678
0.4575000;-16.64542871
0.4576667;-17.48804915
0.4578333;-18.27450208
0.4580000;-19.00072168
0.4581667;-19.66386994
0.4583333;-20.26026865
0.4585000;-20.78787561
0.4586667;-21.24304485
0.4588333;-21.62362389
0.4590000;-21.92690017
0.4591667;-22.150123
0.4593333;-22.29185118
0.4595000;-22.34971438
0.4596667;-22.3224597
0.4598333;-22.20857719
0.4600000;-22.00688411
0.4601667;-21.71716279
0.4603333;-21.33906757
0.4605000;-20.87459636
0.4606667;-20.32601473
0.4608333;-19.70412607
0.4610000;-19.03823819
0.4611667;-18.22900207
0.4613333;-17.28604246
0.4615000;-16.22833943
0.4616667;-15.07162829
0.4618333;-13.82688743
0.4620000;-12.50506359
0.4621667;-11.11543472
0.4623333;-9.666759544
0.4625000;-8.167097172
0.4626667;-6.624580769
0.4628333;-5.047588565
0.4630000;-3.444500397
0.4631667;-1.823622036
0.4633333;-0.193229274
0.4635000;1.438278803
0.4636667;3.062167938
0.4638333;4.670468847
0.4640000;6.254991479
0.4641667;7.808337193
0.4643333;9.32289593
0.4645000;10.79063695
0.4646667;12.20579911
0.4648333;13.56196791
0.4650000;14.77020883
0.4651667;15.84618912
0.4653333;16.82930303
0.4655000;17.72596959
0.4656667;18.53969122
0.4658333;19.2696677
0.4660000;19.91520845
0.4661667;20.47585438
0.4663333;20.95098977
0.4665000;21.34093316
0.4666667;21.64549151
0.4668333;21.86591297
0.4670000;22.00248652
0.4671667;22.05619887
0.4673333;22.02919461
0.4675000;21.92186564
0.4676667;21.7371145
0.4678333;21.47628706
0.4680000;21.1415664
0.4681667;20.6524406
0.4683333;20.08765592
0.4685000;19.46876906
0.4686667;18.80164363
0.4688333;18.08435536
0.4690000;17.31688702
0.4691667;16.49866501
0.4693333;15.63073109
0.4695000;14.71482042
0.4696667;13.75368444
0.4698333;12.74899516
0.4700000;11.70400179
0.4701667;10.62253586
0.4703333;9.507541956
0.4705000;8.362569587
0.4706667;7.190536316
0.4708333;5.99520762
0.4710000;4.780114446
0.4711667;3.549002407
0.4713333;2.305626687
0.4715000;1.053651439
0.4716667;-0.203068977
0.4718333;-1.460694623
0.4720000;-2.715388997
0.4721667;-3.962874347
0.4723333;-5.1998052
0.4725000;-6.422401017
0.4726667;-7.6270417
0.4728333;-8.809711084
0.4730000;-9.965839734
0.4731667;-11.09217789
0.4733333;-12.18531747
0.4735000;-13.2410582
0.4736667;-14.25652083
0.4738333;-15.22748257
0.4740000;-16.15034013
0.4741667;-17.02247814
0.4743333;-17.83854741
0.4745000;-18.59731545
0.4746667;-19.29466689
0.4748333;-19.92786535
0.4750000;-20.4932135
0.4751667;-20.98884788
0.4753333;-21.41105128
0.4755000;-21.75784462
0.4756667;-22.02649935
0.4758333;-22.21430111
0.4760000;-22.31999259
0.4761667;-22.34123266
0.4763333;-22.27690748
0.4765000;-22.12558685
0.4766667;-21.88621764
0.4768333;-21.55874607
0.4770000;-21.14297416
0.4771667;-20.64140046
0.4773333;-20.05672163
0.4775000;-19.4019321
0.4776667;-18.70764889
0.4778333;-17.85980283
0.4780000;-16.87182547
0.4781667;-15.76644872
0.4783333;-14.56246085
0.4785000;-13.27302022
0.4786667;-11.91031408
0.4788333;-10.48391236
0.4790000;-9.002910553
0.4791667;-7.475036162
0.4793333;-5.908481225
0.4795000;-4.311666147
0.4796667;-2.692948611
0.4798333;-1.060593616
0.4800000;-0.191848196
0.4801667;1.43996042
0.4803333;3.063010623
0.4805000;4.670733745
0.4806667;6.254936219
0.4808333;7.807982179
0.4810000;9.322264147
0.4811667;10.78928044
0.4813333;12.20367447
0.4815000;13.56070966
0.4816667;14.77152626
0.4818333;15.84796204
0.4820000;16.83020938
0.4821667;17.72675785
0.4823333;18.54089914
0.4825000;19.27026689
0.4826667;19.9159454
0.4828333;20.47621306
0.4830000;20.95094649
0.4831667;21.33940441
0.4833333;21.64373519
0.4835000;21.86412678
0.4836667;22.00149298
0.4838333;22.05911984
0.4840000;22.03226452
0.4841667;21.92361113
0.4843333;21.73777892
0.4845000;21.47634268
0.4846667;21.14103802
0.4848333;20.7323139
0.4850000;20.2568864
0.4851667;19.71124481
0.4853333;19.10359503
0.4855000;18.32365073
0.4856667;17.4808274
0.4858333;16.58221908
0.4860000;15.62478394
0.4861667;14.66232357
0.4863333;13.82532597
0.4865000;12.79616905
0.4866667;11.71695472
0.4868333;10.63873971
0.4870000;9.5015466
0.4871667;8.326552855
0.4873333;7.177735196
0.4875000;5.91378089
0.4876667;4.715345841
0.4878333;3.646180545
0.4880000;2.331139711
0.4881667;0.717086977
0.4883333;-0.13439097
0.4885000;-1.401319817
0.4886667;-2.441834097
0.4888333;-3.56426523
0.4890000;-4.731044705
0.4891667;-5.904286179
0.4893333;-7.089492728
0.4895000;-8.283135746
0.4896667;-9.459984744
0.4898333;-10.60823492
0.4900000;-11.72909502
0.4901667;-12.89965371
0.4903333;-14.02207675
0.4905000;-15.09235518
0.4906667;-16.09366598
0.4908333;-16.98539697
0.4910000;-17.81630827
0.4911667;-18.61448545
0.4913333;-19.35878875
0.4915000;-19.90121811
0.4916667;-20.44150411
0.4918333;-20.92344105
0.4920000;-21.35070027
0.4921667;-21.66499255
0.4923333;-21.93555181
0.4925000;-22.15344509
0.4926667;-22.29815735
0.4928333;-22.35573037
0.4930000;-22.32367557
0.4931667;-22.20863472
0.4933333;-22.00801842
0.4935000;-21.72011868
0.4936667;-21.33687247
0.4938333;-20.87225521
0.4940000;-20.32437486
0.4941667;-19.61535276
0.4943333;-18.85695115
0.4945000;-17.95875443
0.4946667;-16.93523534
0.4948333;-15.80623415
0.4950000;-14.58784398
0.4951667;-13.28885596
0.4953333;-11.91985766
0.4955000;-10.48988568
0.4956667;-9.006377661
0.4958333;-7.476842403
0.4960000;-5.911777283
0.4961667;-4.318810223
0.4963333;-2.703694994
0.4965000;-1.069919047
0.4966667;0.558216275
0.4968333;2.216501817
0.4970000;3.842215401
0.4971667;5.401128283
0.4973333;6.958632565
0.4975000;8.596121603
0.4976667;10.02485434
0.4978333;11.46980176
0.4980000;12.89705835
0.4981667;14.19179262
0.4983333;15.45768824
0.4985000;16.43726192
0.4986667;17.3118847
0.4988333;18.17383092
0.4990000;18.93872236
0.4991667;19.61682046
0.4993333;20.28059078
0.4995000;20.77465349
0.4996667;21.14631671
0.4998333;21.47257696
0.5000000;21.7375737
0.5001667;21.92370491
0.5003333;21.99283472
0.5005000;22.09208997
0.5006667;22.05256258
0.5008333;21.91408889
0.5010000;21.71741625
0.5011667;21.48120215
0.5013333;21.15961816
0.5015000;20.74830206
0.5016667;20.26736816
0.5018333;19.71923154
0.5020000;19.11164768
0.5021667;18.44072279
0.5023333;17.7112248
0.5025000;16.92368691
0.5026667;16.0803496
0.5028333;15.18537313
0.5030000;14.24951289
0.5031667;13.26242763
0.5033333;12.2335138
0.5035000;11.16450573
0.5036667;10.05922561
0.5038333;8.924184449
0.5040000;7.762706997
0.5041667;6.577450752
0.5043333;5.371555084
0.5045000;4.14674454
0.5046667;2.908773164
0.5048333;1.661779381
0.5050000;0.401795218
0.5051667;-0.863581422
0.5053333;-2.12710829
0.5055000;-3.386319328
0.5056667;-4.630172044
0.5058333;-5.864208872
0.5060000;-7.071121826
0.5061667;-8.264009506
0.5063333;-9.436286266
0.5065000;-10.58124417
0.5066667;-11.69376231
0.5068333;-12.77077641
0.5070000;-13.80821621
0.5071667;-14.80258598
0.5073333;-15.7525342
0.5075000;-16.64934145
0.5076667;-17.49184459
0.5078333;-18.27693722
0.5080000;-19.0008972
0.5081667;-19.65909143
0.5083333;-20.25562669
0.5085000;-20.78421868
0.5086667;-21.24091475
0.5088333;-21.62263203
0.5090000;-21.92653723
0.5091667;-22.15041551
0.5093333;-22.29337717
0.5095000;-22.35150465
0.5096667;-22.32091332
0.5098333;-22.20699534
0.5100000;-22.00593266
0.5101667;-21.71677422
0.5103333;-21.33894034
0.5105000;-20.87487496
0.5106667;-20.32721943
0.5108333;-19.70517564
0.5110000;-19.03773042
0.5111667;-18.22849958
0.5113333;-17.28582858
0.5115000;-16.22838854
0.5116667;-15.07194629
0.5118333;-13.82689965
0.5120000;-12.50502916
0.5121667;-11.11580006
0.5123333;-9.667463408
0.5125000;-8.167835626
0.5126667;-6.625424545
0.5128333;-5.047614245
0.5130000;-3.444055935
0.5131667;-1.823641767
0.5133333;-0.19362734
0.5135000;1.436475347
0.5136667;3.060675308
0.5138333;4.668831015
0.5140000;6.253662616
0.5141667;7.808627302
0.5143333;9.323633357
0.5145000;10.79186398
0.5146667;12.20653986
0.5148333;13.56283968
0.5150000;14.77054462
0.5151667;15.84487609
0.5153333;16.82928078
0.5155000;17.72599101
0.5156667;18.53839513
0.5158333;19.27053016
0.5160000;19.91601793
0.5161667;20.47707607
0.5163333;20.95122202
0.5165000;21.34305071
0.5166667;21.64713166
0.5168333;21.86660735
0.5170000;22.00244611
0.5171667;22.05662047
0.5173333;22.02946842
0.5175000;21.9220302
0.5176667;21.73722442
0.5178333;21.47635908
0.5180000;21.14161353
0.5181667;20.73461967
0.5183333;20.25896849
0.5185000;19.71537794
0.5186667;19.10746173
0.5188333;18.43677373
0.5190000;17.7067151
0.5191667;16.91973623
0.5193333;16.07872849
0.5195000;15.1865141
0.5196667;14.24657838
0.5198333;13.26093044
0.5200000;12.23305593
0.5201667;11.16669835
0.5203333;10.06489601
0.5205000;8.931336212
0.5206667;7.768928232
0.5208333;6.581384257
0.5210000;5.372286451
0.5211667;4.14531317
0.5213333;2.904202731
0.5215000;1.652711833
0.5216667;0.394693416
0.5218333;-0.866062825
0.5220000;-2.125617692
0.5221667;-3.379880008
0.5223333;-4.625222657
0.5225000;-5.857968526
0.5226667;-7.074379497
0.5228333;-8.270388374
0.5230000;-9.441614176
0.5231667;-10.58460396
0.5233333;-11.6959662
0.5235000;-12.77140944
0.5236667;-13.80795412
0.5238333;-14.80139129
0.5240000;-15.74816678
0.5241667;-16.64542871
0.5243333;-17.48804915
0.5245000;-18.27450208
0.5246667;-19.00072168
0.5248333;-19.66386994
0.5250000;-20.26026865
0.5251667;-20.78787561
0.5253333;-21.24304485
0.5255000;-21.62362389
0.5256667;-21.92690017
0.5258333;-22.150123
0.5260000;-22.29185118
0.5261667;-22.34971438
0.5263333;-22.3224597
0.5265000;-22.20857719
0.5266667;-22.00688411
0.5268333;-21.71716279
0.5270000;-21.33906757
0.5271667;-20.87459636
0.5273333;-20.32601473
0.5275000;-19.70412607
0.5276667;-19.03823819
0.5278333;-18.22900207
0.5280000;-17.28604246
0.5281667;-16.22833943
0.5283333;-15.07162829
0.5285000;-13.82688743
0.5286667;-12.50506359
0.5288333;-11.11543472
0.5290000;-9.666759544
0.5291667;-8.167097172
0.5293333;-6.624580769
0.5295000;-5.047588565
0.5296667;-3.444500397
0.5298333;-1.823622036
0.5300000;-0.193229274
0.5301667;1.438278803
0.5303333;3.062167938
0.5305000;4.670468847
0.5306667;6.254991479
0.5308333;7.808337193
0.5310000;9.32289593
0.5311667;10.79063695
0.5313333;12.20579911
0.5315000;13.56196791
0.5316667;14.77020883
0.5318333;15.84618912
0.5320000;16.82930303
0.5321667;17.72596959
0.5323333;18.53969122
0.5325000;19.2696677
0.5326667;19.91520845
0.5328333;20.47585438
0.5330000;20.95098977
0.5331667;21.34093316
0.5333333;21.64549151
0.5335000;21.86591297
0.5336667;22.00248652
0.5338333;22.05619887
0.5340000;22.02919461
0.5341667;21.92186564
0.5343333;21.7371145
0.5345000;21.47628706
0.5346667;21.1415664
0.5348333;20.6524406
0.5350000;20.08765592
0.5351667;19.46876906
0.5353333;18.80164363
0.5355000;18.08435536
0.5356667;17.31688702
0.5358333;16.49866501
0.5360000;15.63073109
0.5361667;14.71482042
0.5363333;13.75368444
0.5365000;12.74899516
0.5366667;11.70400179
0.5368333;10.62253586
0.5370000;9.507541956
0.5371667;8.362569587
0.5373333;7.190536316
0.5375000;5.99520762
0.5376667;4.780114446
0.5378333;3.549002407
0.5380000;2.305626687
0.5381667;1.053651439
0.5383333;-0.203068977
0.5385000;-1.460694623
0.5386667;-2.715388997
0.5388333;-3.962874347
0.5390000;-5.1998052
0.5391667;-6.422401017
0.5393333;-7.6270417
0.5395000;-8.809711084
0.5396667;-9.965839734
0.5398333;-11.09217789
0.5400000;-12.18531747
0.5401667;-13.2410582
0.5403333;-14.25652083
0.5405000;-15.22748257
0.5406667;-16.15034013
0.5408333;-17.02247814
0.5410000;-17.83854741
0.5411667;-18.59731545
0.5413333;-19.29466689
0.5415000;-19.92786535
0.5416667;-20.4932135
0.5418333;-20.98884788
0.5420000;-21.41105128
0.5421667;-21.75784462
0.5423333;-22.02649935
0.5425000;-22.21430111
0.5426667;-22.31999259
0.5428333;-22.34123266
0.5430000;-22.27690748
0.5431667;-22.12558685
0.5433333;-21.88621764
0.5435000;-21.55874607
0.5436667;-21.14297416
0.5438333;-20.64140046
0.5440000;-20.05672163
0.5441667;-19.4019321
0.5443333;-18.70764889
0.5445000;-17.85980283
0.5446667;-16.87182547
0.5448333;-15.76644872
0.5450000;-14.56246085
0.5451667;-13.27302022
0.5453333;-11.91031408
0.5455000;-10.48391236
0.5456667;-9.002910553
0.5458333;-7.475036162
0.5460000;-5.908481225
0.5461667;-4.311666147
0.5463333;-2.692948611
0.5465000;-1.060593616
0.5466667;-0.191848196
0.5468333;1.43996042
0.5470000;3.063010623
0.5471667;4.670733745
0.5473333;6.254936219
0.5475000;7.807982179
0.5476667;9.322264147
0.5478333;10.78928044
0.5480000;12.20367447
0.5481667;13.56070966
0.5483333;14.77152626
0.5485000;15.84796204
0.5486667;16.83020938
0.5488333;17.72675785
0.5490000;18.54089914
0.5491667;19.27026689
0.5493333;19.9159454
0.5495000;20.47621306
0.5496667;20.95094649
0.5498333;21.33940441
0.5500000;21.64373519
0.5501667;21.86412678
0.5503333;22.00149298
0.5505000;22.05911984
0.5506667;22.03226452
0.5508333;21.92361113
0.5510000;21.73777892
0.5511667;21.47634268
0.5513333;21.14103802
0.5515000;20.7323139
0.5516667;20.2568864
0.5518333;19.71124481
0.5520000;19.10359503
0.5521667;18.32365073
0.5523333;17.4808274
0.5525000;16.58221908
0.5526667;15.62478394
0.5528333;14.66232357
0.5530000;13.82532597
0.5531667;12.79616905
0.5533333;11.71695472
0.5535000;10.63873971
0.5536667;9.5015466
0.5538333;8.326552855
0.5540000;7.177735196
0.5541667;5.91378089
0.5543333;4.715345841
0.5545000;3.646180545
0.5546667;2.331139711
0.5548333;0.717086977
0.5550000;-0.13439097
0.5551667;-1.401319817
0.5553333;-2.441834097
0.5555000;-3.56426523
0.5556667;-4.731044705
0.5558333;-5.904286179
0.5560000;-7.089492728
0.5561667;-8.283135746
0.5563333;-9.459984744
0.5565000;-10.60823492
0.5566667;-11.72909502
0.5568333;-12.89965371
0.5570000;-14.02207675
0.5571667;-15.09235518
0.5573333;-16.09366598
0.5575000;-16.98539697
0.5576667;-17.81630827
0.5578333;-18.61448545
0.5580000;-19.35878875
0.5581667;-19.90121811
0.5583333;-20.44150411
0.5585000;-20.92344105
0.5586667;-21.35070027
0.5588333;-21.66499255
0.5590000;-21.93555181
0.5591667;-22.15344509
0.5593333;-22.29815735
0.5595000;-22.35573037
0.5596667;-22.32367557
0.5598333;-22.20863472
0.5600000;-22.00801842
0.5601667;-21.72011868
0.5603333;-21.33687247
0.5605000;-20.87225521
0.5606667;-20.32437486
0.5608333;-19.61535276
0.5610000;-18.85695115
0.5611667;-17.95875443
0.5613333;-16.93523534
0.5615000;-15.80623415
0.5616667;-14.58784398
0.5618333;-13.28885596
0.5620000;-11.91985766
0.5621667;-10.48988568
0.5623333;-9.006377661
0.5625000;-7.476842403
0.5626667;-5.911777283
0.5628333;-4.318810223
0.5630000;-2.703694994
0.5631667;-1.069919047
0.5633333;0.558216275
0.5635000;2.216501817
0.5636667;3.842215401
0.5638333;5.401128283
0.5640000;6.958632565
0.5641667;8.596121603
0.5643333;10.02485434
0.5645000;11.46980176
0.5646667;12.89705835
0.5648333;14.19179262
0.5650000;15.45768824
0.5651667;16.43726192
0.5653333;17.3118847
0.5655000;18.17383092
0.5656667;18.93872236
0.5658333;19.61682046
0.5660000;20.28059078
0.5661667;20.77465349
0.5663333;21.14631671
0.5665000;21.47257696
0.5666667;21.7375737
0.5668333;21.92370491
0.5670000;21.99283472
0.5671667;22.09208997
0.5673333;22.05256258
0.5675000;21.91408889
0.5676667;21.71741625
0.5678333;21.48120215
0.5680000;21.15961816
0.5681667;20.74830206
0.5683333;20.26736816
0.5685000;19.71923154
0.5686667;19.11164768
0.5688333;18.44072279
0.5690000;17.7112248
0.5691667;16.92368691
0.5693333;16.0803496
0.5695000;15.18537313
0.5696667;14.24951289
0.5698333;13.26242763
0.5700000;12.2335138
0.5701667;11.16450573
0.5703333;10.05922561
0.5705000;8.924184449
0.5706667;7.762706997
0.5708333;6.577450752
0.5710000;5.371555084
0.5711667;4.14674454
0.5713333;2.908773164
0.5715000;1.661779381
0.5716667;0.401795218
0.5718333;-0.863581422
0.5720000;-2.12710829
0.5721667;-3.386319328
0.5723333;-4.630172044
0.5725000;-5.864208872
0.5726667;-7.071121826
0.5728333;-8.264009506
0.5730000;-9.436286266
0.5731667;-10.58124417
0.5733333;-11.69376231
0.5735000;-12.77077641
0.5736667;-13.80821621
0.5738333;-14.80258598
0.5740000;-15.7525342
0.5741667;-16.64934145
0.5743333;-17.49184459
0.5745000;-18.27693722
0.5746667;-19.0008972
0.5748333;-19.65909143
0.5750000;-20.25562669
0.5751667;-20.78421868
0.5753333;-21.24091475
0.5755000;-21.62263203
0.5756667;-21.92653723
0.5758333;-22.15041551
0.5760000;-22.29337717
0.5761667;-22.35150465
0.5763333;-22.32091332
0.5765000;-22.20699534
0.5766667;-22.00593266
0.5768333;-21.71677422
0.5770000;-21.33894034
0.5771667;-20.87487496
0.5773333;-20.32721943
0.5775000;-19.70517564
0.5776667;-19.03773042
0.5778333;-18.22849958
0.5780000;-17.28582858
0.5781667;-16.22838854
0.5783333;-15.07194629
0.5785000;-13.82689965
0.5786667;-12.50502916
0.5788333;-11.11580006
0.5790000;-9.667463408
0.5791667;-8.167835626
0.5793333;-6.625424545
0.5795000;-5.047614245
0.5796667;-3.444055935
0.5798333;-1.823641767
0.5800000;-0.19362734
0.5801667;1.436475347
0.5803333;3.060675308
0.5805000;4.668831015
0.5806667;6.253662616
0.5808333;7.808627302
0.5810000;9.323633357
0.5811667;10.79186398
0.5813333;12.20653986
0.5815000;13.56283968
0.5816667;14.77054462
0.5818333;15.84487609
0.5820000;16.82928078
0.5821667;17.72599101
0.5823333;18.53839513
0.5825000;19.27053016
0.5826667;19.91601793
0.5828333;20.47707607
0.5830000;20.95122202
0.5831667;21.34305071
0.5833333;21.64713166
0.5835000;21.86660735
0.5836667;22.00244611
0.5838333;22.05662047
0.5840000;22.02946842
0.5841667;21.9220302
0.5843333;21.73722442
0.5845000;21.47635908
0.5846667;21.14161353
0.5848333;20.73461967
0.5850000;20.25896849
0.5851667;19.71537794
0.5853333;19.10746173
0.5855000;18.43677373
0.5856667;17.7067151
0.5858333;16.91973623
0.5860000;16.07872849
0.5861667;15.1865141
0.5863333;14.24657838
0.5865000;13.26093044
0.5866667;12.23305593
0.5868333;11.16669835
0.5870000;10.06489601
0.5871667;8.931336212
0.5873333;7.768928232
0.5875000;6.581384257
0.5876667;5.372286451
0.5878333;4.14531317
0.5880000;2.904202731
0.5881667;1.652711833
0.5883333;0.394693416
0.5885000;-0.866062825
0.5886667;-2.125617692
0.5888333;-3.379880008
0.5890000;-4.625222657
0.5891667;-5.857968526
0.5893333;-7.074379497
0.5895000;-8.270388374
0.5896667;-9.441614176
0.5898333;-10.58460396
0.5900000;-11.6959662
0.5901667;-12.77140944
0.5903333;-13.80795412
0.5905000;-14.80139129
0.5906667;-15.74816678
0.5908333;-16.64542871
0.5910000;-17.48804915
0.5911667;-18.27450208
0.5913333;-19.00072168
0.5915000;-19.66386994
0.5916667;-20.26026865
0.5918333;-20.78787561
0.5920000;-21.24304485
0.5921667;-21.62362389
0.5923333;-21.92690017
0.5925000;-22.150123
0.5926667;-22.29185118
0.5928333;-22.34971438
0.5930000;-22.3224597
0.5931667;-22.20857719
0.5933333;-22.00688411
0.5935000;-21.71716279
0.5936667;-21.33906757
0.5938333;-20.87459636
0.5940000;-20.32601473
0.5941667;-19.70412607
0.5943333;-19.03823819
0.5945000;-18.22900207
0.5946667;-17.28604246
0.5948333;-16.22833943
0.5950000;-15.07162829
0.5951667;-13.82688743
0.5953333;-12.50506359
0.5955000;-11.11543472
0.5956667;-9.666759544
0.5958333;-8.167097172
0.5960000;-6.624580769
0.5961667;-5.047588565
0.5963333;-3.444500397
0.5965000;-1.823622036
0.5966667;-0.193229274
0.5968333;1.438278803
0.5970000;3.062167938
0.5971667;4.670468847
0.5973333;6.254991479
0.5975000;7.808337193
0.5976667;9.32289593
0.5978333;10.79063695
0.5980000;12.20579911
0.5981667;13.56196791
0.5983333;14.77020883
0.5985000;15.84618912
0.5986667;16.82930303
0.5988333;17.72596959
0.5990000;18.53969122
0.5991667;19.2696677
0.5993333;19.91520845
0.5995000;20.47585438
0.5996667;20.95098977
0.5998333;21.34093316
0.6000000;21.64549151
0.6001667;21.86591297
0.6003333;22.00248652
0.6005000;22.05619887
0.6006667;22.02919461
0.6008333;21.92186564
0.6010000;21.7371145
0.6011667;21.47628706
0.6013333;21.1415664
0.6015000;20.6524406
0.6016667;20.08765592
0.6018333;19.46876906
0.6020000;18.80164363
0.6021667;18.08435536
0.6023333;17.31688702
0.6025000;16.49866501
0.6026667;15.63073109
0.6028333;14.71482042
0.6030000;13.75368444
0.6031667;12.74899516
0.6033333;11.70400179
0.6035000;10.62253586
0.6036667;9.507541956
0.6038333;8.362569587
0.6040000;7.190536316
0.6041667;5.99520762
0.6043333;4.780114446
0.6045000;3.549002407
0.6046667;2.305626687
0.6048333;1.053651439
0.6050000;-0.203068977
0.6051667;-1.460694623
0.6053333;-2.715388997
0.6055000;-3.962874347
0.6056667;-5.1998052
0.6058333;-6.422401017
0.6060000;-7.6270417
0.6061667;-8.809711084
0.6063333;-9.965839734
0.6065000;-11.09217789
0.6066667;-12.18531747
0.6068333;-13.2410582
0.6070000;-14.25652083
0.6071667;-15.22748257
0.6073333;-16.15034013
0.6075000;-17.02247814
0.6076667;-17.83854741
0.6078333;-18.59731545
0.6080000;-19.29466689
0.6081667;-19.92786535
0.6083333;-20.4932135
0.6085000;-20.98884788
0.6086667;-21.41105128
0.6088333;-21.75784462
0.6090000;-22.02649935
0.6091667;-22.21430111
0.6093333;-22.31999259
0.6095000;-22.34123266
0.6096667;-22.27690748
0.6098333;-22.12558685
0.6100000;-21.88621764
0.6101667;-21.55874607
0.6103333;-21.14297416
0.6105000;-20.64140046
0.6106667;-20.05672163
0.6108333;-19.4019321
0.6110000;-18.70764889
0.6111667;-17.85980283
0.6113333;-16.87182547
0.6115000;-15.76644872
0.6116667;-14.56246085
0.6118333;-13.27302022
0.6120000;-11.91031408
0.6121667;-10.48391236
0.6123333;-9.002910553
0.6125000;-7.475036162
0.6126667;-5.908481225
0.6128333;-4.311666147
0.6130000;-2.692948611
0.6131667;-1.060593616
0.6133333;-0.191848196
0.6135000;1.43996042
0.6136667;3.063010623
0.6138333;4.670733745
0.6140000;6.254936219
0.6141667;7.807982179
0.6143333;9.322264147
0.6145000;10.78928044
0.6146667;12.20367447
0.6148333;13.56070966
0.6150000;14.77152626
0.6151667;15.84796204
0.6153333;16.83020938
0.6155000;17.72675785
0.6156667;18.54089914
0.6158333;19.27026689
0.6160000;19.9159454
0.6161667;20.47621306
0.6163333;20.95094649
0.6165000;21.33940441
0.6166667;21.64373519
0.6168333;21.86412678
0.6170000;22.00149298
0.6171667;22.05911984
0.6173333;22.03226452
0.6175000;21.92361113
0.6176667;21.73777892
0.6178333;21.47634268
0.6180000;21.14103802
0.6181667;20.7323139
0.6183333;20.2568864
0.6185000;19.71124481
0.6186667;19.10359503
0.6188333;18.32365073
0.6190000;17.4808274
0.6191667;16.58221908
0.6193333;15.62478394
0.6195000;14.66232357
0.6196667;13.82532597
0.6198333;12.79616905
0.6200000;11.71695472
0.6201667;10.63873971
0.6203333;9.5015466
0.6205000;8.326552855
0.6206667;7.177735196
0.6208333;5.91378089
0.6210000;4.715345841
0.6211667;3.646180545
0.6213333;2.331139711
0.6215000;0.717086977
0.6216667;-0.13439097
0.6218333;-1.401319817
0.6220000;-2.441834097
0.6221667;-3.56426523
0.6223333;-4.731044705
0.6225000;-5.904286179
0.6226667;-7.089492728
0.6228333;-8.283135746
0.6230000;-9.459984744
0.6231667;-10.60823492
0.6233333;-11.72909502
0.6235000;-12.89965371
0.6236667;-14.02207675
0.6238333;-15.09235518
0.6240000;-16.09366598
0.6241667;-16.98539697
0.6243333;-17.81630827
0.6245000;-18.61448545
0.6246667;-19.35878875
0.6248333;-19.90121811
0.6250000;-20.44150411
0.6251667;-20.92344105
0.6253333;-21.35070027
0.6255000;-21.66499255
0.6256667;-21.93555181
0.6258333;-22.15344509
0.6260000;-22.29815735
0.6261667;-22.35573037
0.6263333;-22.32367557
0.6265000;-22.20863472
0.6266667;-22.00801842
0.6268333;-21.72011868
0.6270000;-21.33687247
0.6271667;-20.87225521
0.6273333;-20.32437486
0.6275000;-19.61535276
0.6276667;-18.85695115
0.6278333;-17.95875443
0.6280000;-16.93523534
0.6281667;-15.80623415
0.6283333;-14.58784398
0.6285000;-13.28885596
0.6286667;-11.91985766
0.6288333;-10.48988568
0.6290000;-9.006377661
0.6291667;-7.476842403
0.6293333;-5.911777283
0.6295000;-4.318810223
0.6296667;-2.703694994
0.6298333;-1.069919047
0.6300000;0.558216275
0.6301667;2.216501817
0.6303333;3.842215401
0.6305000;5.401128283
0.6306667;6.958632565
0.6308333;8.596121603
0.6310000;10.02485434
0.6311667;11.46980176
0.6313333;12.89705835
0.6315000;14.19179262
0.6316667;15.45768824
0.6318333;16.43726192
0.6320000;17.3118847
0.6321667;18.17383092
0.6323333;18.93872236
0.6325000;19.61682046
0.6326667;20.28059078
0.6328333;20.77465349
0.6330000;21.14631671
0.6331667;21.47257696
0.6333333;21.7375737
0.6335000;21.92370491
0.6336667;21.99283472
0.6338333;22.09208997
0.6340000;22.05256258
0.6341667;21.91408889
0.6343333;21.71741625
0.6345000;21.48120215
0.6346667;21.15961816
0.6348333;20.74830206
0.6350000;20.26736816
0.6351667;19.71923154
0.6353333;19.11164768
0.6355000;18.44072279
0.6356667;17.7112248
0.6358333;16.92368691
0.6360000;16.0803496
0.6361667;15.18537313
0.6363333;14.24951289
0.6365000;13.26242763
0.6366667;12.2335138
0.6368333;11.16450573
0.6370000;10.05922561
0.6371667;8.924184449
0.6373333;7.762706997
0.6375000;6.577450752
0.6376667;5.371555084
0.6378333;4.14674454
0.6380000;2.908773164
0.6381667;1.661779381
0.6383333;0.401795218
0.6385000;-0.863581422
0.6386667;-2.12710829
0.6388333;-3.386319328
0.6390000;-4.630172044
0.6391667;-5.864208872
0.6393333;-7.071121826
0.6395000;-8.264009506
0.6396667;-9.436286266
0.6398333;-10.58124417
0.6400000;-11.69376231
0.6401667;-12.77077641
0.6403333;-13.80821621
0.6405000;-14.80258598
0.6406667;-15.7525342
0.6408333;-16.64934145
0.6410000;-17.49184459
0.6411667;-18.27693722
0.6413333;-19.0008972
0.6415000;-19.65909143
0.6416667;-20.25562669
0.6418333;-20.78421868
0.6420000;-21.24091475
0.6421667;-21.62263203
0.6423333;-21.92653723
0.6425000;-22.15041551
0.6426667;-22.29337717
0.6428333;-22.35150465
0.6430000;-22.32091332
0.6431667;-22.20699534
0.6433333;-22.00593266
0.6435000;-21.71677422
0.6436667;-21.33894034
0.6438333;-20.87487496
0.6440000;-20.32721943
0.6441667;-19.70517564
0.6443333;-19.03773042
0.6445000;-18.22849958
0.6446667;-17.28582858
0.6448333;-16.22838854
0.6450000;-15.07194629
0.6451667;-13.82689965
0.6453333;-12.50502916
0.6455000;-11.11580006
0.6456667;-9.667463408
0.6458333;-8.167835626
0.6460000;-6.625424545
0.6461667;-5.047614245
0.6463333;-3.444055935
0.6465000;-1.823641767
0.6466667;-0.19362734
0.6468333;1.436475347
0.6470000;3.060675308
0.6471667;4.668831015
0.6473333;6.253662616
0.6475000;7.808627302
0.6476667;9.323633357
0.6478333;10.79186398
0.6480000;12.20653986
0.6481667;13.56283968
0.6483333;14.77054462
0.6485000;15.84487609
0.6486667;16.82928078
0.6488333;17.72599101
0.6490000;18.53839513
0.6491667;19.27053016
0.6493333;19.91601793
0.6495000;20.47707607
0.6496667;20.95122202
0.6498333;21.34305071
0.6500000;21.64713166
0.6501667;21.86660735
0.6503333;22.00244611
0.6505000;22.05662047
0.6506667;22.02946842
0.6508333;21.9220302
0.6510000;21.73722442
0.6511667;21.47635908
0.6513333;21.14161353
0.6515000;20.73461967
0.6516667;20.25896849
0.6518333;19.71537794
0.6520000;19.10746173
0.6521667;18.43677373
0.6523333;17.7067151
0.6525000;16.91973623
0.6526667;16.07872849
0.6528333;15.1865141
0.6530000;14.24657838
0.6531667;13.26093044
0.6533333;12.23305593
0.6535000;11.16669835
0.6536667;10.06489601
0.6538333;8.931336212
0.6540000;7.768928232
0.6541667;6.581384257
0.6543333;5.372286451
0.6545000;4.14531317
0.6546667;2.904202731
0.6548333;1.652711833
0.6550000;0.394693416
0.6551667;-0.866062825
0.6553333;-2.125617692
0.6555000;-3.379880008
0.6556667;-4.625222657
0.6558333;-5.857968526
0.6560000;-7.074379497
0.6561667;-8.270388374
0.6563333;-9.441614176
0.6565000;-10.58460396
0.6566667;-11.6959662
0.6568333;-12.77140944
0.6570000;-13.80795412
0.6571667;-14.80139129
0.6573333;-15.74816678
0.6575000;-16.64542871
0.6576667;-17.48804915
0.6578333;-18.27450208
0.6580000;-19.00072168
0.6581667;-19.66386994
0.6583333;-20.26026865
0.6585000;-20.78787561
0.6586667;-21.24304485
0.6588333;-21.62362389
0.6590000;-21.92690017
0.6591667;-22.150123
0.6593333;-22.29185118
0.6595000;-22.34971438
0.6596667;-22.3224597
0.6598333;-22.20857719
0.6600000;-22.00688411
0.6601667;-21.71716279
0.6603333;-21.33906757
0.6605000;-20.87459636
0.6606667;-20.32601473
0.6608333;-19.70412607
0.6610000;-19.03823819
0.6611667;-18.22900207
0.6613333;-17.28604246
0.6615000;-16.22833943
0.6616667;-15.07162829
0.6618333;-13.82688743
0.6620000;-12.50506359
0.6621667;-11.11543472
0.6623333;-9.666759544
0.6625000;-8.167097172
0.6626667;-6.624580769
0.6628333;-5.047588565
0.6630000;-3.444500397
0.6631667;-1.823622036
0.6633333;-0.193229274
0.6635000;1.438278803
0.6636667;3.062167938
0.6638333;4.670468847
0.6640000;6.254991479
0.6641667;7.808337193
0.6643333;9.32289593
0.6645000;10.79063695
0.6646667;12.20579911
0.6648333;13.56196791
0.6650000;14.77020883
0.6651667;15.84618912
0.6653333;16.82930303
0.6655000;17.72596959
0.6656667;18.53969122
0.6658333;19.2696677
0.6660000;19.91520845
0.6661667;20.47585438
0.6663333;20.95098977
0.6665000;21.34093316
0.6666667;21.64549151
0.6668333;21.86591297
0.6670000;22.00248652
0.6671667;22.05619887
0.6673333;22.02919461
0.6675000;21.92186564
0.6676667;21.7371145
0.6678333;21.47628706
0.6680000;21.1415664
0.6681667;20.6524406
0.6683333;20.08765592
0.6685000;19.46876906
0.6686667;18.80164363
0.6688333;18.08435536
0.6690000;17.31688702
0.6691667;16.49866501
0.6693333;15.63073109
0.6695000;14.71482042
0.6696667;13.75368444
0.6698333;12.74899516
0.6700000;11.70400179
0.6701667;10.62253586
0.6703333;9.507541956
0.6705000;8.362569587
0.6706667;7.190536316
0.6708333;5.99520762
0.6710000;4.780114446
0.6711667;3.549002407
0.6713333;2.305626687
0.6715000;1.053651439
0.6716667;-0.203068977
0.6718333;-1.460694623
0.6720000;-2.715388997
0.6721667;-3.962874347
0.6723333;-5.1998052
0.6725000;-6.422401017
0.6726667;-7.6270417
0.6728333;-8.809711084
0.6730000;-9.965839734
0.6731667;-11.09217789
0.6733333;-12.18531747
0.6735000;-13.2410582
0.6736667;-14.25652083
0.6738333;-15.22748257
0.6740000;-16.15034013
0.6741667;-17.02247814
0.6743333;-17.83854741
0.6745000;-18.59731545
0.6746667;-19.29466689
0.6748333;-19.92786535
0.6750000;-20.4932135
0.6751667;-20.98884788
0.6753333;-21.41105128
0.6755000;-21.75784462
0.6756667;-22.02649935
0.6758333;-22.21430111
0.6760000;-22.31999259
0.6761667;-22.34123266
0.6763333;-22.27690748
0.6765000;-22.12558685
0.6766667;-21.88621764
0.6768333;-21.55874607
0.6770000;-21.14297416
0.6771667;-20.64140046
0.6773333;-20.05672163
0.6775000;-19.4019321
0.6776667;-18.70764889
0.6778333;-17.85980283
0.6780000;-16.87182547
0.6781667;-15.76644872
0.6783333;-14.56246085
0.6785000;-13.27302022
0.6786667;-11.91031408
0.6788333;-10.48391236
0.6790000;-9.002910553
0.6791667;-7.475036162
0.6793333;-5.908481225
0.6795000;-4.311666147
0.6796667;-2.692948611
0.6798333;-1.060593616
0.6800000;-0.191848196
0.6801667;1.43996042
0.6803333;3.063010623
0.6805000;4.670733745
0.6806667;6.254936219
0.6808333;7.807982179
0.6810000;9.322264147
0.6811667;10.78928044
0.6813333;12.20367447
0.6815000;13.56070966
0.6816667;14.77152626
0.6818333;15.84796204
0.6820000;16.83020938
0.6821667;17.72675785
0.6823333;18.54089914
0.6825000;19.27026689
0.6826667;19.9159454
0.6828333;20.47621306
0.6830000;20.95094649
0.6831667;21.33940441
0.6833333;21.64373519
0.6835000;21.86412678
0.6836667;22.00149298
0.6838333;22.05911984
0.6840000;22.03226452
0.6841667;21.92361113
0.6843333;21.73777892
0.6845000;21.47634268
0.6846667;21.14103802
0.6848333;20.7323139
0.6850000;20.2568864
0.6851667;19.71124481
0.6853333;19.10359503
0.6855000;18.32365073
0.6856667;17.4808274
0.6858333;16.58221908
0.6860000;15.62478394
0.6861667;14.66232357
0.6863333;13.82532597
0.6865000;12.79616905
0.6866667;11.71695472
0.6868333;10.63873971
0.6870000;9.5015466
0.6871667;8.326552855
0.6873333;7.177735196
0.6875000;5.91378089
0.6876667;4.715345841
0.6878333;3.646180545
0.6880000;2.331139711
0.6881667;0.717086977
0.6883333;-0.13439097
0.6885000;-1.401319817
0.6886667;-2.441834097
0.6888333;-3.56426523
0.6890000;-4.731044705
0.6891667;-5.904286179
0.6893333;-7.089492728
0.6895000;-8.283135746
0.6896667;-9.459984744
0.6898333;-10.60823492
0.6900000;-11.72909502
0.6901667;-12.89965371
0.6903333;-14.02207675
0.6905000;-15.09235518
0.6906667;-16.09366598
0.6908333;-16.98539697
0.6910000;-17.81630827
0.6911667;-18.61448545
0.6913333;-19.35878875
0.6915000;-19.90121811
0.6916667;-20.44150411
0.6918333;-20.92344105
0.6920000;-21.35070027
0.6921667;-21.66499255
0.6923333;-21.93555181
0.6925000;-22.15344509
0.6926667;-22.29815735
0.6928333;-22.35573037
0.6930000;-22.32367557
0.6931667;-22.20863472
0.6933333;-22.00801842
0.6935000;-21.72011868
0.6936667;-21.33687247
0.6938333;-20.87225521
0.6940000;-20.32437486
0.6941667;-19.61535276
0.6943333;-18.85695115
0.6945000;-17.95875443
0.6946667;-16.93523534
0.6948333;-15.80623415
0.6950000;-14.58784398
0.6951667;-13.28885596
0.6953333;-11.91985766
0.6955000;-10.48988568
0.6956667;-9.006377661
0.6958333;-7.476842403
0.6960000;-5.911777283
0.6961667;-4.318810223
0.6963333;-2.703694994
0.6965000;-1.069919047
0.6966667;0.558216275
0.6968333;2.216501817
0.6970000;3.842215401
0.6971667;5.401128283
0.6973333;6.958632565
0.6975000;8.596121603
0.6976667;10.02485434
0.6978333;11.46980176
0.6980000;12.89705835
0.6981667;14.19179262
0.6983333;15.45768824
0.6985000;16.43726192
0.6986667;17.3118847
0.6988333;18.17383092
0.6990000;18.93872236
0.6991667;19.61682046
0.6993333;20.28059078
0.6995000;20.77465349
0.6996667;21.14631671
0.6998333;21.47257696
0.7000000;21.7375737
0.7001667;21.92370491
0.7003333;21.99283472
0.7005000;22.09208997
0.7006667;22.05256258
0.7008333;21.91408889
0.7010000;21.71741625
0.7011667;21.48120215
0.7013333;21.15961816
0.7015000;20.74830206
0.7016667;20.26736816
0.7018333;19.71923154
0.7020000;19.11164768
0.7021667;18.44072279
0.7023333;17.7112248
0.7025000;16.92368691
0.7026667;16.0803496
0.7028333;15.18537313
0.7030000;14.24951289
0.7031667;13.26242763
0.7033333;12.2335138
0.7035000;11.16450573
0.7036667;10.05922561
0.7038333;8.924184449
0.7040000;7.762706997
0.7041667;6.577450752
0.7043333;5.371555084
0.7045000;4.14674454
0.7046667;2.908773164
0.7048333;1.661779381
0.7050000;0.401795218
0.7051667;-0.863581422
0.7053333;-2.12710829
0.7055000;-3.386319328
0.7056667;-4.630172044
0.7058333;-5.864208872
0.7060000;-7.071121826
0.7061667;-8.264009506
0.7063333;-9.436286266
0.7065000;-10.58124417
0.7066667;-11.69376231
0.7068333;-12.77077641
0.7070000;-13.80821621
0.7071667;-14.80258598
0.7073333;-15.7525342
0.7075000;-16.64934145
0.7076667;-17.49184459
0.7078333;-18.27693722
0.7080000;-19.0008972
0.7081667;-19.65909143
0.7083333;-20.25562669
0.7085000;-20.78421868
0.7086667;-21.24091475
0.7088333;-21.62263203
0.7090000;-21.92653723
0.7091667;-22.15041551
0.7093333;-22.29337717
0.7095000;-22.35150465
0.7096667;-22.32091332
0.7098333;-22.20699534
0.7100000;-22.00593266
0.7101667;-21.71677422
0.7103333;-21.33894034
0.7105000;-20.87487496
0.7106667;-20.32721943
0.7108333;-19.70517564
0.7110000;-19.03773042
0.7111667;-18.22849958
0.7113333;-17.28582858
0.7115000;-16.22838854
0.7116667;-15.07194629
0.7118333;-13.82689965
0.7120000;-12.50502916
0.7121667;-11.11580006
0.7123333;-9.667463408
0.7125000;-8.167835626
0.7126667;-6.625424545
0.7128333;-5.047614245
0.7130000;-3.444055935
0.7131667;-1.823641767
0.7133333;-0.19362734
0.7135000;1.436475347
0.7136667;3.060675308
0.7138333;4.668831015
0.7140000;6.253662616
0.7141667;7.808627302
0.7143333;9.323633357
0.7145000;10.79186398
0.7146667;12.20653986
0.7148333;13.56283968
0.7150000;14.77054462
0.7151667;15.84487609
0.7153333;16.82928078
0.7155000;17.72599101
0.7156667;18.53839513
0.7158333;19.27053016
0.7160000;19.91601793
0.7161667;20.47707607
0.7163333;20.95122202
0.7165000;21.34305071
0.7166667;21.64713166
0.7168333;21.86660735
0.7170000;22.00244611
0.7171667;22.05662047
0.7173333;22.02946842
0.7175000;21.9220302
0.7176667;21.73722442
0.7178333;21.47635908
0.7180000;21.14161353
0.7181667;20.73461967
0.7183333;20.25896849
0.7185000;19.71537794
0.7186667;19.10746173
0.7188333;18.43677373
0.7190000;17.7067151
0.7191667;16.91973623
0.7193333;16.07872849
0.7195000;15.1865141
0.7196667;14.24657838
0.7198333;13.26093044
0.7200000;12.23305593
0.7201667;11.16669835
0.7203333;10.06489601
0.7205000;8.931336212
0.7206667;7.768928232
0.7208333;6.581384257
0.7210000;5.372286451
0.7211667;4.14531317
0.7213333;2.904202731
0.7215000;1.652711833
0.7216667;0.394693416
0.7218333;-0.866062825
0.7220000;-2.125617692
0.7221667;-3.379880008
0.7223333;-4.625222657
0.7225000;-5.857968526
0.7226667;-7.074379497
0.7228333;-8.270388374
0.7230000;-9.441614176
0.7231667;-10.58460396
0.7233333;-11.6959662
0.7235000;-12.77140944
0.7236667;-13.80795412
0.7238333;-14.80139129
0.7240000;-15.74816678
0.7241667;-16.64542871
0.7243333;-17.48804915
0.7245000;-18.27450208
0.7246667;-19.00072168
0.7248333;-19.66386994
0.7250000;-20.26026865
0.7251667;-20.78787561
0.7253333;-21.24304485
0.7255000;-21.62362389
0.7256667;-21.92690017
0.7258333;-22.150123
0.7260000;-22.29185118
0.7261667;-22.34971438
0.7263333;-22.3224597
0.7265000;-22.20857719
0.7266667;-22.00688411
0.7268333;-21.71716279
0.7270000;-21.33906757
0.7271667;-20.87459636
0.7273333;-20.32601473
0.7275000;-19.70412607
0.7276667;-19.03823819
0.7278333;-18.22900207
0.7280000;-17.28604246
0.7281667;-16.22833943
0.7283333;-15.07162829
0.7285000;-13.82688743
0.7286667;-12.50506359
0.7288333;-11.11543472
0.7290000;-9.666759544
0.7291667;-8.167097172
0.7293333;-6.624580769
0.7295000;-5.047588565
0.7296667;-3.444500397
0.7298333;-1.823622036
0.7300000;-0.193229274
0.7301667;1.438278803
0.7303333;3.062167938
0.7305000;4.670468847
0.7306667;6.254991479
0.7308333;7.808337193
0.7310000;9.32289593
0.7311667;10.79063695
0.7313333;12.20579911
0.7315000;13.56196791
0.7316667;14.77020883
0.7318333;15.84618912
0.7320000;16.82930303
0.7321667;17.72596959
0.7323333;18.53969122
0.7325000;19.2696677
0.7326667;19.91520845
0.7328333;20.47585438
0.7330000;20.95098977
0.7331667;21.34093316
0.7333333;21.64549151
0.7335000;21.86591297
0.7336667;22.00248652
0.7338333;22.05619887
0.7340000;22.02919461
0.7341667;21.92186564
0.7343333;21.7371145
0.7345000;21.47628706
0.7346667;21.1415664
0.7348333;20.6524406
0.7350000;20.08765592
0.7351667;19.46876906
0.7353333;18.80164363
0.7355000;18.08435536
0.7356667;17.31688702
0.7358333;16.49866501
0.7360000;15.63073109
0.7361667;14.71482042
0.7363333;13.75368444
0.7365000;12.74899516
0.7366667;11.70400179
0.7368333;10.62253586
0.7370000;9.507541956
0.7371667;8.362569587
0.7373333;7.190536316
0.7375000;5.99520762
0.7376667;4.780114446
0.7378333;3.549002407
0.7380000;2.305626687
0.7381667;1.053651439
0.7383333;-0.203068977
0.7385000;-1.460694623
0.7386667;-2.715388997
0.7388333;-3.962874347
0.7390000;-5.1998052
0.7391667;-6.422401017
0.7393333;-7.6270417
0.7395000;-8.809711084
0.7396667;-9.965839734
0.7398333;-11.09217789
0.7400000;-12.18531747
0.7401667;-13.2410582
0.7403333;-14.25652083
0.7405000;-15.22748257
0.7406667;-16.15034013
0.7408333;-17.02247814
0.7410000;-17.83854741
0.7411667;-18.59731545
0.7413333;-19.29466689
0.7415000;-19.92786535
0.7416667;-20.4932135
0.7418333;-20.98884788
0.7420000;-21.41105128
0.7421667;-21.75784462
0.7423333;-22.02649935
0.7425000;-22.21430111
0.7426667;-22.31999259
0.7428333;-22.34123266
0.7430000;-22.27690748
0.7431667;-22.12558685
0.7433333;-21.88621764
0.7435000;-21.55874607
0.7436667;-21.14297416
0.7438333;-20.64140046
0.7440000;-20.05672163
0.7441667;-19.4019321
0.7443333;-18.70764889
0.7445000;-17.85980283
0.7446667;-16.87182547
0.7448333;-15.76644872
0.7450000;-14.56246085
0.7451667;-13.27302022
0.7453333;-11.91031408
0.7455000;-10.48391236
0.7456667;-9.002910553
0.7458333;-7.475036162
0.7460000;-5.908481225
0.7461667;-4.311666147
0.7463333;-2.692948611
0.7465000;-1.060593616
0.7466667;-0.191848196
0.7468333;1.43996042
0.7470000;3.063010623
0.7471667;4.670733745
0.7473333;6.254936219
0.7475000;7.807982179
0.7476667;9.322264147
0.7478333;10.78928044
0.7480000;12.20367447
0.7481667;13.56070966
0.7483333;14.77152626
0.7485000;15.84796204
0.7486667;16.83020938
0.7488333;17.72675785
0.7490000;18.54089914
0.7491667;19.27026689
0.7493333;19.9159454
0.7495000;20.47621306
0.7496667;20.95094649
0.7498333;21.33940441
0.7500000;21.64373519
0.7501667;21.86412678
0.7503333;22.00149298
0.7505000;22.05911984
0.7506667;22.03226452
0.7508333;21.92361113
0.7510000;21.73777892
0.7511667;21.47634268
0.7513333;21.14103802
0.7515000;20.7323139
0.7516667;20.2568864
0.7518333;19.71124481
0.7520000;19.10359503
0.7521667;18.32365073
0.7523333;17.4808274
0.7525000;16.58221908
0.7526667;15.62478394
0.7528333;14.66232357
0.7530000;13.82532597
0.7531667;12.79616905
0.7533333;11.71695472
0.7535000;10.63873971
0.7536667;9.5015466
0.7538333;8.326552855
0.7540000;7.177735196
0.7541667;5.91378089
0.7543333;4.715345841
0.7545000;3.646180545
0.7546667;2.331139711
0.7548333;0.717086977
0.7550000;-0.13439097
0.7551667;-1.401319817
0.7553333;-2.441834097
0.7555000;-3.56426523
0.7556667;-4.731044705
0.7558333;-5.904286179
0.7560000;-7.089492728
0.7561667;-8.283135746
0.7563333;-9.459984744
0.7565000;-10.60823492
0.7566667;-11.72909502
0.7568333;-12.89965371
0.7570000;-14.02207675
0.7571667;-15.09235518
0.7573333;-16.09366598
0.7575000;-16.98539697
0.7576667;-17.81630827
0.7578333;-18.61448545
0.7580000;-19.35878875
0.7581667;-19.90121811
0.7583333;-20.44150411
0.7585000;-20.92344105
0.7586667;-21.35070027
0.7588333;-21.66499255
0.7590000;-21.93555181
0.7591667;-22.15344509
0.7593333;-22.29815735
0.7595000;-22.35573037
0.7596667;-22.32367557
0.7598333;-22.20863472
0.7600000;-22.00801842
0.7601667;-21.72011868
0.7603333;-21.33687247
0.7605000;-20.87225521
0.7606667;-20.32437486
0.7608333;-19.61535276
0.7610000;-18.85695115
0.7611667;-17.95875443
0.7613333;-16.93523534
0.7615000;-15.80623415
0.7616667;-14.58784398
0.7618333;-13.28885596
0.7620000;-11.91985766
0.7621667;-10.48988568
0.7623333;-9.006377661
0.7625000;-7.476842403
0.7626667;-5.911777283
0.7628333;-4.318810223
0.7630000;-2.703694994
0.7631667;-1.069919047
0.7633333;0.558216275
0.7635000;2.216501817
0.7636667;3.842215401
0.7638333;5.401128283
0.7640000;6.958632565
0.7641667;8.596121603
0.7643333;10.02485434
0.7645000;11.46980176
0.7646667;12.89705835
0.7648333;14.19179262
0.7650000;15.45768824
0.7651667;16.43726192
0.7653333;17.3118847
0.7655000;18.17383092
0.7656667;18.93872236
0.7658333;19.61682046
0.7660000;20.28059078
0.7661667;20.77465349
0.7663333;21.14631671
0.7665000;21.47257696
0.7666667;21.7375737
0.7668333;21.92370491
0.7670000;21.99283472
0.7671667;22.09208997
0.7673333;22.05256258
0.7675000;21.91408889
0.7676667;21.71741625
0.7678333;21.48120215
0.7680000;21.15961816
0.7681667;20.74830206
0.7683333;20.26736816
0.7685000;19.71923154
0.7686667;19.11164768
0.7688333;18.44072279
0.7690000;17.7112248
0.7691667;16.92368691
0.7693333;16.0803496
0.7695000;15.18537313
0.7696667;14.24951289
0.7698333;13.26242763
0.7700000;12.2335138
0.7701667;11.16450573
0.7703333;10.05922561
0.7705000;8.924184449
0.7706667;7.762706997
0.7708333;6.577450752
0.7710000;5.371555084
0.7711667;4.14674454
0.7713333;2.908773164
0.7715000;1.661779381
0.7716667;0.401795218
0.7718333;-0.863581422
0.7720000;-2.12710829
0.7721667;-3.386319328
0.7723333;-4.630172044
0.7725000;-5.864208872
0.7726667;-7.071121826
0.7728333;-8.264009506
0.7730000;-9.436286266
0.7731667;-10.58124417
0.7733333;-11.69376231
0.7735000;-12.77077641
0.7736667;-13.80821621
0.7738333;-14.80258598
0.7740000;-15.7525342
0.7741667;-16.64934145
0.7743333;-17.49184459
0.7745000;-18.27693722
0.7746667;-19.0008972
0.7748333;-19.65909143
0.7750000;-20.25562669
0.7751667;-20.78421868
0.7753333;-21.24091475
0.7755000;-21.62263203
0.7756667;-21.92653723
0.7758333;-22.15041551
0.7760000;-22.29337717
0.7761667;-22.35150465
0.7763333;-22.32091332
0.7765000;-22.20699534
0.7766667;-22.00593266
0.7768333;-21.71677422
0.7770000;-21.33894034
0.7771667;-20.87487496
0.7773333;-20.32721943
0.7775000;-19.70517564
0.7776667;-19.03773042
0.7778333;-18.22849958
0.7780000;-17.28582858
0.7781667;-16.22838854
0.7783333;-15.07194629
0.7785000;-13.82689965
0.7786667;-12.50502916
0.7788333;-11.11580006
0.7790000;-9.667463408
0.7791667;-8.167835626
0.7793333;-6.625424545
0.7795000;-5.047614245
0.7796667;-3.444055935
0.7798333;-1.823641767
0.7800000;-0.19362734
0.7801667;1.436475347
0.7803333;3.060675308
0.7805000;4.668831015
0.7806667;6.253662616
0.7808333;7.808627302
0.7810000;9.323633357
0.7811667;10.79186398
0.7813333;12.20653986
0.7815000;13.56283968
0.7816667;14.77054462
0.7818333;15.84487609
0.7820000;16.82928078
0.7821667;17.72599101
0.7823333;18.53839513
0.7825000;19.27053016
0.7826667;19.91601793
0.7828333;20.47707607
0.7830000;20.95122202
0.7831667;21.34305071
0.7833333;21.64713166
0.7835000;21.86660735
0.7836667;22.00244611
0.7838333;22.05662047
0.7840000;22.02946842
0.7841667;21.9220302
0.7843333;21.73722442
0.7845000;21.47635908
0.7846667;21.14161353
0.7848333;20.73461967
0.7850000;20.25896849
0.7851667;19.71537794
0.7853333;19.10746173
0.7855000;18.43677373
0.7856667;17.7067151
0.7858333;16.91973623
0.7860000;16.07872849
0.7861667;15.1865141
0.7863333;14.24657838
0.7865000;13.26093044
0.7866667;12.23305593
0.7868333;11.16669835
0.7870000;10.06489601
0.7871667;8.931336212
0.7873333;7.768928232
0.7875000;6.581384257
0.7876667;5.372286451
0.7878333;4.14531317
0.7880000;2.904202731
0.7881667;1.652711833
0.7883333;0.394693416
0.7885000;-0.866062825
0.7886667;-2.125617692
0.7888333;-3.379880008
0.7890000;-4.625222657
0.7891667;-5.857968526
0.7893333;-7.074379497
0.7895000;-8.270388374
0.7896667;-9.441614176
0.7898333;-10.58460396
0.7900000;-11.6959662
0.7901667;-12.77140944
0.7903333;-13.80795412
0.7905000;-14.80139129
0.7906667;-15.74816678
0.7908333;-16.64542871
0.7910000;-17.48804915
0.7911667;-18.27450208
0.7913333;-19.00072168
0.7915000;-19.66386994
0.7916667;-20.26026865
0.7918333;-20.78787561
0.7920000;-21.24304485
0.7921667;-21.62362389
0.7923333;-21.92690017
0.7925000;-22.150123
0.7926667;-22.29185118
0.7928333;-22.34971438
0.7930000;-22.3224597
0.7931667;-22.20857719
0.7933333;-22.00688411
0.7935000;-21.71716279
0.7936667;-21.33906757
0.7938333;-20.87459636
0.7940000;-20.32601473
0.7941667;-19.70412607
0.7943333;-19.03823819
0.7945000;-18.22900207
0.7946667;-17.28604246
0.7948333;-16.22833943
0.7950000;-15.07162829
0.7951667;-13.82688743
0.7953333;-12.50506359
0.7955000;-11.11543472
0.7956667;-9.666759544
0.7958333;-8.167097172
0.7960000;-6.624580769
0.7961667;-5.047588565
0.7963333;-3.444500397
0.7965000;-1.823622036
0.7966667;-0.193229274
0.7968333;1.438278803
0.7970000;3.062167938
0.7971667;4.670468847
0.7973333;6.254991479
0.7975000;7.808337193
0.7976667;9.32289593
0.7978333;10.79063695
0.7980000;12.20579911
0.7981667;13.56196791
0.7983333;14.77020883
0.7985000;15.84618912
0.7986667;16.82930303
0.7988333;17.72596959
0.7990000;18.53969122
0.7991667;19.2696677
0.7993333;19.91520845
0.7995000;20.47585438
0.7996667;20.95098977
0.7998333;21.34093316
0.8000000;21.64549151
0.8001667;21.86591297
0.8003333;22.00248652
0.8005000;22.05619887
0.8006667;22.02919461
0.8008333;21.92186564
0.8010000;21.7371145
0.8011667;21.47628706
0.8013333;21.1415664
0.8015000;20.6524406
0.8016667;20.08765592
0.8018333;19.46876906
0.8020000;18.80164363
0.8021667;18.08435536
0.8023333;17.31688702
0.8025000;16.49866501
0.8026667;15.63073109
0.8028333;14.71482042
0.8030000;13.75368444
0.8031667;12.74899516
0.8033333;11.70400179
0.8035000;10.62253586
0.8036667;9.507541956
0.8038333;8.362569587
0.8040000;7.190536316
0.8041667;5.99520762
0.8043333;4.780114446
0.8045000;3.549002407
0.8046667;2.305626687
0.8048333;1.053651439
0.8050000;-0.203068977
0.8051667;-1.460694623
0.8053333;-2.715388997
0.8055000;-3.962874347
0.8056667;-5.1998052
0.8058333;-6.422401017
0.8060000;-7.6270417
0.8061667;-8.809711084
0.8063333;-9.965839734
0.8065000;-11.09217789
0.8066667;-12.18531747
0.8068333;-13.2410582
0.8070000;-14.25652083
0.8071667;-15.22748257
0.8073333;-16.15034013
0.8075000;-17.02247814
0.8076667;-17.83854741
0.8078333;-18.59731545
0.8080000;-19.29466689
0.8081667;-19.92786535
0.8083333;-20.4932135
0.8085000;-20.98884788
0.8086667;-21.41105128
0.8088333;-21.75784462
0.8090000;-22.02649935
0.8091667;-22.21430111
0.8093333;-22.31999259
0.8095000;-22.34123266
0.8096667;-22.27690748
0.8098333;-22.12558685
0.8100000;-21.88621764
0.8101667;-21.55874607
0.8103333;-21.14297416
0.8105000;-20.64140046
0.8106667;-20.05672163
0.8108333;-19.4019321
0.8110000;-18.70764889
0.8111667;-17.85980283
0.8113333;-16.87182547
0.8115000;-15.76644872
0.8116667;-14.56246085
0.8118333;-13.27302022
0.8120000;-11.91031408
0.8121667;-10.48391236
0.8123333;-9.002910553
0.8125000;-7.475036162
0.8126667;-5.908481225
0.8128333;-4.311666147
0.8130000;-2.692948611
0.8131667;-1.060593616
0.8133333;-0.191848196
0.8135000;1.43996042
0.8136667;3.063010623
0.8138333;4.670733745
0.8140000;6.254936219
0.8141667;7.807982179
0.8143333;9.322264147
0.8145000;10.78928044
0.8146667;12.20367447
0.8148333;13.56070966
0.8150000;14.77152626
0.8151667;15.84796204
0.8153333;16.83020938
0.8155000;17.72675785
0.8156667;18.54089914
0.8158333;19.27026689
0.8160000;19.9159454
0.8161667;20.47621306
0.8163333;20.95094649
0.8165000;21.33940441
0.8166667;21.64373519
0.8168333;21.86412678
0.8170000;22.00149298
0.8171667;22.05911984
0.8173333;22.03226452
0.8175000;21.92361113
0.8176667;21.73777892
0.8178333;21.47634268
0.8180000;21.14103802
0.8181667;20.7323139
0.8183333;20.2568864
0.8185000;19.71124481
0.8186667;19.10359503
0.8188333;18.32365073
0.8190000;17.4808274
0.8191667;16.58221908
0.8193333;15.62478394
0.8195000;14.66232357
0.8196667;13.82532597
0.8198333;12.79616905
0.8200000;11.71695472
0.8201667;10.63873971
0.8203333;9.5015466
0.8205000;8.326552855
0.8206667;7.177735196
0.8208333;5.91378089
0.8210000;4.715345841
0.8211667;3.646180545
0.8213333;2.331139711
0.8215000;0.717086977
0.8216667;-0.13439097
0.8218333;-1.401319817
0.8220000;-2.441834097
0.8221667;-3.56426523
0.8223333;-4.731044705
0.8225000;-5.904286179
0.8226667;-7.089492728
0.8228333;-8.283135746
0.8230000;-9.459984744
0.8231667;-10.60823492
0.8233333;-11.72909502
0.8235000;-12.89965371
0.8236667;-14.02207675
0.8238333;-15.09235518
0.8240000;-16.09366598
0.8241667;-16.98539697
0.8243333;-17.81630827
0.8245000;-18.61448545
0.8246667;-19.35878875
0.8248333;-19.90121811
0.8250000;-20.44150411
0.8251667;-20.92344105
0.8253333;-21.35070027
0.8255000;-21.66499255
0.8256667;-21.93555181
0.8258333;-22.15344509
0.8260000;-22.29815735
0.8261667;-22.35573037
0.8263333;-22.32367557
0.8265000;-22.20863472
0.8266667;-22.00801842
0.8268333;-21.72011868
0.8270000;-21.33687247
0.8271667;-20.87225521
0.8273333;-20.32437486
0.8275000;-19.61535276
0.8276667;-18.85695115
0.8278333;-17.95875443
0.8280000;-16.93523534
0.8281667;-15.80623415
0.8283333;-14.58784398
0.8285000;-13.28885596
0.8286667;-11.91985766
0.8288333;-10.48988568
0.8290000;-9.006377661
0.8291667;-7.476842403
0.8293333;-5.911777283
0.8295000;-4.318810223
0.8296667;-2.703694994
0.8298333;-1.069919047
0.8300000;0.558216275
0.8301667;2.216501817
0.8303333;3.842215401
0.8305000;5.401128283
0.8306667;6.958632565
0.8308333;8.596121603
0.8310000;10.02485434
0.8311667;11.46980176
0.8313333;12.89705835
0.8315000;14.19179262
0.8316667;15.45768824
0.8318333;16.43726192
0.8320000;17.3118847
0.8321667;18.17383092
0.8323333;18.93872236
0.8325000;19.61682046
0.8326667;20.28059078
0.8328333;20.77465349
0.8330000;21.14631671
0.8331667;21.47257696
0.8333333;21.7375737
0.8335000;21.92370491
0.8336667;21.99283472
0.8338333;22.09208997
0.8340000;22.05256258
0.8341667;21.91408889
0.8343333;21.71741625
0.8345000;21.48120215
0.8346667;21.15961816
0.8348333;20.74830206
0.8350000;20.26736816
0.8351667;19.71923154
0.8353333;19.11164768
0.8355000;18.44072279
0.8356667;17.7112248
0.8358333;16.92368691
0.8360000;16.0803496
0.8361667;15.18537313
0.8363333;14.24951289
0.8365000;13.26242763
0.8366667;12.2335138
0.8368333;11.16450573
0.8370000;10.05922561
0.8371667;8.924184449
0.8373333;7.762706997
0.8375000;6.577450752
0.8376667;5.371555084
0.8378333;4.14674454
0.8380000;2.908773164
0.8381667;1.661779381
0.8383333;0.401795218
0.8385000;-0.863581422
0.8386667;-2.12710829
0.8388333;-3.386319328
0.8390000;-4.630172044
0.8391667;-5.864208872
0.8393333;-7.071121826
0.8395000;-8.264009506
0.8396667;-9.436286266
0.8398333;-10.58124417
0.8400000;-11.69376231
0.8401667;-12.77077641
0.8403333;-13.80821621
0.8405000;-14.80258598
0.8406667;-15.7525342
0.8408333;-16.64934145
0.8410000;-17.49184459
0.8411667;-18.27693722
0.8413333;-19.0008972
0.8415000;-19.65909143
0.8416667;-20.25562669
0.8418333;-20.78421868
0.8420000;-21.24091475
0.8421667;-21.62263203
0.8423333;-21.92653723
0.8425000;-22.15041551
0.8426667;-22.29337717
0.8428333;-22.35150465
0.8430000;-22.32091332
0.8431667;-22.20699534
0.8433333;-22.00593266
0.8435000;-21.71677422
0.8436667;-21.33894034
0.8438333;-20.87487496
0.8440000;-20.32721943
0.8441667;-19.70517564
0.8443333;-19.03773042
0.8445000;-18.22849958
0.8446667;-17.28582858
0.8448333;-16.22838854
0.8450000;-15.07194629
0.8451667;-13.82689965
0.8453333;-12.50502916
0.8455000;-11.11580006
0.8456667;-9.667463408
0.8458333;-8.167835626
0.8460000;-6.625424545
0.8461667;-5.047614245
0.8463333;-3.444055935
0.8465000;-1.823641767
0.8466667;-0.19362734
0.8468333;1.436475347
0.8470000;3.060675308
0.8471667;4.668831015
0.8473333;6.253662616
0.8475000;7.808627302
0.8476667;9.323633357
0.8478333;10.79186398
0.8480000;12.20653986
0.8481667;13.56283968
0.8483333;14.77054462
0.8485000;15.84487609
0.8486667;16.82928078
0.8488333;17.72599101
0.8490000;18.53839513
0.8491667;19.27053016
0.8493333;19.91601793
0.8495000;20.47707607
0.8496667;20.95122202
0.8498333;21.34305071
0.8500000;21.64713166
0.8501667;21.86660735
0.8503333;22.00244611
0.8505000;22.05662047
0.8506667;22.02946842
0.8508333;21.9220302
0.8510000;21.73722442
0.8511667;21.47635908
0.8513333;21.14161353
0.8515000;20.73461967
0.8516667;20.25896849
0.8518333;19.71537794
0.8520000;19.10746173
0.8521667;18.43677373
0.8523333;17.7067151
0.8525000;16.91973623
0.8526667;16.07872849
0.8528333;15.1865141
0.8530000;14.24657838
0.8531667;13.26093044
0.8533333;12.23305593
0.8535000;11.16669835
0.8536667;10.06489601
0.8538333;8.931336212
0.8540000;7.768928232
0.8541667;6.581384257
0.8543333;5.372286451
0.8545000;4.14531317
0.8546667;2.904202731
0.8548333;1.652711833
0.8550000;0.394693416
0.8551667;-0.866062825
0.8553333;-2.125617692
0.8555000;-3.379880008
0.8556667;-4.625222657
0.8558333;-5.857968526
0.8560000;-7.074379497
0.8561667;-8.270388374
0.8563333;-9.441614176
0.8565000;-10.58460396
0.8566667;-11.6959662
0.8568333;-12.77140944
0.8570000;-13.80795412
0.8571667;-14.80139129
0.8573333;-15.74816678
0.8575000;-16.64542871
0.8576667;-17.48804915
0.8578333;-18.27450208
0.8580000;-19.00072168
0.8581667;-19.66386994
0.8583333;-20.26026865
0.8585000;-20.78787561
0.8586667;-21.24304485
0.8588333;-21.62362389
0.8590000;-21.92690017
0.8591667;-22.150123
0.8593333;-22.29185118
0.8595000;-22.34971438
0.8596667;-22.3224597
0.8598333;-22.20857719
0.8600000;-22.00688411
0.8601667;-21.71716279
0.8603333;-21.33906757
0.8605000;-20.87459636
0.8606667;-20.32601473
0.8608333;-19.70412607
0.8610000;-19.03823819
0.8611667;-18.22900207
0.8613333;-17.28604246
0.8615000;-16.22833943
0.8616667;-15.07162829
0.8618333;-13.82688743
0.8620000;-12.50506359
0.8621667;-11.11543472
0.8623333;-9.666759544
0.8625000;-8.167097172
0.8626667;-6.624580769
0.8628333;-5.047588565
0.8630000;-3.444500397
0.8631667;-1.823622036
0.8633333;-0.193229274
0.8635000;1.438278803
0.8636667;3.062167938
0.8638333;4.670468847
0.8640000;6.254991479
0.8641667;7.808337193
0.8643333;9.32289593
0.8645000;10.79063695
0.8646667;12.20579911
0.8648333;13.56196791
0.8650000;14.77020883
0.8651667;15.84618912
0.8653333;16.82930303
0.8655000;17.72596959
0.8656667;18.53969122
0.8658333;19.2696677
0.8660000;19.91520845
0.8661667;20.47585438
0.8663333;20.95098977
0.8665000;21.34093316
0.8666667;21.64549151
0.8668333;21.86591297
0.8670000;22.00248652
0.8671667;22.05619887
0.8673333;22.02919461
0.8675000;21.92186564
0.8676667;21.7371145
0.8678333;21.47628706
0.8680000;21.1415664
0.8681667;20.6524406
0.8683333;20.08765592
0.8685000;19.46876906
0.8686667;18.80164363
0.8688333;18.08435536
0.8690000;17.31688702
0.8691667;16.49866501
0.8693333;15.63073109
0.8695000;14.71482042
0.8696667;13.75368444
0.8698333;12.74899516
0.8700000;11.70400179
0.8701667;10.62253586
0.8703333;9.507541956
0.8705000;8.362569587
0.8706667;7.190536316
0.8708333;5.99520762
0.8710000;4.780114446
0.8711667;3.549002407
0.8713333;2.305626687
0.8715000;1.053651439
0.8716667;-0.203068977
0.8718333;-1.460694623
0.8720000;-2.715388997
0.8721667;-3.962874347
0.8723333;-5.1998052
0.8725000;-6.422401017
0.8726667;-7.6270417
0.8728333;-8.809711084
0.8730000;-9.965839734
0.8731667;-11.09217789
0.8733333;-12.18531747
0.8735000;-13.2410582
0.8736667;-14.25652083
0.8738333;-15.22748257
0.8740000;-16.15034013
0.8741667;-17.02247814
0.8743333;-17.83854741
0.8745000;-18.59731545
0.8746667;-19.29466689
0.8748333;-19.92786535
0.8750000;-20.4932135
0.8751667;-20.98884788
0.8753333;-21.41105128
0.8755000;-21.75784462
0.8756667;-22.02649935
0.8758333;-22.21430111
0.8760000;-22.31999259
0.8761667;-22.34123266
0.8763333;-22.27690748
0.8765000;-22.12558685
0.8766667;-21.88621764
0.8768333;-21.55874607
0.8770000;-21.14297416
0.8771667;-20.64140046
0.8773333;-20.05672163
0.8775000;-19.4019321
0.8776667;-18.70764889
0.8778333;-17.85980283
0.8780000;-16.87182547
0.8781667;-15.76644872
0.8783333;-14.56246085
0.8785000;-13.27302022
0.8786667;-11.91031408
0.8788333;-10.48391236
0.8790000;-9.002910553
0.8791667;-7.475036162
0.8793333;-5.908481225
0.8795000;-4.311666147
0.8796667;-2.692948611
0.8798333;-1.060593616
0.8800000;-0.191848196
0.8801667;1.43996042
0.8803333;3.063010623
0.8805000;4.670733745
0.8806667;6.254936219
0.8808333;7.807982179
0.8810000;9.322264147
0.8811667;10.78928044
0.8813333;12.20367447
0.8815000;13.56070966
0.8816667;14.77152626
0.8818333;15.84796204
0.8820000;16.83020938
0.8821667;17.72675785
0.8823333;18.54089914
0.8825000;19.27026689
0.8826667;19.9159454
0.8828333;20.47621306
0.8830000;20.95094649
0.8831667;21.33940441
0.8833333;21.64373519
0.8835000;21.86412678
0.8836667;22.00149298
0.8838333;22.05911984
0.8840000;22.03226452
0.8841667;21.92361113
0.8843333;21.73777892
0.8845000;21.47634268
0.8846667;21.14103802
0.8848333;20.7323139
0.8850000;20.2568864
0.8851667;19.71124481
0.8853333;19.10359503
0.8855000;18.32365073
0.8856667;17.4808274
0.8858333;16.58221908
0.8860000;15.62478394
0.8861667;14.66232357
0.8863333;13.82532597
0.8865000;12.79616905
0.8866667;11.71695472
0.8868333;10.63873971
0.8870000;9.5015466
0.8871667;8.326552855
0.8873333;7.177735196
0.8875000;5.91378089
0.8876667;4.715345841
0.8878333;3.646180545
0.8880000;2.331139711
0.8881667;0.717086977
0.8883333;-0.13439097
0.8885000;-1.401319817
0.8886667;-2.441834097
0.8888333;-3.56426523
0.8890000;-4.731044705
0.8891667;-5.904286179
0.8893333;-7.089492728
0.8895000;-8.283135746
0.8896667;-9.459984744
0.8898333;-10.60823492
0.8900000;-11.72909502
0.8901667;-12.89965371
0.8903333;-14.02207675
0.8905000;-15.09235518
0.8906667;-16.09366598
0.8908333;-16.98539697
0.8910000;-17.81630827
0.8911667;-18.61448545
0.8913333;-19.35878875
0.8915000;-19.90121811
0.8916667;-20.44150411
0.8918333;-20.92344105
0.8920000;-21.35070027
0.8921667;-21.66499255
0.8923333;-21.93555181
0.8925000;-22.15344509
0.8926667;-22.29815735
0.8928333;-22.35573037
0.8930000;-22.32367557
0.8931667;-22.20863472
0.8933333;-22.00801842
0.8935000;-21.72011868
0.8936667;-21.33687247
0.8938333;-20.87225521
0.8940000;-20.32437486
0.8941667;-19.61535276
0.8943333;-18.85695115
0.8945000;-17.95875443
0.8946667;-16.93523534
0.8948333;-15.80623415
0.8950000;-14.58784398
0.8951667;-13.28885596
0.8953333;-11.91985766
0.8955000;-10.48988568
0.8956667;-9.006377661
0.8958333;-7.476842403
0.8960000;-5.911777283
0.8961667;-4.318810223
0.8963333;-2.703694994
0.8965000;-1.069919047
0.8966667;0.558216275
0.8968333;2.216501817
0.8970000;3.842215401
0.8971667;5.401128283
0.8973333;6.958632565
0.8975000;8.596121603
0.8976667;10.02485434
0.8978333;11.46980176
0.8980000;12.89705835
0.8981667;14.19179262
0.8983333;15.45768824
0.8985000;16.43726192
0.8986667;17.3118847
0.8988333;18.17383092
0.8990000;18.93872236
0.8991667;19.61682046
0.8993333;20.28059078
0.8995000;20.77465349
0.8996667;21.14631671
0.8998333;21.47257696
0.9000000;21.7375737
0.9001667;21.92370491
0.9003333;21.99283472
0.9005000;22.09208997
0.9006667;22.05256258
0.9008333;21.91408889
0.9010000;21.71741625
0.9011667;21.48120215
0.9013333;21.15961816
0.9015000;20.74830206
0.9016667;20.26736816
0.9018333;19.71923154
0.9020000;19.11164768
0.9021667;18.44072279
0.9023333;17.7112248
0.9025000;16.92368691
0.9026667;16.0803496
0.9028333;15.18537313
0.9030000;14.24951289
0.9031667;13.26242763
0.9033333;12.2335138
0.9035000;11.16450573
0.9036667;10.05922561
0.9038333;8.924184449
0.9040000;7.762706997
0.9041667;6.577450752
0.9043333;5.371555084
0.9045000;4.14674454
0.9046667;2.908773164
0.9048333;1.661779381
0.9050000;0.401795218
0.9051667;-0.863581422
0.9053333;-2.12710829
0.9055000;-3.386319328
0.9056667;-4.630172044
0.9058333;-5.864208872
0.9060000;-7.071121826
0.9061667;-8.264009506
0.9063333;-9.436286266
0.9065000;-10.58124417
0.9066667;-11.69376231
0.9068333;-12.77077641
0.9070000;-13.80821621
0.9071667;-14.80258598
0.9073333;-15.7525342
0.9075000;-16.64934145
0.9076667;-17.49184459
0.9078333;-18.27693722
0.9080000;-19.0008972
0.9081667;-19.65909143
0.9083333;-20.25562669
0.9085000;-20.78421868
0.9086667;-21.24091475
0.9088333;-21.62263203
0.9090000;-21.92653723
0.9091667;-22.15041551
0.9093333;-22.29337717
0.9095000;-22.35150465
0.9096667;-22.32091332
0.9098333;-22.20699534
0.9100000;-22.00593266
0.9101667;-21.71677422
0.9103333;-21.33894034
0.9105000;-20.87487496
0.9106667;-20.32721943
0.9108333;-19.70517564
0.9110000;-19.03773042
0.9111667;-18.22849958
0.9113333;-17.28582858
0.9115000;-16.22838854
0.9116667;-15.07194629
0.9118333;-13.82689965
0.9120000;-12.50502916
0.9121667;-11.11580006
0.9123333;-9.667463408
0.9125000;-8.167835626
0.9126667;-6.625424545
0.9128333;-5.047614245
0.9130000;-3.444055935
0.9131667;-1.823641767
0.9133333;-0.19362734
0.9135000;1.436475347
0.9136667;3.060675308
0.9138333;4.668831015
0.9140000;6.253662616
0.9141667;7.808627302
0.9143333;9.323633357
0.9145000;10.79186398
0.9146667;12.20653986
0.9148333;13.56283968
0.9150000;14.77054462
0.9151667;15.84487609
0.9153333;16.82928078
0.9155000;17.72599101
0.9156667;18.53839513
0.9158333;19.27053016
0.9160000;19.91601793
0.9161667;20.47707607
0.9163333;20.95122202
0.9165000;21.34305071
0.9166667;21.64713166
0.9168333;21.86660735
0.9170000;22.00244611
0.9171667;22.05662047
0.9173333;22.02946842
0.9175000;21.9220302
0.9176667;21.73722442
0.9178333;21.47635908
0.9180000;21.14161353
0.9181667;20.73461967
0.9183333;20.25896849
0.9185000;19.71537794
0.9186667;19.10746173
0.9188333;18.43677373
0.9190000;17.7067151
0.9191667;16.91973623
0.9193333;16.07872849
0.9195000;15.1865141
0.9196667;14.24657838
0.9198333;13.26093044
0.9200000;12.23305593
0.9201667;11.16669835
0.9203333;10.06489601
0.9205000;8.931336212
0.9206667;7.768928232
0.9208333;6.581384257
0.9210000;5.372286451
0.9211667;4.14531317
0.9213333;2.904202731
0.9215000;1.652711833
0.9216667;0.394693416
0.9218333;-0.866062825
0.9220000;-2.125617692
0.9221667;-3.379880008
0.9223333;-4.625222657
0.9225000;-5.857968526
0.9226667;-7.074379497
0.9228333;-8.270388374
0.9230000;-9.441614176
0.9231667;-10.58460396
0.9233333;-11.6959662
0.9235000;-12.77140944
0.9236667;-13.80795412
0.9238333;-14.80139129
0.9240000;-15.74816678
0.9241667;-16.64542871
0.9243333;-17.48804915
0.9245000;-18.27450208
0.9246667;-19.00072168
0.9248333;-19.66386994
0.9250000;-20.26026865
0.9251667;-20.78787561
0.9253333;-21.24304485
0.9255000;-21.62362389
0.9256667;-21.92690017
0.9258333;-22.150123
0.9260000;-22.29185118
0.9261667;-22.34971438
0.9263333;-22.3224597
0.9265000;-22.20857719
0.9266667;-22.00688411
0.9268333;-21.71716279
0.9270000;-21.33906757
0.9271667;-20.87459636
0.9273333;-20.32601473
0.9275000;-19.70412607
0.9276667;-19.03823819
0.9278333;-18.22900207
0.9280000;-17.28604246
0.9281667;-16.22833943
0.9283333;-15.07162829
0.9285000;-13.82688743
0.9286667;-12.50506359
0.9288333;-11.11543472
0.9290000;-9.666759544
0.9291667;-8.167097172
0.9293333;-6.624580769
0.9295000;-5.047588565
0.9296667;-3.444500397
0.9298333;-1.823622036
0.9300000;-0.193229274
0.9301667;1.438278803
0.9303333;3.062167938
0.9305000;4.670468847
0.9306667;6.254991479
0.9308333;7.808337193
0.9310000;9.32289593
0.9311667;10.79063695
0.9313333;12.20579911
0.9315000;13.56196791
0.9316667;14.77020883
0.9318333;15.84618912
0.9320000;16.82930303
0.9321667;17.72596959
0.9323333;18.53969122
0.9325000;19.2696677
0.9326667;19.91520845
0.9328333;20.47585438
0.9330000;20.95098977
0.9331667;21.34093316
0.9333333;21.64549151
0.9335000;21.86591297
0.9336667;22.00248652
0.9338333;22.05619887
0.9340000;22.02919461
0.9341667;21.92186564
0.9343333;21.7371145
0.9345000;21.47628706
0.9346667;21.1415664
0.9348333;20.6524406
0.9350000;20.08765592
0.9351667;19.46876906
0.9353333;18.80164363
0.9355000;18.08435536
0.9356667;17.31688702
0.9358333;16.49866501
0.9360000;15.63073109
0.9361667;14.71482042
0.9363333;13.75368444
0.9365000;12.74899516
0.9366667;11.70400179
0.9368333;10.62253586
0.9370000;9.507541956
0.9371667;8.362569587
0.9373333;7.190536316
0.9375000;5.99520762
0.9376667;4.780114446
0.9378333;3.549002407
0.9380000;2.305626687
0.9381667;1.053651439
0.9383333;-0.203068977
0.9385000;-1.460694623
0.9386667;-2.715388997
0.9388333;-3.962874347
0.9390000;-5.1998052
0.9391667;-6.422401017
0.9393333;-7.6270417
0.9395000;-8.809711084
0.9396667;-9.965839734
0.9398333;-11.09217789
0.9400000;-12.18531747
0.9401667;-13.2410582
0.9403333;-14.25652083
0.9405000;-15.22748257
0.9406667;-16.15034013
0.9408333;-17.02247814
0.9410000;-17.83854741
0.9411667;-18.59731545
0.9413333;-19.29466689
0.9415000;-19.92786535
0.9416667;-20.4932135
0.9418333;-20.98884788
0.9420000;-21.41105128
0.9421667;-21.75784462
0.9423333;-22.02649935
0.9425000;-22.21430111
0.9426667;-22.31999259
0.9428333;-22.34123266
0.9430000;-22.27690748
0.9431667;-22.12558685
0.9433333;-21.88621764
0.9435000;-21.55874607
0.9436667;-21.14297416
0.9438333;-20.64140046
0.9440000;-20.05672163
0.9441667;-19.4019321
0.9443333;-18.70764889
0.9445000;-17.85980283
0.9446667;-16.87182547
0.9448333;-15.76644872
0.9450000;-14.56246085
0.9451667;-13.27302022
0.9453333;-11.91031408
0.9455000;-10.48391236
0.9456667;-9.002910553
0.9458333;-7.475036162
0.9460000;-5.908481225
0.9461667;-4.311666147
0.9463333;-2.692948611
0.9465000;-1.060593616
0.9466667;-0.191848196
0.9468333;1.43996042
0.9470000;3.063010623
0.9471667;4.670733745
0.9473333;6.254936219
0.9475000;7.807982179
0.9476667;9.322264147
0.9478333;10.78928044
0.9480000;12.20367447
0.9481667;13.56070966
0.9483333;14.77152626
0.9485000;15.84796204
0.9486667;16.83020938
0.9488333;17.72675785
0.9490000;18.54089914
0.9491667;19.27026689
0.9493333;19.9159454
0.9495000;20.47621306
0.9496667;20.95094649
0.9498333;21.33940441
0.9500000;21.64373519
0.9501667;21.86412678
0.9503333;22.00149298
0.9505000;22.05911984
0.9506667;22.03226452
0.9508333;21.92361113
0.9510000;21.73777892
0.9511667;21.47634268
0.9513333;21.14103802
0.9515000;20.7323139
0.9516667;20.2568864
0.9518333;19.71124481
0.9520000;19.10359503
0.9521667;18.32365073
0.9523333;17.4808274
0.9525000;16.58221908
0.9526667;15.62478394
0.9528333;14.66232357
0.9530000;13.82532597
0.9531667;12.79616905
0.9533333;11.71695472
0.9535000;10.63873971
0.9536667;9.5015466
0.9538333;8.326552855
0.9540000;7.177735196
0.9541667;5.91378089
0.9543333;4.715345841
0.9545000;3.646180545
0.9546667;2.331139711
0.9548333;0.717086977
0.9550000;-0.13439097
0.9551667;-1.401319817
0.9553333;-2.441834097
0.9555000;-3.56426523
0.9556667;-4.731044705
0.9558333;-5.904286179
0.9560000;-7.089492728
0.9561667;-8.283135746
0.9563333;-9.459984744
0.9565000;-10.60823492
0.9566667;-11.72909502
0.9568333;-12.89965371
0.9570000;-14.02207675
0.9571667;-15.09235518
0.9573333;-16.09366598
0.9575000;-16.98539697
0.9576667;-17.81630827
0.9578333;-18.61448545
0.9580000;-19.35878875
0.9581667;-19.90121811
0.9583333;-20.44150411
0.9585000;-20.92344105
0.9586667;-21.35070027
0.9588333;-21.66499255
0.9590000;-21.93555181
0.9591667;-22.15344509
0.9593333;-22.29815735
0.9595000;-22.35573037
0.9596667;-22.32367557
0.9598333;-22.20863472
0.9600000;-22.00801842
0.9601667;-21.72011868
0.9603333;-21.33687247
0.9605000;-20.87225521
0.9606667;-20.32437486
0.9608333;-19.61535276
0.9610000;-18.85695115
0.9611667;-17.95875443
0.9613333;-16.93523534
0.9615000;-15.80623415
0.9616667;-14.58784398
0.9618333;-13.28885596
0.9620000;-11.91985766
0.9621667;-10.48988568
0.9623333;-9.006377661
0.9625000;-7.476842403
0.9626667;-5.911777283
0.9628333;-4.318810223
0.9630000;-2.703694994
0.9631667;-1.069919047
0.9633333;0.558216275
0.9635000;2.216501817
0.9636667;3.842215401
0.9638333;5.401128283
0.9640000;6.958632565
0.9641667;8.596121603
0.9643333;10.02485434
0.9645000;11.46980176
0.9646667;12.89705835
0.9648333;14.19179262
0.9650000;15.45768824
0.9651667;16.43726192
0.9653333;17.3118847
0.9655000;18.17383092
0.9656667;18.93872236
0.9658333;19.61682046
0.9660000;20.28059078
0.9661667;20.77465349
0.9663333;21.14631671
0.9665000;21.47257696
0.9666667;21.7375737
0.9668333;21.92370491
0.9670000;21.99283472
0.9671667;22.09208997
0.9673333;22.05256258
0.9675000;21.91408889
0.9676667;21.71741625
0.9678333;21.48120215
0.9680000;21.15961816
0.9681667;20.74830206
0.9683333;20.26736816
0.9685000;19.71923154
0.9686667;19.11164768
0.9688333;18.44072279
0.9690000;17.7112248
0.9691667;16.92368691
0.9693333;16.0803496
0.9695000;15.18537313
0.9696667;14.24951289
0.9698333;13.26242763
0.9700000;12.2335138
0.9701667;11.16450573
0.9703333;10.05922561
0.9705000;8.924184449
0.9706667;7.762706997
0.9708333;6.577450752
0.9710000;5.371555084
0.9711667;4.14674454
0.9713333;2.908773164
0.9715000;1.661779381
0.9716667;0.401795218
0.9718333;-0.863581422
0.9720000;-2.12710829
0.9721667;-3.386319328
0.9723333;-4.630172044
0.9725000;-5.864208872
0.9726667;-7.071121826
0.9728333;-8.264009506
0.9730000;-9.436286266
0.9731667;-10.58124417
0.9733333;-11.69376231
0.9735000;-12.77077641
0.9736667;-13.80821621
0.9738333;-14.80258598
0.9740000;-15.7525342
0.9741667;-16.64934145
0.9743333;-17.49184459
0.9745000;-18.27693722
0.9746667;-19.0008972
0.9748333;-19.65909143
0.9750000;-20.25562669
0.9751667;-20.78421868
0.9753333;-21.24091475
0.9755000;-21.62263203
0.9756667;-21.92653723
0.9758333;-22.15041551
0.9760000;-22.29337717
0.9761667;-22.35150465
0.9763333;-22.32091332
0.9765000;-22.20699534
0.9766667;-22.00593266
0.9768333;-21.71677422
0.9770000;-21.33894034
0.9771667;-20.87487496
0.9773333;-20.32721943
0.9775000;-19.70517564
0.9776667;-19.03773042
0.9778333;-18.22849958
0.9780000;-17.28582858
0.9781667;-16.22838854
0.9783333;-15.07194629
0.9785000;-13.82689965
0.9786667;-12.50502916
0.9788333;-11.11580006
0.9790000;-9.667463408
0.9791667;-8.167835626
0.9793333;-6.625424545
0.9795000;-5.047614245
0.9796667;-3.444055935
0.9798333;-1.823641767
0.9800000;-0.19362734
0.9801667;1.436475347
0.9803333;3.060675308
0.9805000;4.668831015
0.9806667;6.253662616
0.9808333;7.808627302
0.9810000;9.323633357
0.9811667;10.79186398
0.9813333;12.20653986
0.9815000;13.56283968
0.9816667;14.77054462
0.9818333;15.84487609
0.9820000;16.82928078
0.9821667;17.72599101
0.9823333;18.53839513
0.9825000;19.27053016
0.9826667;19.91601793
0.9828333;20.47707607
0.9830000;20.95122202
0.9831667;21.34305071
0.9833333;21.64713166
0.9835000;21.86660735
0.9836667;22.00244611
0.9838333;22.05662047
0.9840000;22.02946842
0.9841667;21.9220302
0.9843333;21.73722442
0.9845000;21.47635908
0.9846667;21.14161353
0.9848333;20.73461967
0.9850000;20.25896849
0.9851667;19.71537794
0.9853333;19.10746173
0.9855000;18.43677373
0.9856667;17.7067151
0.9858333;16.91973623
0.9860000;16.07872849
0.9861667;15.1865141
0.9863333;14.24657838
0.9865000;13.26093044
0.9866667;12.23305593
0.9868333;11.16669835
0.9870000;10.06489601
0.9871667;8.931336212
0.9873333;7.768928232
0.9875000;6.581384257
0.9876667;5.372286451
0.9878333;4.14531317
0.9880000;2.904202731
0.9881667;1.652711833
0.9883333;0.394693416
0.9885000;-0.866062825
0.9886667;-2.125617692
0.9888333;-3.379880008
0.9890000;-4.625222657
0.9891667;-5.857968526
0.9893333;-7.074379497
0.9895000;-8.270388374
0.9896667;-9.441614176
0.9898333;-10.58460396
0.9900000;-11.6959662
0.9901667;-12.77140944
0.9903333;-13.80795412
0.9905000;-14.80139129
0.9906667;-15.74816678
0.9908333;-16.64542871
0.9910000;-17.48804915
0.9911667;-18.27450208
0.9913333;-19.00072168
0.9915000;-19.66386994
0.9916667;-20.26026865
0.9918333;-20.78787561
0.9920000;-21.24304485
0.9921667;-21.62362389
0.9923333;-21.92690017
0.9925000;-22.150123
0.9926667;-22.29185118
0.9928333;-22.34971438
0.9930000;-22.3224597
0.9931667;-22.20857719
0.9933333;-22.00688411
0.9935000;-21.71716279
0.9936667;-21.33906757
0.9938333;-20.87459636
0.9940000;-20.32601473
0.9941667;-19.70412607
0.9943333;-19.03823819
0.9945000;-18.22900207
0.9946667;-17.28604246
0.9948333;-16.22833943
0.9950000;-15.07162829
0.9951667;-13.82688743
0.9953333;-12.50506359
0.9955000;-11.11543472
0.9956667;-9.666759544
0.9958333;-8.167097172
0.9960000;-6.624580769
0.9961667;-5.047588565
0.9963333;-3.444500397
0.9965000;-1.823622036
0.9966667;-0.193229274
0.9968333;1.438278803
0.9970000;3.062167938
0.9971667;4.670468847
0.9973333;6.254991479
0.9975000;7.808337193
0.9976667;9.32289593
0.9978333;10.79063695
0.9980000;12.20579911
0.9981667;13.56196791
0.9983333;14.77020883
0.9985000;15.84618912
0.9986667;16.82930303
0.9988333;17.72596959
0.9990000;18.53969122
0.9991667;19.2696677
0.9993333;19.91520845
0.9995000;20.47585438
0.9996667;20.95098977
0.9998333;21.34093316
1.0000000;21.64549151
1.0001667;21.86591297
1.0003333;22.00248652
1.0005000;22.05619887
1.0006667;22.02919461
1.0008333;21.92186564
1.0010000;21.7371145
1.0011667;21.47628706
1.0013333;21.1415664
1.0015000;20.6524406
1.0016667;20.08765592
1.0018333;19.46876906
1.0020000;18.80164363
1.0021667;18.08435536
1.0023333;17.31688702
1.0025000;16.49866501
1.0026667;15.63073109
1.0028333;14.71482042
1.0030000;13.75368444
1.0031667;12.74899516
1.0033333;11.70400179
1.0035000;10.62253586
1.0036667;9.507541956
1.0038333;8.362569587
1.0040000;7.190536316
1.0041667;5.99520762
1.0043333;4.780114446
1.0045000;3.549002407
1.0046667;2.305626687
1.0048333;1.053651439
1.0050000;-0.203068977
1.0051667;-1.460694623
1.0053333;-2.715388997
1.0055000;-3.962874347
1.0056667;-5.1998052
1.0058333;-6.422401017
1.0060000;-7.6270417
1.0061667;-8.809711084
1.0063333;-9.965839734
1.0065000;-11.09217789
1.0066667;-12.18531747
1.0068333;-13.2410582
1.0070000;-14.25652083
1.0071667;-15.22748257
1.0073333;-16.15034013
1.0075000;-17.02247814
1.0076667;-17.83854741
1.0078333;-18.59731545
1.0080000;-19.29466689
1.0081667;-19.92786535
1.0083333;-20.4932135
1.0085000;-20.98884788
1.0086667;-21.41105128
1.0088333;-21.75784462
1.0090000;-22.02649935
1.0091667;-22.21430111
1.0093333;-22.31999259
1.0095000;-22.34123266
1.0096667;-22.27690748
1.0098333;-22.12558685
1.0100000;-21.88621764
1.0101667;-21.55874607
1.0103333;-21.14297416
1.0105000;-20.64140046
1.0106667;-20.05672163
1.0108333;-19.4019321
1.0110000;-18.70764889
1.0111667;-17.85980283
1.0113333;-16.87182547
1.0115000;-15.76644872
1.0116667;-14.56246085
1.0118333;-13.27302022
1.0120000;-11.91031408
1.0121667;-10.48391236
1.0123333;-9.002910553
1.0125000;-7.475036162
1.0126667;-5.908481225
1.0128333;-4.311666147
1.0130000;-2.692948611
1.0131667;-1.060593616
1.0133333;-0.191848196
1.0135000;1.43996042
1.0136667;3.063010623
1.0138333;4.670733745
1.0140000;6.254936219
1.0141667;7.807982179
1.0143333;9.322264147
1.0145000;10.78928044
1.0146667;12.20367447
1.0148333;13.56070966
1.0150000;14.77152626
1.0151667;15.84796204
1.0153333;16.83020938
1.0155000;17.72675785
1.0156667;18.54089914
1.0158333;19.27026689
1.0160000;19.9159454
1.0161667;20.47621306
1.0163333;20.95094649
1.0165000;21.33940441
1.0166667;21.64373519
1.0168333;21.86412678
1.0170000;22.00149298
1.0171667;22.05911984
1.0173333;22.03226452
1.0175000;21.92361113
1.0176667;21.73777892
1.0178333;21.47634268
1.0180000;21.14103802
1.0181667;20.7323139
1.0183333;20.2568864
1.0185000;19.71124481
1.0186667;19.10359503
1.0188333;18.32365073
1.0190000;17.4808274
1.0191667;16.58221908
1.0193333;15.62478394
1.0195000;14.66232357
1.0196667;13.82532597
1.0198333;12.79616905
1.0200000;11.71695472
1.0201667;10.63873971
1.0203333;9.5015466
1.0205000;8.326552855
1.0206667;7.177735196
1.0208333;5.91378089
1.0210000;4.715345841
1.0211667;3.646180545
1.0213333;2.331139711
1.0215000;0.717086977
1.0216667;-0.13439097
1.0218333;-1.401319817
1.0220000;-2.441834097
1.0221667;-3.56426523
1.0223333;-4.731044705
1.0225000;-5.904286179
1.0226667;-7.089492728
1.0228333;-8.283135746
1.0230000;-9.459984744
1.0231667;-10.60823492
1.0233333;-11.72909502
1.0235000;-12.89965371
1.0236667;-14.02207675
1.0238333;-15.09235518
1.0240000;-16.09366598
1.0241667;-16.98539697
1.0243333;-17.81630827
1.0245000;-18.61448545
1.0246667;-19.35878875
1.0248333;-19.90121811
1.0250000;-20.44150411
1.0251667;-20.92344105
1.0253333;-21.35070027
1.0255000;-21.66499255
1.0256667;-21.93555181
1.0258333;-22.15344509
1.0260000;-22.29815735
1.0261667;-22.35573037
1.0263333;-22.32367557
1.0265000;-22.20863472
1.0266667;-22.00801842
1.0268333;-21.72011868
1.0270000;-21.33687247
1.0271667;-20.87225521
1.0273333;-20.32437486
1.0275000;-19.61535276
1.0276667;-18.85695115
1.0278333;-17.95875443
1.0280000;-16.93523534
1.0281667;-15.80623415
1.0283333;-14.58784398
1.0285000;-13.28885596
1.0286667;-11.91985766
1.0288333;-10.48988568
1.0290000;-9.006377661
1.0291667;-7.476842403
1.0293333;-5.911777283
1.0295000;-4.318810223
1.0296667;-2.703694994
1.0298333;-1.069919047
1.0300000;0.558216275
1.0301667;2.216501817
1.0303333;3.842215401
1.0305000;5.401128283
1.0306667;6.958632565
1.0308333;8.596121603
1.0310000;10.02485434
1.0311667;11.46980176
1.0313333;12.89705835
1.0315000;14.19179262
1.0316667;15.45768824
1.0318333;16.43726192
1.0320000;17.3118847
1.0321667;18.17383092
1.0323333;18.93872236
1.0325000;19.61682046
1.0326667;20.28059078
1.0328333;20.77465349
1.0330000;21.14631671
1.0331667;21.47257696
1.0333333;21.7375737
1.0335000;21.92370491
1.0336667;21.99283472
1.0338333;22.09208997
1.0340000;22.05256258
1.0341667;21.91408889
1.0343333;21.71741625
1.0345000;21.48120215
1.0346667;21.15961816
1.0348333;20.74830206
1.0350000;20.26736816
1.0351667;19.71923154
1.0353333;19.11164768
1.0355000;18.44072279
1.0356667;17.7112248
1.0358333;16.92368691
1.0360000;16.0803496
1.0361667;15.18537313
1.0363333;14.24951289
1.0365000;13.26242763
1.0366667;12.2335138
1.0368333;11.16450573
1.0370000;10.05922561
1.0371667;8.924184449
1.0373333;7.762706997
1.0375000;6.577450752
1.0376667;5.371555084
1.0378333;4.14674454
1.0380000;2.908773164
1.0381667;1.661779381
1.0383333;0.401795218
1.0385000;-0.863581422
1.0386667;-2.12710829
1.0388333;-3.386319328
1.0390000;-4.630172044
1.0391667;-5.864208872
1.0393333;-7.071121826
1.0395000;-8.264009506
1.0396667;-9.436286266
1.0398333;-10.58124417
1.0400000;-11.69376231
1.0401667;-12.77077641
1.0403333;-13.80821621
1.0405000;-14.80258598
1.0406667;-15.7525342
1.0408333;-16.64934145
1.0410000;-17.49184459
1.0411667;-18.27693722
1.0413333;-19.0008972
1.0415000;-19.65909143
1.0416667;-20.25562669
1.0418333;-20.78421868
1.0420000;-21.24091475
1.0421667;-21.62263203
1.0423333;-21.92653723
1.0425000;-22.15041551
1.0426667;-22.29337717
1.0428333;-22.35150465
1.0430000;-22.32091332
1.0431667;-22.20699534
1.0433333;-22.00593266
1.0435000;-21.71677422
1.0436667;-21.33894034
1.0438333;-20.87487496
1.0440000;-20.32721943
1.0441667;-19.70517564
1.0443333;-19.03773042
1.0445000;-18.22849958
1.0446667;-17.28582858
1.0448333;-16.22838854
1.0450000;-15.07194629
1.0451667;-13.82689965
1.0453333;-12.50502916
1.0455000;-11.11580006
1.0456667;-9.667463408
1.0458333;-8.167835626
1.0460000;-6.625424545
1.0461667;-5.047614245
1.0463333;-3.444055935
1.0465000;-1.823641767
1.0466667;-0.19362734
1.0468333;1.436475347
1.0470000;3.060675308
1.0471667;4.668831015
1.0473333;6.253662616
1.0475000;7.808627302
1.0476667;9.323633357
1.0478333;10.79186398
1.0480000;12.20653986
1.0481667;13.56283968
1.0483333;14.77054462
1.0485000;15.84487609
1.0486667;16.82928078
1.0488333;17.72599101
1.0490000;18.53839513
1.0491667;19.27053016
1.0493333;19.91601793
1.0495000;20.47707607
1.0496667;20.95122202
1.0498333;21.34305071
1.0500000;21.64713166
1.0501667;21.86660735
1.0503333;22.00244611
1.0505000;22.05662047
1.0506667;22.02946842
1.0508333;21.9220302
1.0510000;21.73722442
1.0511667;21.47635908
1.0513333;21.14161353
1.0515000;20.73461967
1.0516667;20.25896849
1.0518333;19.71537794
1.0520000;19.10746173
1.0521667;18.43677373
1.0523333;17.7067151
1.0525000;16.91973623
1.0526667;16.07872849
1.0528333;15.1865141
1.0530000;14.24657838
1.0531667;13.26093044
1.0533333;12.23305593
1.0535000;11.16669835
1.0536667;10.06489601
1.0538333;8.931336212
1.0540000;7.768928232
1.0541667;6.581384257
1.0543333;5.372286451
1.0545000;4.14531317
1.0546667;2.904202731
1.0548333;1.652711833
1.0550000;0.394693416
1.0551667;-0.866062825
1.0553333;-2.125617692
1.0555000;-3.379880008
1.0556667;-4.625222657
1.0558333;-5.857968526
1.0560000;-7.074379497
1.0561667;-8.270388374
1.0563333;-9.441614176
1.0565000;-10.58460396
1.0566667;-11.6959662
1.0568333;-12.77140944
1.0570000;-13.80795412
1.0571667;-14.80139129
1.0573333;-15.74816678
1.0575000;-16.64542871
1.0576667;-17.48804915
1.0578333;-18.27450208
1.0580000;-19.00072168
1.0581667;-19.66386994
1.0583333;-20.26026865
1.0585000;-20.78787561
1.0586667;-21.24304485
1.0588333;-21.62362389
1.0590000;-21.92690017
1.0591667;-22.150123
1.0593333;-22.29185118
1.0595000;-22.34971438
1.0596667;-22.3224597
1.0598333;-22.20857719
1.0600000;-22.00688411
1.0601667;-21.71716279
1.0603333;-21.33906757
1.0605000;-20.87459636
1.0606667;-20.32601473
1.0608333;-19.70412607
1.0610000;-19.03823819
1.0611667;-18.22900207
1.0613333;-17.28604246
1.0615000;-16.22833943
1.0616667;-15.07162829
1.0618333;-13.82688743
1.0620000;-12.50506359
1.0621667;-11.11543472
1.0623333;-9.666759544
1.0625000;-8.167097172
1.0626667;-6.624580769
1.0628333;-5.047588565
1.0630000;-3.444500397
1.0631667;-1.823622036
1.0633333;-0.193229274
1.0635000;1.438278803
1.0636667;3.062167938
1.0638333;4.670468847
1.0640000;6.254991479
1.0641667;7.808337193
1.0643333;9.32289593
1.0645000;10.79063695
1.0646667;12.20579911
1.0648333;13.56196791
1.0650000;14.77020883
1.0651667;15.84618912
1.0653333;16.82930303
1.0655000;17.72596959
1.0656667;18.53969122
1.0658333;19.2696677
1.0660000;19.91520845
1.0661667;20.47585438
1.0663333;20.95098977
1.0665000;21.34093316
1.0666667;21.64549151
1.0668333;21.86591297
1.0670000;22.00248652
1.0671667;22.05619887
1.0673333;22.02919461
1.0675000;21.92186564
1.0676667;21.7371145
1.0678333;21.47628706
1.0680000;21.1415664
1.0681667;20.6524406
1.0683333;20.08765592
1.0685000;19.46876906
1.0686667;18.80164363
1.0688333;18.08435536
1.0690000;17.31688702
1.0691667;16.49866501
1.0693333;15.63073109
1.0695000;14.71482042
1.0696667;13.75368444
1.0698333;12.74899516
1.0700000;11.70400179
1.0701667;10.62253586
1.0703333;9.507541956
1.0705000;8.362569587
1.0706667;7.190536316
1.0708333;5.99520762
1.0710000;4.780114446
1.0711667;3.549002407
1.0713333;2.305626687
1.0715000;1.053651439
1.0716667;-0.203068977
1.0718333;-1.460694623
1.0720000;-2.715388997
1.0721667;-3.962874347
1.0723333;-5.1998052
1.0725000;-6.422401017
1.0726667;-7.6270417
1.0728333;-8.809711084
1.0730000;-9.965839734
1.0731667;-11.09217789
1.0733333;-12.18531747
1.0735000;-13.2410582
1.0736667;-14.25652083
1.0738333;-15.22748257
1.0740000;-16.15034013
1.0741667;-17.02247814
1.0743333;-17.83854741
1.0745000;-18.59731545
1.0746667;-19.29466689
1.0748333;-19.92786535
1.0750000;-20.4932135
1.0751667;-20.98884788
1.0753333;-21.41105128
1.0755000;-21.75784462
1.0756667;-22.02649935
1.0758333;-22.21430111
1.0760000;-22.31999259
1.0761667;-22.34123266
1.0763333;-22.27690748
1.0765000;-22.12558685
1.0766667;-21.88621764
1.0768333;-21.55874607
1.0770000;-21.14297416
1.0771667;-20.64140046
1.0773333;-20.05672163
1.0775000;-19.4019321
1.0776667;-18.70764889
1.0778333;-17.85980283
1.0780000;-16.87182547
1.0781667;-15.76644872
1.0783333;-14.56246085
1.0785000;-13.27302022
1.0786667;-11.91031408
1.0788333;-10.48391236
1.0790000;-9.002910553
1.0791667;-7.475036162
1.0793333;-5.908481225
1.0795000;-4.311666147
1.0796667;-2.692948611
1.0798333;-1.060593616
1.0800000;-0.191848196
1.0801667;1.43996042
1.0803333;3.063010623
1.0805000;4.670733745
1.0806667;6.254936219
1.0808333;7.807982179
1.0810000;9.322264147
1.0811667;10.78928044
1.0813333;12.20367447
1.0815000;13.56070966
1.0816667;14.77152626
1.0818333;15.84796204
1.0820000;16.83020938
1.0821667;17.72675785
1.0823333;18.54089914
1.0825000;19.27026689
1.0826667;19.9159454
1.0828333;20.47621306
1.0830000;20.95094649
1.0831667;21.33940441
1.0833333;21.64373519
1.0835000;21.86412678
1.0836667;22.00149298
1.0838333;22.05911984
1.0840000;22.03226452
1.0841667;21.92361113
1.0843333;21.73777892
1.0845000;21.47634268
1.0846667;21.14103802
1.0848333;20.7323139
1.0850000;20.2568864
1.0851667;19.71124481
1.0853333;19.10359503
1.0855000;18.32365073
1.0856667;17.4808274
1.0858333;16.58221908
1.0860000;15.62478394
1.0861667;14.66232357
1.0863333;13.82532597
1.0865000;12.79616905
1.0866667;11.71695472
1.0868333;10.63873971
1.0870000;9.5015466
1.0871667;8.326552855
1.0873333;7.177735196
1.0875000;5.91378089
1.0876667;4.715345841
1.0878333;3.646180545
1.0880000;2.331139711
1.0881667;0.717086977
1.0883333;-0.13439097
1.0885000;-1.401319817
1.0886667;-2.441834097
1.0888333;-3.56426523
1.0890000;-4.731044705
1.0891667;-5.904286179
1.0893333;-7.089492728
1.0895000;-8.283135746
1.0896667;-9.459984744
1.0898333;-10.60823492
1.0900000;-11.72909502
1.0901667;-12.89965371
1.0903333;-14.02207675
1.0905000;-15.09235518
1.0906667;-16.09366598
1.0908333;-16.98539697
1.0910000;-17.81630827
1.0911667;-18.61448545
1.0913333;-19.35878875
1.0915000;-19.90121811
1.0916667;-20.44150411
1.0918333;-20.92344105
1.0920000;-21.35070027
1.0921667;-21.66499255
1.0923333;-21.93555181
1.0925000;-22.15344509
1.0926667;-22.29815735
1.0928333;-22.35573037
1.0930000;-22.32367557
1.0931667;-22.20863472
1.0933333;-22.00801842
1.0935000;-21.72011868
1.0936667;-21.33687247
1.0938333;-20.87225521
1.0940000;-20.32437486
1.0941667;-19.61535276
1.0943333;-18.85695115
1.0945000;-17.95875443
1.0946667;-16.93523534
1.0948333;-15.80623415
1.0950000;-14.58784398
1.0951667;-13.28885596
1.0953333;-11.91985766
1.0955000;-10.48988568
1.0956667;-9.006377661
1.0958333;-7.476842403
1.0960000;-5.911777283
1.0961667;-4.318810223
1.0963333;-2.703694994
1.0965000;-1.069919047
1.0966667;0.558216275
1.0968333;2.216501817
1.0970000;3.842215401
1.0971667;5.401128283
1.0973333;6.958632565
1.0975000;8.596121603
1.0976667;10.02485434
1.0978333;11.46980176
1.0980000;12.89705835
1.0981667;14.19179262
1.0983333;15.45768824
1.0985000;16.43726192
1.0986667;17.3118847
1.0988333;18.17383092
1.0990000;18.93872236
1.0991667;19.61682046
1.0993333;20.28059078
1.0995000;20.77465349
1.0996667;21.14631671
1.0998333;21.47257696
1.1000000;21.7375737
1.1001667;21.92370491
1.1003333;21.99283472
1.1005000;22.09208997
1.1006667;22.05256258
1.1008333;21.91408889
1.1010000;21.71741625
1.1011667;21.48120215
1.1013333;21.15961816
1.1015000;20.74830206
1.1016667;20.26736816
1.1018333;19.71923154
1.1020000;19.11164768
1.1021667;18.44072279
1.1023333;17.7112248
1.1025000;16.92368691
1.1026667;16.0803496
1.1028333;15.18537313
1.1030000;14.24951289
1.1031667;13.26242763
1.1033333;12.2335138
1.1035000;11.16450573
1.1036667;10.05922561
1.1038333;8.924184449
1.1040000;7.762706997
1.1041667;6.577450752
1.1043333;5.371555084
1.1045000;4.14674454
1.1046667;2.908773164
1.1048333;1.661779381
1.1050000;0.401795218
1.1051667;-0.863581422
1.1053333;-2.12710829
1.1055000;-3.386319328
1.1056667;-4.630172044
1.1058333;-5.864208872
1.1060000;-7.071121826
1.1061667;-8.264009506
1.1063333;-9.436286266
1.1065000;-10.58124417
1.1066667;-11.69376231
1.1068333;-12.77077641
1.1070000;-13.80821621
1.1071667;-14.80258598
1.1073333;-15.7525342
1.1075000;-16.64934145
1.1076667;-17.49184459
1.1078333;-18.27693722
1.1080000;-19.0008972
1.1081667;-19.65909143
1.1083333;-20.25562669
1.1085000;-20.78421868
1.1086667;-21.24091475
1.1088333;-21.62263203
1.1090000;-21.92653723
1.1091667;-22.15041551
1.1093333;-22.29337717
1.1095000;-22.35150465
1.1096667;-22.32091332
1.1098333;-22.20699534
1.1100000;-22.00593266
1.1101667;-21.71677422
1.1103333;-21.33894034
1.1105000;-20.87487496
1.1106667;-20.32721943
1.1108333;-19.70517564
1.1110000;-19.03773042
1.1111667;-18.22849958
1.1113333;-17.28582858
1.1115000;-16.22838854
1.1116667;-15.07194629
1.1118333;-13.82689965
1.1120000;-12.50502916
1.1121667;-11.11580006
1.1123333;-9.667463408
1.1125000;-8.167835626
1.1126667;-6.625424545
1.1128333;-5.047614245
1.1130000;-3.444055935
1.1131667;-1.823641767
1.1133333;-0.19362734
1.1135000;1.436475347
1.1136667;3.060675308
1.1138333;4.668831015
1.1140000;6.253662616
1.1141667;7.808627302
1.1143333;9.323633357
1.1145000;10.79186398
1.1146667;12.20653986
1.1148333;13.56283968
1.1150000;14.77054462
1.1151667;15.84487609
1.1153333;16.82928078
1.1155000;17.72599101
1.1156667;18.53839513
1.1158333;19.27053016
1.1160000;19.91601793
1.1161667;20.47707607
1.1163333;20.95122202
1.1165000;21.34305071
1.1166667;21.64713166
1.1168333;21.86660735
1.1170000;22.00244611
1.1171667;22.05662047
1.1173333;22.02946842
1.1175000;21.9220302
1.1176667;21.73722442
1.1178333;21.47635908
1.1180000;21.14161353
1.1181667;20.73461967
1.1183333;20.25896849
1.1185000;19.71537794
1.1186667;19.10746173
1.1188333;18.43677373
1.1190000;17.7067151
1.1191667;16.91973623
1.1193333;16.07872849
1.1195000;15.1865141
1.1196667;14.24657838
1.1198333;13.26093044
1.1200000;12.23305593
1.1201667;11.16669835
1.1203333;10.06489601
1.1205000;8.931336212
1.1206667;7.768928232
1.1208333;6.581384257
1.1210000;5.372286451
1.1211667;4.14531317
1.1213333;2.904202731
1.1215000;1.652711833
1.1216667;0.394693416
1.1218333;-0.866062825
1.1220000;-2.125617692
1.1221667;-3.379880008
1.1223333;-4.625222657
1.1225000;-5.857968526
1.1226667;-7.074379497
1.1228333;-8.270388374
1.1230000;-9.441614176
1.1231667;-10.58460396
1.1233333;-11.6959662
1.1235000;-12.77140944
1.1236667;-13.80795412
1.1238333;-14.80139129
1.1240000;-15.74816678
1.1241667;-16.64542871
1.1243333;-17.48804915
1.1245000;-18.27450208
1.1246667;-19.00072168
1.1248333;-19.66386994
1.1250000;-20.26026865
1.1251667;-20.78787561
1.1253333;-21.24304485
1.1255000;-21.62362389
1.1256667;-21.92690017
1.1258333;-22.150123
1.1260000;-22.29185118
1.1261667;-22.34971438
1.1263333;-22.3224597
1.1265000;-22.20857719
1.1266667;-22.00688411
1.1268333;-21.71716279
1.1270000;-21.33906757
1.1271667;-20.87459636
1.1273333;-20.32601473
1.1275000;-19.70412607
1.1276667;-19.03823819
1.1278333;-18.22900207
1.1280000;-17.28604246
1.1281667;-16.22833943
1.1283333;-15.07162829
1.1285000;-13.82688743
1.1286667;-12.50506359
1.1288333;-11.11543472
1.1290000;-9.666759544
1.1291667;-8.167097172
1.1293333;-6.624580769
1.1295000;-5.047588565
1.1296667;-3.444500397
1.1298333;-1.823622036
1.1300000;-0.193229274
1.1301667;1.438278803
1.1303333;3.062167938
1.1305000;4.670468847
1.1306667;6.254991479
1.1308333;7.808337193
1.1310000;9.32289593
1.1311667;10.79063695
1.1313333;12.20579911
1.1315000;13.56196791
1.1316667;14.77020883
1.1318333;15.84618912
1.1320000;16.82930303
1.1321667;17.72596959
1.1323333;18.53969122
1.1325000;19.2696677
1.1326667;19.91520845
1.1328333;20.47585438
1.1330000;20.95098977
1.1331667;21.34093316
1.1333333;21.64549151
1.1335000;21.86591297
1.1336667;22.00248652
1.1338333;22.05619887
1.1340000;22.02919461
1.1341667;21.92186564
1.1343333;21.7371145
1.1345000;21.47628706
1.1346667;21.1415664
1.1348333;20.6524406
1.1350000;20.08765592
1.1351667;19.46876906
1.1353333;18.80164363
1.1355000;18.08435536
1.1356667;17.31688702
1.1358333;16.49866501
1.1360000;15.63073109
1.1361667;14.71482042
1.1363333;13.75368444
1.1365000;12.74899516
1.1366667;11.70400179
1.1368333;10.62253586
1.1370000;9.507541956
1.1371667;8.362569587
1.1373333;7.190536316
1.1375000;5.99520762
1.1376667;4.780114446
1.1378333;3.549002407
1.1380000;2.305626687
1.1381667;1.053651439
1.1383333;-0.203068977
1.1385000;-1.460694623
1.1386667;-2.715388997
1.1388333;-3.962874347
1.1390000;-5.1998052
1.1391667;-6.422401017
1.1393333;-7.6270417
1.1395000;-8.809711084
1.1396667;-9.965839734
1.1398333;-11.09217789
1.1400000;-12.18531747
1.1401667;-13.2410582
1.1403333;-14.25652083
1.1405000;-15.22748257
1.1406667;-16.15034013
1.1408333;-17.02247814
1.1410000;-17.83854741
1.1411667;-18.59731545
1.1413333;-19.29466689
1.1415000;-19.92786535
1.1416667;-20.4932135
1.1418333;-20.98884788
1.1420000;-21.41105128
1.1421667;-21.75784462
1.1423333;-22.02649935
1.1425000;-22.21430111
1.1426667;-22.31999259
1.1428333;-22.34123266
1.1430000;-22.27690748
1.1431667;-22.12558685
1.1433333;-21.88621764
1.1435000;-21.55874607
1.1436667;-21.14297416
1.1438333;-20.64140046
1.1440000;-20.05672163
1.1441667;-19.4019321
1.1443333;-18.70764889
1.1445000;-17.85980283
1.1446667;-16.87182547
1.1448333;-15.76644872
1.1450000;-14.56246085
1.1451667;-13.27302022
1.1453333;-11.91031408
1.1455000;-10.48391236
1.1456667;-9.002910553
1.1458333;-7.475036162
1.1460000;-5.908481225
1.1461667;-4.311666147
1.1463333;-2.692948611
1.1465000;-1.060593616
1.1466667;-0.191848196
1.1468333;1.43996042
1.1470000;3.063010623
1.1471667;4.670733745
1.1473333;6.254936219
1.1475000;7.807982179
1.1476667;9.322264147
1.1478333;10.78928044
1.1480000;12.20367447
1.1481667;13.56070966
1.1483333;14.77152626
1.1485000;15.84796204
1.1486667;16.83020938
1.1488333;17.72675785
1.1490000;18.54089914
1.1491667;19.27026689
1.1493333;19.9159454
1.1495000;20.47621306
1.1496667;20.95094649
1.1498333;21.33940441
1.1500000;21.64373519
1.1501667;21.86412678
1.1503333;22.00149298
1.1505000;22.05911984
1.1506667;22.03226452
1.1508333;21.92361113
1.1510000;21.73777892
1.1511667;21.47634268
1.1513333;21.14103802
1.1515000;20.7323139
1.1516667;20.2568864
1.1518333;19.71124481
1.1520000;19.10359503
1.1521667;18.32365073
1.1523333;17.4808274
1.1525000;16.58221908
1.1526667;15.62478394
1.1528333;14.66232357
1.1530000;13.82532597
1.1531667;12.79616905
1.1533333;11.71695472
1.1535000;10.63873971
1.1536667;9.5015466
1.1538333;8.326552855
1.1540000;7.177735196
1.1541667;5.91378089
1.1543333;4.715345841
1.1545000;3.646180545
1.1546667;2.331139711
1.1548333;0.717086977
1.1550000;-0.13439097
1.1551667;-1.401319817
1.1553333;-2.441834097
1.1555000;-3.56426523
1.1556667;-4.731044705
1.1558333;-5.904286179
1.1560000;-7.089492728
1.1561667;-8.283135746
1.1563333;-9.459984744
1.1565000;-10.60823492
1.1566667;-11.72909502
1.1568333;-12.89965371
1.1570000;-14.02207675
1.1571667;-15.09235518
1.1573333;-16.09366598
1.1575000;-16.98539697
1.1576667;-17.81630827
1.1578333;-18.61448545
1.1580000;-19.35878875
1.1581667;-19.90121811
1.1583333;-20.44150411
1.1585000;-20.92344105
1.1586667;-21.35070027
1.1588333;-21.66499255
1.1590000;-21.93555181
1.1591667;-22.15344509
1.1593333;-22.29815735
1.1595000;-22.35573037
1.1596667;-22.32367557
1.1598333;-22.20863472
1.1600000;-22.00801842
1.1601667;-21.72011868
1.1603333;-21.33687247
1.1605000;-20.87225521
1.1606667;-20.32437486
1.1608333;-19.61535276
1.1610000;-18.85695115
1.1611667;-17.95875443
1.1613333;-16.93523534
1.1615000;-15.80623415
1.1616667;-14.58784398
1.1618333;-13.28885596
1.1620000;-11.91985766
1.1621667;-10.48988568
1.1623333;-9.006377661
1.1625000;-7.476842403
1.1626667;-5.911777283
1.1628333;-4.318810223
1.1630000;-2.703694994
1.1631667;-1.069919047
1.1633333;0.558216275
1.1635000;2.216501817
1.1636667;3.842215401
1.1638333;5.401128283
1.1640000;6.958632565
1.1641667;8.596121603
1.1643333;10.02485434
1.1645000;11.46980176
1.1646667;12.89705835
1.1648333;14.19179262
1.1650000;15.45768824
1.1651667;16.43726192
1.1653333;17.3118847
1.1655000;18.17383092
1.1656667;18.93872236
1.1658333;19.61682046
1.1660000;20.28059078
1.1661667;20.77465349
1.1663333;21.14631671
1.1665000;21.47257696
1.1666667;21.7375737
1.1668333;21.92370491
1.1670000;21.99283472
1.1671667;22.09208997
1.1673333;22.05256258
1.1675000;21.91408889
1.1676667;21.71741625
1.1678333;21.48120215
1.1680000;21.15961816
1.1681667;20.74830206
1.1683333;20.26736816
1.1685000;19.71923154
1.1686667;19.11164768
1.1688333;18.44072279
1.1690000;17.7112248
1.1691667;16.92368691
1.1693333;16.0803496
1.1695000;15.18537313
1.1696667;14.24951289
1.1698333;13.26242763
1.1700000;12.2335138
1.1701667;11.16450573
1.1703333;10.05922561
1.1705000;8.924184449
1.1706667;7.762706997
1.1708333;6.577450752
1.1710000;5.371555084
1.1711667;4.14674454
1.1713333;2.908773164
1.1715000;1.661779381
1.1716667;0.401795218
1.1718333;-0.863581422
1.1720000;-2.12710829
1.1721667;-3.386319328
1.1723333;-4.630172044
1.1725000;-5.864208872
1.1726667;-7.071121826
1.1728333;-8.264009506
1.1730000;-9.436286266
1.1731667;-10.58124417
1.1733333;-11.69376231
1.1735000;-12.77077641
1.1736667;-13.80821621
1.1738333;-14.80258598
1.1740000;-15.7525342
1.1741667;-16.64934145
1.1743333;-17.49184459
1.1745000;-18.27693722
1.1746667;-19.0008972
1.1748333;-19.65909143
1.1750000;-20.25562669
1.1751667;-20.78421868
1.1753333;-21.24091475
1.1755000;-21.62263203
1.1756667;-21.92653723
1.1758333;-22.15041551
1.1760000;-22.29337717
1.1761667;-22.35150465
1.1763333;-22.32091332
1.1765000;-22.20699534
1.1766667;-22.00593266
1.1768333;-21.71677422
1.1770000;-21.33894034
1.1771667;-20.87487496
1.1773333;-20.32721943
1.1775000;-19.70517564
1.1776667;-19.03773042
1.1778333;-18.22849958
1.1780000;-17.28582858
1.1781667;-16.22838854
1.1783333;-15.07194629
1.1785000;-13.82689965
1.1786667;-12.50502916
1.1788333;-11.11580006
1.1790000;-9.667463408
1.1791667;-8.167835626
1.1793333;-6.625424545
1.1795000;-5.047614245
1.1796667;-3.444055935
1.1798333;-1.823641767
1.1800000;-0.19362734
1.1801667;1.436475347
1.1803333;3.060675308
1.1805000;4.668831015
1.1806667;6.253662616
1.1808333;7.808627302
1.1810000;9.323633357
1.1811667;10.79186398
1.1813333;12.20653986
1.1815000;13.56283968
1.1816667;14.77054462
1.1818333;15.84487609
1.1820000;16.82928078
1.1821667;17.72599101
1.1823333;18.53839513
1.1825000;19.27053016
1.1826667;19.91601793
1.1828333;20.47707607
1.1830000;20.95122202
1.1831667;21.34305071
1.1833333;21.64713166
1.1835000;21.86660735
1.1836667;22.00244611
1.1838333;22.05662047
1.1840000;22.02946842
1.1841667;21.9220302
1.1843333;21.73722442
1.1845000;21.47635908
1.1846667;21.14161353
1.1848333;20.73461967
1.1850000;20.25896849
1.1851667;19.71537794
1.1853333;19.10746173
1.1855000;18.43677373
1.1856667;17.7067151
1.1858333;16.91973623
1.1860000;16.07872849
1.1861667;15.1865141
1.1863333;14.24657838
1.1865000;13.26093044
1.1866667;12.23305593
1.1868333;11.16669835
1.1870000;10.06489601
1.1871667;8.931336212
1.1873333;7.768928232
1.1875000;6.581384257
1.1876667;5.372286451
1.1878333;4.14531317
1.1880000;2.904202731
1.1881667;1.652711833
1.1883333;0.394693416
1.1885000;-0.866062825
1.1886667;-2.125617692
1.1888333;-3.379880008
1.1890000;-4.625222657
1.1891667;-5.857968526
1.1893333;-7.074379497
1.1895000;-8.270388374
1.1896667;-9.441614176
1.1898333;-10.58460396
1.1900000;-11.6959662
1.1901667;-12.77140944
1.1903333;-13.80795412
1.1905000;-14.80139129
1.1906667;-15.74816678
1.1908333;-16.64542871
1.1910000;-17.48804915
1.1911667;-18.27450208
1.1913333;-19.00072168
1.1915000;-19.66386994
1.1916667;-20.26026865
1.1918333;-20.78787561
1.1920000;-21.24304485
1.1921667;-21.62362389
1.1923333;-21.92690017
1.1925000;-22.150123
1.1926667;-22.29185118
1.1928333;-22.34971438
1.1930000;-22.3224597
1.1931667;-22.20857719
1.1933333;-22.00688411
1.1935000;-21.71716279
1.1936667;-21.33906757
1.1938333;-20.87459636
1.1940000;-20.32601473
1.1941667;-19.70412607
1.1943333;-19.03823819
1.1945000;-18.22900207
1.1946667;-17.28604246
1.1948333;-16.22833943
1.1950000;-15.07162829
1.1951667;-13.82688743
1.1953333;-12.50506359
1.1955000;-11.11543472
1.1956667;-9.666759544
1.1958333;-8.167097172
1.1960000;-6.624580769
1.1961667;-5.047588565
1.1963333;-3.444500397
1.1965000;-1.823622036
1.1966667;-0.193229274
1.1968333;1.438278803
1.1970000;3.062167938
1.1971667;4.670468847
1.1973333;6.254991479
1.1975000;7.808337193
1.1976667;9.32289593
1.1978333;10.79063695
1.1980000;12.20579911
1.1981667;13.56196791
1.1983333;14.77020883
1.1985000;15.84618912
1.1986667;16.82930303
1.1988333;17.72596959
1.1990000;18.53969122
1.1991667;19.2696677
1.1993333;19.91520845
1.1995000;20.47585438
1.1996667;20.95098977
1.1998333;21.34093316
1.2000000;21.64549151
1.2001667;21.86591297
1.2003333;22.00248652
1.2005000;22.05619887
1.2006667;22.02919461
1.2008333;21.92186564
1.2010000;21.7371145
1.2011667;21.47628706
1.2013333;21.1415664
1.2015000;20.6524406
1.2016667;20.08765592
1.2018333;19.46876906
1.2020000;18.80164363
1.2021667;18.08435536
1.2023333;17.31688702
1.2025000;16.49866501
1.2026667;15.63073109
1.2028333;14.71482042
1.2030000;13.75368444
1.2031667;12.74899516
1.2033333;11.70400179
1.2035000;10.62253586
1.2036667;9.507541956
1.2038333;8.362569587
1.2040000;7.190536316
1.2041667;5.99520762
1.2043333;4.780114446
1.2045000;3.549002407
1.2046667;2.305626687
1.2048333;1.053651439
1.2050000;-0.203068977
1.2051667;-1.460694623
1.2053333;-2.715388997
1.2055000;-3.962874347
1.2056667;-5.1998052
1.2058333;-6.422401017
1.2060000;-7.6270417
1.2061667;-8.809711084
1.2063333;-9.965839734
1.2065000;-11.09217789
1.2066667;-12.18531747
1.2068333;-13.2410582
1.2070000;-14.25652083
1.2071667;-15.22748257
1.2073333;-16.15034013
1.2075000;-17.02247814
1.2076667;-17.83854741
1.2078333;-18.59731545
1.2080000;-19.29466689
1.2081667;-19.92786535
1.2083333;-20.4932135
1.2085000;-20.98884788
1.2086667;-21.41105128
1.2088333;-21.75784462
1.2090000;-22.02649935
1.2091667;-22.21430111
1.2093333;-22.31999259
1.2095000;-22.34123266
1.2096667;-22.27690748
1.2098333;-22.12558685
1.2100000;-21.88621764
1.2101667;-21.55874607
1.2103333;-21.14297416
1.2105000;-20.64140046
1.2106667;-20.05672163
1.2108333;-19.4019321
1.2110000;-18.70764889
1.2111667;-17.85980283
1.2113333;-16.87182547
1.2115000;-15.76644872
1.2116667;-14.56246085
1.2118333;-13.27302022
1.2120000;-11.91031408
1.2121667;-10.48391236
1.2123333;-9.002910553
1.2125000;-7.475036162
1.2126667;-5.908481225
1.2128333;-4.311666147
1.2130000;-2.692948611
1.2131667;-1.060593616
1.2133333;-0.191848196
1.2135000;1.43996042
1.2136667;3.063010623
1.2138333;4.670733745
1.2140000;6.254936219
1.2141667;7.807982179
1.2143333;9.322264147
1.2145000;10.78928044
1.2146667;12.20367447
1.2148333;13.56070966
1.2150000;14.77152626
1.2151667;15.84796204
1.2153333;16.83020938
1.2155000;17.72675785
1.2156667;18.54089914
1.2158333;19.27026689
1.2160000;19.9159454
1.2161667;20.47621306
1.2163333;20.95094649
1.2165000;21.33940441
1.2166667;21.64373519
1.2168333;21.86412678
1.2170000;22.00149298
1.2171667;22.05911984
1.2173333;22.03226452
1.2175000;21.92361113
1.2176667;21.73777892
1.2178333;21.47634268
1.2180000;21.14103802
1.2181667;20.7323139
1.2183333;20.2568864
1.2185000;19.71124481
1.2186667;19.10359503
1.2188333;18.32365073
1.2190000;17.4808274
1.2191667;16.58221908
1.2193333;15.62478394
1.2195000;14.66232357
1.2196667;13.82532597
1.2198333;12.79616905
1.2200000;11.71695472
1.2201667;10.63873971
1.2203333;9.5015466
1.2205000;8.326552855
1.2206667;7.177735196
1.2208333;5.91378089
1.2210000;4.715345841
1.2211667;3.646180545
1.2213333;2.331139711
1.2215000;0.717086977
1.2216667;-0.13439097
1.2218333;-1.401319817
1.2220000;-2.441834097
1.2221667;-3.56426523
1.2223333;-4.731044705
1.2225000;-5.904286179
1.2226667;-7.089492728
1.2228333;-8.283135746
1.2230000;-9.459984744
1.2231667;-10.60823492
1.2233333;-11.72909502
1.2235000;-12.89965371
1.2236667;-14.02207675
1.2238333;-15.09235518
1.2240000;-16.09366598
1.2241667;-16.98539697
1.2243333;-17.81630827
1.2245000;-18.61448545
1.2246667;-19.35878875
1.2248333;-19.90121811
1.2250000;-20.44150411
1.2251667;-20.92344105
1.2253333;-21.35070027
1.2255000;-21.66499255
1.2256667;-21.93555181
1.2258333;-22.15344509
1.2260000;-22.29815735
1.2261667;-22.35573037
1.2263333;-22.32367557
1.2265000;-22.20863472
1.2266667;-22.00801842
1.2268333;-21.72011868
1.2270000;-21.33687247
1.2271667;-20.87225521
1.2273333;-20.32437486
1.2275000;-19.61535276
1.2276667;-18.85695115
1.2278333;-17.95875443
1.2280000;-16.93523534
1.2281667;-15.80623415
1.2283333;-14.58784398
1.2285000;-13.28885596
1.2286667;-11.91985766
1.2288333;-10.48988568
1.2290000;-9.006377661
1.2291667;-7.476842403
1.2293333;-5.911777283
1.2295000;-4.318810223
1.2296667;-2.703694994
1.2298333;-1.069919047
1.2300000;0.558216275
1.2301667;2.216501817
1.2303333;3.842215401
1.2305000;5.401128283
1.2306667;6.958632565
1.2308333;8.596121603
1.2310000;10.02485434
1.2311667;11.46980176
1.2313333;12.89705835
1.2315000;14.19179262
1.2316667;15.45768824
1.2318333;16.43726192
1.2320000;17.3118847
1.2321667;18.17383092
1.2323333;18.93872236
1.2325000;19.61682046
1.2326667;20.28059078
1.2328333;20.77465349
1.2330000;21.14631671
1.2331667;21.47257696
1.2333333;21.7375737
1.2335000;21.92370491
1.2336667;21.99283472
1.2338333;22.09208997
1.2340000;22.05256258
1.2341667;21.91408889
1.2343333;21.71741625
1.2345000;21.48120215
1.2346667;21.15961816
1.2348333;20.74830206
1.2350000;20.26736816
1.2351667;19.71923154
1.2353333;19.11164768
1.2355000;18.44072279
1.2356667;17.7112248
1.2358333;16.92368691
1.2360000;16.0803496
1.2361667;15.18537313
1.2363333;14.24951289
1.2365000;13.26242763
1.2366667;12.2335138
1.2368333;11.16450573
1.2370000;10.05922561
1.2371667;8.924184449
1.2373333;7.762706997
1.2375000;6.577450752
1.2376667;5.371555084
1.2378333;4.14674454
1.2380000;2.908773164
1.2381667;1.661779381
1.2383333;0.401795218
1.2385000;-0.863581422
1.2386667;-2.12710829
1.2388333;-3.386319328
1.2390000;-4.630172044
1.2391667;-5.864208872
1.2393333;-7.071121826
1.2395000;-8.264009506
1.2396667;-9.436286266
1.2398333;-10.58124417
1.2400000;-11.69376231
1.2401667;-12.77077641
1.2403333;-13.80821621
1.2405000;-14.80258598
1.2406667;-15.7525342
1.2408333;-16.64934145
1.2410000;-17.49184459
1.2411667;-18.27693722
1.2413333;-19.0008972
1.2415000;-19.65909143
1.2416667;-20.25562669
1.2418333;-20.78421868
1.2420000;-21.24091475
1.2421667;-21.62263203
1.2423333;-21.92653723
1.2425000;-22.15041551
1.2426667;-22.29337717
1.2428333;-22.35150465
1.2430000;-22.32091332
1.2431667;-22.20699534
1.2433333;-22.00593266
1.2435000;-21.71677422
1.2436667;-21.33894034
1.2438333;-20.87487496
1.2440000;-20.32721943
1.2441667;-19.70517564
1.2443333;-19.03773042
1.2445000;-18.22849958
1.2446667;-17.28582858
1.2448333;-16.22838854
1.2450000;-15.07194629
1.2451667;-13.82689965
1.2453333;-12.50502916
1.2455000;-11.11580006
1.2456667;-9.667463408
1.2458333;-8.167835626
1.2460000;-6.625424545
1.2461667;-5.047614245
1.2463333;-3.444055935
1.2465000;-1.823641767
1.2466667;-0.19362734
1.2468333;1.436475347
1.2470000;3.060675308
1.2471667;4.668831015
1.2473333;6.253662616
1.2475000;7.808627302
1.2476667;9.323633357
1.2478333;10.79186398
1.2480000;12.20653986
1.2481667;13.56283968
1.2483333;14.77054462
1.2485000;15.84487609
1.2486667;16.82928078
1.2488333;17.72599101
1.2490000;18.53839513
1.2491667;19.27053016
1.2493333;19.91601793
1.2495000;20.47707607
1.2496667;20.95122202
1.2498333;21.34305071
1.2500000;21.64713166
1.2501667;21.86660735
1.2503333;22.00244611
1.2505000;22.05662047
1.2506667;22.02946842
1.2508333;21.9220302
1.2510000;21.73722442
1.2511667;21.47635908
1.2513333;21.14161353
1.2515000;20.73461967
1.2516667;20.25896849
1.2518333;19.71537794
1.2520000;19.10746173
1.2521667;18.43677373
1.2523333;17.7067151
1.2525000;16.91973623
1.2526667;16.07872849
1.2528333;15.1865141
1.2530000;14.24657838
1.2531667;13.26093044
1.2533333;12.23305593
1.2535000;11.16669835
1.2536667;10.06489601
1.2538333;8.931336212
1.2540000;7.768928232
1.2541667;6.581384257
1.2543333;5.372286451
1.2545000;4.14531317
1.2546667;2.904202731
1.2548333;1.652711833
1.2550000;0.394693416
1.2551667;-0.866062825
1.2553333;-2.125617692
1.2555000;-3.379880008
1.2556667;-4.625222657
1.2558333;-5.857968526
1.2560000;-7.074379497
1.2561667;-8.270388374
1.2563333;-9.441614176
1.2565000;-10.58460396
1.2566667;-11.6959662
1.2568333;-12.77140944
1.2570000;-13.80795412
1.2571667;-14.80139129
1.2573333;-15.74816678
1.2575000;-16.64542871
1.2576667;-17.48804915
1.2578333;-18.27450208
1.2580000;-19.00072168
1.2581667;-19.66386994
1.2583333;-20.26026865
1.2585000;-20.78787561
1.2586667;-21.24304485
1.2588333;-21.62362389
1.2590000;-21.92690017
1.2591667;-22.150123
1.2593333;-22.29185118
1.2595000;-22.34971438
1.2596667;-22.3224597
1.2598333;-22.20857719
1.2600000;-22.00688411
1.2601667;-21.71716279
1.2603333;-21.33906757
1.2605000;-20.87459636
1.2606667;-20.32601473
1.2608333;-19.70412607
1.2610000;-19.03823819
1.2611667;-18.22900207
1.2613333;-17.28604246
1.2615000;-16.22833943
1.2616667;-15.07162829
1.2618333;-13.82688743
1.2620000;-12.50506359
1.2621667;-11.11543472
1.2623333;-9.666759544
1.2625000;-8.167097172
1.2626667;-6.624580769
1.2628333;-5.047588565
1.2630000;-3.444500397
1.2631667;-1.823622036
1.2633333;-0.193229274
1.2635000;1.438278803
1.2636667;3.062167938
1.2638333;4.670468847
1.2640000;6.254991479
1.2641667;7.808337193
1.2643333;9.32289593
1.2645000;10.79063695
1.2646667;12.20579911
1.2648333;13.56196791
1.2650000;14.77020883
1.2651667;15.84618912
1.2653333;16.82930303
1.2655000;17.72596959
1.2656667;18.53969122
1.2658333;19.2696677
1.2660000;19.91520845
1.2661667;20.47585438
1.2663333;20.95098977
1.2665000;21.34093316
1.2666667;21.64549151
1.2668333;21.86591297
1.2670000;22.00248652
1.2671667;22.05619887
1.2673333;22.02919461
1.2675000;21.92186564
1.2676667;21.7371145
1.2678333;21.47628706
1.2680000;21.1415664
1.2681667;20.6524406
1.2683333;20.08765592
1.2685000;19.46876906
1.2686667;18.80164363
1.2688333;18.08435536
1.2690000;17.31688702
1.2691667;16.49866501
1.2693333;15.63073109
1.2695000;14.71482042
1.2696667;13.75368444
1.2698333;12.74899516
1.2700000;11.70400179
1.2701667;10.62253586
1.2703333;9.507541956
1.2705000;8.362569587
1.2706667;7.190536316
1.2708333;5.99520762
1.2710000;4.780114446
1.2711667;3.549002407
1.2713333;2.305626687
1.2715000;1.053651439
1.2716667;-0.203068977
1.2718333;-1.460694623
1.2720000;-2.715388997
1.2721667;-3.962874347
1.2723333;-5.1998052
1.2725000;-6.422401017
1.2726667;-7.6270417
1.2728333;-8.809711084
1.2730000;-9.965839734
1.2731667;-11.09217789
1.2733333;-12.18531747
1.2735000;-13.2410582
1.2736667;-14.25652083
1.2738333;-15.22748257
1.2740000;-16.15034013
1.2741667;-17.02247814
1.2743333;-17.83854741
1.2745000;-18.59731545
1.2746667;-19.29466689
1.2748333;-19.92786535
1.2750000;-20.4932135
1.2751667;-20.98884788
1.2753333;-21.41105128
1.2755000;-21.75784462
1.2756667;-22.02649935
1.2758333;-22.21430111
1.2760000;-22.31999259
1.2761667;-22.34123266
1.2763333;-22.27690748
1.2765000;-22.12558685
1.2766667;-21.88621764
1.2768333;-21.55874607
1.2770000;-21.14297416
1.2771667;-20.64140046
1.2773333;-20.05672163
1.2775000;-19.4019321
1.2776667;-18.70764889
1.2778333;-17.85980283
1.2780000;-16.87182547
1.2781667;-15.76644872
1.2783333;-14.56246085
1.2785000;-13.27302022
1.2786667;-11.91031408
1.2788333;-10.48391236
1.2790000;-9.002910553
1.2791667;-7.475036162
1.2793333;-5.908481225
1.2795000;-4.311666147
1.2796667;-2.692948611
1.2798333;-1.060593616
1.2800000;-0.191848196
1.2801667;1.43996042
1.2803333;3.063010623
1.2805000;4.670733745
1.2806667;6.254936219
1.2808333;7.807982179
1.2810000;9.322264147
1.2811667;10.78928044
1.2813333;12.20367447
1.2815000;13.56070966
1.2816667;14.77152626
1.2818333;15.84796204
1.2820000;16.83020938
1.2821667;17.72675785
1.2823333;18.54089914
1.2825000;19.27026689
1.2826667;19.9159454
1.2828333;20.47621306
1.2830000;20.95094649
1.2831667;21.33940441
1.2833333;21.64373519
1.2835000;21.86412678
1.2836667;22.00149298
1.2838333;22.05911984
1.2840000;22.03226452
1.2841667;21.92361113
1.2843333;21.73777892
1.2845000;21.47634268
1.2846667;21.14103802
1.2848333;20.7323139
1.2850000;20.2568864
1.2851667;19.71124481
1.2853333;19.10359503
1.2855000;18.32365073
1.2856667;17.4808274
1.2858333;16.58221908
1.2860000;15.62478394
1.2861667;14.66232357
1.2863333;13.82532597
1.2865000;12.79616905
1.2866667;11.71695472
1.2868333;10.63873971
1.2870000;9.5015466
1.2871667;8.326552855
1.2873333;7.177735196
1.2875000;5.91378089
1.2876667;4.715345841
1.2878333;3.646180545
1.2880000;2.331139711
1.2881667;0.717086977
1.2883333;-0.13439097
1.2885000;-1.401319817
1.2886667;-2.441834097
1.2888333;-3.56426523
1.2890000;-4.731044705
1.2891667;-5.904286179
1.2893333;-7.089492728
1.2895000;-8.283135746
1.2896667;-9.459984744
1.2898333;-10.60823492
1.2900000;-11.72909502
1.2901667;-12.89965371
1.2903333;-14.02207675
1.2905000;-15.09235518
1.2906667;-16.09366598
1.2908333;-16.98539697
1.2910000;-17.81630827
1.2911667;-18.61448545
1.2913333;-19.35878875
1.2915000;-19.90121811
1.2916667;-20.44150411
1.2918333;-20.92344105
1.2920000;-21.35070027
1.2921667;-21.66499255
1.2923333;-21.93555181
1.2925000;-22.15344509
1.2926667;-22.29815735
1.2928333;-22.35573037
1.2930000;-22.32367557
1.2931667;-22.20863472
1.2933333;-22.00801842
1.2935000;-21.72011868
1.2936667;-21.33687247
1.2938333;-20.87225521
1.2940000;-20.32437486
1.2941667;-19.61535276
1.2943333;-18.85695115
1.2945000;-17.95875443
1.2946667;-16.93523534
1.2948333;-15.80623415
1.2950000;-14.58784398
1.2951667;-13.28885596
1.2953333;-11.91985766
1.2955000;-10.48988568
1.2956667;-9.006377661
1.2958333;-7.476842403
1.2960000;-5.911777283
1.2961667;-4.318810223
1.2963333;-2.703694994
1.2965000;-1.069919047
1.2966667;0.558216275
1.2968333;2.216501817
1.2970000;3.842215401
1.2971667;5.401128283
1.2973333;6.958632565
1.2975000;8.596121603
1.2976667;10.02485434
1.2978333;11.46980176
1.2980000;12.89705835
1.2981667;14.19179262
1.2983333;15.45768824
1.2985000;16.43726192
1.2986667;17.3118847
1.2988333;18.17383092
1.2990000;18.93872236
1.2991667;19.61682046
1.2993333;20.28059078
1.2995000;20.77465349
1.2996667;21.14631671
1.2998333;21.47257696
1.3000000;21.7375737
1.3001667;21.92370491
1.3003333;21.99283472
1.3005000;22.09208997
1.3006667;22.05256258
1.3008333;21.91408889
1.3010000;21.71741625
1.3011667;21.48120215
1.3013333;21.15961816
1.3015000;20.74830206
1.3016667;20.26736816
1.3018333;19.71923154
1.3020000;19.11164768
1.3021667;18.44072279
1.3023333;17.7112248
1.3025000;16.92368691
1.3026667;16.0803496
1.3028333;15.18537313
1.3030000;14.24951289
1.3031667;13.26242763
1.3033333;12.2335138
1.3035000;11.16450573
1.3036667;10.05922561
1.3038333;8.924184449
1.3040000;7.762706997
1.3041667;6.577450752
1.3043333;5.371555084
1.3045000;4.14674454
1.3046667;2.908773164
1.3048333;1.661779381
1.3050000;0.401795218
1.3051667;-0.863581422
1.3053333;-2.12710829
1.3055000;-3.386319328
1.3056667;-4.630172044
1.3058333;-5.864208872
1.3060000;-7.071121826
1.3061667;-8.264009506
1.3063333;-9.436286266
1.3065000;-10.58124417
1.3066667;-11.69376231
1.3068333;-12.77077641
1.3070000;-13.80821621
1.3071667;-14.80258598
1.3073333;-15.7525342
1.3075000;-16.64934145
1.3076667;-17.49184459
1.3078333;-18.27693722
1.3080000;-19.0008972
1.3081667;-19.65909143
1.3083333;-20.25562669
1.3085000;-20.78421868
1.3086667;-21.24091475
1.3088333;-21.62263203
1.3090000;-21.92653723
1.3091667;-22.15041551
1.3093333;-22.29337717
1.3095000;-22.35150465
1.3096667;-22.32091332
1.3098333;-22.20699534
1.3100000;-22.00593266
1.3101667;-21.71677422
1.3103333;-21.33894034
1.3105000;-20.87487496
1.3106667;-20.32721943
1.3108333;-19.70517564
1.3110000;-19.03773042
1.3111667;-18.22849958
1.3113333;-17.28582858
1.3115000;-16.22838854
1.3116667;-15.07194629
1.3118333;-13.82689965
1.3120000;-12.50502916
1.3121667;-11.11580006
1.3123333;-9.667463408
1.3125000;-8.167835626
1.3126667;-6.625424545
1.3128333;-5.047614245
1.3130000;-3.444055935
1.3131667;-1.823641767
1.3133333;-0.19362734
1.3135000;1.436475347
1.3136667;3.060675308
1.3138333;4.668831015
1.3140000;6.253662616
1.3141667;7.808627302
1.3143333;9.323633357
1.3145000;10.79186398
1.3146667;12.20653986
1.3148333;13.56283968
1.3150000;14.77054462
1.3151667;15.84487609
1.3153333;16.82928078
1.3155000;17.72599101
1.3156667;18.53839513
1.3158333;19.27053016
1.3160000;19.91601793
1.3161667;20.47707607
1.3163333;20.95122202
1.3165000;21.34305071
1.3166667;21.64713166
1.3168333;21.86660735
1.3170000;22.00244611
1.3171667;22.05662047
1.3173333;22.02946842
1.3175000;21.9220302
1.3176667;21.73722442
1.3178333;21.47635908
1.3180000;21.14161353
1.3181667;20.73461967
1.3183333;20.25896849
1.3185000;19.71537794
1.3186667;19.10746173
1.3188333;18.43677373
1.3190000;17.7067151
1.3191667;16.91973623
1.3193333;16.07872849
1.3195000;15.1865141
1.3196667;14.24657838
1.3198333;13.26093044
1.3200000;12.23305593
1.3201667;11.16669835
1.3203333;10.06489601
1.3205000;8.931336212
1.3206667;7.768928232
1.3208333;6.581384257
1.3210000;5.372286451
1.3211667;4.14531317
1.3213333;2.904202731
1.3215000;1.652711833
1.3216667;0.394693416
1.3218333;-0.866062825
1.3220000;-2.125617692
1.3221667;-3.379880008
1.3223333;-4.625222657
1.3225000;-5.857968526
1.3226667;-7.074379497
1.3228333;-8.270388374
1.3230000;-9.441614176
1.3231667;-10.58460396
1.3233333;-11.6959662
1.3235000;-12.77140944
1.3236667;-13.80795412
1.3238333;-14.80139129
1.3240000;-15.74816678
1.3241667;-16.64542871
1.3243333;-17.48804915
1.3245000;-18.27450208
1.3246667;-19.00072168
1.3248333;-19.66386994
1.3250000;-20.26026865
1.3251667;-20.78787561
1.3253333;-21.24304485
1.3255000;-21.62362389
1.3256667;-21.92690017
1.3258333;-22.150123
1.3260000;-22.29185118
1.3261667;-22.34971438
1.3263333;-22.3224597
1.3265000;-22.20857719
1.3266667;-22.00688411
1.3268333;-21.71716279
1.3270000;-21.33906757
1.3271667;-20.87459636
1.3273333;-20.32601473
1.3275000;-19.70412607
1.3276667;-19.03823819
1.3278333;-18.22900207
1.3280000;-17.28604246
1.3281667;-16.22833943
1.3283333;-15.07162829
1.3285000;-13.82688743
1.3286667;-12.50506359
1.3288333;-11.11543472
1.3290000;-9.666759544
1.3291667;-8.167097172
1.3293333;-6.624580769
1.3295000;-5.047588565
1.3296667;-3.444500397
1.3298333;-1.823622036
1.3300000;-0.193229274
1.3301667;1.438278803
1.3303333;3.062167938
1.3305000;4.670468847
1.3306667;6.254991479
1.3308333;7.808337193
1.3310000;9.32289593
1.3311667;10.79063695
1.3313333;12.20579911
1.3315000;13.56196791
1.3316667;14.77020883
1.3318333;15.84618912
1.3320000;16.82930303
1.3321667;17.72596959
1.3323333;18.53969122
1.3325000;19.2696677
1.3326667;19.91520845
1.3328333;20.47585438
1.3330000;20.95098977
1.3331667;21.34093316
1.3333333;21.64549151
1.3335000;21.86591297
1.3336667;22.00248652
1.3338333;22.05619887
1.3340000;22.02919461
1.3341667;21.92186564
1.3343333;21.7371145
1.3345000;21.47628706
1.3346667;21.1415664
1.3348333;20.6524406
1.3350000;20.08765592
1.3351667;19.46876906
1.3353333;18.80164363
1.3355000;18.08435536
1.3356667;17.31688702
1.3358333;16.49866501
1.3360000;15.63073109
1.3361667;14.71482042
1.3363333;13.75368444
1.3365000;12.74899516
1.3366667;11.70400179
1.3368333;10.62253586
1.3370000;9.507541956
1.3371667;8.362569587
1.3373333;7.190536316
1.3375000;5.99520762
1.3376667;4.780114446
1.3378333;3.549002407
1.3380000;2.305626687
1.3381667;1.053651439
1.3383333;-0.203068977
1.3385000;-1.460694623
1.3386667;-2.715388997
1.3388333;-3.962874347
1.3390000;-5.1998052
1.3391667;-6.422401017
1.3393333;-7.6270417
1.3395000;-8.809711084
1.3396667;-9.965839734
1.3398333;-11.09217789
1.3400000;-12.18531747
1.3401667;-13.2410582
1.3403333;-14.25652083
1.3405000;-15.22748257
1.3406667;-16.15034013
1.3408333;-17.02247814
1.3410000;-17.83854741
1.3411667;-18.59731545
1.3413333;-19.29466689
1.3415000;-19.92786535
1.3416667;-20.4932135
1.3418333;-20.98884788
1.3420000;-21.41105128
1.3421667;-21.75784462
1.3423333;-22.02649935
1.3425000;-22.21430111
1.3426667;-22.31999259
1.3428333;-22.34123266
1.3430000;-22.27690748
1.3431667;-22.12558685
1.3433333;-21.88621764
1.3435000;-21.55874607
1.3436667;-21.14297416
1.3438333;-20.64140046
1.3440000;-20.05672163
1.3441667;-19.4019321
1.3443333;-18.70764889
1.3445000;-17.85980283
1.3446667;-16.87182547
1.3448333;-15.76644872
1.3450000;-14.56246085
1.3451667;-13.27302022
1.3453333;-11.91031408
1.3455000;-10.48391236
1.3456667;-9.002910553
1.3458333;-7.475036162
1.3460000;-5.908481225
1.3461667;-4.311666147
1.3463333;-2.692948611
1.3465000;-1.060593616
1.3466667;-0.191848196
1.3468333;1.43996042
1.3470000;3.063010623
1.3471667;4.670733745
1.3473333;6.254936219
1.3475000;7.807982179
1.3476667;9.322264147
1.3478333;10.78928044
1.3480000;12.20367447
1.3481667;13.56070966
1.3483333;14.77152626
1.3485000;15.84796204
1.3486667;16.83020938
1.3488333;17.72675785
1.3490000;18.54089914
1.3491667;19.27026689
1.3493333;19.9159454
1.3495000;20.47621306
1.3496667;20.95094649
1.3498333;21.33940441
1.3500000;21.64373519
1.3501667;21.86412678
1.3503333;22.00149298
1.3505000;22.05911984
1.3506667;22.03226452
1.3508333;21.92361113
1.3510000;21.73777892
1.3511667;21.47634268
1.3513333;21.14103802
1.3515000;20.7323139
1.3516667;20.2568864
1.3518333;19.71124481
1.3520000;19.10359503
1.3521667;18.32365073
1.3523333;17.4808274
1.3525000;16.58221908
1.3526667;15.62478394
1.3528333;14.66232357
1.3530000;13.82532597
1.3531667;12.79616905
1.3533333;11.71695472
1.3535000;10.63873971
1.3536667;9.5015466
1.3538333;8.326552855
1.3540000;7.177735196
1.3541667;5.91378089
1.3543333;4.715345841
1.3545000;3.646180545
1.3546667;2.331139711
1.3548333;0.717086977
1.3550000;-0.13439097
1.3551667;-1.401319817
1.3553333;-2.441834097
1.3555000;-3.56426523
1.3556667;-4.731044705
1.3558333;-5.904286179
1.3560000;-7.089492728
1.3561667;-8.283135746
1.3563333;-9.459984744
1.3565000;-10.60823492
1.3566667;-11.72909502
1.3568333;-12.89965371
1.3570000;-14.02207675
1.3571667;-15.09235518
1.3573333;-16.09366598
1.3575000;-16.98539697
1.3576667;-17.81630827
1.3578333;-18.61448545
1.3580000;-19.35878875
1.3581667;-19.90121811
1.3583333;-20.44150411
1.3585000;-20.92344105
1.3586667;-21.35070027
1.3588333;-21.66499255
1.3590000;-21.93555181
1.3591667;-22.15344509
1.3593333;-22.29815735
1.3595000;-22.35573037
1.3596667;-22.32367557
1.3598333;-22.20863472
1.3600000;-22.00801842
1.3601667;-21.72011868
1.3603333;-21.33687247
1.3605000;-20.87225521
1.3606667;-20.32437486
1.3608333;-19.61535276
1.3610000;-18.85695115
1.3611667;-17.95875443
1.3613333;-16.93523534
1.3615000;-15.80623415
1.3616667;-14.58784398
1.3618333;-13.28885596
1.3620000;-11.91985766
1.3621667;-10.48988568
1.3623333;-9.006377661
1.3625000;-7.476842403
1.3626667;-5.911777283
1.3628333;-4.318810223
1.3630000;-2.703694994
1.3631667;-1.069919047
1.3633333;0.558216275
1.3635000;2.216501817
1.3636667;3.842215401
1.3638333;5.401128283
1.3640000;6.958632565
1.3641667;8.596121603
1.3643333;10.02485434
1.3645000;11.46980176
1.3646667;12.89705835
1.3648333;14.19179262
1.3650000;15.45768824
1.3651667;16.43726192
1.3653333;17.3118847
1.3655000;18.17383092
1.3656667;18.93872236
1.3658333;19.61682046
1.3660000;20.28059078
1.3661667;20.77465349
1.3663333;21.14631671
1.3665000;21.47257696
1.3666667;21.7375737
1.3668333;21.92370491
1.3670000;21.99283472
1.3671667;22.09208997
1.3673333;22.05256258
1.3675000;21.91408889
1.3676667;21.71741625
1.3678333;21.48120215
1.3680000;21.15961816
1.3681667;20.74830206
1.3683333;20.26736816
1.3685000;19.71923154
1.3686667;19.11164768
1.3688333;18.44072279
1.3690000;17.7112248
1.3691667;16.92368691
1.3693333;16.0803496
1.3695000;15.18537313
1.3696667;14.24951289
1.3698333;13.26242763
1.3700000;12.2335138
1.3701667;11.16450573
1.3703333;10.05922561
1.3705000;8.924184449
1.3706667;7.762706997
1.3708333;6.577450752
1.3710000;5.371555084
1.3711667;4.14674454
1.3713333;2.908773164
1.3715000;1.661779381
1.3716667;0.401795218
1.3718333;-0.863581422
1.3720000;-2.12710829
1.3721667;-3.386319328
1.3723333;-4.630172044
1.3725000;-5.864208872
1.3726667;-7.071121826
1.3728333;-8.264009506
1.3730000;-9.436286266
1.3731667;-10.58124417
1.3733333;-11.69376231
1.3735000;-12.77077641
1.3736667;-13.80821621
1.3738333;-14.80258598
1.3740000;-15.7525342
1.3741667;-16.64934145
1.3743333;-17.49184459
1.3745000;-18.27693722
1.3746667;-19.0008972
1.3748333;-19.65909143
1.3750000;-20.25562669
1.3751667;-20.78421868
1.3753333;-21.24091475
1.3755000;-21.62263203
1.3756667;-21.92653723
1.3758333;-22.15041551
1.3760000;-22.29337717
1.3761667;-22.35150465
1.3763333;-22.32091332
1.3765000;-22.20699534
1.3766667;-22.00593266
1.3768333;-21.71677422
1.3770000;-21.33894034
1.3771667;-20.87487496
1.3773333;-20.32721943
1.3775000;-19.70517564
1.3776667;-19.03773042
1.3778333;-18.22849958
1.3780000;-17.28582858
1.3781667;-16.22838854
1.3783333;-15.07194629
1.3785000;-13.82689965
1.3786667;-12.50502916
1.3788333;-11.11580006
1.3790000;-9.667463408
1.3791667;-8.167835626
1.3793333;-6.625424545
1.3795000;-5.047614245
1.3796667;-3.444055935
1.3798333;-1.823641767
1.3800000;-0.19362734
1.3801667;1.436475347
1.3803333;3.060675308
1.3805000;4.668831015
1.3806667;6.253662616
1.3808333;7.808627302
1.3810000;9.323633357
1.3811667;10.79186398
1.3813333;12.20653986
1.3815000;13.56283968
1.3816667;14.77054462
1.3818333;15.84487609
1.3820000;16.82928078
1.3821667;17.72599101
1.3823333;18.53839513
1.3825000;19.27053016
1.3826667;19.91601793
1.3828333;20.47707607
1.3830000;20.95122202
1.3831667;21.34305071
1.3833333;21.64713166
1.3835000;21.86660735
1.3836667;22.00244611
1.3838333;22.05662047
1.3840000;22.02946842
1.3841667;21.9220302
1.3843333;21.73722442
1.3845000;21.47635908
1.3846667;21.14161353
1.3848333;20.73461967
1.3850000;20.25896849
1.3851667;19.71537794
1.3853333;19.10746173
1.3855000;18.43677373
1.3856667;17.7067151
1.3858333;16.91973623
1.3860000;16.07872849
1.3861667;15.1865141
1.3863333;14.24657838
1.3865000;13.26093044
1.3866667;12.23305593
1.3868333;11.16669835
1.3870000;10.06489601
1.3871667;8.931336212
1.3873333;7.768928232
1.3875000;6.581384257
1.3876667;5.372286451
1.3878333;4.14531317
1.3880000;2.904202731
1.3881667;1.652711833
1.3883333;0.394693416
1.3885000;-0.866062825
1.3886667;-2.125617692
1.3888333;-3.379880008
1.3890000;-4.625222657
1.3891667;-5.857968526
1.3893333;-7.074379497
1.3895000;-8.270388374
1.3896667;-9.441614176
1.3898333;-10.58460396
1.3900000;-11.6959662
1.3901667;-12.77140944
1.3903333;-13.80795412
1.3905000;-14.80139129
1.3906667;-15.74816678
1.3908333;-16.64542871
1.3910000;-17.48804915
1.3911667;-18.27450208
1.3913333;-19.00072168
1.3915000;-19.66386994
1.3916667;-20.26026865
1.3918333;-20.78787561
1.3920000;-21.24304485
1.3921667;-21.62362389
1.3923333;-21.92690017
1.3925000;-22.150123
1.3926667;-22.29185118
1.3928333;-22.34971438
1.3930000;-22.3224597
1.3931667;-22.20857719
1.3933333;-22.00688411
1.3935000;-21.71716279
1.3936667;-21.33906757
1.3938333;-20.87459636
1.3940000;-20.32601473
1.3941667;-19.70412607
1.3943333;-19.03823819
1.3945000;-18.22900207
1.3946667;-17.28604246
1.3948333;-16.22833943
1.3950000;-15.07162829
1.3951667;-13.82688743
1.3953333;-12.50506359
1.3955000;-11.11543472
1.3956667;-9.666759544
1.3958333;-8.167097172
1.3960000;-6.624580769
1.3961667;-5.047588565
1.3963333;-3.444500397
1.3965000;-1.823622036
1.3966667;-0.193229274
1.3968333;1.438278803
1.3970000;3.062167938
1.3971667;4.670468847
1.3973333;6.254991479
1.3975000;7.808337193
1.3976667;9.32289593
1.3978333;10.79063695
1.3980000;12.20579911
1.3981667;13.56196791
1.3983333;14.77020883
1.3985000;15.84618912
1.3986667;16.82930303
1.3988333;17.72596959
1.3990000;18.53969122
1.3991667;19.2696677
1.3993333;19.91520845
1.3995000;20.47585438
1.3996667;20.95098977
1.3998333;21.34093316
1.4000000;21.64549151
1.4001667;21.86591297
1.4003333;22.00248652
1.4005000;22.05619887
1.4006667;22.02919461
1.4008333;21.92186564
1.4010000;21.7371145
1.4011667;21.47628706
1.4013333;21.1415664
1.4015000;20.6524406
1.4016667;20.08765592
1.4018333;19.46876906
1.4020000;18.80164363
1.4021667;18.08435536
1.4023333;17.31688702
1.4025000;16.49866501
1.4026667;15.63073109
1.4028333;14.71482042
1.4030000;13.75368444
1.4031667;12.74899516
1.4033333;11.70400179
1.4035000;10.62253586
1.4036667;9.507541956
1.4038333;8.362569587
1.4040000;7.190536316
1.4041667;5.99520762
1.4043333;4.780114446
1.4045000;3.549002407
1.4046667;2.305626687
1.4048333;1.053651439
1.4050000;-0.203068977
1.4051667;-1.460694623
1.4053333;-2.715388997
1.4055000;-3.962874347
1.4056667;-5.1998052
1.4058333;-6.422401017
1.4060000;-7.6270417
1.4061667;-8.809711084
1.4063333;-9.965839734
1.4065000;-11.09217789
1.4066667;-12.18531747
1.4068333;-13.2410582
1.4070000;-14.25652083
1.4071667;-15.22748257
1.4073333;-16.15034013
1.4075000;-17.02247814
1.4076667;-17.83854741
1.4078333;-18.59731545
1.4080000;-19.29466689
1.4081667;-19.92786535
1.4083333;-20.4932135
1.4085000;-20.98884788
1.4086667;-21.41105128
1.4088333;-21.75784462
1.4090000;-22.02649935
1.4091667;-22.21430111
1.4093333;-22.31999259
1.4095000;-22.34123266
1.4096667;-22.27690748
1.4098333;-22.12558685
1.4100000;-21.88621764
1.4101667;-21.55874607
1.4103333;-21.14297416
1.4105000;-20.64140046
1.4106667;-20.05672163
1.4108333;-19.4019321
1.4110000;-18.70764889
1.4111667;-17.85980283
1.4113333;-16.87182547
1.4115000;-15.76644872
1.4116667;-14.56246085
1.4118333;-13.27302022
1.4120000;-11.91031408
1.4121667;-10.48391236
1.4123333;-9.002910553
1.4125000;-7.475036162
1.4126667;-5.908481225
1.4128333;-4.311666147
1.4130000;-2.692948611
1.4131667;-1.060593616
1.4133333;-0.191848196
1.4135000;1.43996042
1.4136667;3.063010623
1.4138333;4.670733745
1.4140000;6.254936219
1.4141667;7.807982179
1.4143333;9.322264147
1.4145000;10.78928044
1.4146667;12.20367447
1.4148333;13.56070966
1.4150000;14.77152626
1.4151667;15.84796204
1.4153333;16.83020938
1.4155000;17.72675785
1.4156667;18.54089914
1.4158333;19.27026689
1.4160000;19.9159454
1.4161667;20.47621306
1.4163333;20.95094649
1.4165000;21.33940441
1.4166667;21.64373519
1.4168333;21.86412678
1.4170000;22.00149298
1.4171667;22.05911984
1.4173333;22.03226452
1.4175000;21.92361113
1.4176667;21.73777892
1.4178333;21.47634268
1.4180000;21.14103802
1.4181667;20.7323139
1.4183333;20.2568864
1.4185000;19.71124481
1.4186667;19.10359503
1.4188333;18.32365073
1.4190000;17.4808274
1.4191667;16.58221908
1.4193333;15.62478394
1.4195000;14.66232357
1.4196667;13.82532597
1.4198333;12.79616905
1.4200000;11.71695472
1.4201667;10.63873971
1.4203333;9.5015466
1.4205000;8.326552855
1.4206667;7.177735196
1.4208333;5.91378089
1.4210000;4.715345841
1.4211667;3.646180545
1.4213333;2.331139711
1.4215000;0.717086977
1.4216667;-0.13439097
1.4218333;-1.401319817
1.4220000;-2.441834097
1.4221667;-3.56426523
1.4223333;-4.731044705
1.4225000;-5.904286179
1.4226667;-7.089492728
1.4228333;-8.283135746
1.4230000;-9.459984744
1.4231667;-10.60823492
1.4233333;-11.72909502
1.4235000;-12.89965371
1.4236667;-14.02207675
1.4238333;-15.09235518
1.4240000;-16.09366598
1.4241667;-16.98539697
1.4243333;-17.81630827
1.4245000;-18.61448545
1.4246667;-19.35878875
1.4248333;-19.90121811
1.4250000;-20.44150411
1.4251667;-20.92344105
1.4253333;-21.35070027
1.4255000;-21.66499255
1.4256667;-21.93555181
1.4258333;-22.15344509
1.4260000;-22.29815735
1.4261667;-22.35573037
1.4263333;-22.32367557
1.4265000;-22.20863472
1.4266667;-22.00801842
1.4268333;-21.72011868
1.4270000;-21.33687247
1.4271667;-20.87225521
1.4273333;-20.32437486
1.4275000;-19.61535276
1.4276667;-18.85695115
1.4278333;-17.95875443
1.4280000;-16.93523534
1.4281667;-15.80623415
1.4283333;-14.58784398
1.4285000;-13.28885596
1.4286667;-11.91985766
1.4288333;-10.48988568
1.4290000;-9.006377661
1.4291667;-7.476842403
1.4293333;-5.911777283
1.4295000;-4.318810223
1.4296667;-2.703694994
1.4298333;-1.069919047
1.4300000;0.558216275
1.4301667;2.216501817
1.4303333;3.842215401
1.4305000;5.401128283
1.4306667;6.958632565
1.4308333;8.596121603
1.4310000;10.02485434
1.4311667;11.46980176
1.4313333;12.89705835
1.4315000;14.19179262
1.4316667;15.45768824
1.4318333;16.43726192
1.4320000;17.3118847
1.4321667;18.17383092
1.4323333;18.93872236
1.4325000;19.61682046
1.4326667;20.28059078
1.4328333;20.77465349
1.4330000;21.14631671
1.4331667;21.47257696
1.4333333;21.7375737
1.4335000;21.92370491
1.4336667;21.99283472
1.4338333;22.09208997
1.4340000;22.05256258
1.4341667;21.91408889
1.4343333;21.71741625
1.4345000;21.48120215
1.4346667;21.15961816
1.4348333;20.74830206
1.4350000;20.26736816
1.4351667;19.71923154
1.4353333;19.11164768
1.4355000;18.44072279
1.4356667;17.7112248
1.4358333;16.92368691
1.4360000;16.0803496
1.4361667;15.18537313
1.4363333;14.24951289
1.4365000;13.26242763
1.4366667;12.2335138
1.4368333;11.16450573
1.4370000;10.05922561
1.4371667;8.924184449
1.4373333;7.762706997
1.4375000;6.577450752
1.4376667;5.371555084
1.4378333;4.14674454
1.4380000;2.908773164
1.4381667;1.661779381
1.4383333;0.401795218
1.4385000;-0.863581422
1.4386667;-2.12710829
1.4388333;-3.386319328
1.4390000;-4.630172044
1.4391667;-5.864208872
1.4393333;-7.071121826
1.4395000;-8.264009506
1.4396667;-9.436286266
1.4398333;-10.58124417
1.4400000;-11.69376231
1.4401667;-12.77077641
1.4403333;-13.80821621
1.4405000;-14.80258598
1.4406667;-15.7525342
1.4408333;-16.64934145
1.4410000;-17.49184459
1.4411667;-18.27693722
1.4413333;-19.0008972
1.4415000;-19.65909143
1.4416667;-20.25562669
1.4418333;-20.78421868
1.4420000;-21.24091475
1.4421667;-21.62263203
1.4423333;-21.92653723
1.4425000;-22.15041551
1.4426667;-22.29337717
1.4428333;-22.35150465
1.4430000;-22.32091332
1.4431667;-22.20699534
1.4433333;-22.00593266
1.4435000;-21.71677422
1.4436667;-21.33894034
1.4438333;-20.87487496
1.4440000;-20.32721943
1.4441667;-19.70517564
1.4443333;-19.03773042
1.4445000;-18.22849958
1.4446667;-17.28582858
1.4448333;-16.22838854
1.4450000;-15.07194629
1.4451667;-13.82689965
1.4453333;-12.50502916
1.4455000;-11.11580006
1.4456667;-9.667463408
1.4458333;-8.167835626
1.4460000;-6.625424545
1.4461667;-5.047614245
1.4463333;-3.444055935
1.4465000;-1.823641767
1.4466667;-0.19362734
1.4468333;1.436475347
1.4470000;3.060675308
1.4471667;4.668831015
1.4473333;6.253662616
1.4475000;7.808627302
1.4476667;9.323633357
1.4478333;10.79186398
1.4480000;12.20653986
1.4481667;13.56283968
1.4483333;14.77054462
1.4485000;15.84487609
1.4486667;16.82928078
1.4488333;17.72599101
1.4490000;18.53839513
1.4491667;19.27053016
1.4493333;19.91601793
1.4495000;20.47707607
1.4496667;20.95122202
1.4498333;21.34305071
1.4500000;21.64713166
1.4501667;21.86660735
1.4503333;22.00244611
1.4505000;22.05662047
1.4506667;22.02946842
1.4508333;21.9220302
1.4510000;21.73722442
1.4511667;21.47635908
1.4513333;21.14161353
1.4515000;20.73461967
1.4516667;20.25896849
1.4518333;19.71537794
1.4520000;19.10746173
1.4521667;18.43677373
1.4523333;17.7067151
1.4525000;16.91973623
1.4526667;16.07872849
1.4528333;15.1865141
1.4530000;14.24657838
1.4531667;13.26093044
1.4533333;12.23305593
1.4535000;11.16669835
1.4536667;10.06489601
1.4538333;8.931336212
1.4540000;7.768928232
1.4541667;6.581384257
1.4543333;5.372286451
1.4545000;4.14531317
1.4546667;2.904202731
1.4548333;1.652711833
1.4550000;0.394693416
1.4551667;-0.866062825
1.4553333;-2.125617692
1.4555000;-3.379880008
1.4556667;-4.625222657
1.4558333;-5.857968526
1.4560000;-7.074379497
1.4561667;-8.270388374
1.4563333;-9.441614176
1.4565000;-10.58460396
1.4566667;-11.6959662
1.4568333;-12.77140944
1.4570000;-13.80795412
1.4571667;-14.80139129
1.4573333;-15.74816678
1.4575000;-16.64542871
1.4576667;-17.48804915
1.4578333;-18.27450208
1.4580000;-19.00072168
1.4581667;-19.66386994
1.4583333;-20.26026865
1.4585000;-20.78787561
1.4586667;-21.24304485
1.4588333;-21.62362389
1.4590000;-21.92690017
1.4591667;-22.150123
1.4593333;-22.29185118
1.4595000;-22.34971438
1.4596667;-22.3224597
1.4598333;-22.20857719
1.4600000;-22.00688411
1.4601667;-21.71716279
1.4603333;-21.33906757
1.4605000;-20.87459636
1.4606667;-20.32601473
1.4608333;-19.70412607
1.4610000;-19.03823819
1.4611667;-18.22900207
1.4613333;-17.28604246
1.4615000;-16.22833943
1.4616667;-15.07162829
1.4618333;-13.82688743
1.4620000;-12.50506359
1.4621667;-11.11543472
1.4623333;-9.666759544
1.4625000;-8.167097172
1.4626667;-6.624580769
1.4628333;-5.047588565
1.4630000;-3.444500397
1.4631667;-1.823622036
1.4633333;-0.193229274
1.4635000;1.438278803
1.4636667;3.062167938
1.4638333;4.670468847
1.4640000;6.254991479
1.4641667;7.808337193
1.4643333;9.32289593
1.4645000;10.79063695
1.4646667;12.20579911
1.4648333;13.56196791
1.4650000;14.77020883
1.4651667;15.84618912
1.4653333;16.82930303
1.4655000;17.72596959
1.4656667;18.53969122
1.4658333;19.2696677
1.4660000;19.91520845
1.4661667;20.47585438
1.4663333;20.95098977
1.4665000;21.34093316
1.4666667;21.64549151
1.4668333;21.86591297
1.4670000;22.00248652
1.4671667;22.05619887
1.4673333;22.02919461
1.4675000;21.92186564
1.4676667;21.7371145
1.4678333;21.47628706
1.4680000;21.1415664
1.4681667;20.6524406
1.4683333;20.08765592
1.4685000;19.46876906
1.4686667;18.80164363
1.4688333;18.08435536
1.4690000;17.31688702
1.4691667;16.49866501
1.4693333;15.63073109
1.4695000;14.71482042
1.4696667;13.75368444
1.4698333;12.74899516
1.4700000;11.70400179
1.4701667;10.62253586
1.4703333;9.507541956
1.4705000;8.362569587
1.4706667;7.190536316
1.4708333;5.99520762
1.4710000;4.780114446
1.4711667;3.549002407
1.4713333;2.305626687
1.4715000;1.053651439
1.4716667;-0.203068977
1.4718333;-1.460694623
1.4720000;-2.715388997
1.4721667;-3.962874347
1.4723333;-5.1998052
1.4725000;-6.422401017
1.4726667;-7.6270417
1.4728333;-8.809711084
1.4730000;-9.965839734
1.4731667;-11.09217789
1.4733333;-12.18531747
1.4735000;-13.2410582
1.4736667;-14.25652083
1.4738333;-15.22748257
1.4740000;-16.15034013
1.4741667;-17.02247814
1.4743333;-17.83854741
1.4745000;-18.59731545
1.4746667;-19.29466689
1.4748333;-19.92786535
1.4750000;-20.4932135
1.4751667;-20.98884788
1.4753333;-21.41105128
1.4755000;-21.75784462
1.4756667;-22.02649935
1.4758333;-22.21430111
1.4760000;-22.31999259
1.4761667;-22.34123266
1.4763333;-22.27690748
1.4765000;-22.12558685
1.4766667;-21.88621764
1.4768333;-21.55874607
1.4770000;-21.14297416
1.4771667;-20.64140046
1.4773333;-20.05672163
1.4775000;-19.4019321
1.4776667;-18.70764889
1.4778333;-17.85980283
1.4780000;-16.87182547
1.4781667;-15.76644872
1.4783333;-14.56246085
1.4785000;-13.27302022
1.4786667;-11.91031408
1.4788333;-10.48391236
1.4790000;-9.002910553
1.4791667;-7.475036162
1.4793333;-5.908481225
1.4795000;-4.311666147
1.4796667;-2.692948611
1.4798333;-1.060593616
1.4800000;-0.191848196
1.4801667;1.43996042
1.4803333;3.063010623
1.4805000;4.670733745
1.4806667;6.254936219
1.4808333;7.807982179
1.4810000;9.322264147
1.4811667;10.78928044
1.4813333;12.20367447
1.4815000;13.56070966
1.4816667;14.77152626
1.4818333;15.84796204
1.4820000;16.83020938
1.4821667;17.72675785
1.4823333;18.54089914
1.4825000;19.27026689
1.4826667;19.9159454
1.4828333;20.47621306
1.4830000;20.95094649
1.4831667;21.33940441
1.4833333;21.64373519
1.4835000;21.86412678
1.4836667;22.00149298
1.4838333;22.05911984
1.4840000;22.03226452
1.4841667;21.92361113
1.4843333;21.73777892
1.4845000;21.47634268
1.4846667;21.14103802
1.4848333;20.7323139
1.4850000;20.2568864
1.4851667;19.71124481
1.4853333;19.10359503
1.4855000;18.32365073
1.4856667;17.4808274
1.4858333;16.58221908
1.4860000;15.62478394
1.4861667;14.66232357
1.4863333;13.82532597
1.4865000;12.79616905
1.4866667;11.71695472
1.4868333;10.63873971
1.4870000;9.5015466
1.4871667;8.326552855
1.4873333;7.177735196
1.4875000;5.91378089
1.4876667;4.715345841
1.4878333;3.646180545
1.4880000;2.331139711
1.4881667;0.717086977
1.4883333;-0.13439097
1.4885000;-1.401319817
1.4886667;-2.441834097
1.4888333;-3.56426523
1.4890000;-4.731044705
1.4891667;-5.904286179
1.4893333;-7.089492728
1.4895000;-8.283135746
1.4896667;-9.459984744
1.4898333;-10.60823492
1.4900000;-11.72909502
1.4901667;-12.89965371
1.4903333;-14.02207675
1.4905000;-15.09235518
1.4906667;-16.09366598
1.4908333;-16.98539697
1.4910000;-17.81630827
1.4911667;-18.61448545
1.4913333;-19.35878875
1.4915000;-19.90121811
1.4916667;-20.44150411
1.4918333;-20.92344105
1.4920000;-21.35070027
1.4921667;-21.66499255
1.4923333;-21.93555181
1.4925000;-22.15344509
1.4926667;-22.29815735
1.4928333;-22.35573037
1.4930000;-22.32367557
1.4931667;-22.20863472
1.4933333;-22.00801842
1.4935000;-21.72011868
1.4936667;-21.33687247
1.4938333;-20.87225521
1.4940000;-20.32437486
1.4941667;-19.61535276
1.4943333;-18.85695115
1.4945000;-17.95875443
1.4946667;-16.93523534
1.4948333;-15.80623415
1.4950000;-14.58784398
1.4951667;-13.28885596
1.4953333;-11.91985766
1.4955000;-10.48988568
1.4956667;-9.006377661
1.4958333;-7.476842403
1.4960000;-5.911777283
1.4961667;-4.318810223
1.4963333;-2.703694994
1.4965000;-1.069919047
1.4966667;0.558216275
1.4968333;2.216501817
1.4970000;3.842215401
1.4971667;5.401128283
1.4973333;6.958632565
1.4975000;8.596121603
1.4976667;10.02485434
1.4978333;11.46980176
1.4980000;12.89705835
1.4981667;14.19179262
1.4983333;15.45768824
1.4985000;16.43726192
1.4986667;17.3118847
1.4988333;18.17383092
1.4990000;18.93872236
1.4991667;19.61682046
1.4993333;20.28059078
1.4995000;20.77465349
1.4996667;21.14631671
1.4998333;21.47257696
1.5000000;21.7375737
1.5001667;21.92370491
1.5003333;21.99283472
1.5005000;22.09208997
1.5006667;22.05256258
1.5008333;21.91408889
1.5010000;21.71741625
1.5011667;21.48120215
1.5013333;21.15961816
1.5015000;20.74830206
1.5016667;20.26736816
1.5018333;19.71923154
1.5020000;19.11164768
1.5021667;18.44072279
1.5023333;17.7112248
1.5025000;16.92368691
1.5026667;16.0803496
1.5028333;15.18537313
1.5030000;14.24951289
1.5031667;13.26242763
1.5033333;12.2335138
1.5035000;11.16450573
1.5036667;10.05922561
1.5038333;8.924184449
1.5040000;7.762706997
1.5041667;6.577450752
1.5043333;5.371555084
1.5045000;4.14674454
1.5046667;2.908773164
1.5048333;1.661779381
1.5050000;0.401795218
1.5051667;-0.863581422
1.5053333;-2.12710829
1.5055000;-3.386319328
1.5056667;-4.630172044
1.5058333;-5.864208872
1.5060000;-7.071121826
1.5061667;-8.264009506
1.5063333;-9.436286266
1.5065000;-10.58124417
1.5066667;-11.69376231
1.5068333;-12.77077641
1.5070000;-13.80821621
1.5071667;-14.80258598
1.5073333;-15.7525342
1.5075000;-16.64934145
1.5076667;-17.49184459
1.5078333;-18.27693722
1.5080000;-19.0008972
1.5081667;-19.65909143
1.5083333;-20.25562669
1.5085000;-20.78421868
1.5086667;-21.24091475
1.5088333;-21.62263203
1.5090000;-21.92653723
1.5091667;-22.15041551
1.5093333;-22.29337717
1.5095000;-22.35150465
1.5096667;-22.32091332
1.5098333;-22.20699534
1.5100000;-22.00593266
1.5101667;-21.71677422
1.5103333;-21.33894034
1.5105000;-20.87487496
1.5106667;-20.32721943
1.5108333;-19.70517564
1.5110000;-19.03773042
1.5111667;-18.22849958
1.5113333;-17.28582858
1.5115000;-16.22838854
1.5116667;-15.07194629
1.5118333;-13.82689965
1.5120000;-12.50502916
1.5121667;-11.11580006
1.5123333;-9.667463408
1.5125000;-8.167835626
1.5126667;-6.625424545
1.5128333;-5.047614245
1.5130000;-3.444055935
1.5131667;-1.823641767
1.5133333;-0.19362734
1.5135000;1.436475347
1.5136667;3.060675308
1.5138333;4.668831015
1.5140000;6.253662616
1.5141667;7.808627302
1.5143333;9.323633357
1.5145000;10.79186398
1.5146667;12.20653986
1.5148333;13.56283968
1.5150000;14.77054462
1.5151667;15.84487609
1.5153333;16.82928078
1.5155000;17.72599101
1.5156667;18.53839513
1.5158333;19.27053016
1.5160000;19.91601793
1.5161667;20.47707607
1.5163333;20.95122202
1.5165000;21.34305071
1.5166667;21.64713166
1.5168333;21.86660735
1.5170000;22.00244611
1.5171667;22.05662047
1.5173333;22.02946842
1.5175000;21.9220302
1.5176667;21.73722442
1.5178333;21.47635908
1.5180000;21.14161353
1.5181667;20.73461967
1.5183333;20.25896849
1.5185000;19.71537794
1.5186667;19.10746173
1.5188333;18.43677373
1.5190000;17.7067151
1.5191667;16.91973623
1.5193333;16.07872849
1.5195000;15.1865141
1.5196667;14.24657838
1.5198333;13.26093044
1.5200000;12.23305593
1.5201667;11.16669835
1.5203333;10.06489601
1.5205000;8.931336212
1.5206667;7.768928232
1.5208333;6.581384257
1.5210000;5.372286451
1.5211667;4.14531317
1.5213333;2.904202731
1.5215000;1.652711833
1.5216667;0.394693416
1.5218333;-0.866062825
1.5220000;-2.125617692
1.5221667;-3.379880008
1.5223333;-4.625222657
1.5225000;-5.857968526
1.5226667;-7.074379497
1.5228333;-8.270388374
1.5230000;-9.441614176
1.5231667;-10.58460396
1.5233333;-11.6959662
1.5235000;-12.77140944
1.5236667;-13.80795412
1.5238333;-14.80139129
1.5240000;-15.74816678
1.5241667;-16.64542871
1.5243333;-17.48804915
1.5245000;-18.27450208
1.5246667;-19.00072168
1.5248333;-19.66386994
1.5250000;-20.26026865
1.5251667;-20.78787561
1.5253333;-21.24304485
1.5255000;-21.62362389
1.5256667;-21.92690017
1.5258333;-22.150123
1.5260000;-22.29185118
1.5261667;-22.34971438
1.5263333;-22.3224597
1.5265000;-22.20857719
1.5266667;-22.00688411
1.5268333;-21.71716279
1.5270000;-21.33906757
1.5271667;-20.87459636
1.5273333;-20.32601473
1.5275000;-19.70412607
1.5276667;-19.03823819
1.5278333;-18.22900207
1.5280000;-17.28604246
1.5281667;-16.22833943
1.5283333;-15.07162829
1.5285000;-13.82688743
1.5286667;-12.50506359
1.5288333;-11.11543472
1.5290000;-9.666759544
1.5291667;-8.167097172
1.5293333;-6.624580769
1.5295000;-5.047588565
1.5296667;-3.444500397
1.5298333;-1.823622036
1.5300000;-0.193229274
1.5301667;1.438278803
1.5303333;3.062167938
1.5305000;4.670468847
1.5306667;6.254991479
1.5308333;7.808337193
1.5310000;9.32289593
1.5311667;10.79063695
1.5313333;12.20579911
1.5315000;13.56196791
1.5316667;14.77020883
1.5318333;15.84618912
1.5320000;16.82930303
1.5321667;17.72596959
1.5323333;18.53969122
1.5325000;19.2696677
1.5326667;19.91520845
1.5328333;20.47585438
1.5330000;20.95098977
1.5331667;21.34093316
1.5333333;21.64549151
1.5335000;21.86591297
1.5336667;22.00248652
1.5338333;22.05619887
1.5340000;22.02919461
1.5341667;21.92186564
1.5343333;21.7371145
1.5345000;21.47628706
1.5346667;21.1415664
1.5348333;20.6524406
1.5350000;20.08765592
1.5351667;19.46876906
1.5353333;18.80164363
1.5355000;18.08435536
1.5356667;17.31688702
1.5358333;16.49866501
1.5360000;15.63073109
1.5361667;14.71482042
1.5363333;13.75368444
1.5365000;12.74899516
1.5366667;11.70400179
1.5368333;10.62253586
1.5370000;9.507541956
1.5371667;8.362569587
1.5373333;7.190536316
1.5375000;5.99520762
1.5376667;4.780114446
1.5378333;3.549002407
1.5380000;2.305626687
1.5381667;1.053651439
1.5383333;-0.203068977
1.5385000;-1.460694623
1.5386667;-2.715388997
1.5388333;-3.962874347
1.5390000;-5.1998052
1.5391667;-6.422401017
1.5393333;-7.6270417
1.5395000;-8.809711084
1.5396667;-9.965839734
1.5398333;-11.09217789
1.5400000;-12.18531747
1.5401667;-13.2410582
1.5403333;-14.25652083
1.5405000;-15.22748257
1.5406667;-16.15034013
1.5408333;-17.02247814
1.5410000;-17.83854741
1.5411667;-18.59731545
1.5413333;-19.29466689
1.5415000;-19.92786535
1.5416667;-20.4932135
1.5418333;-20.98884788
1.5420000;-21.41105128
1.5421667;-21.75784462
1.5423333;-22.02649935
1.5425000;-22.21430111
1.5426667;-22.31999259
1.5428333;-22.34123266
1.5430000;-22.27690748
1.5431667;-22.12558685
1.5433333;-21.88621764
1.5435000;-21.55874607
1.5436667;-21.14297416
1.5438333;-20.64140046
1.5440000;-20.05672163
1.5441667;-19.4019321
1.5443333;-18.70764889
1.5445000;-17.85980283
1.5446667;-16.87182547
1.5448333;-15.76644872
1.5450000;-14.56246085
1.5451667;-13.27302022
1.5453333;-11.91031408
1.5455000;-10.48391236
1.5456667;-9.002910553
1.5458333;-7.475036162
1.5460000;-5.908481225
1.5461667;-4.311666147
1.5463333;-2.692948611
1.5465000;-1.060593616
1.5466667;-0.191848196
1.5468333;1.43996042
1.5470000;3.063010623
1.5471667;4.670733745
1.5473333;6.254936219
1.5475000;7.807982179
1.5476667;9.322264147
1.5478333;10.78928044
1.5480000;12.20367447
1.5481667;13.56070966
1.5483333;14.77152626
1.5485000;15.84796204
1.5486667;16.83020938
1.5488333;17.72675785
1.5490000;18.54089914
1.5491667;19.27026689
1.5493333;19.9159454
1.5495000;20.47621306
1.5496667;20.95094649
1.5498333;21.33940441
1.5500000;21.64373519
1.5501667;21.86412678
1.5503333;22.00149298
1.5505000;22.05911984
1.5506667;22.03226452
1.5508333;21.92361113
1.5510000;21.73777892
1.5511667;21.47634268
1.5513333;21.14103802
1.5515000;20.7323139
1.5516667;20.2568864
1.5518333;19.71124481
1.5520000;19.10359503
1.5521667;18.32365073
1.5523333;17.4808274
1.5525000;16.58221908
1.5526667;15.62478394
1.5528333;14.66232357
1.5530000;13.82532597
1.5531667;12.79616905
1.5533333;11.71695472
1.5535000;10.63873971
1.5536667;9.5015466
1.5538333;8.326552855
1.5540000;7.177735196
1.5541667;5.91378089
1.5543333;4.715345841
1.5545000;3.646180545
1.5546667;2.331139711
1.5548333;0.717086977
1.5550000;-0.13439097
1.5551667;-1.401319817
1.5553333;-2.441834097
1.5555000;-3.56426523
1.5556667;-4.731044705
1.5558333;-5.904286179
1.5560000;-7.089492728
1.5561667;-8.283135746
1.5563333;-9.459984744
1.5565000;-10.60823492
1.5566667;-11.72909502
1.5568333;-12.89965371
1.5570000;-14.02207675
1.5571667;-15.09235518
1.5573333;-16.09366598
1.5575000;-16.98539697
1.5576667;-17.81630827
1.5578333;-18.61448545
1.5580000;-19.35878875
1.5581667;-19.90121811
1.5583333;-20.44150411
1.5585000;-20.92344105
1.5586667;-21.35070027
1.5588333;-21.66499255
1.5590000;-21.93555181
1.5591667;-22.15344509
1.5593333;-22.29815735
1.5595000;-22.35573037
1.5596667;-22.32367557
1.5598333;-22.20863472
1.5600000;-22.00801842
1.5601667;-21.72011868
1.5603333;-21.33687247
1.5605000;-20.87225521
1.5606667;-20.32437486
1.5608333;-19.61535276
1.5610000;-18.85695115
1.5611667;-17.95875443
1.5613333;-16.93523534
1.5615000;-15.80623415
1.5616667;-14.58784398
1.5618333;-13.28885596
1.5620000;-11.91985766
1.5621667;-10.48988568
1.5623333;-9.006377661
1.5625000;-7.476842403
1.5626667;-5.911777283
1.5628333;-4.318810223
1.5630000;-2.703694994
1.5631667;-1.069919047
1.5633333;0.558216275
1.5635000;2.216501817
1.5636667;3.842215401
1.5638333;5.401128283
1.5640000;6.958632565
1.5641667;8.596121603
1.5643333;10.02485434
1.5645000;11.46980176
1.5646667;12.89705835
1.5648333;14.19179262
1.5650000;15.45768824
1.5651667;16.43726192
1.5653333;17.3118847
1.5655000;18.17383092
1.5656667;18.93872236
1.5658333;19.61682046
1.5660000;20.28059078
1.5661667;20.77465349
1.5663333;21.14631671
1.5665000;21.47257696
1.5666667;21.7375737
1.5668333;21.92370491
1.5670000;21.99283472
1.5671667;22.09208997
1.5673333;22.05256258
1.5675000;21.91408889
1.5676667;21.71741625
1.5678333;21.48120215
1.5680000;21.15961816
1.5681667;20.74830206
1.5683333;20.26736816
1.5685000;19.71923154
1.5686667;19.11164768
1.5688333;18.44072279
1.5690000;17.7112248
1.5691667;16.92368691
1.5693333;16.0803496
1.5695000;15.18537313
1.5696667;14.24951289
1.5698333;13.26242763
1.5700000;12.2335138
1.5701667;11.16450573
1.5703333;10.05922561
1.5705000;8.924184449
1.5706667;7.762706997
1.5708333;6.577450752
1.5710000;5.371555084
1.5711667;4.14674454
1.5713333;2.908773164
1.5715000;1.661779381
1.5716667;0.401795218
1.5718333;-0.863581422
1.5720000;-2.12710829
1.5721667;-3.386319328
1.5723333;-4.630172044
1.5725000;-5.864208872
1.5726667;-7.071121826
1.5728333;-8.264009506
1.5730000;-9.436286266
1.5731667;-10.58124417
1.5733333;-11.69376231
1.5735000;-12.77077641
1.5736667;-13.80821621
1.5738333;-14.80258598
1.5740000;-15.7525342
1.5741667;-16.64934145
1.5743333;-17.49184459
1.5745000;-18.27693722
1.5746667;-19.0008972
1.5748333;-19.65909143
1.5750000;-20.25562669
1.5751667;-20.78421868
1.5753333;-21.24091475
1.5755000;-21.62263203
1.5756667;-21.92653723
1.5758333;-22.15041551
1.5760000;-22.29337717
1.5761667;-22.35150465
1.5763333;-22.32091332
1.5765000;-22.20699534
1.5766667;-22.00593266
1.5768333;-21.71677422
1.5770000;-21.33894034
1.5771667;-20.87487496
1.5773333;-20.32721943
1.5775000;-19.70517564
1.5776667;-19.03773042
1.5778333;-18.22849958
1.5780000;-17.28582858
1.5781667;-16.22838854
1.5783333;-15.07194629
1.5785000;-13.82689965
1.5786667;-12.50502916
1.5788333;-11.11580006
1.5790000;-9.667463408
1.5791667;-8.167835626
1.5793333;-6.625424545
1.5795000;-5.047614245
1.5796667;-3.444055935
1.5798333;-1.823641767
1.5800000;-0.19362734
1.5801667;1.436475347
1.5803333;3.060675308
1.5805000;4.668831015
1.5806667;6.253662616
1.5808333;7.808627302
1.5810000;9.323633357
1.5811667;10.79186398
1.5813333;12.20653986
1.5815000;13.56283968
1.5816667;14.77054462
1.5818333;15.84487609
1.5820000;16.82928078
1.5821667;17.72599101
1.5823333;18.53839513
1.5825000;19.27053016
1.5826667;19.91601793
1.5828333;20.47707607
1.5830000;20.95122202
1.5831667;21.34305071
1.5833333;21.64713166
1.5835000;21.86660735
1.5836667;22.00244611
1.5838333;22.05662047
1.5840000;22.02946842
1.5841667;21.9220302
1.5843333;21.73722442
1.5845000;21.47635908
1.5846667;21.14161353
1.5848333;20.73461967
1.5850000;20.25896849
1.5851667;19.71537794
1.5853333;19.10746173
1.5855000;18.43677373
1.5856667;17.7067151
1.5858333;16.91973623
1.5860000;16.07872849
1.5861667;15.1865141
1.5863333;14.24657838
1.5865000;13.26093044
1.5866667;12.23305593
1.5868333;11.16669835
1.5870000;10.06489601
1.5871667;8.931336212
1.5873333;7.768928232
1.5875000;6.581384257
1.5876667;5.372286451
1.5878333;4.14531317
1.5880000;2.904202731
1.5881667;1.652711833
1.5883333;0.394693416
1.5885000;-0.866062825
1.5886667;-2.125617692
1.5888333;-3.379880008
1.5890000;-4.625222657
1.5891667;-5.857968526
1.5893333;-7.074379497
1.5895000;-8.270388374
1.5896667;-9.441614176
1.5898333;-10.58460396
1.5900000;-11.6959662
1.5901667;-12.77140944
1.5903333;-13.80795412
1.5905000;-14.80139129
1.5906667;-15.74816678
1.5908333;-16.64542871
1.5910000;-17.48804915
1.5911667;-18.27450208
1.5913333;-19.00072168
1.5915000;-19.66386994
1.5916667;-20.26026865
1.5918333;-20.78787561
1.5920000;-21.24304485
1.5921667;-21.62362389
1.5923333;-21.92690017
1.5925000;-22.150123
1.5926667;-22.29185118
1.5928333;-22.34971438
1.5930000;-22.3224597
1.5931667;-22.20857719
1.5933333;-22.00688411
1.5935000;-21.71716279
1.5936667;-21.33906757
1.5938333;-20.87459636
1.5940000;-20.32601473
1.5941667;-19.70412607
1.5943333;-19.03823819
1.5945000;-18.22900207
1.5946667;-17.28604246
1.5948333;-16.22833943
1.5950000;-15.07162829
1.5951667;-13.82688743
1.5953333;-12.50506359
1.5955000;-11.11543472
1.5956667;-9.666759544
1.5958333;-8.167097172
1.5960000;-6.624580769
1.5961667;-5.047588565
1.5963333;-3.444500397
1.5965000;-1.823622036
1.5966667;-0.193229274
1.5968333;1.438278803
1.5970000;3.062167938
1.5971667;4.670468847
1.5973333;6.254991479
1.5975000;7.808337193
1.5976667;9.32289593
1.5978333;10.79063695
1.5980000;12.20579911
1.5981667;13.56196791
1.5983333;14.77020883
1.5985000;15.84618912
1.5986667;16.82930303
1.5988333;17.72596959
1.5990000;18.53969122
1.5991667;19.2696677
1.5993333;19.91520845
1.5995000;20.47585438
1.5996667;20.95098977
1.5998333;21.34093316
1.6000000;21.64549151
1.6001667;21.86591297
1.6003333;22.00248652
1.6005000;22.05619887
1.6006667;22.02919461
1.6008333;21.92186564
1.6010000;21.7371145
1.6011667;21.47628706
1.6013333;21.1415664
1.6015000;20.6524406
1.6016667;20.08765592
1.6018333;19.46876906
1.6020000;18.80164363
1.6021667;18.08435536
1.6023333;17.31688702
1.6025000;16.49866501
1.6026667;15.63073109
1.6028333;14.71482042
1.6030000;13.75368444
1.6031667;12.74899516
1.6033333;11.70400179
1.6035000;10.62253586
1.6036667;9.507541956
1.6038333;8.362569587
1.6040000;7.190536316
1.6041667;5.99520762
1.6043333;4.780114446
1.6045000;3.549002407
1.6046667;2.305626687
1.6048333;1.053651439
1.6050000;-0.203068977
1.6051667;-1.460694623
1.6053333;-2.715388997
1.6055000;-3.962874347
1.6056667;-5.1998052
1.6058333;-6.422401017
1.6060000;-7.6270417
1.6061667;-8.809711084
1.6063333;-9.965839734
1.6065000;-11.09217789
1.6066667;-12.18531747
1.6068333;-13.2410582
1.6070000;-14.25652083
1.6071667;-15.22748257
1.6073333;-16.15034013
1.6075000;-17.02247814
1.6076667;-17.83854741
1.6078333;-18.59731545
1.6080000;-19.29466689
1.6081667;-19.92786535
1.6083333;-20.4932135
1.6085000;-20.98884788
1.6086667;-21.41105128
1.6088333;-21.75784462
1.6090000;-22.02649935
1.6091667;-22.21430111
1.6093333;-22.31999259
1.6095000;-22.34123266
1.6096667;-22.27690748
1.6098333;-22.12558685
1.6100000;-21.88621764
1.6101667;-21.55874607
1.6103333;-21.14297416
1.6105000;-20.64140046
1.6106667;-20.05672163
1.6108333;-19.4019321
1.6110000;-18.70764889
1.6111667;-17.85980283
1.6113333;-16.87182547
1.6115000;-15.76644872
1.6116667;-14.56246085
1.6118333;-13.27302022
1.6120000;-11.91031408
1.6121667;-10.48391236
1.6123333;-9.002910553
1.6125000;-7.475036162
1.6126667;-5.908481225
1.6128333;-4.311666147
1.6130000;-2.692948611
1.6131667;-1.060593616
