% Model:              refrencia.mph
% Version:            COMSOL 6.2.0.290
% Table:              Table 1 - Global Evaluation 1
% H (cm)  W (cm)  N_DC  N_AC  Time (s)  Corrente de Curto (A)  Queda de Tensao (V)
50  1.4  200  1780  0.4335  0.210297449122  16.6190541547
50  1.4  200  1780  0.433666666667  -0.234706840659  16.548937005
50  1.4  200  1780  0.433833333333  -0.684478598797  16.2688875362
50  1.4  200  1780  0.434  -1.14078036255  15.6901564204
50  1.4  200  1780  0.434166666667  -1.59085166463  15.0934028235
50  1.4  200  1780  0.434333333333  -2.03077532815  14.5353620163
50  1.4  200  1780  0.4345  -2.45886562615  14.0169548819
50  1.4  200  1780  0.434666666667  -2.8740778709  13.523849693
50  1.4  200  1780  0.434833333333  -3.27543241436  13.0412537842
50  1.4  200  1780  0.435  -3.66186645747  12.5578341758
50  1.4  200  1780  0.435166666667  -4.03222279099  12.0661548221
50  1.4  200  1780  0.435333333333  -4.38528293571  11.5619801964
50  1.4  200  1780  0.4355  -4.71983548161  11.0426783364
50  1.4  200  1780  0.435666666667  -5.03469946369  10.5067589182
50  1.4  200  1780  0.435833333333  -5.32873960473  9.95361035566
50  1.4  200  1780  0.436  -5.60089909533  9.38278340229
50  1.4  200  1780  0.436166666667  -5.85019269477  8.79427410069
50  1.4  200  1780  0.436333333333  -6.07572078824  8.18826550701
50  1.4  200  1780  0.4365  -6.27666731982  7.56526964896
50  1.4  200  1780  0.436666666667  -6.45233093135  6.92541638245
50  1.4  200  1780  0.436833333333  -6.60205783667  6.27022817838
50  1.4  200  1780  0.437  -6.72531751871  5.60075694498
50  1.4  200  1780  0.437166666667  -6.82176046793  4.91616650031
50  1.4  200  1780  0.437333333333  -6.89105614128  4.21788675076
50  1.4  200  1780  0.4375  -6.93294890987  3.50822011072
50  1.4  200  1780  0.437666666667  -6.94732168091  2.78874204399
50  1.4  200  1780  0.437833333333  -6.93421609022  2.05979369403
50  1.4  200  1780  0.438  -6.89377360831  1.32197226902
50  1.4  200  1780  0.438166666667  -6.82620753052  0.576825954492
50  1.4  200  1780  0.438333333333  -6.73180204441  -0.173149889068
50  1.4  200  1780  0.4385  -6.61096383629  -0.92586186927
50  1.4  200  1780  0.438666666667  -6.46439415772  -1.68403807787
50  1.4  200  1780  0.438833333333  -6.29278080212  -2.44746382599
50  1.4  200  1780  0.439  -6.09641941657  -3.20343275735
50  1.4  200  1780  0.439166666667  -5.87608595358  -3.94898690514
50  1.4  200  1780  0.439333333333  -5.63331128824  -4.69798142537
50  1.4  200  1780  0.4395  -5.36965117295  -5.46264022355
50  1.4  200  1780  0.439666666667  -5.08305199294  -6.16135385711
50  1.4  200  1780  0.439833333333  -4.77940266945  -6.91221409076
50  1.4  200  1780  0.44  -4.45690859765  -7.6362361848
50  1.4  200  1780  0.440166666667  -4.11976649894  -8.40483196417
50  1.4  200  1780  0.440333333333  -3.76681797287  -9.15174889698
50  1.4  200  1780  0.4405  -3.39228674908  -9.69194164048
50  1.4  200  1780  0.440666666667  -3.01374184882  -10.4319876087
50  1.4  200  1780  0.440833333333  -2.62947693461  -11.2876790342
50  1.4  200  1780  0.441  -2.21788052016  -11.6681875828
50  1.4  200  1780  0.441166666667  -1.81362989957  -12.4115555035
50  1.4  200  1780  0.441333333333  -1.39882052836  -13.0195506626
50  1.4  200  1780  0.4415  -0.975799991112  -13.5078208273
50  1.4  200  1780  0.441666666667  -0.55876529345  -14.1926384536
50  1.4  200  1780  0.441833333333  -0.147375910439  -15.0208470721
50  1.4  200  1780  0.442  0.270749862752  -15.6334442439
50  1.4  200  1780  0.442166666667  0.690217093898  -16.1231297606
50  1.4  200  1780  0.442333333333  1.10868101941  -16.5054797361
50  1.4  200  1780  0.4425  1.52399717213  -16.7915069328
50  1.4  200  1780  0.442666666667  1.93411785386  -16.9904618632
50  1.4  200  1780  0.442833333333  2.33733404281  -17.1038570987
50  1.4  200  1780  0.443  2.73119876778  -17.1529789125
50  1.4  200  1780  0.443166666667  3.11395459747  -17.1427903331
50  1.4  200  1780  0.443333333333  3.48436440867  -17.0663862153
50  1.4  200  1780  0.4435  3.84119586295  -16.9182387942
50  1.4  200  1780  0.443666666667  4.18317500243  -16.6955217017
50  1.4  200  1780  0.443833333333  4.50911744018  -16.3949165887
50  1.4  200  1780  0.444  4.81786142963  -16.0144449834
50  1.4  200  1780  0.444166666667  5.10824981249  -15.5540510785
50  1.4  200  1780  0.444333333333  5.37931249457  -15.0110830616
50  1.4  200  1780  0.4445  5.6301823696  -14.38253636
50  1.4  200  1780  0.444666666667  5.86005003016  -13.6663027623
50  1.4  200  1780  0.444833333333  6.06815574589  -12.8614636268
50  1.4  200  1780  0.445  6.25378199128  -11.9685594602
50  1.4  200  1780  0.445166666667  6.41631526905  -10.9880893959
50  1.4  200  1780  0.445333333333  6.55518829852  -9.92203913769
50  1.4  200  1780  0.4455  6.66988666175  -8.7737611771
50  1.4  200  1780  0.445666666667  6.75993698302  -7.54831337051
50  1.4  200  1780  0.445833333333  6.82490255816  -6.2525974442
50  1.4  200  1780  0.446  6.86437011823  -4.89571173624
50  1.4  200  1780  0.446166666667  6.87795386089  -3.488854319
50  1.4  200  1780  0.446333333333  6.86529621768  -2.04529799097
50  1.4  200  1780  0.4465  6.82608115514  -0.580035889273
50  1.4  200  1780  0.446666666667  6.7600498522  0.890644207142
50  1.4  200  1780  0.446833333333  6.66703457379  2.35005860184
50  1.4  200  1780  0.447  6.54698629414  3.7818783429
50  1.4  200  1780  0.447166666667  6.39999787743  5.17077753881
50  1.4  200  1780  0.447333333333  6.22632776599  6.5031048325
50  1.4  200  1780  0.4475  6.02641139574  7.76725313615
50  1.4  200  1780  0.447666666667  5.80086896899  8.95394651641
50  1.4  200  1780  0.447833333333  5.55050215779  10.0562552384
50  1.4  200  1780  0.448  5.27628814009  11.0695519948
50  1.4  200  1780  0.448166666667  4.97936676026  11.9913019974
50  1.4  200  1780  0.448333333333  4.66103101399  12.8209455599
50  1.4  200  1780  0.4485  4.32270143375  13.5593793084
50  1.4  200  1780  0.448666666667  3.96591409205  14.208790324
50  1.4  200  1780  0.448833333333  3.59229833358  14.7722358869
50  1.4  200  1780  0.449  3.20356474289  15.2534891182
50  1.4  200  1780  0.449166666667  2.80147962682  15.6565474163
50  1.4  200  1780  0.449333333333  2.38785685515  15.9855864915
50  1.4  200  1780  0.4495  1.9645413547  16.2447064637
50  1.4  200  1780  0.449666666667  1.53339262128  16.4376818228
50  1.4  200  1780  0.449833333333  1.09628425996  16.568121256
50  1.4  200  1780  0.45  0.655085192564  16.6391638911
50  1.4  200  1780  0.450166666667  0.211662211632  16.6537191224
50  1.4  200  1780  0.450333333333  -0.23213581978  16.6142409354
50  1.4  200  1780  0.4505  -0.679776176603  16.3883290599
50  1.4  200  1780  0.450666666667  -1.13267030912  15.8961517774
50  1.4  200  1780  0.450833333333  -1.5799392242  15.3705788102
50  1.4  200  1780  0.451  -2.01823585399  14.85386466
50  1.4  200  1780  0.451166666667  -2.44567365942  14.3520308366
50  1.4  200  1780  0.451333333333  -2.86080570777  13.8609626366
50  1.4  200  1780  0.4515  -3.26231770147  13.3743674916
50  1.4  200  1780  0.451666666667  -3.64894577369  12.8860195438
50  1.4  200  1780  0.451833333333  -4.0194394868  12.3908507483
50  1.4  200  1780  0.452  -4.37255582506  11.8852488071
50  1.4  200  1780  0.452166666667  -4.71188036572  11.24473828
50  1.4  200  1780  0.452333333333  -5.03074870802  10.6071081123
50  1.4  200  1780  0.4525  -5.32712517442  9.99461688549
50  1.4  200  1780  0.452666666667  -5.60038383298  9.3958710659
50  1.4  200  1780  0.452833333333  -5.85009694371  8.79670617776
50  1.4  200  1780  0.453  -6.07574120253  8.18774698402
50  1.4  200  1780  0.453166666667  -6.27669886438  7.56446841711
50  1.4  200  1780  0.453333333333  -6.45233614184  6.92528403623
50  1.4  200  1780  0.4535  -6.60206026959  6.27016638231
50  1.4  200  1780  0.453666666667  -6.72535175074  5.59988745138
50  1.4  200  1780  0.453833333333  -6.82179033108  4.91540797627
50  1.4  200  1780  0.454  -6.89105258711  4.21797702664
50  1.4  200  1780  0.454166666667  -6.93293035901  3.50869130263
50  1.4  200  1780  0.454333333333  -6.94732692269  2.78860890274
50  1.4  200  1780  0.4545  -6.93424549138  2.05904690461
50  1.4  200  1780  0.454666666667  -6.8937942907  1.32144693625
50  1.4  200  1780  0.454833333333  -6.82619239751  0.577210332995
50  1.4  200  1780  0.455  -6.73176905268  -0.172311899302
50  1.4  200  1780  0.455166666667  -6.61094127699  -0.925288862971
50  1.4  200  1780  0.455333333333  -6.46424484509  -1.68024553685
50  1.4  200  1780  0.4555  -6.29236900181  -2.4370040981
50  1.4  200  1780  0.455666666667  -6.09604893849  -3.19402261397
50  1.4  200  1780  0.455833333333  -5.87607945448  -3.94882182815
50  1.4  200  1780  0.456  -5.63334930778  -4.69894712165
50  1.4  200  1780  0.456166666667  -5.36894461257  -5.44469358997
50  1.4  200  1780  0.456333333333  -5.08400080378  -6.1854536525
50  1.4  200  1780  0.4565  -4.77969046158  -6.91952401095
50  1.4  200  1780  0.456666666667  -4.45729139073  -7.64595912908
50  1.4  200  1780  0.456833333333  -4.11802483654  -8.36059373933
50  1.4  200  1780  0.457  -3.76336205927  -9.06396869145
50  1.4  200  1780  0.457166666667  -3.39501071415  -9.76113035334
50  1.4  200  1780  0.457333333333  -3.01439430869  -10.4485600894
50  1.4  200  1780  0.4575  -2.62327381403  -11.1301197712
50  1.4  200  1780  0.457666666667  -2.22334785408  -11.8070578643
50  1.4  200  1780  0.457833333333  -1.81546055532  -12.4580541595
50  1.4  200  1780  0.458  -1.40142037869  -13.0855868609
50  1.4  200  1780  0.458166666667  -0.98439884955  -13.7262318316
50  1.4  200  1780  0.458333333333  -0.566906651297  -14.399428943
50  1.4  200  1780  0.4585  -0.156191402171  -15.2447605621
50  1.4  200  1780  0.458666666667  0.259538958181  -15.91820122
50  1.4  200  1780  0.458833333333  0.682145511336  -16.3281479577
50  1.4  200  1780  0.459  1.102427986  -16.6643067848
50  1.4  200  1780  0.459166666667  1.51843329498  -16.9328294126
50  1.4  200  1780  0.459333333333  1.93060131447  -17.0797819636
50  1.4  200  1780  0.4595  2.33429058408  -17.1811609503
50  1.4  200  1780  0.459666666667  2.72741097253  -17.2491889117
50  1.4  200  1780  0.459833333333  3.11759931383  -17.0502145376
50  1.4  200  1780  0.46  3.48811795855  -16.9710460482
50  1.4  200  1780  0.460166666667  3.84235679516  -16.8887511161
50  1.4  200  1780  0.460333333333  4.18259339764  -16.7102944634
50  1.4  200  1780  0.4605  4.51150592195  -16.3342491519
50  1.4  200  1780  0.460666666667  4.8193727025  -15.9760586526
50  1.4  200  1780  0.460833333333  5.10873868552  -15.5416337035
50  1.4  200  1780  0.461  5.37888284771  -15.0219960917
50  1.4  200  1780  0.461166666667  5.6294546244  -14.4010210883
50  1.4  200  1780  0.461333333333  5.86110858693  -13.6394154203
50  1.4  200  1780  0.4615  6.06890301076  -12.8424830991
50  1.4  200  1780  0.461666666667  6.25402314614  -11.9624341268
50  1.4  200  1780  0.461833333333  6.41611534331  -10.9931675097
50  1.4  200  1780  0.462  6.55493231212  -9.92854119232
50  1.4  200  1780  0.462166666667  6.6699190714  -8.77293797214
50  1.4  200  1780  0.462333333333  6.7603365819  -7.53816355896
50  1.4  200  1780  0.4625  6.82525471189  -6.24365273932
50  1.4  200  1780  0.462666666667  6.86460372141  -4.88977821537
50  1.4  200  1780  0.462833333333  6.87807326473  -3.48582146157
50  1.4  200  1780  0.463  6.86533784706  -2.04424060475
50  1.4  200  1780  0.463166666667  6.82611740415  -0.579115164326
50  1.4  200  1780  0.463333333333  6.76009780445  0.891862194153
50  1.4  200  1780  0.4635  6.66707702784  2.35113693467
50  1.4  200  1780  0.463666666667  6.54701389476  3.78257939846
50  1.4  200  1780  0.463833333333  6.40000899909  5.17106002882
50  1.4  200  1780  0.464  6.2263302497  6.50316791879
50  1.4  200  1780  0.464166666667  6.026407169  7.76714577701
50  1.4  200  1780  0.464333333333  5.80085986364  8.95371524041
50  1.4  200  1780  0.4645  5.55048589851  10.0558422528
50  1.4  200  1780  0.464666666667  5.27626129804  11.0688702066
50  1.4  200  1780  0.464833333333  4.97931838441  11.9900732509
50  1.4  200  1780  0.465  4.66096155359  12.8191812657
50  1.4  200  1780  0.465166666667  4.32277696714  13.5612978565
50  1.4  200  1780  0.465333333333  3.96599104103  14.2107448283
50  1.4  200  1780  0.4655  3.59233965728  14.7732855088
50  1.4  200  1780  0.465666666667  3.20357421158  15.253729623
50  1.4  200  1780  0.465833333333  2.80147683316  15.6564764572
50  1.4  200  1780  0.466  2.38783342104  15.9849912652
50  1.4  200  1780  0.466166666667  1.96443469327  16.2419972635
50  1.4  200  1780  0.466333333333  1.53341593922  16.4382740984
50  1.4  200  1780  0.4665  1.09634170441  16.5695803452
50  1.4  200  1780  0.466666666667  0.65511946351  16.6400343732
50  1.4  200  1780  0.466833333333  0.211665310459  16.6537978326
50  1.4  200  1780  0.467  -0.232147637843  16.6139407566
50  1.4  200  1780  0.467166666667  -0.679801326464  16.3876902535
50  1.4  200  1780  0.467333333333  -1.13272885787  15.8946646393
50  1.4  200  1780  0.4675  -1.58005253494  15.3677007176
50  1.4  200  1780  0.467666666667  -2.01812919033  14.8565739169
50  1.4  200  1780  0.467833333333  -2.44556104993  14.3548911177
50  1.4  200  1780  0.468  -2.86075173062  13.8623336562
50  1.4  200  1780  0.468166666667  -3.2623124249  13.3745015165
50  1.4  200  1780  0.468333333333  -3.64897381677  12.8853072495
50  1.4  200  1780  0.4685  -4.01955257376  12.3879783397
50  1.4  200  1780  0.468666666667  -4.3727830468  11.8794773748
50  1.4  200  1780  0.468833333333  -4.70730703455  11.3609008918
50  1.4  200  1780  0.469  -5.02184581257  10.8332416568
50  1.4  200  1780  0.469166666667  -5.31561770466  10.2869066173
50  1.4  200  1780  0.469333333333  -5.58767621522  9.71864455694
50  1.4  200  1780  0.4695  -5.83686379655  9.13282811554
50  1.4  200  1780  0.469666666667  -6.06230115033  8.52912430985
50  1.4  200  1780  0.469833333333  -6.26316259695  7.90828960984
50  1.4  200  1780  0.47  -6.43876638315  7.26995590695
50  1.4  200  1780  0.470166666667  -6.58834040313  6.61865099031
50  1.4  200  1780  0.470333333333  -6.71143769353  5.95330450452
50  1.4  200  1780  0.4705  -6.80779749642  5.27082597661
50  1.4  200  1780  0.470666666667  -6.87704262873  4.57382996947
50  1.4  200  1780  0.470833333333  -6.91890934477  3.86482506417
50  1.4  200  1780  0.471  -6.9332830752  3.14532262919
50  1.4  200  1780  0.471166666667  -6.92020613425  2.41564657563
50  1.4  200  1780  0.471333333333  -6.87979257851  1.67709042594
50  1.4  200  1780  0.4715  -6.8123010501  0.930050557378
50  1.4  200  1780  0.471666666667  -6.71792004207  0.179452970193
50  1.4  200  1780  0.471833333333  -6.59717800057  -0.575701641911
50  1.4  200  1780  0.472  -6.45058526012  -1.33329207867
50  1.4  200  1780  0.472166666667  -6.27881771934  -2.0928015234
50  1.4  200  1780  0.472333333333  -6.08779204635  -2.98429755376
50  1.4  200  1780  0.4725  -5.87215518211  -3.84914530998
50  1.4  200  1780  0.472666666667  -5.63190549806  -4.66227435473
50  1.4  200  1780  0.472833333333  -5.36862760824  -5.4366416799
50  1.4  200  1780  0.473  -5.08400493148  -6.18555849597
50  1.4  200  1780  0.473166666667  -4.77972611804  -6.92042968517
50  1.4  200  1780  0.473333333333  -4.45747705306  -7.65067495217
50  1.4  200  1780  0.4735  -4.11880824015  -8.38049219099
50  1.4  200  1780  0.473666666667  -3.76502830305  -9.1062912834
50  1.4  200  1780  0.473833333333  -3.39502679859  -9.76153889814
50  1.4  200  1780  0.474  -3.01310899511  -10.4159131245
50  1.4  200  1780  0.474166666667  -2.62252494878  -11.1110985941
50  1.4  200  1780  0.474333333333  -2.22351301083  -11.8112528458
50  1.4  200  1780  0.4745  -1.81308301745  -12.3976646976
50  1.4  200  1780  0.474666666667  -1.40083571764  -13.0707364704
50  1.4  200  1780  0.474833333333  -0.987092512873  -13.79465088
50  1.4  200  1780  0.475  -0.566942974291  -14.400351547
50  1.4  200  1780  0.475166666667  -0.154856803761  -15.2108617625
50  1.4  200  1780  0.475333333333  0.258490129918  -15.9448414579
50  1.4  200  1780  0.4755  0.682304083353  -16.3241202285
50  1.4  200  1780  0.475666666667  1.10143097698  -16.6896308138
50  1.4  200  1780  0.475833333333  1.51739814807  -16.9591221439
50  1.4  200  1780  0.476  1.93400351177  -16.9933661524
50  1.4  200  1780  0.476166666667  2.33691159626  -17.1145872411
50  1.4  200  1780  0.476333333333  2.72953316843  -17.1952851358
50  1.4  200  1780  0.4765  3.11237364561  -17.1829465104
50  1.4  200  1780  0.476666666667  3.48375972841  -17.0817450938
50  1.4  200  1780  0.476833333333  3.84150315904  -16.9104334736
50  1.4  200  1780  0.477  4.18387685671  -16.6776946031
50  1.4  200  1780  0.477166666667  4.50963813215  -16.3816910127
50  1.4  200  1780  0.477333333333  4.81810641028  -16.0082224748
50  1.4  200  1780  0.4775  5.10833180111  -15.5519685675
50  1.4  200  1780  0.477666666667  5.37934808921  -15.0101789576
50  1.4  200  1780  0.477833333333  5.63019926861  -14.3821071252
50  1.4  200  1780  0.478  5.8600764313  -13.6656321733
50  1.4  200  1780  0.478166666667  6.06820176377  -12.8602947728
50  1.4  200  1780  0.478333333333  6.25383972473  -11.9670930308
50  1.4  200  1780  0.4785  6.41635375026  -10.9871119731
50  1.4  200  1780  0.478666666667  6.5552066412  -9.9215732337
50  1.4  200  1780  0.478833333333  6.66988883722  -8.77370592018
50  1.4  200  1780  0.479  6.75993830776  -7.54827972204
50  1.4  200  1780  0.479166666667  6.82490756414  -6.25247029225
50  1.4  200  1780  0.479333333333  6.86437803096  -4.89551075271
50  1.4  200  1780  0.4795  6.87795723187  -3.48876869613
50  1.4  200  1780  0.479666666667  6.86529881053  -2.04523213261
50  1.4  200  1780  0.479833333333  6.82608162317  -0.580024001191
50  1.4  200  1780  0.48  6.76004895943  0.890621530569
50  1.4  200  1780  0.480166666667  6.6670328853  2.35001571409
50  1.4  200  1780  0.480333333333  6.54698350667  3.78180754116
50  1.4  200  1780  0.4805  6.39999344052  5.17066484119
50  1.4  200  1780  0.480666666667  6.2263207317  6.50292616156
50  1.4  200  1780  0.480833333333  6.02639910797  7.7669410268
50  1.4  200  1780  0.481  5.80085024563  8.95347094301
50  1.4  200  1780  0.481166666667  5.55045951524  10.0551721176
50  1.4  200  1780  0.481333333333  5.27623321572  11.0681569158
50  1.4  200  1780  0.4815  4.979424765  11.9927753179
50  1.4  200  1780  0.481666666667  4.66109017478  12.822448244
50  1.4  200  1780  0.481833333333  4.32272946407  13.5600912784
50  1.4  200  1780  0.482  3.96592143228  14.208976766
50  1.4  200  1780  0.482166666667  3.59228753647  14.7719616404
50  1.4  200  1780  0.482333333333  3.20351812219  15.2523049524
50  1.4  200  1780  0.4825  2.8013041836  15.6520911584
50  1.4  200  1780  0.482666666667  2.38765401151  15.9804342632
50  1.4  200  1780  0.482833333333  1.9643874644  16.2407976502
50  1.4  200  1780  0.483  1.53326888953  16.4345390363
50  1.4  200  1780  0.483166666667  1.0962033031  16.5660649517
50  1.4  200  1780  0.483333333333  0.655198373462  16.6420386859
50  1.4  200  1780  0.4835  0.211815204832  16.6576051497
50  1.4  200  1780  0.483666666667  -0.231905415793  16.6200931966
50  1.4  200  1780  0.483833333333  -0.67960401735  16.392701905
50  1.4  200  1780  0.484  -1.13259186697  15.8981442082
50  1.4  200  1780  0.484166666667  -1.57996769914  15.3698555469
50  1.4  200  1780  0.484333333333  -2.01827496977  14.8528711191
50  1.4  200  1780  0.4845  -2.44569706126  14.3514364301
50  1.4  200  1780  0.484666666667  -2.86073536959  13.8627492263
50  1.4  200  1780  0.484833333333  -3.26225196865  13.3760371051
50  1.4  200  1780  0.485  -3.6489116565  12.8868861204
50  1.4  200  1780  0.485166666667  -4.01943565343  12.3909481161
50  1.4  200  1780  0.485333333333  -4.37256206713  11.8850902585
50  1.4  200  1780  0.4855  -4.70710417632  11.3660534909
50  1.4  200  1780  0.485666666667  -5.02191678594  10.8314389332
50  1.4  200  1780  0.485833333333  -5.31602334232  10.2766034208
50  1.4  200  1780  0.486  -5.58811129605  9.70759350389
50  1.4  200  1780  0.486166666667  -5.83712389775  9.12622154505
50  1.4  200  1780  0.486333333333  -6.06233697706  8.52821431113
50  1.4  200  1780  0.4865  -6.26288358895  7.91537641303
50  1.4  200  1780  0.486666666667  -6.4384427704  7.27817567057
50  1.4  200  1780  0.486833333333  -6.58817290653  6.62290540384
50  1.4  200  1780  0.487  -6.71144710289  5.95306550667
50  1.4  200  1780  0.487166666667  -6.80784653039  5.26958051369
50  1.4  200  1780  0.487333333333  -6.87707090962  4.57311163495
50  1.4  200  1780  0.4875  -6.91895234765  3.86373279108
50  1.4  200  1780  0.487666666667  -6.93325742655  3.14597410468
50  1.4  200  1780  0.487833333333  -6.92017201307  2.41651325377
50  1.4  200  1780  0.488  -6.87976038929  1.6779080322
50  1.4  200  1780  0.488166666667  -6.81221951793  0.932121474273
50  1.4  200  1780  0.488333333333  -6.71787962622  0.180479532783
50  1.4  200  1780  0.4885  -6.59720697836  -0.576437677776
50  1.4  200  1780  0.488666666667  -6.45076018795  -1.33773524558
50  1.4  200  1780  0.488833333333  -6.27896700789  -2.09659345256
50  1.4  200  1780  0.489  -6.08273718903  -2.85590417787
50  1.4  200  1780  0.489166666667  -5.86284456319  -3.61265558931
50  1.4  200  1780  0.489333333333  -5.62033901298  -4.36848563372
50  1.4  200  1780  0.4895  -5.35621915203  -5.12146689209
50  1.4  200  1780  0.489666666667  -5.07155185205  -5.86925027855
50  1.4  200  1780  0.489833333333  -4.7675014547  -6.60992323633
50  1.4  200  1780  0.49  -4.44534026495  -7.34240053416
50  1.4  200  1780  0.490166666667  -4.10642583649  -8.06597913795
50  1.4  200  1780  0.490333333333  -3.75216469695  -8.77955568862
50  1.4  200  1780  0.4905  -3.38404304594  -9.48255158076
50  1.4  200  1780  0.490666666667  -3.00360347968  -10.1744730325
50  1.4  200  1780  0.490833333333  -2.61244950719  -10.8551823777
50  1.4  200  1780  0.491  -2.21225302154  -11.525249118
50  1.4  200  1780  0.491166666667  -1.80476294515  -12.1863348611
50  1.4  200  1780  0.491333333333  -1.39181502633  -12.841610911
50  1.4  200  1780  0.4915  -0.975460563835  -13.4991993744
50  1.4  200  1780  0.491666666667  -0.55838570156  -14.1829968196
50  1.4  200  1780  0.491833333333  -0.146107586906  -14.9886316544
50  1.4  200  1780  0.492  0.270315021702  -15.6444892065
50  1.4  200  1780  0.492166666667  0.689802051476  -16.1336718382
50  1.4  200  1780  0.492333333333  1.10875451575  -16.5036129291
50  1.4  200  1780  0.4925  1.5237669512  -16.7973545446
50  1.4  200  1780  0.492666666667  1.93377350593  -16.9992083007
50  1.4  200  1780  0.492833333333  2.33689273043  -17.1150664331
50  1.4  200  1780  0.493  2.73121113513  -17.1526647817
50  1.4  200  1780  0.493166666667  3.11498161719  -17.1167040323
50  1.4  200  1780  0.493333333333  3.4866311416  -17.0088111988
50  1.4  200  1780  0.4935  3.844729235  -16.8284911442
50  1.4  200  1780  0.493666666667  4.18796234626  -16.5739231685
50  1.4  200  1780  0.493833333333  4.5151098601  -16.2427091229
50  1.4  200  1780  0.494  4.82503789351  -15.832162801
50  1.4  200  1780  0.494166666667  5.11669284491  -15.3395980551
50  1.4  200  1780  0.494333333333  5.38909274714  -14.7626646461
50  1.4  200  1780  0.4945  5.64133338047  -14.099300684
50  1.4  200  1780  0.494666666667  5.87258491781  -13.3479166159
50  1.4  200  1780  0.494833333333  6.08208676711  -12.507615688
50  1.4  200  1780  0.495  6.26914256572  -11.5784008696
50  1.4  200  1780  0.495166666667  6.43312116584  -10.5612196174
50  1.4  200  1780  0.495333333333  6.57344502839  -9.45831819889
50  1.4  200  1780  0.4955  6.68958462388  -8.27343293899
50  1.4  200  1780  0.495666666667  6.78104958487  -7.01205328347
50  1.4  200  1780  0.495833333333  6.84737924204  -5.6816896735
50  1.4  200  1780  0.496  6.8881370428  -4.2920318521
50  1.4  200  1780  0.496166666667  6.90290438308  -2.85511105529
50  1.4  200  1780  0.496333333333  6.89128349517  -1.3852211428
50  1.4  200  1780  0.4965  6.85291559585  0.101558904868
50  1.4  200  1780  0.496666666667  6.78750001116  1.58787824461
50  1.4  200  1780  0.496833333333  6.69482921837  3.05604257414
50  1.4  200  1780  0.497  6.57482265031  4.48892178962
50  1.4  200  1780  0.497166666667  6.42755385548  5.87069938117
50  1.4  200  1780  0.497333333333  6.253276853  7.18761164259
50  1.4  200  1780  0.4975  6.05243841235  8.428339358
50  1.4  200  1780  0.497666666667  5.82567949206  9.58413380234
50  1.4  200  1780  0.497833333333  5.57383998765  10.6490361169
50  1.4  200  1780  0.498  5.29794209096  11.6195623467
50  1.4  200  1780  0.498166666667  4.99917293367  12.4943788021
50  1.4  200  1780  0.498333333333  4.67887707196  13.2742354324
50  1.4  200  1780  0.4985  4.33852515331  13.9613017853
50  1.4  200  1780  0.498666666667  3.97969707032  14.558877972
50  1.4  200  1780  0.498833333333  3.60406136048  15.0710167701
50  1.4  200  1780  0.499  3.21336015068  15.502292476
50  1.4  200  1780  0.499166666667  2.80938325239  15.8572995056
50  1.4  200  1780  0.499333333333  2.39396068971  16.1406238895
50  1.4  200  1780  0.4995  1.96894708093  16.3566119099
50  1.4  200  1780  0.499666666667  1.53620534072  16.5091248964
50  1.4  200  1780  0.499833333333  1.09760811035  16.6017470558
50  1.4  200  1780  0.5  0.65501918996  16.637487425
50  1.4  200  1780  0.500166666667  0.21029979188  16.6191136607
50  1.4  200  1780  0.500333333333  -0.23470944637  16.54887082
50  1.4  200  1780  0.5005  -0.684481632156  16.2688104889
50  1.4  200  1780  0.500666666667  -1.14078250703  15.6901019507
50  1.4  200  1780  0.500833333333  -1.59085288241  15.0933718918
50  1.4  200  1780  0.501  -2.03077591749  14.5353470471
50  1.4  200  1780  0.501166666667  -2.45886586885  14.0169487173
50  1.4  200  1780  0.501333333333  -2.87407795078  13.5238476642
50  1.4  200  1780  0.5015  -3.27543242956  13.041253398
50  1.4  200  1780  0.501666666667  -3.66186645346  12.5578342776
50  1.4  200  1780  0.501833333333  -4.03222278422  12.0661549939
50  1.4  200  1780  0.502  -4.38528293087  11.5619803195
50  1.4  200  1780  0.502166666667  -4.71983547899  11.042678403
50  1.4  200  1780  0.502333333333  -5.03469946253  10.5067589478
50  1.4  200  1780  0.5025  -5.32877524854  9.95270500275
50  1.4  200  1780  0.502666666667  -5.60097482639  9.38085983316
50  1.4  200  1780  0.502833333333  -5.85029037397  8.79179304911
50  1.4  200  1780  0.503  -6.0758117743  8.18595446101
50  1.4  200  1780  0.503166666667  -6.27674799901  7.56322039773
50  1.4  200  1780  0.503333333333  -6.45239877411  6.92369317636
50  1.4  200  1780  0.5035  -6.60215420372  6.26778045535
50  1.4  200  1780  0.503666666667  -6.7255862127  5.59393211741
50  1.4  200  1780  0.503833333333  -6.82268426537  4.89270204526
50  1.4  200  1780  0.504  -6.89247234463  4.18191518563
50  1.4  200  1780  0.504166666667  -6.93348570098  3.49458561648
50  1.4  200  1780  0.504333333333  -6.94739462818  2.7868891834
50  1.4  200  1780  0.5045  -6.93612736099  2.0112474165
50  1.4  200  1780  0.504666666667  -6.89074395733  1.39892540397
50  1.4  200  1780  0.504833333333  -6.82570125082  0.589685458891
50  1.4  200  1780  0.505  -6.73044186311  -0.138601284142
50  1.4  200  1780  0.505166666667  -6.61618303993  -1.05842964172
50  1.4  200  1780  0.505333333333  -6.46098624044  -1.59747697893
50  1.4  200  1780  0.5055  -6.29636152106  -2.53841408709
50  1.4  200  1780  0.505666666667  -6.08680047226  -2.95911157183
50  1.4  200  1780  0.505833333333  -5.86506819508  -3.66913583941
50  1.4  200  1780  0.506  -5.62576684679  -4.50635261243
50  1.4  200  1780  0.506166666667  -5.35474849158  -5.08411211688
50  1.4  200  1780  0.506333333333  -5.07107837816  -5.8572240418
50  1.4  200  1780  0.5065  -4.77130690504  -6.70658167487
50  1.4  200  1780  0.506666666667  -4.44804769122  -7.41116916146
50  1.4  200  1780  0.506833333333  -4.11472353563  -8.27674069624
50  1.4  200  1780  0.507  -3.75877516487  -8.94746157371
50  1.4  200  1780  0.507166666667  -3.39284975013  -9.70624186737
50  1.4  200  1780  0.507333333333  -3.01348609164  -10.4254913765
50  1.4  200  1780  0.5075  -2.62383128145  -11.1442794439
50  1.4  200  1780  0.507666666667  -2.22545824692  -11.8606618426
50  1.4  200  1780  0.507833333333  -1.81691338511  -12.4949560361
50  1.4  200  1780  0.508  -1.39803614599  -12.9996273503
50  1.4  200  1780  0.508166666667  -0.984274263179  -13.7230673378
50  1.4  200  1780  0.508333333333  -0.569254127084  -14.4590548279
50  1.4  200  1780  0.5085  -0.15424447346  -15.1953085728
50  1.4  200  1780  0.508666666667  0.260522522388  -15.8932186891
50  1.4  200  1780  0.508833333333  0.682295764152  -16.3243315362
50  1.4  200  1780  0.509  1.1043270121  -16.6160715218
50  1.4  200  1780  0.509166666667  1.52142342603  -16.8568800839
50  1.4  200  1780  0.509333333333  1.93271821538  -17.0260126806
50  1.4  200  1780  0.5095  2.33640511475  -17.1274518715
50  1.4  200  1780  0.509666666667  2.730408716  -17.1730462275
50  1.4  200  1780  0.509833333333  3.11336793905  -17.1576914569
50  1.4  200  1780  0.51  3.48402106844  -17.0751070571
50  1.4  200  1780  0.510166666667  3.84101295502  -16.9228846556
50  1.4  200  1780  0.510333333333  4.18310013085  -16.69742344
50  1.4  200  1780  0.5105  4.51137181932  -16.3376553586
50  1.4  200  1780  0.510666666667  4.82261293659  -15.8937567068
50  1.4  200  1780  0.510833333333  5.11523519308  -15.3766224114
50  1.4  200  1780  0.511  5.38821911963  -14.784854785
50  1.4  200  1780  0.511166666667  5.64084346796  -14.1117444618
50  1.4  200  1780  0.511333333333  5.87226332937  -13.3560849624
50  1.4  200  1780  0.5115  6.08186418122  -12.5132693695
50  1.4  200  1780  0.511666666667  6.26919505006  -11.5770677673
50  1.4  200  1780  0.511833333333  6.43355109277  -10.5502994734
50  1.4  200  1780  0.512  6.57403953  -9.4432178582
50  1.4  200  1780  0.512166666667  6.69017321868  -8.25848263113
50  1.4  200  1780  0.512333333333  6.78146302435  -7.0015519207
50  1.4  200  1780  0.5125  6.84728145312  -5.68417351213
50  1.4  200  1780  0.512666666667  6.88808246025  -4.29341824894
50  1.4  200  1780  0.512833333333  6.90307666991  -2.85073496986
50  1.4  200  1780  0.513  6.89281963513  -1.34620318787
50  1.4  200  1780  0.513166666667  6.85356132228  0.11796035612
50  1.4  200  1780  0.513333333333  6.78509346807  1.52675205014
50  1.4  200  1780  0.5135  6.69647805782  3.0979230962
50  1.4  200  1780  0.513666666667  6.57519836964  4.4984650606
50  1.4  200  1780  0.513833333333  6.41671895243  5.59549284366
50  1.4  200  1780  0.514  6.24084319174  6.87179664657
50  1.4  200  1780  0.514166666667  6.03646278154  8.02255833538
50  1.4  200  1780  0.514333333333  5.8069050675  9.10726341858
50  1.4  200  1780  0.5145  5.55977456071  10.2917742727
50  1.4  200  1780  0.514666666667  5.28683670564  11.3374855598
50  1.4  200  1780  0.514833333333  4.99395841441  12.3619300128
50  1.4  200  1780  0.515  4.67616008125  13.2052238684
50  1.4  200  1780  0.515166666667  4.33705689989  13.9240081482
50  1.4  200  1780  0.515333333333  3.97523508764  14.445543612
50  1.4  200  1780  0.5155  3.60515720135  15.0988511283
50  1.4  200  1780  0.515666666667  3.21153509935  15.4559361722
50  1.4  200  1780  0.515833333333  2.80559091245  15.7609740712
50  1.4  200  1780  0.516  2.38995145151  16.0387892392
50  1.4  200  1780  0.516166666667  1.96607073977  16.2835528445
50  1.4  200  1780  0.516333333333  1.53503727391  16.4794559994
50  1.4  200  1780  0.5165  1.09738029804  16.5959606234
50  1.4  200  1780  0.516666666667  0.654932015312  16.6352731889
50  1.4  200  1780  0.516833333333  0.209447291811  16.597460159
50  1.4  200  1780  0.517  -0.235165892844  16.5372770795
50  1.4  200  1780  0.517166666667  -0.685141024753  16.2520619169
50  1.4  200  1780  0.517333333333  -1.14181890323  15.663777487
50  1.4  200  1780  0.5175  -1.5906291531  15.0990546163
50  1.4  200  1780  0.517666666667  -2.03152223945  14.5163904693
50  1.4  200  1780  0.517833333333  -2.45998181612  13.9886036565
50  1.4  200  1780  0.518  -2.87153615392  13.5884093044
50  1.4  200  1780  0.518166666667  -3.27563527771  13.036101055
50  1.4  200  1780  0.518333333333  -3.66047580962  12.593156631
50  1.4  200  1780  0.5185  -4.03332073568  12.0382670268
50  1.4  200  1780  0.518666666667  -4.38202263506  11.6447918331
50  1.4  200  1780  0.518833333333  -4.7122835505  11.2344973868
50  1.4  200  1780  0.519  -5.02309871173  10.801418018
50  1.4  200  1780  0.519166666667  -5.31471237647  10.3099019534
50  1.4  200  1780  0.519333333333  -5.58665089017  9.74468781338
50  1.4  200  1780  0.5195  -5.84158040887  9.01302616273
50  1.4  200  1780  0.519666666667  -6.07172187487  8.28983790667
50  1.4  200  1780  0.519833333333  -6.27568011101  7.59034475273
50  1.4  200  1780  0.52  -6.45281485474  6.91312472845
50  1.4  200  1780  0.520166666667  -6.60243815073  6.26056820136
50  1.4  200  1780  0.520333333333  -6.72582512545  5.58786373375
50  1.4  200  1780  0.5205  -6.82046015625  4.94919441688
50  1.4  200  1780  0.520666666667  -6.8920792925  4.19189870974
50  1.4  200  1780  0.520833333333  -6.93749806238  3.39267163703
50  1.4  200  1780  0.521  -6.94662693946  2.80638847688
50  1.4  200  1780  0.521166666667  -6.93279809192  2.09581085097
50  1.4  200  1780  0.521333333333  -6.89376132363  1.3222842999
50  1.4  200  1780  0.5215  -6.82351776216  0.645146070928
50  1.4  200  1780  0.521666666667  -6.72367659574  0.0332365070276
50  1.4  200  1780  0.521833333333  -6.60071098007  -0.665439321234
50  1.4  200  1780  0.522  -6.45267596057  -1.38639587009
50  1.4  200  1780  0.522166666667  -6.27966551069  -2.11433542366
50  1.4  200  1780  0.522333333333  -6.0826228048  -2.8529988184
50  1.4  200  1780  0.5225  -5.86766602492  -3.73512071722
50  1.4  200  1780  0.522666666667  -5.6295559429  -4.60259565365
50  1.4  200  1780  0.522833333333  -5.3676144258  -5.41090684595
50  1.4  200  1780  0.523  -5.08384465362  -6.18148743836
50  1.4  200  1780  0.523166666667  -4.78073799588  -6.94613138223
50  1.4  200  1780  0.523333333333  -4.45827936439  -7.67105366003
50  1.4  200  1780  0.5235  -4.11803120834  -8.360755583
50  1.4  200  1780  0.523666666667  -3.76364751462  -9.0712192573
50  1.4  200  1780  0.523833333333  -3.39881670442  -9.85780250624
50  1.4  200  1780  0.524  -3.01275523033  -10.406927499
50  1.4  200  1780  0.524166666667  -2.62468749644  -11.1660273045
50  1.4  200  1780  0.524333333333  -2.21762884979  -11.6617951555
50  1.4  200  1780  0.5245  -1.81327446707  -12.4025275179
50  1.4  200  1780  0.524666666667  -1.39958332535  -13.0389257061
50  1.4  200  1780  0.524833333333  -0.979619016113  -13.6048240623
50  1.4  200  1780  0.525  -0.561210513989  -14.2547470553
50  1.4  200  1780  0.525166666667  -0.147979877034  -15.0361878236
50  1.4  200  1780  0.525333333333  0.269410041765  -15.667475697
50  1.4  200  1780  0.5255  0.689601682822  -16.138761202
50  1.4  200  1780  0.525666666667  1.10882896475  -16.5017219246
50  1.4  200  1780  0.525833333333  1.52382126562  -16.7959749581
50  1.4  200  1780  0.526  1.933725913  -17.000417161
50  1.4  200  1780  0.526166666667  2.33681266327  -17.1171001391
50  1.4  200  1780  0.526333333333  2.73095790922  -17.1590967198
50  1.4  200  1780  0.5265  3.11467529846  -17.124484528
50  1.4  200  1780  0.526666666667  3.48646015876  -17.013154163
50  1.4  200  1780  0.526833333333  3.84451517302  -16.8339283185
50  1.4  200  1780  0.527  4.18629638424  -16.6162386038
50  1.4  200  1780  0.527166666667  4.51723483515  -16.1887347566
50  1.4  200  1780  0.527333333333  4.82656283585  -15.7934292654
50  1.4  200  1780  0.5275  5.11372483888  -15.414985408
50  1.4  200  1780  0.527666666667  5.38277061497  -14.9232468033
50  1.4  200  1780  0.527833333333  5.63239750053  -14.3262720346
50  1.4  200  1780  0.528  5.865404986  -13.530286884
50  1.4  200  1780  0.528166666667  6.07721306046  -12.6314078367
50  1.4  200  1780  0.528333333333  6.26607792019  -11.6562428659
50  1.4  200  1780  0.5285  6.43126300593  -10.6084168792
50  1.4  200  1780  0.528666666667  6.5723185237  -9.48693141807
50  1.4  200  1780  0.528833333333  6.68912535238  -8.28509843507
50  1.4  200  1780  0.529  6.7810049987  -7.01318577208
50  1.4  200  1780  0.529166666667  6.84721517521  -5.68585697117
50  1.4  200  1780  0.529333333333  6.88893650787  -4.27172543936
50  1.4  200  1780  0.5295  6.90362839736  -2.83672109275
50  1.4  200  1780  0.529666666667  6.89189501932  -1.36968842937
50  1.4  200  1780  0.529833333333  6.85317850076  0.108236689614
50  1.4  200  1780  0.53  6.78729861991  1.58276290694
50  1.4  200  1780  0.530166666667  6.69464712583  3.05141742356
50  1.4  200  1780  0.530333333333  6.57536588266  4.50271989129
50  1.4  200  1780  0.5305  6.42779718188  5.87687987186
50  1.4  200  1780  0.530666666667  6.25218346657  7.15983962718
50  1.4  200  1780  0.530833333333  6.05305358629  8.44396477602
50  1.4  200  1780  0.531  5.82555009554  9.58084713067
50  1.4  200  1780  0.531166666667  5.57310780837  10.6304387633
50  1.4  200  1780  0.531333333333  5.29876149807  11.6403752874
50  1.4  200  1780  0.5315  4.99901886968  12.4904655768
50  1.4  200  1780  0.531666666667  4.67686310045  13.2230805559
50  1.4  200  1780  0.531833333333  4.33983931075  13.9946813843
50  1.4  200  1780  0.532  3.97763828285  14.5065847703
50  1.4  200  1780  0.532166666667  3.60499368636  15.0946978476
50  1.4  200  1780  0.532333333333  3.21392157711  15.5165527073
50  1.4  200  1780  0.5325  2.80796527997  15.8212830063
50  1.4  200  1780  0.532666666667  2.39189224415  16.0880853723
50  1.4  200  1780  0.532833333333  1.96703497115  16.3080443215
50  1.4  200  1780  0.533  1.5348988658  16.4759404336
50  1.4  200  1780  0.533166666667  1.096839229  16.5822174696
50  1.4  200  1780  0.533333333333  0.654611967364  16.627143971
50  1.4  200  1780  0.5335  0.210103146889  16.6141188779
50  1.4  200  1780  0.533666666667  -0.234795561904  16.5466834854
50  1.4  200  1780  0.533833333333  -0.685114392347  16.25273838
50  1.4  200  1780  0.534  -1.14248521725  15.6468531111
50  1.4  200  1780  0.534166666667  -1.59285331986  15.0425607805
50  1.4  200  1780  0.534333333333  -2.03216008593  14.5001891687
50  1.4  200  1780  0.5345  -2.45963175002  13.9974953354
50  1.4  200  1780  0.534666666667  -2.8744382389  13.514696346
50  1.4  200  1780  0.534833333333  -3.27557802393  13.037555301
50  1.4  200  1780  0.535  -3.66191592405  12.5565777246
50  1.4  200  1780  0.535166666667  -4.03223756526  12.0657795555
50  1.4  200  1780  0.535333333333  -4.38529005386  11.5617993954
50  1.4  200  1780  0.5355  -4.71984022264  11.0425579143
50  1.4  200  1780  0.535666666667  -5.03470518305  10.5066136466
50  1.4  200  1780  0.535833333333  -5.32877853071  9.95262163563
50  1.4  200  1780  0.536  -5.6009818757  9.38068078082
50  1.4  200  1780  0.536166666667  -5.85028585661  8.79190779004
50  1.4  200  1780  0.536333333333  -6.07576695281  8.18709292697
50  1.4  200  1780  0.5365  -6.27670931311  7.56420301943
50  1.4  200  1780  0.536666666667  -6.4524794513  6.92164397592
50  1.4  200  1780  0.536833333333  -6.60241120159  6.2612527095
50  1.4  200  1780  0.537  -6.72622660841  5.5776660666
50  1.4  200  1780  0.537166666667  -6.82117690842  4.93098891182
50  1.4  200  1780  0.537333333333  -6.89083959798  4.22338695056
50  1.4  200  1780  0.5375  -6.93358169859  3.49214727718
50  1.4  200  1780  0.537666666667  -6.94799823406  2.77155759402
50  1.4  200  1780  0.537833333333  -6.93413009734  2.06197791323
50  1.4  200  1780  0.538  -6.8951087549  1.28805954574
50  1.4  200  1780  0.538166666667  -6.82432465017  0.624651115577
50  1.4  200  1780  0.538333333333  -6.73261664477  -0.193840738288
50  1.4  200  1780  0.5385  -6.60949384777  -0.88852416083
50  1.4  200  1780  0.538666666667  -6.46788841724  -1.77279226966
50  1.4  200  1780  0.538833333333  -6.28985156559  -2.37306121805
50  1.4  200  1780  0.539  -6.08834240267  -2.99827660436
50  1.4  200  1780  0.539166666667  -5.8671585232  -3.72223017347
50  1.4  200  1780  0.539333333333  -5.6233618999  -4.44526696145
50  1.4  200  1780  0.5395  -5.35718811769  -5.14607861996
50  1.4  200  1780  0.539666666667  -5.07488686919  -5.95395971393
50  1.4  200  1780  0.539833333333  -4.77495742327  -6.79930483801
50  1.4  200  1780  0.54  -4.45664073912  -7.6294325782
50  1.4  200  1780  0.540166666667  -4.11804958474  -8.36122234356
50  1.4  200  1780  0.540333333333  -3.76430174481  -9.0878367043
50  1.4  200  1780  0.5405  -3.39773826735  -9.83041020464
50  1.4  200  1780  0.540666666667  -3.01460237753  -10.4538450381
50  1.4  200  1780  0.540833333333  -2.61749462836  -10.9833284554
50  1.4  200  1780  0.541  -2.21473314647  -11.5882442911
50  1.4  200  1780  0.541166666667  -1.80614951619  -12.2215537657
50  1.4  200  1780  0.541333333333  -1.39223231525  -12.8522100496
50  1.4  200  1780  0.5415  -0.975181414792  -13.4921089887
50  1.4  200  1780  0.541666666667  -0.56083221252  -14.245138198
50  1.4  200  1780  0.541833333333  -0.152384641934  -15.1480688521
50  1.4  200  1780  0.542  0.261518714733  -15.8679154036
50  1.4  200  1780  0.542166666667  0.682212168235  -16.3264548725
50  1.4  200  1780  0.542333333333  1.10187431319  -16.6783700742
50  1.4  200  1780  0.5425  1.51463416587  -17.0293272919
50  1.4  200  1780  0.542666666667  1.9337300991  -17.0003108342
50  1.4  200  1780  0.542833333333  2.33681997324  -17.1169144658
50  1.4  200  1780  0.543  2.72973374226  -17.1901905607
50  1.4  200  1780  0.543166666667  3.1121192675  -17.1894077143
50  1.4  200  1780  0.543333333333  3.48353427068  -17.0874717203
50  1.4  200  1780  0.5435  3.84161691689  -16.9075440241
50  1.4  200  1780  0.543666666667  4.183821555  -16.6790992666
50  1.4  200  1780  0.543833333333  4.50958939094  -16.3829290395
50  1.4  200  1780  0.544  4.82068001862  -15.9428528232
50  1.4  200  1780  0.544166666667  5.11379094044  -15.4133064286
50  1.4  200  1780  0.544333333333  5.38715684919  -14.8118364541
50  1.4  200  1780  0.5445  5.64007292599  -14.1313162277
50  1.4  200  1780  0.544666666667  5.87194696627  -13.364120585
50  1.4  200  1780  0.544833333333  6.08139948866  -12.5250725605
50  1.4  200  1780  0.545  6.26845281268  -11.5959205967
50  1.4  200  1780  0.545166666667  6.43237173916  -10.580255055
50  1.4  200  1780  0.545333333333  6.57290086561  -9.47213993359
50  1.4  200  1780  0.5455  6.68943015206  -8.27735652342
50  1.4  200  1780  0.545666666667  6.78021176854  -7.03333381822
50  1.4  200  1780  0.545833333333  6.84570477342  -5.72422117664
50  1.4  200  1780  0.546  6.88998500226  -4.24509368166
50  1.4  200  1780  0.546166666667  6.90409115048  -2.82496716354
50  1.4  200  1780  0.546333333333  6.88953938386  -1.42952157007
50  1.4  200  1780  0.5465  6.85434417401  0.137844790011
50  1.4  200  1780  0.546666666667  6.78827441215  1.60754802971
50  1.4  200  1780  0.546833333333  6.69205244939  2.98551264206
50  1.4  200  1780  0.547  6.57646326036  4.53059328473
50  1.4  200  1780  0.547166666667  6.42803878558  5.88301660575
50  1.4  200  1780  0.547333333333  6.25437653634  7.21554359944
50  1.4  200  1780  0.5475  6.04754275393  8.30398963414
50  1.4  200  1780  0.547666666667  5.82800758878  9.64326745903
50  1.4  200  1780  0.547833333333  5.57576611373  10.6979597193
50  1.4  200  1780  0.548  5.29293574579  11.4924011795
50  1.4  200  1780  0.548166666667  4.99008549205  12.2635577849
50  1.4  200  1780  0.548333333333  4.66796041118  12.9969522486
50  1.4  200  1780  0.5485  4.32718055686  13.6731490353
50  1.4  200  1780  0.548666666667  3.96878380365  14.2816809987
50  1.4  200  1780  0.548833333333  3.59626232816  14.8729213492
50  1.4  200  1780  0.549  3.20851398676  15.3791999125
50  1.4  200  1780  0.549166666667  2.80663855845  15.7875842796
50  1.4  200  1780  0.549333333333  2.39250350909  16.1036115017
50  1.4  200  1780  0.5495  1.96814954716  16.3363545521
50  1.4  200  1780  0.549666666667  1.53578823978  16.4985305327
50  1.4  200  1780  0.549833333333  1.09738809388  16.5961586376
50  1.4  200  1780  0.55  0.654655474235  16.6282490456
50  1.4  200  1780  0.550166666667  0.210023125065  16.6120863236
50  1.4  200  1780  0.550333333333  -0.235449542762  16.5300723716
50  1.4  200  1780  0.5505  -0.687245787166  16.1986009516
50  1.4  200  1780  0.550666666667  -1.14721082312  15.526822722
50  1.4  200  1780  0.550833333333  -1.589757608  15.1211918618
50  1.4  200  1780  0.551  -2.0312789406  14.52257026
50  1.4  200  1780  0.551166666667  -2.47173168771  13.6901569183
50  1.4  200  1780  0.551333333333  -2.86678821329  13.7090069965
50  1.4  200  1780  0.5515  -3.2723554322  13.1194091311
50  1.4  200  1780  0.551666666667  -3.65830031977  12.6484140733
50  1.4  200  1780  0.551833333333  -4.0193240817  12.393782038
50  1.4  200  1780  0.552  -4.37253099196  11.8858795678
50  1.4  200  1780  0.552166666667  -4.71084867603  11.2709431981
50  1.4  200  1780  0.552333333333  -5.02002173382  10.879573257
50  1.4  200  1780  0.5525  -5.31453955849  10.31429153
50  1.4  200  1780  0.552666666667  -5.58718479664  9.7311265889
50  1.4  200  1780  0.552833333333  -5.84227063464  8.99549442822
50  1.4  200  1780  0.553  -6.07191807589  8.28485440068
50  1.4  200  1780  0.553166666667  -6.27511210635  7.60477207111
50  1.4  200  1780  0.553333333333  -6.4519301902  6.93559520781
50  1.4  200  1780  0.5535  -6.60229590385  6.26418127188
50  1.4  200  1780  0.553666666667  -6.72571964515  5.59054293317
50  1.4  200  1780  0.553833333333  -6.82245976963  4.89840423711
50  1.4  200  1780  0.554  -6.89251293805  4.18088411277
50  1.4  200  1780  0.554166666667  -6.93303617286  3.50600363078
50  1.4  200  1780  0.554333333333  -6.94775587036  2.77771363209
50  1.4  200  1780  0.5545  -6.94317441876  1.83225214903
50  1.4  200  1780  0.554666666667  -6.88644526426  1.50811220798
50  1.4  200  1780  0.554833333333  -6.82157953954  0.694376925389
50  1.4  200  1780  0.555  -6.72274828546  0.0568155882618
50  1.4  200  1780  0.555166666667  -6.5998531281  -0.643649881176
50  1.4  200  1780  0.555333333333  -6.45197745097  -1.36865372627
50  1.4  200  1780  0.5555  -6.27957768129  -2.11210455689
50  1.4  200  1780  0.555666666667  -6.08306976423  -2.86435158798
50  1.4  200  1780  0.555833333333  -5.86798105305  -3.7431224319
50  1.4  200  1780  0.556  -5.62958697661  -4.60338390994
50  1.4  200  1780  0.556166666667  -5.36788177825  -5.41769759811
50  1.4  200  1780  0.556333333333  -5.08390327815  -6.18297650141
50  1.4  200  1780  0.5565  -4.77940981862  -6.91239567983
50  1.4  200  1780  0.556666666667  -4.45692983469  -7.63677560571
50  1.4  200  1780  0.556833333333  -4.1179594332  -8.35893249433
50  1.4  200  1780  0.557  -3.76389256423  -9.07744351753
50  1.4  200  1780  0.557166666667  -3.39443933051  -9.74661720902
50  1.4  200  1780  0.557333333333  -3.01533383219  -10.4724239864
50  1.4  200  1780  0.5575  -2.63286525401  -11.3737423469
50  1.4  200  1780  0.557666666667  -2.21587675709  -11.6172920009
50  1.4  200  1780  0.557833333333  -1.81223259813  -12.376064047
50  1.4  200  1780  0.558  -1.3990687955  -13.025856648
50  1.4  200  1780  0.558166666667  -0.974831896643  -13.4832312278
50  1.4  200  1780  0.558333333333  -0.55790138241  -14.1706951132
50  1.4  200  1780  0.5585  -0.146863273168  -15.0078260854
50  1.4  200  1780  0.558666666667  0.270834035232  -15.6313062629
50  1.4  200  1780  0.558833333333  0.690201447827  -16.1235271708
50  1.4  200  1780  0.559  1.10855867506  -16.5085872828
50  1.4  200  1780  0.559166666667  1.52352939694  -16.8033884228
50  1.4  200  1780  0.559333333333  1.93403229956  -16.9926349424
50  1.4  200  1780  0.5595  2.33619497074  -17.1327895293
50  1.4  200  1780  0.559666666667  2.73013147655  -17.1800881096
50  1.4  200  1780  0.559833333333  3.11595316977  -17.0920265967
50  1.4  200  1780  0.56  3.48461077498  -17.0601285109
50  1.4  200  1780  0.560166666667  3.84614001239  -16.7926573984
50  1.4  200  1780  0.560333333333  4.18893132189  -16.5493111875
50  1.4  200  1780  0.5605  4.51266857334  -16.3047178064
50  1.4  200  1780  0.560666666667  4.81997914456  -15.9606550242
50  1.4  200  1780  0.560833333333  5.10954765332  -15.5210859215
50  1.4  200  1780  0.561  5.38341564438  -14.9068630563
50  1.4  200  1780  0.561166666667  5.63753475818  -14.1957856901
50  1.4  200  1780  0.561333333333  5.87024379918  -13.4073810291
50  1.4  200  1780  0.5615  6.08070929045  -12.542603595
50  1.4  200  1780  0.561666666667  6.26835345588  -11.5984442594
50  1.4  200  1780  0.561833333333  6.43267607415  -10.5725249464
50  1.4  200  1780  0.562  6.57339295157  -9.45964095017
50  1.4  200  1780  0.562166666667  6.68988834825  -8.26571834
50  1.4  200  1780  0.562333333333  6.78159516211  -6.99819562149
50  1.4  200  1780  0.5625  6.84804748566  -5.6647162857
50  1.4  200  1780  0.562666666667  6.88883638124  -4.27426865575
50  1.4  200  1780  0.562833333333  6.90357094162  -2.83818046855
50  1.4  200  1780  0.563  6.89187067758  -1.37030670963
50  1.4  200  1780  0.563166666667  6.85335849275  0.112808486106
50  1.4  200  1780  0.563333333333  6.78774675834  1.59414562303
50  1.4  200  1780  0.5635  6.69485524804  3.05670372766
50  1.4  200  1780  0.563666666667  6.57462289339  4.48384796387
50  1.4  200  1780  0.563833333333  6.42713358138  5.86002441907
50  1.4  200  1780  0.564  6.25264329245  7.17151920461
50  1.4  200  1780  0.564166666667  6.05160115276  8.40707296431
50  1.4  200  1780  0.564333333333  5.8246688243  9.55846284112
50  1.4  200  1780  0.5645  5.5727076595  10.6202749818
50  1.4  200  1780  0.564666666667  5.29669908888  11.5879900941
50  1.4  200  1780  0.564833333333  4.99781075265  12.4597794042
50  1.4  200  1780  0.565  4.67733803144  13.2351438031
50  1.4  200  1780  0.565166666667  4.33696207447  13.9215995826
50  1.4  200  1780  0.565333333333  3.9781391388  14.5193065116
50  1.4  200  1780  0.5655  3.59755118552  14.9056583261
50  1.4  200  1780  0.565666666667  3.21470426974  15.5364331001
50  1.4  200  1780  0.565833333333  2.80743520745  15.8078191643
50  1.4  200  1780  0.566  2.39543664975  16.1781132745
50  1.4  200  1780  0.566166666667  1.96977814887  16.3777210356
50  1.4  200  1780  0.566333333333  1.53562833178  16.4944688695
50  1.4  200  1780  0.5665  1.09764355974  16.6026474704
50  1.4  200  1780  0.566666666667  0.656110372757  16.665203468
50  1.4  200  1780  0.566833333333  0.212376527562  16.671862747
50  1.4  200  1780  0.567  -0.232901302649  16.5947976705
50  1.4  200  1780  0.567166666667  -0.683317086129  16.298389958
50  1.4  200  1780  0.567333333333  -1.14035255984  15.7010226092
50  1.4  200  1780  0.5675  -1.5907001822  15.097250477
50  1.4  200  1780  0.567666666667  -2.03069379465  14.537432967
50  1.4  200  1780  0.567833333333  -2.45922355355  14.0078635259
50  1.4  200  1780  0.568  -2.87496251313  13.5013797805
50  1.4  200  1780  0.568166666667  -3.27657231535  13.0123002991
50  1.4  200  1780  0.568333333333  -3.66285735196  12.5326654557
50  1.4  200  1780  0.5685  -4.03295233497  12.047624405
50  1.4  200  1780  0.568666666667  -4.38288622114  11.6228567465
50  1.4  200  1780  0.568833333333  -4.71881395848  11.068625024
50  1.4  200  1780  0.569  -5.04233165261  10.3129013198
50  1.4  200  1780  0.569166666667  -5.32572253808  10.0302438484
50  1.4  200  1780  0.569333333333  -5.59863187981  9.44037067628
50  1.4  200  1780  0.5695  -5.84235675288  8.9933070248
50  1.4  200  1780  0.569666666667  -6.06402576232  8.48531916545
50  1.4  200  1780  0.569833333333  -6.26314899041  7.90863521599
50  1.4  200  1780  0.57  -6.44390477692  7.13944070513
50  1.4  200  1780  0.570166666667  -6.59891834894  6.34997116673
50  1.4  200  1780  0.570333333333  -6.72428936527  5.6268720423
50  1.4  200  1780  0.5705  -6.82277750093  4.89033386206
50  1.4  200  1780  0.570666666667  -6.88956676436  4.25571692445
50  1.4  200  1780  0.570833333333  -6.93479262493  3.46138974821
50  1.4  200  1780  0.571  -6.94932009717  2.73798227115
50  1.4  200  1780  0.571166666667  -6.92755520719  2.22898012292
50  1.4  200  1780  0.571333333333  -6.88266622608  1.60409977775
50  1.4  200  1780  0.5715  -6.81308542979  0.910127313027
50  1.4  200  1780  0.571666666667  -6.7179572027  0.178509090144
50  1.4  200  1780  0.571833333333  -6.59699067637  -0.570943607334
50  1.4  200  1780  0.572  -6.45557243667  -1.45996636296
50  1.4  200  1780  0.572166666667  -6.28828969028  -2.3333895851
50  1.4  200  1780  0.572333333333  -6.09556378383  -3.18169968574
50  1.4  200  1780  0.5725  -5.87917252246  -4.02738575491
50  1.4  200  1780  0.572666666667  -5.63607657003  -4.76821958282
50  1.4  200  1780  0.572833333333  -5.37184112461  -5.5182649958
50  1.4  200  1780  0.573  -5.07928516845  -6.06567651506
50  1.4  200  1780  0.573166666667  -4.77021237306  -6.67878056264
50  1.4  200  1780  0.573333333333  -4.44701425599  -7.38491990668
50  1.4  200  1780  0.5735  -4.10748325021  -8.09283744649
50  1.4  200  1780  0.573666666667  -3.75293459041  -8.79911098244
50  1.4  200  1780  0.573833333333  -3.38454791354  -9.49537521799
50  1.4  200  1780  0.574  -3.00764602364  -10.2771536492
50  1.4  200  1780  0.574166666667  -2.61977942797  -11.0413623655
50  1.4  200  1780  0.574333333333  -2.22146145415  -11.7591433063
50  1.4  200  1780  0.5745  -1.81399269839  -12.4207705934
50  1.4  200  1780  0.574666666667  -1.40088462667  -13.0719787596
50  1.4  200  1780  0.574833333333  -0.984851911704  -13.7377396103
50  1.4  200  1780  0.575  -0.567877700221  -14.4240935856
50  1.4  200  1780  0.575166666667  -0.156526539144  -15.2532730412
50  1.4  200  1780  0.575333333333  0.259158064357  -15.9278759231
50  1.4  200  1780  0.5755  0.682365509733  -16.3225599984
50  1.4  200  1780  0.575666666667  1.10168470538  -16.6831861126
50  1.4  200  1780  0.575833333333  1.52019261604  -16.8881426575
50  1.4  200  1780  0.576  1.93180088762  -17.0493128058
50  1.4  200  1780  0.576166666667  2.33453350454  -17.1749907708
50  1.4  200  1780  0.576333333333  2.72870311536  -17.2163684838
50  1.4  200  1780  0.5765  3.11286191331  -17.1705445108
50  1.4  200  1780  0.576666666667  3.48454393064  -17.0618263572
50  1.4  200  1780  0.576833333333  3.84167684342  -16.9060218901
50  1.4  200  1780  0.577  4.18350213103  -16.6872126354
50  1.4  200  1780  0.577166666667  4.51152710454  -16.3337111141
50  1.4  200  1780  0.577333333333  4.82268620368  -15.8918957226
50  1.4  200  1780  0.5775  5.11512939825  -15.3793096001
50  1.4  200  1780  0.577666666667  5.38814799312  -14.7866613982
50  1.4  200  1780  0.577833333333  5.64070642542  -14.1152253424
50  1.4  200  1780  0.578  5.87250360618  -13.3499819315
50  1.4  200  1780  0.578166666667  6.08200028503  -12.5098123327
50  1.4  200  1780  0.578333333333  6.2670596191  -11.6313077138
50  1.4  200  1780  0.5785  6.43497616114  -10.5141027368
50  1.4  200  1780  0.578666666667  6.57497122985  -9.41955268181
50  1.4  200  1780  0.578833333333  6.68952345421  -8.27498664875
50  1.4  200  1780  0.579  6.77801059623  -7.08924359481
50  1.4  200  1780  0.579166666667  6.84933857878  -5.63192252038
50  1.4  200  1780  0.579333333333  6.88940388819  -4.25985397906
50  1.4  200  1780  0.5795  6.90263748204  -2.86189034184
50  1.4  200  1780  0.579666666667  6.8886568982  -1.45193670586
50  1.4  200  1780  0.579833333333  6.85049005489  0.0399501644784
50  1.4  200  1780  0.58  6.78713189217  1.57852802228
50  1.4  200  1780  0.580166666667  6.69621169121  3.09115738434
50  1.4  200  1780  0.580333333333  6.57362249899  4.45843794595
50  1.4  200  1780  0.5805  6.4305218471  5.94608636849
50  1.4  200  1780  0.580666666667  6.25335132425  7.1895032124
50  1.4  200  1780  0.580833333333  6.05441172457  8.4784614885
50  1.4  200  1780  0.581  5.82704468275  9.61880964587
50  1.4  200  1780  0.581166666667  5.56789490048  10.4980309029
50  1.4  200  1780  0.581333333333  5.28769438022  11.3592704941
50  1.4  200  1780  0.5815  4.98679116019  12.1798817557
50  1.4  200  1780  0.581666666667  4.66598234379  12.9467093367
50  1.4  200  1780  0.581833333333  4.32592250802  13.6411945949
50  1.4  200  1780  0.582  3.97049279138  14.3250892871
50  1.4  200  1780  0.582166666667  3.59835079068  14.9259682973
50  1.4  200  1780  0.582333333333  3.21018324194  15.421598994
50  1.4  200  1780  0.5825  2.80770801208  15.8147484017
50  1.4  200  1780  0.582666666667  2.39302405918  16.1168334739
50  1.4  200  1780  0.582833333333  1.96839904636  16.3426918319
50  1.4  200  1780  0.583  1.53613025737  16.5072177795
50  1.4  200  1780  0.583166666667  1.09766395843  16.6031655973
50  1.4  200  1780  0.583333333333  0.654829019859  16.6326571044
50  1.4  200  1780  0.5835  0.209482661349  16.5983585452
50  1.4  200  1780  0.583666666667  -0.237303204499  16.4829893635
50  1.4  200  1780  0.583833333333  -0.688365579218  16.1701582335
50  1.4  200  1780  0.584  -1.14640669544  15.5472475651
50  1.4  200  1780  0.584166666667  -1.59658390632  14.9478038845
50  1.4  200  1780  0.584333333333  -2.02374658461  14.713892102
50  1.4  200  1780  0.5845  -2.4552158553  14.1096590615
50  1.4  200  1780  0.584666666667  -2.87574555301  13.4814905676
50  1.4  200  1780  0.584833333333  -3.27469775634  13.0599140979
50  1.4  200  1780  0.585  -3.66178073896  12.560011426
50  1.4  200  1780  0.585166666667  -4.04051678012  11.855487498
50  1.4  200  1780  0.585333333333  -4.3780463913  11.7457884244
50  1.4  200  1780  0.5855  -4.71563941072  11.149258537
50  1.4  200  1780  0.585666666667  -5.03171505578  10.5825628791
50  1.4  200  1780  0.585833333333  -5.31451051398  10.3150292606
50  1.4  200  1780  0.586  -5.58674359955  9.74233299493
50  1.4  200  1780  0.586166666667  -5.83910799292  9.07582552776
50  1.4  200  1780  0.586333333333  -6.06575375561  8.44142813591
50  1.4  200  1780  0.5865  -6.27483143897  7.61190102255
50  1.4  200  1780  0.586666666667  -6.44854865342  7.02148624208
50  1.4  200  1780  0.586833333333  -6.6020940038  6.26930953322
50  1.4  200  1780  0.587  -6.73780204899  5.28364987562
50  1.4  200  1780  0.587166666667  -6.81420474857  5.10808177196
50  1.4  200  1780  0.587333333333  -6.88003351476  4.49786146437
50  1.4  200  1780  0.5875  -6.92274167418  3.7674838972
50  1.4  200  1780  0.587666666667  -6.93378751566  3.13250984134
50  1.4  200  1780  0.587833333333  -6.91964577781  2.42987962935
50  1.4  200  1780  0.588  -6.87926670369  1.69044764649
50  1.4  200  1780  0.588166666667  -6.81792252189  0.787265173913
50  1.4  200  1780  0.588333333333  -6.72784213429  -0.0725681720986
50  1.4  200  1780  0.5885  -6.60955370121  -0.890044438248
50  1.4  200  1780  0.588666666667  -6.46404038139  -1.67505215886
50  1.4  200  1780  0.588833333333  -6.29240104103  -2.43781789426
50  1.4  200  1780  0.589  -6.09617874834  -3.19731978425
50  1.4  200  1780  0.589166666667  -5.87675611299  -3.96600895423
50  1.4  200  1780  0.589333333333  -5.63470604072  -4.73340813821
50  1.4  200  1780  0.5895  -5.36744665612  -5.40664549604
50  1.4  200  1780  0.589666666667  -5.08341491703  -6.17057212903
50  1.4  200  1780  0.589833333333  -4.78091316129  -6.95058058366
50  1.4  200  1780  0.59  -4.46001611578  -7.71516714541
50  1.4  200  1780  0.590166666667  -4.11542063019  -8.29444689808
50  1.4  200  1780  0.590333333333  -3.76268863137  -9.04686362276
50  1.4  200  1780  0.5905  -3.39099310976  -9.65908320196
50  1.4  200  1780  0.590666666667  -3.00844865333  -10.2975404433
50  1.4  200  1780  0.590833333333  -2.61468308666  -10.911915296
50  1.4  200  1780  0.591  -2.21195667513  -11.517721919
50  1.4  200  1780  0.591166666667  -1.80646159805  -12.2294806448
50  1.4  200  1780  0.591333333333  -1.39737237794  -12.9827676419
50  1.4  200  1780  0.5915  -0.982883760503  -13.6877485698
50  1.4  200  1780  0.591666666667  -0.56790196261  -14.4247098503
50  1.4  200  1780  0.591833333333  -0.159267597732  -15.3228959294
50  1.4  200  1780  0.592  0.260828225307  -15.885453835
50  1.4  200  1780  0.592166666667  0.681267617497  -16.3504464612
50  1.4  200  1780  0.592333333333  1.10506997547  -16.5972002523
50  1.4  200  1780  0.5925  1.52228072691  -16.8351046414
50  1.4  200  1780  0.592666666667  1.93310370849  -17.0162211555
50  1.4  200  1780  0.592833333333  2.33631549317  -17.1297282595
50  1.4  200  1780  0.593  2.73026100629  -17.1767980543
50  1.4  200  1780  0.593166666667  3.11437464944  -17.132121013
50  1.4  200  1780  0.593333333333  3.48623315644  -17.0189200218
50  1.4  200  1780  0.5935  3.84431081972  -16.8391188922
50  1.4  200  1780  0.593666666667  4.18769064789  -16.5808243072
50  1.4  200  1780  0.593833333333  4.51469137766  -16.2533385769
50  1.4  200  1780  0.594  4.82366193356  -15.8671121837
50  1.4  200  1780  0.594166666667  5.11454358086  -15.3941893619
50  1.4  200  1780  0.594333333333  5.39065697306  -14.7229333079
50  1.4  200  1780  0.5945  5.64017746455  -14.1286609484
50  1.4  200  1780  0.594666666667  5.87399620385  -13.3120699505
50  1.4  200  1780  0.594833333333  6.08303497525  -12.4835312011
50  1.4  200  1780  0.595  6.26978163401  -11.562168535
50  1.4  200  1780  0.595166666667  6.43348101593  -10.5520794251
50  1.4  200  1780  0.595333333333  6.57355047338  -9.45563989611
50  1.4  200  1780  0.5955  6.68987310146  -8.26610560863
50  1.4  200  1780  0.595666666667  6.78082696507  -7.01770782636
50  1.4  200  1780  0.595833333333  6.84703996681  -5.69030726437
50  1.4  200  1780  0.596  6.88938531507  -4.26032573628
50  1.4  200  1780  0.596166666667  6.9035087263  -2.83976073753
50  1.4  200  1780  0.596333333333  6.89242994005  -1.35610144291
50  1.4  200  1780  0.5965  6.85044568522  0.0388231748488
50  1.4  200  1780  0.596666666667  6.78904748256  1.62718401829
50  1.4  200  1780  0.596833333333  6.69395396986  3.03381126198
50  1.4  200  1780  0.597  6.57632285178  4.52702690681
50  1.4  200  1780  0.597166666667  6.42512031292  5.80888740031
50  1.4  200  1780  0.597333333333  6.24640903497  7.01316906467
50  1.4  200  1780  0.5975  6.03996749641  8.11157809325
50  1.4  200  1780  0.597666666667  5.80903697908  9.16141397262
50  1.4  200  1780  0.597833333333  5.55600814445  10.1961072997
50  1.4  200  1780  0.598  5.2802708213  11.1707120976
50  1.4  200  1780  0.598166666667  4.98654669297  12.1736722883
50  1.4  200  1780  0.598333333333  4.67043566835  13.0598237806
50  1.4  200  1780  0.5985  4.33304480647  13.8221009756
50  1.4  200  1780  0.598666666667  3.97659273447  14.4800278415
50  1.4  200  1780  0.598833333333  3.6009375078  14.9916709122
50  1.4  200  1780  0.599  3.21061597265  15.432590354
50  1.4  200  1780  0.599166666667  2.81102049307  15.8988854189
50  1.4  200  1780  0.599333333333  2.39253047623  16.1042964669
50  1.4  200  1780  0.5995  1.96992448946  16.3814380866
50  1.4  200  1780  0.599666666667  1.5370136455  16.5296558379
50  1.4  200  1780  0.599833333333  1.097578122  16.6009853518
50  1.4  200  1780  0.6  0.655292864357  16.6444387547
50  1.4  200  1780  0.600166666667  0.212137631826  16.6657947953
50  1.4  200  1780  0.600333333333  -0.232243728032  16.6115000658
50  1.4  200  1780  0.6005  -0.683217583244  16.3009173313
50  1.4  200  1780  0.600666666667  -1.13987245663  15.7132172308
50  1.4  200  1780  0.600833333333  -1.59206809321  15.0625055375
50  1.4  200  1780  0.601  -2.03278575733  14.484297115
50  1.4  200  1780  0.601166666667  -2.456864749  14.0677771615
50  1.4  200  1780  0.601333333333  -2.87336320675  13.5420021625
50  1.4  200  1780  0.6015  -3.27712433158  12.9982790867
50  1.4  200  1780  0.601666666667  -3.66054169037  12.59148326
50  1.4  200  1780  0.601833333333  -4.03336410431  12.0371654637
50  1.4  200  1780  0.602  -4.38691054135  11.5206390131
50  1.4  200  1780  0.602166666667  -4.71763637423  11.0985356639
50  1.4  200  1780  0.602333333333  -5.03627041308  10.4668568037
50  1.4  200  1780  0.6025  -5.32393077222  10.0757547013
50  1.4  200  1780  0.602666666667  -5.59059366913  9.6445412276
50  1.4  200  1780  0.602833333333  -5.83716488786  9.12518039641
50  1.4  200  1780  0.603  -6.06208274225  8.53467187526
50  1.4  200  1780  0.603166666667  -6.26316368504  7.90826197234
50  1.4  200  1780  0.603333333333  -6.44422487808  7.13131013556
50  1.4  200  1780  0.6035  -6.59807426749  6.37141083545
50  1.4  200  1780  0.603666666667  -6.7237666295  5.64014953071
50  1.4  200  1780  0.603833333333  -6.82154026555  4.9217596407
50  1.4  200  1780  0.604  -6.89178549686  4.19936111894
50  1.4  200  1780  0.604166666667  -6.93366869574  3.48993754959
50  1.4  200  1780  0.604333333333  -6.94739851046  2.78679057359
50  1.4  200  1780  0.6045  -6.93424219072  2.05913074139
50  1.4  200  1780  0.604666666667  -6.89448737415  1.3038426168
50  1.4  200  1780  0.604833333333  -6.82679820519  0.561822818079
50  1.4  200  1780  0.605  -6.73238077526  -0.187849652741
50  1.4  200  1780  0.605166666667  -6.60879000932  -0.870646664195
50  1.4  200  1780  0.605333333333  -6.46568630017  -1.71685849606
50  1.4  200  1780  0.6055  -6.28724319969  -2.30680872425
50  1.4  200  1780  0.605666666667  -6.08605699779  -2.9402273204
50  1.4  200  1780  0.605833333333  -5.86351222752  -3.62961426336
50  1.4  200  1780  0.606  -5.62016618573  -4.3640958216
50  1.4  200  1780  0.606166666667  -5.35608098241  -5.11795738379
50  1.4  200  1780  0.606333333333  -5.0762312943  -5.98810811157
50  1.4  200  1780  0.6065  -4.7758815111  -6.82277666869
50  1.4  200  1780  0.606666666667  -4.45587057729  -7.60987046775
50  1.4  200  1780  0.606833333333  -4.11797508598  -8.35933007508
50  1.4  200  1780  0.607  -3.76404991936  -9.08144033774
50  1.4  200  1780  0.607166666667  -3.39574979468  -9.77990299894
50  1.4  200  1780  0.607333333333  -3.01504036585  -10.4649699413
50  1.4  200  1780  0.6075  -2.62315047393  -11.1269869327
50  1.4  200  1780  0.607666666667  -2.22308388288  -11.8003529958
50  1.4  200  1780  0.607833333333  -1.81206135582  -12.3717144921
50  1.4  200  1780  0.608  -1.40138607704  -13.0847155989
50  1.4  200  1780  0.608166666667  -0.98338108058  -13.7003804997
50  1.4  200  1780  0.608333333333  -0.568256888289  -14.4337249625
50  1.4  200  1780  0.6085  -0.155310121404  -15.2223760306
50  1.4  200  1780  0.608666666667  0.265071838206  -15.7776660674
50  1.4  200  1780  0.608833333333  0.686526337945  -16.2168749618
50  1.4  200  1780  0.609  1.10669201496  -16.5560004492
50  1.4  200  1780  0.609166666667  1.52323193459  -16.8109439663
50  1.4  200  1780  0.609333333333  1.93393820688  -16.9950248965
50  1.4  200  1780  0.6095  2.33711861436  -17.1093289813
50  1.4  200  1780  0.609666666667  2.73126193064  -17.1513745757
50  1.4  200  1780  0.609833333333  3.11477220958  -17.1220229855
50  1.4  200  1780  0.61  3.48602197084  -17.0242841362
50  1.4  200  1780  0.610166666667  3.84430783339  -16.8391947449
50  1.4  200  1780  0.610333333333  4.1871020451  -16.595774818
50  1.4  200  1780  0.6105  4.51435486193  -16.2618860763
50  1.4  200  1780  0.610666666667  4.82424199481  -15.8523786277
50  1.4  200  1780  0.610833333333  5.11823618251  -15.3003972801
50  1.4  200  1780  0.611  5.38949331476  -14.7524902288
50  1.4  200  1780  0.611166666667  5.630044295  -14.3860434548
50  1.4  200  1780  0.611333333333  5.87719058402  -13.2309326943
50  1.4  200  1780  0.6115  6.07945298229  -12.5745138224
50  1.4  200  1780  0.611666666667  6.26008931915  -11.8083533324
50  1.4  200  1780  0.611833333333  6.41944870524  -10.9085001168
50  1.4  200  1780  0.612  6.55779879808  -9.85573244891
50  1.4  200  1780  0.612166666667  6.67271230957  -8.70198972246
50  1.4  200  1780  0.612333333333  6.76815617636  -7.33954585961
50  1.4  200  1780  0.6125  6.83841780464  -5.90931018362
50  1.4  200  1780  0.612666666667  6.88160752886  -4.4578815061
50  1.4  200  1780  0.612833333333  6.89881904866  -2.95887854969
50  1.4  200  1780  0.613  6.88930725076  -1.43541775077
50  1.4  200  1780  0.613166666667  6.85060674845  0.042914180739
50  1.4  200  1780  0.613333333333  6.78523949362  1.53046109911
50  1.4  200  1780  0.6135  6.69545348591  3.0718989695
50  1.4  200  1780  0.613666666667  6.57421713095  4.47354159781
50  1.4  200  1780  0.613833333333  6.42580910977  5.82638284023
50  1.4  200  1780  0.614  6.25248565866  7.16751530631
50  1.4  200  1780  0.614166666667  6.05114761349  8.39555306695
50  1.4  200  1780  0.614333333333  5.82452030461  9.55469044112
50  1.4  200  1780  0.6145  5.57397871818  10.6525598725
50  1.4  200  1780  0.614666666667  5.29724559445  11.6018713355
50  1.4  200  1780  0.614833333333  4.99837926994  12.4742197433
50  1.4  200  1780  0.615  4.67900752321  13.277548894
50  1.4  200  1780  0.615166666667  4.33755184826  13.9365798369
50  1.4  200  1780  0.615333333333  3.98300276075  14.6428425091
50  1.4  200  1780  0.6155  3.6032877823  15.0513678844
50  1.4  200  1780  0.615666666667  3.20969471197  15.4091903328
50  1.4  200  1780  0.615833333333  2.80496828159  15.7451592473
50  1.4  200  1780  0.616  2.39029117465  16.0474182069
50  1.4  200  1780  0.616166666667  1.96666046282  16.29853181
50  1.4  200  1780  0.616333333333  1.53493887386  16.4769566384
50  1.4  200  1780  0.6165  1.09668939718  16.5784117413
50  1.4  200  1780  0.616666666667  0.654003847732  16.6116977324
50  1.4  200  1780  0.616833333333  0.209808689646  16.606639664
50  1.4  200  1780  0.617  -0.236398333626  16.5059730837
50  1.4  200  1780  0.617166666667  -0.68313156937  16.3031020836
50  1.4  200  1780  0.617333333333  -1.14138326696  15.6748426485
50  1.4  200  1780  0.6175  -1.58655166273  15.2026228716
50  1.4  200  1780  0.617666666667  -2.02218258352  14.7536177298
50  1.4  200  1780  0.617833333333  -2.44650336664  14.3309562733
50  1.4  200  1780  0.618  -2.85996683636  13.8822699704
50  1.4  200  1780  0.618166666667  -3.26138481463  13.3980628173
50  1.4  200  1780  0.618333333333  -3.65304975211  12.781778492
50  1.4  200  1780  0.6185  -4.02790300027  12.1758775062
50  1.4  200  1780  0.618666666667  -4.38381965414  11.5991475485
50  1.4  200  1780  0.618833333333  -4.72016991189  11.0341838073
50  1.4  200  1780  0.619  -5.03393904435  10.5260735696
50  1.4  200  1780  0.619166666667  -5.32959955618  9.93176758877
50  1.4  200  1780  0.619333333333  -5.60015663497  9.40164189546
50  1.4  200  1780  0.6195  -5.84328371189  8.96976226593
50  1.4  200  1780  0.619666666667  -6.06615328876  8.4312799939
50  1.4  200  1780  0.619833333333  -6.26549176248  7.84912880559
50  1.4  200  1780  0.62  -6.43962523934  7.24814095949
50  1.4  200  1780  0.620166666667  -6.58830992316  6.61942518163
50  1.4  200  1780  0.620333333333  -6.71674743314  5.81843711845
50  1.4  200  1780  0.6205  -6.81772354081  5.0187044491
50  1.4  200  1780  0.620666666667  -6.88964500614  4.25372958334
50  1.4  200  1780  0.620833333333  -6.93285657278  3.51056547278
50  1.4  200  1780  0.621  -6.94881604077  2.75078530352
50  1.4  200  1780  0.621166666667  -6.93538462644  2.03011287394
50  1.4  200  1780  0.621333333333  -6.89345819499  1.32998376723
50  1.4  200  1780  0.6215  -6.82576524354  0.588060043952
50  1.4  200  1780  0.621666666667  -6.73256258637  -0.19246765485
50  1.4  200  1780  0.621833333333  -6.61177326962  -0.946421475903
50  1.4  200  1780  0.622  -6.46703290182  -1.75106217786
50  1.4  200  1780  0.622166666667  -6.29077688675  -2.39656437551
50  1.4  200  1780  0.622333333333  -6.09459140335  -3.15700122151
50  1.4  200  1780  0.6225  -5.8693211024  -3.77715968531
50  1.4  200  1780  0.622666666667  -5.62372798646  -4.45456556004
50  1.4  200  1780  0.622833333333  -5.35773400706  -5.15994420986
50  1.4  200  1780  0.623  -5.07175647356  -5.87444766494
50  1.4  200  1780  0.623166666667  -4.76693846578  -6.59562331764
50  1.4  200  1780  0.623333333333  -4.44483266975  -7.3295076161
50  1.4  200  1780  0.6235  -4.11045916191  -8.16842560377
50  1.4  200  1780  0.623666666667  -3.75976887546  -8.97270182271
50  1.4  200  1780  0.623833333333  -3.3937469179  -9.72902992873
50  1.4  200  1780  0.624  -3.01357723648  -10.4278064553
50  1.4  200  1780  0.624166666667  -2.62291282557  -11.1209506645
50  1.4  200  1780  0.624333333333  -2.22337547586  -11.8077594576
50  1.4  200  1780  0.6245  -1.81428335918  -12.4281533775
50  1.4  200  1780  0.624666666667  -1.40172358983  -13.093288424
50  1.4  200  1780  0.624833333333  -0.98663234794  -13.7829626907
50  1.4  200  1780  0.625  -0.567619322555  -14.4175307929
50  1.4  200  1780  0.625166666667  -0.155501450446  -15.2272357883
50  1.4  200  1780  0.625333333333  0.261565722905  -15.866721396
50  1.4  200  1780  0.6255  0.681186674211  -16.3525024207
50  1.4  200  1780  0.625666666667  1.10104415763  -16.6994560254
50  1.4  200  1780  0.625833333333  1.51989279394  -16.8957581389
50  1.4  200  1780  0.626  1.93060408445  -17.0797116062
50  1.4  200  1780  0.626166666667  2.33395606598  -17.18965771
50  1.4  200  1780  0.626333333333  2.72907181704  -17.2070034611
50  1.4  200  1780  0.6265  3.11341909468  -17.156392104
50  1.4  200  1780  0.626666666667  3.48466094508  -17.0588541904
50  1.4  200  1780  0.626833333333  3.84175456987  -16.9040476384
50  1.4  200  1780  0.627  4.18371067604  -16.681915592
50  1.4  200  1780  0.627166666667  4.50950751312  -16.385008736
50  1.4  200  1780  0.627333333333  4.8180312533  -16.0101314622
50  1.4  200  1780  0.6275  5.11128082985  -15.4770632375
50  1.4  200  1780  0.627666666667  5.38552250447  -14.85334881
50  1.4  200  1780  0.627833333333  5.63916190693  -14.1544561118
50  1.4  200  1780  0.628  5.8711240812  -13.3850218658
50  1.4  200  1780  0.628166666667  6.08112998394  -12.5319179804
50  1.4  200  1780  0.628333333333  6.26861586257  -11.5917791294
50  1.4  200  1780  0.6285  6.43286659341  -10.5676857573
50  1.4  200  1780  0.628666666667  6.57318837953  -9.46483708002
50  1.4  200  1780  0.628833333333  6.68897065181  -8.28902782979
50  1.4  200  1780  0.629  6.7809436584  -7.01474381578
50  1.4  200  1780  0.629166666667  6.84624834034  -5.71041457672
50  1.4  200  1780  0.629333333333  6.88933762316  -4.26153711103
50  1.4  200  1780  0.6295  6.90318003242  -2.8481095622
50  1.4  200  1780  0.629666666667  6.89083042626  -1.396729093
50  1.4  200  1780  0.629833333333  6.85406242689  0.130688413161
50  1.4  200  1780  0.63  6.78851887144  1.6137572957
50  1.4  200  1780  0.630166666667  6.69466576362  3.05189082348
50  1.4  200  1780  0.630333333333  6.57442355667  4.47878481104
50  1.4  200  1780  0.6305  6.42762059485  5.87239456117
50  1.4  200  1780  0.630666666667  6.25288444904  7.17764458201
50  1.4  200  1780  0.630833333333  6.05230384678  8.42492139258
50  1.4  200  1780  0.631  5.82522885096  9.57268751832
50  1.4  200  1780  0.631166666667  5.57278585418  10.6222611268
50  1.4  200  1780  0.631333333333  5.29799661102  11.6209471563
50  1.4  200  1780  0.6315  5.00039073771  12.5253110246
50  1.4  200  1780  0.631666666667  4.67810292179  13.2545720179
50  1.4  200  1780  0.631833333333  4.33754351569  13.9363681897
50  1.4  200  1780  0.632  3.98229365019  14.624831101
50  1.4  200  1780  0.632166666667  3.60426504537  15.0761903663
50  1.4  200  1780  0.632333333333  3.21208928522  15.4700124933
50  1.4  200  1780  0.6325  2.80748027942  15.8089639922
50  1.4  200  1780  0.632666666667  2.39272011317  16.1091132452
50  1.4  200  1780  0.632833333333  1.96802174964  16.3331084951
50  1.4  200  1780  0.633  1.53570850011  16.4965051449
50  1.4  200  1780  0.633166666667  1.09783010929  16.6073858291
50  1.4  200  1780  0.633333333333  0.65605074631  16.6636889563
50  1.4  200  1780  0.6335  0.211114784539  16.6398144742
50  1.4  200  1780  0.633666666667  -0.234206236369  16.561652354
50  1.4  200  1780  0.633833333333  -0.684271222431  16.2741548959
50  1.4  200  1780  0.634  -1.14095875003  15.6856253784
50  1.4  200  1780  0.634166666667  -1.59102445598  15.0890139231
50  1.4  200  1780  0.634333333333  -2.03102146103  14.5291102412
50  1.4  200  1780  0.6345  -2.45920689055  14.0082867661
50  1.4  200  1780  0.634666666667  -2.87461177101  13.5102886302
50  1.4  200  1780  0.634833333333  -3.27652459706  13.0135123434
50  1.4  200  1780  0.635  -3.66210827902  12.5516919082
50  1.4  200  1780  0.635166666667  -4.03229431332  12.0643381548
50  1.4  200  1780  0.635333333333  -4.38651262303  11.5307461386
50  1.4  200  1780  0.6355  -4.71742164877  11.1039896906
50  1.4  200  1780  0.635666666667  -5.02729962983  10.6947146983
50  1.4  200  1780  0.635833333333  -5.31941659019  10.1904149249
50  1.4  200  1780  0.636  -5.58974358818  9.66613328378
50  1.4  200  1780  0.636166666667  -5.83756311842  9.11506534006
50  1.4  200  1780  0.636333333333  -6.06225408927  8.5303196608
50  1.4  200  1780  0.6365  -6.26822219947  7.779775706
50  1.4  200  1780  0.636666666667  -6.44881286425  7.01477528702
50  1.4  200  1780  0.636833333333  -6.60160317169  6.2817766689
50  1.4  200  1780  0.637  -6.72556725394  5.59441367008
50  1.4  200  1780  0.637166666667  -6.82398692909  4.85961438672
50  1.4  200  1780  0.637333333333  -6.88868244414  4.27817865799
50  1.4  200  1780  0.6375  -6.93307114011  3.50511546257
50  1.4  200  1780  0.637666666667  -6.9408411498  2.95334753437
50  1.4  200  1780  0.637833333333  -6.92312693166  2.3414583216
50  1.4  200  1780  0.638  -6.88077101958  1.65223802287
50  1.4  200  1780  0.638166666667  -6.8127372656  0.918970683462
50  1.4  200  1780  0.638333333333  -6.71838667335  0.167600535719
50  1.4  200  1780  0.6385  -6.60256319936  -0.712485691343
50  1.4  200  1780  0.638666666667  -6.4601190357  -1.57544997835
50  1.4  200  1780  0.638833333333  -6.29161873366  -2.41794728692
50  1.4  200  1780  0.639  -6.09696651925  -3.21732916547
50  1.4  200  1780  0.639166666667  -5.8746223981  -3.91181259607
50  1.4  200  1780  0.639333333333  -5.63269022106  -4.68220631884
50  1.4  200  1780  0.6395  -5.36937334093  -5.45558329029
50  1.4  200  1780  0.639666666667  -5.08653893474  -6.24992217893
50  1.4  200  1780  0.639833333333  -4.78281938245  -6.99899860102
50  1.4  200  1780  0.64  -4.45960131018  -7.7046310832
50  1.4  200  1780  0.640166666667  -4.11588092324  -8.30613834141
50  1.4  200  1780  0.640333333333  -3.76140911198  -9.0143638304
50  1.4  200  1780  0.6405  -3.39228803768  -9.69197437111
50  1.4  200  1780  0.640666666667  -3.00793728308  -10.2845516391
50  1.4  200  1780  0.640833333333  -2.61520169422  -10.9250879281
50  1.4  200  1780  0.641  -2.21395230766  -11.5684109853
50  1.4  200  1780  0.641166666667  -1.80550721092  -12.2052392117
50  1.4  200  1780  0.641333333333  -1.39188372236  -12.8433557901
50  1.4  200  1780  0.6415  -0.978510917121  -13.5766783479
50  1.4  200  1780  0.641666666667  -0.564437154716  -14.3367037298
50  1.4  200  1780  0.641833333333  -0.155000508879  -15.2145118725
50  1.4  200  1780  0.642  0.260882031346  -15.8840871616
50  1.4  200  1780  0.642166666667  0.681064278406  -16.3556112741
50  1.4  200  1780  0.642333333333  1.10128439421  -16.6933540162
50  1.4  200  1780  0.6425  1.51898755554  -16.9187511942
50  1.4  200  1780  0.642666666667  1.93114996044  -17.0658463559
50  1.4  200  1780  0.642833333333  2.33278537071  -17.2193933699
50  1.4  200  1780  0.643  2.73298250889  -17.1076718881
50  1.4  200  1780  0.643166666667  3.114634444  -17.1255222313
50  1.4  200  1780  0.643333333333  3.48280538547  -17.1059854045
50  1.4  200  1780  0.6435  3.84032876298  -16.9402631334
50  1.4  200  1780  0.643666666667  4.18430557622  -16.6668051275
50  1.4  200  1780  0.643833333333  4.5138694306  -16.2742160322
50  1.4  200  1780  0.644  4.82414119117  -15.8549390402
50  1.4  200  1780  0.644166666667  5.11535973306  -15.3734590961
50  1.4  200  1780  0.644333333333  5.38825098696  -14.7840453548
50  1.4  200  1780  0.6445  5.6403497765  -14.1242842249
50  1.4  200  1780  0.644666666667  5.87029734419  -13.4060209858
50  1.4  200  1780  0.644833333333  6.08356856264  -12.4699780815
50  1.4  200  1780  0.645  6.26939905908  -11.5718859382
50  1.4  200  1780  0.645166666667  6.43403149061  -10.5380973683
50  1.4  200  1780  0.645333333333  6.57063099505  -9.52979464592
50  1.4  200  1780  0.6455  6.69108662896  -8.23528200998
50  1.4  200  1780  0.645666666667  6.78005925644  -7.03720762559
50  1.4  200  1780  0.645833333333  6.840270734  -5.86224577772
50  1.4  200  1780  0.646  6.87494844534  -4.62702222757
50  1.4  200  1780  0.646166666667  6.88452318525  -3.32199348034
50  1.4  200  1780  0.646333333333  6.86924147183  -1.94508853561
50  1.4  200  1780  0.6465  6.82902125174  -0.505357435629
50  1.4  200  1780  0.646666666667  6.76956098252  1.13222691718
50  1.4  200  1780  0.646833333333  6.68245941762  2.74184963503
50  1.4  200  1780  0.647  6.56645895888  4.27648402709
50  1.4  200  1780  0.647166666667  6.42252385758  5.74293743469
50  1.4  200  1780  0.647333333333  6.24908500399  7.08113867777
50  1.4  200  1780  0.6475  6.04561829799  8.25510845317
50  1.4  200  1780  0.647666666667  5.82694000471  9.61615082371
50  1.4  200  1780  0.647833333333  5.56799062166  10.5004622209
50  1.4  200  1780  0.648  5.28688352686  11.3386748188
50  1.4  200  1780  0.648166666667  4.9849876193  12.134071817
50  1.4  200  1780  0.648333333333  4.66475552935  12.9155482501
50  1.4  200  1780  0.6485  4.32662913087  13.6591428152
50  1.4  200  1780  0.648666666667  3.97195341487  14.3621891237
50  1.4  200  1780  0.648833333333  3.59894715055  14.941115838
50  1.4  200  1780  0.649  3.20835192665  15.3750835858
50  1.4  200  1780  0.649166666667  2.80858300434  15.8369732053
50  1.4  200  1780  0.649333333333  2.39188946226  16.0880147122
50  1.4  200  1780  0.6495  1.96391075879  16.2286893276
50  1.4  200  1780  0.649666666667  1.53785634638  16.5510604403
50  1.4  200  1780  0.649833333333  1.09889958444  16.6345504978
50  1.4  200  1780  0.65  0.65535877097  16.6461127826
50  1.4  200  1780  0.650166666667  0.211188757599  16.64169339
50  1.4  200  1780  0.650333333333  -0.230509256139  16.6555556518
50  1.4  200  1780  0.6505  -0.678589244904  16.4184771251
50  1.4  200  1780  0.650666666667  -1.13210708686  15.9104576228
50  1.4  200  1780  0.650833333333  -1.57966246972  15.377608374
50  1.4  200  1780  0.651  -2.01796359116  14.8607801357
50  1.4  200  1780  0.651166666667  -2.44553689395  14.3555046798
50  1.4  200  1780  0.651333333333  -2.86074710705  13.8624510949
50  1.4  200  1780  0.6515  -3.26232209182  13.3742559765
50  1.4  200  1780  0.651666666667  -3.65364133927  12.7667521779
50  1.4  200  1780  0.651833333333  -4.02789052111  12.1761944769
50  1.4  200  1780  0.652  -4.38330210363  11.6122933314
50  1.4  200  1780  0.652166666667  -4.7192071339  11.0586383683
50  1.4  200  1780  0.652333333333  -5.03483400339  10.5033416099
50  1.4  200  1780  0.6525  -5.32870702529  9.95443787344
50  1.4  200  1780  0.652666666667  -5.60064254071  9.38929988945
50  1.4  200  1780  0.652833333333  -5.85028902351  8.79182735078
50  1.4  200  1780  0.653  -6.0761528899  8.17729012477
50  1.4  200  1780  0.653166666667  -6.27898100595  7.50650202134
50  1.4  200  1780  0.653333333333  -6.45110674029  6.95651083557
50  1.4  200  1780  0.6535  -6.60157712381  6.28243828498
50  1.4  200  1780  0.653666666667  -6.72883006148  5.51153835856
50  1.4  200  1780  0.653833333333  -6.82170244111  4.91764038142
50  1.4  200  1780  0.654  -6.89177332854  4.19967019427
50  1.4  200  1780  0.654166666667  -6.92977949006  3.58872337389
50  1.4  200  1780  0.654333333333  -6.95002626345  2.72004564767
50  1.4  200  1780  0.6545  -6.93148941045  2.12905136028
50  1.4  200  1780  0.654666666667  -6.88519048923  1.5399834937
50  1.4  200  1780  0.654833333333  -6.81594794342  0.837419466844
50  1.4  200  1780  0.655  -6.72011100351  0.123802549658
50  1.4  200  1780  0.655166666667  -6.59783443222  -0.592375005839
50  1.4  200  1780  0.655333333333  -6.45047858864  -1.33058262323
50  1.4  200  1780  0.6555  -6.27862315179  -2.08785950753
50  1.4  200  1780  0.655666666667  -6.08784532675  -2.98565087579
50  1.4  200  1780  0.655833333333  -5.87211251894  -3.84806166542
50  1.4  200  1780  0.656  -5.63189030494  -4.66188844951
50  1.4  200  1780  0.656166666667  -5.36859944486  -5.43592633019
50  1.4  200  1780  0.656333333333  -5.08422281174  -6.19109265476
50  1.4  200  1780  0.6565  -4.78000840172  -6.92759969043
50  1.4  200  1780  0.656666666667  -4.45723441948  -7.64451205919
50  1.4  200  1780  0.656833333333  -4.11812049898  -8.36302356525
50  1.4  200  1780  0.657  -3.76599141867  -9.1307544201
50  1.4  200  1780  0.657166666667  -3.39292158907  -9.70806657627
50  1.4  200  1780  0.657333333333  -3.01449113962  -10.4510195951
50  1.4  200  1780  0.6575  -2.6213710961  -11.0817907359
50  1.4  200  1780  0.657666666667  -2.22469390103  -11.841247457
50  1.4  200  1780  0.657833333333  -1.81265653958  -12.3868321596
50  1.4  200  1780  0.658  -1.39607680153  -12.9498600011
50  1.4  200  1780  0.658166666667  -0.980619565666  -13.630238021
50  1.4  200  1780  0.658333333333  -0.562581572251  -14.2895719352
50  1.4  200  1780  0.6585  -0.144545400164  -14.9489521111
50  1.4  200  1780  0.658666666667  0.271076490027  -15.6251479111
50  1.4  200  1780  0.658833333333  0.689165070421  -16.1498511569
50  1.4  200  1780  0.659  1.10690869862  -16.5504966844
50  1.4  200  1780  0.659166666667  1.52337790191  -16.8072363965
50  1.4  200  1780  0.659333333333  1.9353692812  -16.9586756087
50  1.4  200  1780  0.6595  2.33874500903  -17.0680185568
50  1.4  200  1780  0.659666666667  2.73198706213  -17.132956236
50  1.4  200  1780  0.659833333333  3.11510670907  -17.1135266985
50  1.4  200  1780  0.66  3.48649606509  -17.0122421422
50  1.4  200  1780  0.660166666667  3.84434839866  -16.8381643872
50  1.4  200  1780  0.660333333333  4.18767944296  -16.5811089122
50  1.4  200  1780  0.6605  4.51528251949  -16.2383235743
50  1.4  200  1780  0.660666666667  4.82504417924  -15.8320031433
50  1.4  200  1780  0.660833333333  5.1161778263  -15.3526795277
50  1.4  200  1780  0.661  5.38937450115  -14.7555080945
50  1.4  200  1780  0.661166666667  5.64082902179  -14.1121113946
50  1.4  200  1780  0.661333333333  5.87297309594  -13.3380568914
50  1.4  200  1780  0.6615  6.07996967487  -12.5613898309
50  1.4  200  1780  0.661666666667  6.27013304415  -11.5532427174
50  1.4  200  1780  0.661833333333  6.42723036278  -10.7108460152
50  1.4  200  1780  0.662  6.56200317197  -9.74894135205
50  1.4  200  1780  0.662166666667  6.67398286528  -8.66971760743
50  1.4  200  1780  0.662333333333  6.76280527411  -7.47545877675
50  1.4  200  1780  0.6625  6.82724935802  -6.19298872769
50  1.4  200  1780  0.662666666667  6.87249435249  -4.689356186
50  1.4  200  1780  0.662833333333  6.89210390867  -3.12944310554
50  1.4  200  1780  0.663  6.88412148004  -1.56713632705
50  1.4  200  1780  0.663166666667  6.84819768207  -0.0182761051565
50  1.4  200  1780  0.663333333333  6.78414883635  1.50275840439
50  1.4  200  1780  0.6635  6.69196393245  2.98326431169
50  1.4  200  1780  0.663666666667  6.57449097451  4.48049722409
50  1.4  200  1780  0.663833333333  6.42653791153  5.84489440494
50  1.4  200  1780  0.664  6.24852965193  7.06703273548
50  1.4  200  1780  0.664166666667  6.05443794258  8.47912742583
50  1.4  200  1780  0.664333333333  5.8263754955  9.60181228964
50  1.4  200  1780  0.6645  5.56431629824  10.407134406
50  1.4  200  1780  0.664666666667  5.283479235  11.2522058054
50  1.4  200  1780  0.664833333333  4.99007882295  12.2633883898
50  1.4  200  1780  0.665  4.66788184814  12.9949567473
50  1.4  200  1780  0.665166666667  4.32499043998  13.6175200667
50  1.4  200  1780  0.665333333333  3.96965695143  14.3038589522
50  1.4  200  1780  0.6655  3.59455888565  14.8296539095
50  1.4  200  1780  0.665666666667  3.20359516104  15.254261739
50  1.4  200  1780  0.665833333333  2.80018648895  15.6237017144
50  1.4  200  1780  0.666  2.38753466258  15.9774028004
50  1.4  200  1780  0.666166666667  1.96588926045  16.2789432699
50  1.4  200  1780  0.666333333333  1.53506660068  16.4802008994
50  1.4  200  1780  0.6665  1.09736827381  16.5956552079
50  1.4  200  1780  0.666666666667  0.655661505963  16.6538022515
50  1.4  200  1780  0.666833333333  0.212012561142  16.662618
50  1.4  200  1780  0.667  -0.233206182583  16.5870537202
50  1.4  200  1780  0.667166666667  -0.68356983338  16.2919701778
50  1.4  200  1780  0.667333333333  -1.1408033893  15.6895715411
50  1.4  200  1780  0.6675  -1.59170307809  15.0717769214
50  1.4  200  1780  0.667666666667  -2.03073566257  14.536369522
50  1.4  200  1780  0.667833333333  -2.45858861309  14.0239910135
50  1.4  200  1780  0.668  -2.87457558636  13.5112077205
50  1.4  200  1780  0.668166666667  -3.27720498382  12.9962305197
50  1.4  200  1780  0.668333333333  -3.66316334422  12.5248932524
50  1.4  200  1780  0.6685  -4.03410806256  12.0182689241
50  1.4  200  1780  0.668666666667  -4.38652648631  11.5303940113
50  1.4  200  1780  0.668833333333  -4.71804173451  11.0882395129
50  1.4  200  1780  0.669  -5.0338425829  10.5285236904
50  1.4  200  1780  0.669166666667  -5.32862880091  9.95642477256
50  1.4  200  1780  0.669333333333  -5.59803511912  9.45552839789
50  1.4  200  1780  0.6695  -5.85049851653  8.78650622817
50  1.4  200  1780  0.669666666667  -6.07902134468  8.10443137359
50  1.4  200  1780  0.669833333333  -6.273933014  7.63472101688
50  1.4  200  1780  0.67  -6.45469954658  6.86525355566
50  1.4  200  1780  0.670166666667  -6.60561357516  6.17991242079
50  1.4  200  1780  0.670333333333  -6.72203385375  5.68416203492
50  1.4  200  1780  0.6705  -6.82245434289  4.89854207627
50  1.4  200  1780  0.670666666667  -6.89206644086  4.1922251413
50  1.4  200  1780  0.670833333333  -6.92621498699  3.6792617519
50  1.4  200  1780  0.671  -6.93703969419  3.04990450683
50  1.4  200  1780  0.671166666667  -6.92049587968  2.40828704171
50  1.4  200  1780  0.671333333333  -6.8790254785  1.69657476612
50  1.4  200  1780  0.6715  -6.81150530758  0.950262417302
50  1.4  200  1780  0.671666666667  -6.71748317534  0.190549385216
50  1.4  200  1780  0.671833333333  -6.602239348  -0.704259866755
50  1.4  200  1780  0.672  -6.46011160192  -1.57526116039
50  1.4  200  1780  0.672166666667  -6.29085265591  -2.39848891227
50  1.4  200  1780  0.672333333333  -6.09600257578  -3.19284500125
50  1.4  200  1780  0.6725  -5.87634828618  -3.95565015336
50  1.4  200  1780  0.672666666667  -5.63399514646  -4.71535142406
50  1.4  200  1780  0.672833333333  -5.36982045743  -5.46694004938
50  1.4  200  1780  0.673  -5.08424731937  -6.19171514854
50  1.4  200  1780  0.673166666667  -4.7815995801  -6.96801562136
50  1.4  200  1780  0.673333333333  -4.45823871372  -7.67002113307
50  1.4  200  1780  0.6735  -4.11744823836  -8.34594814551
50  1.4  200  1780  0.673666666667  -3.7629951534  -9.05464928229
50  1.4  200  1780  0.673833333333  -3.39418848472  -9.74024572573
50  1.4  200  1780  0.674  -3.01502790581  -10.4646534563
50  1.4  200  1780  0.674166666667  -2.62442594441  -11.159383883
50  1.4  200  1780  0.674333333333  -2.22170140318  -11.7652380116
50  1.4  200  1780  0.6745  -1.81490374224  -12.4439111072
50  1.4  200  1780  0.674666666667  -1.40054117107  -13.0632549875
50  1.4  200  1780  0.674833333333  -0.984122805796  -13.7192203202
50  1.4  200  1780  0.675  -0.56550585361  -14.3638486817
50  1.4  200  1780  0.675166666667  -0.156441625617  -15.2511162376
50  1.4  200  1780  0.675333333333  0.26140241061  -15.8708695283
50  1.4  200  1780  0.6755  0.681641958499  -16.3409381998
50  1.4  200  1780  0.675666666667  1.10201756374  -16.6747315101
50  1.4  200  1780  0.675833333333  1.51624301009  -16.9884626487
50  1.4  200  1780  0.676  1.92941630699  -17.1098811537
50  1.4  200  1780  0.676166666667  2.33540299649  -17.1529056753
50  1.4  200  1780  0.676333333333  2.73094874569  -17.1593294734
50  1.4  200  1780  0.6765  3.1140786539  -17.1396392998
50  1.4  200  1780  0.676666666667  3.48454489071  -17.0618019713
50  1.4  200  1780  0.676833333333  3.8412862921  -16.9159418938
50  1.4  200  1780  0.677  4.18521717185  -16.6436505985
50  1.4  200  1780  0.677166666667  4.51338296881  -16.2865721616
50  1.4  200  1780  0.677333333333  4.8238234204  -15.8630104179
50  1.4  200  1780  0.6775  5.11566533446  -15.3656968205
50  1.4  200  1780  0.677666666667  5.38856245465  -14.7761340755
50  1.4  200  1780  0.677833333333  5.64074871488  -14.1141511901
50  1.4  200  1780  0.678  5.87290672595  -13.3397426891
50  1.4  200  1780  0.678166666667  6.08171183634  -12.5171389295
50  1.4  200  1780  0.678333333333  6.26709073038  -11.6305174873
50  1.4  200  1780  0.6785  6.4328320932  -10.5685620626
50  1.4  200  1780  0.678666666667  6.5746168476  -9.428553991
50  1.4  200  1780  0.678833333333  6.69037763154  -8.25329054456
50  1.4  200  1780  0.679  6.78161317095  -6.99773819699
50  1.4  200  1780  0.679166666667  6.8477123499  -5.67322873394
50  1.4  200  1780  0.679333333333  6.88822853577  -4.28970793071
50  1.4  200  1780  0.6795  6.90284681024  -2.85657340554
50  1.4  200  1780  0.679666666667  6.89112400067  -1.38927230309
50  1.4  200  1780  0.679833333333  6.85278793336  0.0983162774619
50  1.4  200  1780  0.68  6.78714760548  1.57892714026
50  1.4  200  1780  0.680166666667  6.69458483895  3.04983533684
50  1.4  200  1780  0.680333333333  6.57532470061  4.50167386723
50  1.4  200  1780  0.6805  6.4275832337  5.871445588
50  1.4  200  1780  0.680666666667  6.25230776489  7.16299680455
50  1.4  200  1780  0.680833333333  6.0530814877  8.44467347176
50  1.4  200  1780  0.681  5.82579386976  9.58703899575
50  1.4  200  1780  0.681166666667  5.57324577208  10.6339430415
50  1.4  200  1780  0.681333333333  5.29513406358  11.5482384515
50  1.4  200  1780  0.6815  5.00033736804  12.5239554352
50  1.4  200  1780  0.681666666667  4.67969558912  13.2950257682
50  1.4  200  1780  0.681833333333  4.33478396026  13.8662754818
50  1.4  200  1780  0.682  3.97367408012  14.4058940211
50  1.4  200  1780  0.682166666667  3.59724458739  14.8978707338
50  1.4  200  1780  0.682333333333  3.20669276015  15.3329407566
50  1.4  200  1780  0.6825  2.80344234753  15.7064005222
50  1.4  200  1780  0.682666666667  2.38907885194  16.0166252101
50  1.4  200  1780  0.682833333333  1.96575286831  16.2754789093
50  1.4  200  1780  0.683  1.53436524353  16.4623864279
50  1.4  200  1780  0.683166666667  1.09664459368  16.5772737324
50  1.4  200  1780  0.683333333333  0.654556890171  16.6257450103
50  1.4  200  1780  0.6835  0.210097890231  16.6139853588
50  1.4  200  1780  0.683666666667  -0.234787533684  16.5468874022
50  1.4  200  1780  0.683833333333  -0.684507159601  16.2681620918
50  1.4  200  1780  0.684  -1.14078689294  15.6899905484
50  1.4  200  1780  0.684166666667  -1.59085085789  15.0934233145
50  1.4  200  1780  0.684333333333  -2.03077312187  14.5354180557
50  1.4  200  1780  0.6845  -2.45886387433  14.0169993779
50  1.4  200  1780  0.684666666667  -2.8740768401  13.5238758754
50  1.4  200  1780  0.684833333333  -3.2754319118  13.0412665491
50  1.4  200  1780  0.685  -3.66186625235  12.5578393859
50  1.4  200  1780  0.685166666667  -4.03222272531  12.0661564903
50  1.4  200  1780  0.685333333333  -4.38528292421  11.5619804887
50  1.4  200  1780  0.6855  -4.71983548591  11.0426782272
50  1.4  200  1780  0.685666666667  -5.0346994697  10.5067587656
50  1.4  200  1780  0.685833333333  -5.32873960881  9.95361025195
50  1.4  200  1780  0.686  -5.60089909745  9.38278334844
50  1.4  200  1780  0.686166666667  -5.85022680743  8.79340763913
50  1.4  200  1780  0.686333333333  -6.0757928373  8.18643546086
50  1.4  200  1780  0.6865  -6.27674600037  7.56327116317
50  1.4  200  1780  0.686666666667  -6.45239525951  6.92378244731
50  1.4  200  1780  0.686833333333  -6.60213929848  6.26815904838
50  1.4  200  1780  0.687  -6.72543576652  5.59775345049
50  1.4  200  1780  0.687166666667  -6.82197498855  4.91071767646
50  1.4  200  1780  0.687333333333  -6.89125231516  4.212903934
50  1.4  200  1780  0.6875  -6.93359530344  3.49180171411
50  1.4  200  1780  0.687666666667  -6.94837507701  2.7619857832
50  1.4  200  1780  0.687833333333  -6.93634556302  2.00570508495
50  1.4  200  1780  0.688  -6.89737097045  1.23059927078
50  1.4  200  1780  0.688166666667  -6.83129249819  0.447667775771
50  1.4  200  1780  0.688333333333  -6.72474566532  0.00608213982379
50  1.4  200  1780  0.6885  -6.60731272997  -0.833123768829
50  1.4  200  1780  0.688666666667  -6.46600172256  -1.72487022479
50  1.4  200  1780  0.688833333333  -6.29027363454  -2.38378176928
50  1.4  200  1780  0.689  -6.09492275672  -3.16541759713
50  1.4  200  1780  0.689166666667  -5.86918302792  -3.77365259358
50  1.4  200  1780  0.689333333333  -5.62368667395  -4.45351622235
50  1.4  200  1780  0.6895  -5.35798052523  -5.16620577144
50  1.4  200  1780  0.689666666667  -5.07244691028  -5.89198475759
50  1.4  200  1780  0.689833333333  -4.7679564325  -6.62147967238
50  1.4  200  1780  0.69  -4.44993378862  -7.45907603545
50  1.4  200  1780  0.690166666667  -4.11437703782  -8.26793965173
50  1.4  200  1780  0.690333333333  -3.76188785685  -9.02652395009
50  1.4  200  1780  0.6905  -3.39443960682  -9.74662422715
50  1.4  200  1780  0.690666666667  -3.01411569673  -10.4414833458
50  1.4  200  1780  0.690833333333  -2.62292285328  -11.1212053683
50  1.4  200  1780  0.691  -2.22260676307  -11.7882341528
50  1.4  200  1780  0.691166666667  -1.81470676895  -12.4389079856
50  1.4  200  1780  0.691333333333  -1.40145351604  -13.0864285497
50  1.4  200  1780  0.6915  -0.985278512285  -13.7485752651
50  1.4  200  1780  0.691666666667  -0.566887826134  -14.3989507838
50  1.4  200  1780  0.691833333333  -0.156805946634  -15.2603699915
50  1.4  200  1780  0.692  0.26034439694  -15.8977430755
50  1.4  200  1780  0.692166666667  0.680241695354  -16.3765048836
50  1.4  200  1780  0.692333333333  1.10213500748  -16.6717484393
50  1.4  200  1780  0.6925  1.51844554512  -16.9325182589
50  1.4  200  1780  0.692666666667  1.93193645202  -17.0458694699
50  1.4  200  1780  0.692833333333  2.33399348053  -17.1887073806
50  1.4  200  1780  0.693  2.73164585775  -17.141622827
50  1.4  200  1780  0.693166666667  3.11396511056  -17.1425233007
50  1.4  200  1780  0.693333333333  3.48308299843  -17.0989340354
50  1.4  200  1780  0.6935  3.83909342084  -16.9716408237
50  1.4  200  1780  0.693666666667  4.1846462549  -16.658151889
50  1.4  200  1780  0.693833333333  4.51008026703  -16.3704607867
50  1.4  200  1780  0.694  4.81809857308  -16.0084215398
50  1.4  200  1780  0.694166666667  5.10743797986  -15.5746716272
50  1.4  200  1780  0.694333333333  5.38348555001  -14.9050874533
50  1.4  200  1780  0.6945  5.63730005762  -14.2017470845
50  1.4  200  1780  0.694666666667  5.87053912929  -13.3998796445
50  1.4  200  1780  0.694833333333  6.0796827466  -12.5686778088
50  1.4  200  1780  0.695  6.26887501651  -11.5851966195
50  1.4  200  1780  0.695166666667  6.43051826145  -10.627333389
50  1.4  200  1780  0.695333333333  6.56685454917  -9.62571637109
50  1.4  200  1780  0.6955  6.6776873508  -8.5756236753
50  1.4  200  1780  0.695666666667  6.76422561144  -7.43938220848
50  1.4  200  1780  0.695833333333  6.8266825171  -6.20738648709
50  1.4  200  1780  0.696  6.87413852021  -4.64759432575
50  1.4  200  1780  0.696166666667  6.89287564226  -3.1098410722
50  1.4  200  1780  0.696333333333  6.88506137941  -1.54326288312
50  1.4  200  1780  0.6965  6.84727551577  -0.0416991291551
50  1.4  200  1780  0.696666666667  6.78567474941  1.54151659621
50  1.4  200  1780  0.696833333333  6.69037767112  2.94297327401
50  1.4  200  1780  0.697  6.57551099292  4.5064056917
50  1.4  200  1780  0.697166666667  6.41935231007  5.66238012776
50  1.4  200  1780  0.697333333333  6.23833571011  6.80810661313
50  1.4  200  1780  0.6975  6.03334759547  7.94343260921
50  1.4  200  1780  0.697666666667  5.80770692959  9.12763071541
50  1.4  200  1780  0.697833333333  5.55504495989  10.1716424119
50  1.4  200  1780  0.698  5.27869125639  11.1305911487
50  1.4  200  1780  0.698166666667  4.98562840522  12.1503477795
50  1.4  200  1780  0.698333333333  4.66956488816  13.0377059637
50  1.4  200  1780  0.6985  4.33365358761  13.8375640164
50  1.4  200  1780  0.698666666667  3.97388832542  14.4113358517
50  1.4  200  1780  0.698833333333  3.60392740182  15.0676142201
50  1.4  200  1780  0.699  3.21357513179  15.5077529961
50  1.4  200  1780  0.699166666667  2.80771730417  15.8149844208
50  1.4  200  1780  0.699333333333  2.39164323147  16.0817604501
50  1.4  200  1780  0.6995  1.96680643175  16.3022394208
50  1.4  200  1780  0.699666666667  1.53488340823  16.4755478113
50  1.4  200  1780  0.699833333333  1.09721221613  16.5916913427
50  1.4  200  1780  0.7  0.655633576327  16.6530928387
50  1.4  200  1780  0.700166666667  0.210936464869  16.6352851546
50  1.4  200  1780  0.700333333333  -0.234281843199  16.5597319405
50  1.4  200  1780  0.7005  -0.684214863525  16.2755864121
50  1.4  200  1780  0.700666666667  -1.14063462851  15.693858065
50  1.4  200  1780  0.700833333333  -1.59084932354  15.0934622871
50  1.4  200  1780  0.701  -2.03088046941  14.5326914282
50  1.4  200  1780  0.701166666667  -2.45909492655  14.0111306516
50  1.4  200  1780  0.701333333333  -2.8742910377  13.5184352563
50  1.4  200  1780  0.7015  -3.27568616319  13.034808564
50  1.4  200  1780  0.701666666667  -3.66202689935  12.5537589519
50  1.4  200  1780  0.701833333333  -4.03254894213  12.057870583
50  1.4  200  1780  0.702  -4.38621308677  11.5383543595
50  1.4  200  1780  0.702166666667  -4.72204737605  10.9864962178
50  1.4  200  1780  0.702333333333  -5.03203031026  10.5745554154
50  1.4  200  1780  0.7025  -5.32715535236  9.99385036579
50  1.4  200  1780  0.702666666667  -5.60378994157  9.30935590769
50  1.4  200  1780  0.702833333333  -5.84854814117  8.83604576211
50  1.4  200  1780  0.703  -6.07473666946  8.213262124
50  1.4  200  1780  0.703166666667  -6.27189121823  7.68658262936
50  1.4  200  1780  0.703333333333  -6.44352406634  7.14911075375
50  1.4  200  1780  0.7035  -6.58928351108  6.59469604841
50  1.4  200  1780  0.703666666667  -6.7106743047  5.97269458063
50  1.4  200  1780  0.703833333333  -6.80678610996  5.29651519255
50  1.4  200  1780  0.704  -6.87652912749  4.58687290082
50  1.4  200  1780  0.704166666667  -6.92467918549  3.71827110987
50  1.4  200  1780  0.704333333333  -6.94349680946  2.88589377898
50  1.4  200  1780  0.7045  -6.9331546374  2.08675459579
50  1.4  200  1780  0.704666666667  -6.89512779497  1.28757592795
50  1.4  200  1780  0.704833333333  -6.82509520588  0.605079000493
50  1.4  200  1780  0.705  -6.73134384088  -0.161511519561
50  1.4  200  1780  0.705166666667  -6.61370490727  -0.995485072081
50  1.4  200  1780  0.705333333333  -6.46452816725  -1.68744191991
50  1.4  200  1780  0.7055  -6.28577239506  -2.26945028666
50  1.4  200  1780  0.705666666667  -6.08711493038  -2.9670988081
50  1.4  200  1780  0.705833333333  -5.8657615422  -3.68674685619
50  1.4  200  1780  0.706  -5.62118799855  -4.39004986702
50  1.4  200  1780  0.706166666667  -5.35894591036  -5.19072655364
50  1.4  200  1780  0.706333333333  -5.07824822833  -6.03933823613
50  1.4  200  1780  0.7065  -4.77960419257  -6.91733277813
50  1.4  200  1780  0.706666666667  -4.45856702486  -7.67836023592
50  1.4  200  1780  0.706833333333  -4.11961726663  -8.40104146356
50  1.4  200  1780  0.707  -3.76597892713  -9.1304371351
50  1.4  200  1780  0.707166666667  -3.39093008766  -9.65748244059
50  1.4  200  1780  0.707333333333  -3.00697031571  -10.2599906677
50  1.4  200  1780  0.7075  -2.61515402183  -10.9238770495
50  1.4  200  1780  0.707666666667  -2.21389809881  -11.5670340806
50  1.4  200  1780  0.707833333333  -1.80524465125  -12.1985701962
50  1.4  200  1780  0.708  -1.39168669299  -12.8383512443
50  1.4  200  1780  0.708166666667  -0.978477283842  -13.5758240626
50  1.4  200  1780  0.708333333333  -0.564887221423  -14.3481354241
50  1.4  200  1780  0.7085  -0.155653670496  -15.2311021776
50  1.4  200  1780  0.708666666667  0.259873073059  -15.9097147021
50  1.4  200  1780  0.708833333333  0.680812694485  -16.3620015057
50  1.4  200  1780  0.709  1.10111982295  -16.6975341263
50  1.4  200  1780  0.709166666667  1.52106818106  -16.8659033061
50  1.4  200  1780  0.709333333333  1.93275731015  -17.0250196735
50  1.4  200  1780  0.7095  2.33475961126  -17.16924766
50  1.4  200  1780  0.709666666667  2.72941788048  -17.1982134497
50  1.4  200  1780  0.709833333333  3.11317934501  -17.1624817456
50  1.4  200  1780  0.71  3.48423652028  -17.0696345804
50  1.4  200  1780  0.710166666667  3.84315988605  -16.8683526075
50  1.4  200  1780  0.710333333333  4.1870155287  -16.5979723346
50  1.4  200  1780  0.7105  4.5142333439  -16.2649726344
50  1.4  200  1780  0.710666666667  4.82343313601  -15.8729236414
50  1.4  200  1780  0.710833333333  5.11353564049  -15.4197910472
50  1.4  200  1780  0.711  5.39050180923  -14.726874469
50  1.4  200  1780  0.711166666667  5.64246375243  -14.0705892362
50  1.4  200  1780  0.711333333333  5.86764896418  -13.4732898381
50  1.4  200  1780  0.7115  6.07234266375  -12.7551159132
50  1.4  200  1780  0.711666666667  6.25661002642  -11.8967273678
50  1.4  200  1780  0.711833333333  6.41897409207  -10.9205552913
50  1.4  200  1780  0.712  6.55715154397  -9.87217270335
50  1.4  200  1780  0.712166666667  6.67680141422  -8.59812646436
50  1.4  200  1780  0.712333333333  6.77216722548  -7.23766521188
50  1.4  200  1780  0.7125  6.84156288265  -5.82942520218
50  1.4  200  1780  0.712666666667  6.88430806869  -4.38928779436
50  1.4  200  1780  0.712833333333  6.90085726261  -2.90710791523
50  1.4  200  1780  0.713  6.89005704041  -1.41637309374
50  1.4  200  1780  0.713166666667  6.85145592998  0.0644833917992
50  1.4  200  1780  0.713333333333  6.78728880943  1.58251372062
50  1.4  200  1780  0.7135  6.69464986974  3.05148711897
50  1.4  200  1780  0.713666666667  6.57326884301  4.4494550842
50  1.4  200  1780  0.713833333333  6.42187237519  5.72638978191
50  1.4  200  1780  0.714  6.25581678932  7.25212602522
50  1.4  200  1780  0.714166666667  6.05437614183  8.47755768674
50  1.4  200  1780  0.714333333333  5.81942598474  9.42529471623
50  1.4  200  1780  0.7145  5.56232050303  10.3564412076
50  1.4  200  1780  0.714666666667  5.28368541546  11.257442789
50  1.4  200  1780  0.714833333333  4.98456790017  12.1234109512
50  1.4  200  1780  0.715  4.66502628923  12.9224255509
50  1.4  200  1780  0.715166666667  4.32869437059  13.711599904
50  1.4  200  1780  0.715333333333  3.9732575864  14.3953150804
50  1.4  200  1780  0.7155  3.59997950823  14.9673377229
50  1.4  200  1780  0.715666666667  3.21048850178  15.4293525939
50  1.4  200  1780  0.715833333333  2.80881483303  15.8428616539
50  1.4  200  1780  0.716  2.39370655137  16.1341687755
50  1.4  200  1780  0.716166666667  1.96709186176  16.309489343
50  1.4  200  1780  0.716333333333  1.53700718733  16.5294918005
50  1.4  200  1780  0.7165  1.09854222322  16.6254735228
50  1.4  200  1780  0.716666666667  0.655918662875  16.660334037
50  1.4  200  1780  0.716833333333  0.21187510397  16.6591265878
50  1.4  200  1780  0.717  -0.231766231049  16.6236284891
50  1.4  200  1780  0.717166666667  -0.681521694851  16.3439928964
50  1.4  200  1780  0.717333333333  -1.13914073445  15.7318029742
50  1.4  200  1780  0.7175  -1.59047468009  15.1029782308
50  1.4  200  1780  0.717666666667  -2.03099823533  14.529700174
50  1.4  200  1780  0.717833333333  -2.45989113803  13.9909068801
50  1.4  200  1780  0.718  -2.87279748791  13.5563714211
50  1.4  200  1780  0.718166666667  -3.27655131564  13.0128336915
50  1.4  200  1780  0.718333333333  -3.65504876184  12.7310036447
50  1.4  200  1780  0.7185  -4.02251217687  12.3128044206
50  1.4  200  1780  0.718666666667  -4.37507387865  11.8212902458
50  1.4  200  1780  0.718833333333  -4.70886381922  11.3213585612
50  1.4  200  1780  0.719  -5.02266464847  10.8124432249
50  1.4  200  1780  0.719166666667  -5.32025384746  10.1691485903
50  1.4  200  1780  0.719333333333  -5.5965192268  9.49403206273
50  1.4  200  1780  0.7195  -5.84890681617  8.82693541727
50  1.4  200  1780  0.719666666667  -6.07536555902  8.19728832919
50  1.4  200  1780  0.719833333333  -6.27778813199  7.53680101983
50  1.4  200  1780  0.72  -6.45729543542  6.79931797913
50  1.4  200  1780  0.720166666667  -6.5982390681  6.36722490015
50  1.4  200  1780  0.720333333333  -6.71655562169  5.82330912907
50  1.4  200  1780  0.7205  -6.81267853895  5.14684749634
50  1.4  200  1780  0.720666666667  -6.87926782868  4.51730989064
50  1.4  200  1780  0.720833333333  -6.91858706802  3.87301089361
50  1.4  200  1780  0.721  -6.9325049259  3.16508762133
50  1.4  200  1780  0.721166666667  -6.9197153962  2.42811132213
50  1.4  200  1780  0.721333333333  -6.88536495337  1.53555210458
50  1.4  200  1780  0.7215  -6.8221462913  0.679981430808
50  1.4  200  1780  0.721666666667  -6.73055461805  -0.141465259544
50  1.4  200  1780  0.721833333333  -6.61140320625  -0.937021866288
50  1.4  200  1780  0.722  -6.46489679277  -1.6968050081
50  1.4  200  1780  0.722166666667  -6.29231542644  -2.43564328359
50  1.4  200  1780  0.722333333333  -6.09568574888  -3.18479759794
50  1.4  200  1780  0.7225  -5.87694980641  -3.97092876701
50  1.4  200  1780  0.722666666667  -5.63209669193  -4.66713067902
50  1.4  200  1780  0.722833333333  -5.36997756713  -5.47093063578
50  1.4  200  1780  0.723  -5.08286885578  -6.15670217318
50  1.4  200  1780  0.723166666667  -4.78313262101  -7.00695486054
50  1.4  200  1780  0.723333333333  -4.45000921437  -7.46099184945
50  1.4  200  1780  0.7235  -4.10878491656  -8.1258997718
50  1.4  200  1780  0.723666666667  -3.75411639771  -8.82912888791
50  1.4  200  1780  0.723833333333  -3.38551183326  -9.51985877879
50  1.4  200  1780  0.724  -3.00398524239  -10.1841698054
50  1.4  200  1780  0.724166666667  -2.61224053065  -10.8498743735
50  1.4  200  1780  0.724333333333  -2.21539030133  -11.6049360246
50  1.4  200  1780  0.7245  -1.81109674591  -12.3472134005
50  1.4  200  1780  0.724666666667  -1.40017876067  -13.0540497633
50  1.4  200  1780  0.724833333333  -0.984148576202  -13.7198748885
50  1.4  200  1780  0.725  -0.567768867027  -14.4213292225
50  1.4  200  1780  0.725166666667  -0.157287461525  -15.2726004697
50  1.4  200  1780  0.725333333333  0.259580292723  -15.9171513226
50  1.4  200  1780  0.7255  0.683764106617  -16.2870356376
50  1.4  200  1780  0.725666666667  1.10530423022  -16.5912501815
50  1.4  200  1780  0.725833333333  1.5226733732  -16.8251314257
50  1.4  200  1780  0.726  1.93376993909  -16.9992988983
50  1.4  200  1780  0.726166666667  2.33696294585  -17.1132829615
50  1.4  200  1780  0.726333333333  2.73142506611  -17.1472309348
50  1.4  200  1780  0.7265  3.11512331142  -17.1131049987
50  1.4  200  1780  0.726666666667  3.48642758136  -17.013981629
50  1.4  200  1780  0.726833333333  3.84388361952  -16.8499697774
50  1.4  200  1780  0.727  4.18840716217  -16.5626248445
50  1.4  200  1780  0.727166666667  4.51494955334  -16.2467809146
50  1.4  200  1780  0.727333333333  4.8228989963  -15.8864907901
50  1.4  200  1780  0.7275  5.1178377531  -15.3105173869
50  1.4  200  1780  0.727666666667  5.38550764397  -14.8537262668
50  1.4  200  1780  0.727833333333  5.63390562526  -14.2879656664
50  1.4  200  1780  0.728  5.86214677068  -13.6130455531
50  1.4  200  1780  0.728166666667  6.06955203983  -12.8259977608
50  1.4  200  1780  0.728333333333  6.25982174873  -11.8151496212
50  1.4  200  1780  0.7285  6.4268926035  -10.7194251009
50  1.4  200  1780  0.728666666667  6.56924823416  -9.56491677248
50  1.4  200  1780  0.728833333333  6.68718830345  -8.334299478
50  1.4  200  1780  0.729  6.77922419289  -7.05841823978
50  1.4  200  1780  0.729166666667  6.84400902541  -5.76729317594
50  1.4  200  1780  0.729333333333  6.8885914635  -4.28048956634
50  1.4  200  1780  0.7295  6.90307805032  -2.85069990746
50  1.4  200  1780  0.729666666667  6.88101420463  -1.64606112249
50  1.4  200  1780  0.729833333333  6.83848735498  -0.264918413427
50  1.4  200  1780  0.73  6.76861935028  1.10830945828
50  1.4  200  1780  0.730166666667  6.67227067077  2.48305546499
50  1.4  200  1780  0.730333333333  6.55741241769  4.04670188095
50  1.4  200  1780  0.7305  6.41488551379  5.54892350239
50  1.4  200  1780  0.730666666667  6.24581540157  6.99809077618
50  1.4  200  1780  0.730833333333  6.04580357616  8.25981451887
50  1.4  200  1780  0.731  5.82366412559  9.53294349401
50  1.4  200  1780  0.731166666667  5.57283780541  10.6235806881
50  1.4  200  1780  0.731333333333  5.29748235212  11.6078849802
50  1.4  200  1780  0.7315  4.99867413828  12.4817093992
50  1.4  200  1780  0.731666666667  4.67767044443  13.2435870929
50  1.4  200  1780  0.731833333333  4.3369864968  13.9222199099
50  1.4  200  1780  0.732  3.97931329288  14.5491300253
50  1.4  200  1780  0.732166666667  3.60449187823  15.0819519211
50  1.4  200  1780  0.732333333333  3.21351090756  15.5061217008
50  1.4  200  1780  0.7325  2.81025529714  15.8794494424
50  1.4  200  1780  0.732666666667  2.39262743955  16.1067593354
50  1.4  200  1780  0.732833333333  1.96988185223  16.380355101
50  1.4  200  1780  0.733  1.53689593308  16.5266659425
50  1.4  200  1780  0.733166666667  1.09837689294  16.6212741338
50  1.4  200  1780  0.733333333333  0.656302178372  16.6700753307
50  1.4  200  1780  0.7335  0.212360387067  16.6714527785
50  1.4  200  1780  0.733666666667  -0.233091982055  16.5899544136
50  1.4  200  1780  0.733833333333  -0.683449710462  16.2950212999
50  1.4  200  1780  0.734  -1.14025307532  15.7035495161
50  1.4  200  1780  0.734166666667  -1.59065307937  15.098446889
50  1.4  200  1780  0.734333333333  -2.03073582926  14.5363652881
50  1.4  200  1780  0.7345  -2.45911075748  14.010728546
50  1.4  200  1780  0.734666666667  -2.87480830127  13.5052967619
50  1.4  200  1780  0.734833333333  -3.27630851544  13.0190008167
50  1.4  200  1780  0.735  -3.66334730014  12.5202207719
50  1.4  200  1780  0.735166666667  -4.03146359254  12.0854384626
50  1.4  200  1780  0.735333333333  -4.38466004266  11.57780168
50  1.4  200  1780  0.7355  -4.71380761098  11.1957862506
50  1.4  200  1780  0.735666666667  -5.02563321577  10.7370416156
50  1.4  200  1780  0.735833333333  -5.31761504447  10.2361741861
50  1.4  200  1780  0.736  -5.58829377712  9.70295848468
50  1.4  200  1780  0.736166666667  -5.83679102161  9.13467659895
50  1.4  200  1780  0.736333333333  -6.06727800239  8.40271226754
50  1.4  200  1780  0.7365  -6.27247859269  7.67166331824
50  1.4  200  1780  0.736666666667  -6.45100656263  6.9590553481
50  1.4  200  1780  0.736833333333  -6.60266647906  6.2547686616
50  1.4  200  1780  0.737  -6.72658716819  5.56850784804
50  1.4  200  1780  0.737166666667  -6.82244418689  4.89880003862
50  1.4  200  1780  0.737333333333  -6.89323771145  4.16247486839
50  1.4  200  1780  0.7375  -6.9321733811  3.52791854155
50  1.4  200  1780  0.737666666667  -6.94034315257  2.9659966638
50  1.4  200  1780  0.737833333333  -6.9247489481  2.30025910393
50  1.4  200  1780  0.738  -6.88112551352  1.64323387659
50  1.4  200  1780  0.738166666667  -6.81158887472  0.948139812018
50  1.4  200  1780  0.738333333333  -6.71681332313  0.207563631236
50  1.4  200  1780  0.7385  -6.60171635281  -0.690975788994
50  1.4  200  1780  0.738666666667  -6.46006003271  -1.57395130239
50  1.4  200  1780  0.738833333333  -6.29124375882  -2.40842292611
50  1.4  200  1780  0.739  -6.09654168329  -3.20653833195
50  1.4  200  1780  0.739166666667  -5.87763836154  -3.98841806742
50  1.4  200  1780  0.739333333333  -5.63629409927  -4.77374482533
50  1.4  200  1780  0.7395  -5.36824941662  -5.42703561289
50  1.4  200  1780  0.739666666667  -5.08447747903  -6.19756120391
50  1.4  200  1780  0.739833333333  -4.77923125824  -6.90786024613
50  1.4  200  1780  0.74  -4.45363502942  -7.55308755185
50  1.4  200  1780  0.740166666667  -4.1180060362  -8.36011621055
50  1.4  200  1780  0.740333333333  -3.76639331309  -9.14096253855
50  1.4  200  1780  0.7405  -3.39239829642  -9.69477494313
50  1.4  200  1780  0.740666666667  -3.00653438348  -10.2489179891
50  1.4  200  1780  0.740833333333  -2.61204258622  -10.8448465851
50  1.4  200  1780  0.741  -2.21114957175  -11.4972214932
50  1.4  200  1780  0.741166666667  -1.80393263185  -12.1652449034
50  1.4  200  1780  0.741333333333  -1.39468839888  -12.9145945737
50  1.4  200  1780  0.7415  -0.981345879634  -13.6486863957
50  1.4  200  1780  0.741666666667  -0.566293919531  -14.3838655561
50  1.4  200  1780  0.741833333333  -0.156223530727  -15.2455766274
50  1.4  200  1780  0.742  0.259997733619  -15.9065483238
50  1.4  200  1780  0.742166666667  0.680959911405  -16.358262196
50  1.4  200  1780  0.742333333333  1.10174956277  -16.6815387349
50  1.4  200  1780  0.7425  1.51852301197  -16.9305506009
50  1.4  200  1780  0.742666666667  1.93277157343  -17.024657386
50  1.4  200  1780  0.742833333333  2.33587505255  -17.1409154512
50  1.4  200  1780  0.743  2.72801209873  -17.2339203063
50  1.4  200  1780  0.743166666667  3.11531903232  -17.1081336879
50  1.4  200  1780  0.743333333333  3.48623409239  -17.0188962489
50  1.4  200  1780  0.7435  3.84413767619  -16.843516738
50  1.4  200  1780  0.743666666667  4.18524815375  -16.6428636583
50  1.4  200  1780  0.743833333333  4.5100295924  -16.3717479224
50  1.4  200  1780  0.744  4.81803413064  -16.0100583777
50  1.4  200  1780  0.744166666667  5.10825238621  -15.553985706
50  1.4  200  1780  0.744333333333  5.3797601709  -14.9997120828
50  1.4  200  1780  0.7445  5.63440220109  -14.2753526403
50  1.4  200  1780  0.744666666667  5.86800888559  -13.4641478344
50  1.4  200  1780  0.744833333333  6.07902601232  -12.5853588595
50  1.4  200  1780  0.745  6.26735909084  -11.6237011316
50  1.4  200  1780  0.745166666667  6.43142102057  -10.6044033073
50  1.4  200  1780  0.745333333333  6.57153580277  -9.50681252971
50  1.4  200  1780  0.7455  6.68719461307  -8.33413921369
50  1.4  200  1780  0.745666666667  6.77935741691  -7.05503434961
50  1.4  200  1780  0.745833333333  6.84772999323  -5.67278059335
50  1.4  200  1780  0.746  6.88848712076  -4.28313987193
50  1.4  200  1780  0.746166666667  6.90263580878  -2.86193284255
50  1.4  200  1780  0.746333333333  6.88838208682  -1.45891691485
50  1.4  200  1780  0.7465  6.85573639574  0.173207222055
50  1.4  200  1780  0.746666666667  6.78723107138  1.58104717424
50  1.4  200  1780  0.746833333333  6.68455802234  2.79515419502
50  1.4  200  1780  0.747  6.5601715826  4.11678466958
50  1.4  200  1780  0.747166666667  6.41042309302  5.4355780147
50  1.4  200  1780  0.747333333333  6.23377090289  6.69216050994
50  1.4  200  1780  0.7475  6.036944602  8.03479657507
50  1.4  200  1780  0.747666666667  5.81514193256  9.31647979085
50  1.4  200  1780  0.747833333333  5.56682174915  10.4707728592
50  1.4  200  1780  0.748  5.29309586367  11.4964681737
50  1.4  200  1780  0.748166666667  4.99624908591  12.420113069
50  1.4  200  1780  0.748333333333  4.67598951634  13.2008915194
50  1.4  200  1780  0.7485  4.33616337972  13.901312736
50  1.4  200  1780  0.748666666667  3.97732421805  14.4986075244
50  1.4  200  1780  0.748833333333  3.60680931875  15.1408149102
50  1.4  200  1780  0.749  3.21248753387  15.480128009
50  1.4  200  1780  0.749166666667  2.80694390462  15.7953400723
50  1.4  200  1780  0.749333333333  2.39245822999  16.1024614126
50  1.4  200  1780  0.7495  1.96877289902  16.3521876894
50  1.4  200  1780  0.749666666667  1.53697762926  16.5287410255
50  1.4  200  1780  0.749833333333  1.09902785438  16.6378085544
50  1.4  200  1780  0.75  0.656796039696  16.6826194083
50  1.4  200  1780  0.750166666667  0.212687247939  16.6797550446
50  1.4  200  1780  0.750333333333  -0.231585030921  16.6282309724
50  1.4  200  1780  0.7505  -0.682118199086  16.3288416888
50  1.4  200  1780  0.750666666667  -1.13927333687  15.7284348728
50  1.4  200  1780  0.750833333333  -1.59043150483  15.1040748822
50  1.4  200  1780  0.751  -2.03091752963  14.5317500985
50  1.4  200  1780  0.751166666667  -2.45937433014  14.0040338004
50  1.4  200  1780  0.751333333333  -2.87448350857  13.5135464963
50  1.4  200  1780  0.7515  -3.27706554667  12.9997722234
50  1.4  200  1780  0.751666666667  -3.66627109024  12.4459565034
50  1.4  200  1780  0.751833333333  -4.03105381389  12.0958468404
50  1.4  200  1780  0.752  -4.38348639939  11.6076122189
50  1.4  200  1780  0.752166666667  -4.71348521426  11.2039751273
50  1.4  200  1780  0.752333333333  -5.02492876152  10.7549347534
50  1.4  200  1780  0.7525  -5.3166507648  10.2606668898
50  1.4  200  1780  0.752666666667  -5.59184100668  9.61285885402
50  1.4  200  1780  0.752833333333  -5.84573261376  8.90756015857
50  1.4  200  1780  0.753  -6.07656063734  8.16693333979
50  1.4  200  1780  0.753166666667  -6.28059372942  7.46553884525
50  1.4  200  1780  0.753333333333  -6.45186481885  6.93725564
50  1.4  200  1780  0.7535  -6.60050109876  6.30976932139
50  1.4  200  1780  0.753666666667  -6.71749080515  5.79955546938
50  1.4  200  1780  0.753833333333  -6.81043480371  5.20383837142
50  1.4  200  1780  0.754  -6.87805741675  4.54805435377
50  1.4  200  1780  0.754166666667  -6.91910504685  3.85985423142
50  1.4  200  1780  0.754333333333  -6.9332865769  3.14523368596
50  1.4  200  1780  0.7545  -6.92562942268  2.27789504955
50  1.4  200  1780  0.754666666667  -6.88915073834  1.43939316634
50  1.4  200  1780  0.754833333333  -6.82427456864  0.625923186434
50  1.4  200  1780  0.755  -6.73143208515  -0.163752923967
50  1.4  200  1780  0.755166666667  -6.61166076248  -0.943563794401
50  1.4  200  1780  0.755333333333  -6.4657766207  -1.71915263748
50  1.4  200  1780  0.7555  -6.29110499092  -2.40489822149
50  1.4  200  1780  0.755666666667  -6.09723038353  -3.22403131799
50  1.4  200  1780  0.755833333333  -5.87166789792  -3.83676829149
50  1.4  200  1780  0.756  -5.62443308454  -4.47247505134
50  1.4  200  1780  0.756166666667  -5.3568983351  -5.13871814226
50  1.4  200  1780  0.756333333333  -5.07105227887  -5.85656111977
50  1.4  200  1780  0.7565  -4.7670297342  -6.5979415356
50  1.4  200  1780  0.756666666667  -4.4496101496  -7.45085560425
50  1.4  200  1780  0.756833333333  -4.11430738604  -8.26617049654
50  1.4  200  1780  0.757  -3.76205575678  -9.03078860816
50  1.4  200  1780  0.757166666667  -3.39498857023  -9.76056789787
50  1.4  200  1780  0.757333333333  -3.0153770921  -10.4735227882
50  1.4  200  1780  0.7575  -2.62188190449  -11.0947652689
50  1.4  200  1780  0.757666666667  -2.22176168902  -11.7667692719
50  1.4  200  1780  0.757833333333  -1.80992333766  -12.3174088309
50  1.4  200  1780  0.758  -1.39464032149  -12.913373408
50  1.4  200  1780  0.758166666667  -0.977016658833  -13.5387241874
50  1.4  200  1780  0.758333333333  -0.559248079792  -14.2049012267
50  1.4  200  1780  0.7585  -0.146591804372  -15.000930778
50  1.4  200  1780  0.758666666667  0.270031611323  -15.6516878302
50  1.4  200  1780  0.758833333333  0.689635414557  -16.1379044159
50  1.4  200  1780  0.759  1.10865604162  -16.506114172
50  1.4  200  1780  0.759166666667  1.52436594859  -16.7821400108
50  1.4  200  1780  0.759333333333  1.9345425016  -16.9796758106
50  1.4  200  1780  0.7595  2.33726441523  -17.1056256393
50  1.4  200  1780  0.759666666667  2.73137967925  -17.1483837609
50  1.4  200  1780  0.759833333333  3.1150534128  -17.1148804239
50  1.4  200  1780  0.76  3.48665950643  -17.0080907321
50  1.4  200  1780  0.760166666667  3.84473932487  -16.8282348615
50  1.4  200  1780  0.760333333333  4.18796529335  -16.5738483125
50  1.4  200  1780  0.7605  4.51511030786  -16.2426977497
50  1.4  200  1780  0.760666666667  4.82525381683  -15.8266783486
50  1.4  200  1780  0.760833333333  5.11717877949  -15.3272553166
50  1.4  200  1780  0.761  5.38978625082  -14.7450496528
50  1.4  200  1780  0.761166666667  5.64215337034  -14.0784729412
50  1.4  200  1780  0.761333333333  5.87347561721  -13.3252928513
50  1.4  200  1780  0.7615  6.08301837434  -12.4839528643
50  1.4  200  1780  0.761666666667  6.27009978107  -11.5540875997
50  1.4  200  1780  0.761833333333  6.4340930269  -10.5365343466
50  1.4  200  1780  0.762  6.57442043983  -9.43354274836
50  1.4  200  1780  0.762166666667  6.69055106677  -8.24888528976
50  1.4  200  1780  0.762333333333  6.78199209604  -6.98811349985
50  1.4  200  1780  0.7625  6.84828071165  -5.65879234553
50  1.4  200  1780  0.762666666667  6.88897714984  -4.27069313332
50  1.4  200  1780  0.762833333333  6.90364000443  -2.83642627314
50  1.4  200  1780  0.763  6.89187368844  -1.3702302338
50  1.4  200  1780  0.763166666667  6.85333262853  0.112151534772
50  1.4  200  1780  0.763333333333  6.78772488243  1.59358997499
50  1.4  200  1780  0.7635  6.69484627567  3.0564758296
50  1.4  200  1780  0.763666666667  6.57462121394  4.48380530584
50  1.4  200  1780  0.763833333333  6.42713043897  5.85994460181
50  1.4  200  1780  0.764  6.25263607233  7.1713358136
50  1.4  200  1780  0.764166666667  6.05160282534  8.40711544803
50  1.4  200  1780  0.764333333333  5.82468035135  9.55875562828
50  1.4  200  1780  0.7645  5.57269175179  10.6198709262
50  1.4  200  1780  0.764666666667  5.29668591707  11.5876555301
50  1.4  200  1780  0.764833333333  4.99790811324  12.4622523631
50  1.4  200  1780  0.765  4.67749118651  13.2390339419
50  1.4  200  1780  0.765166666667  4.33613343548  13.9005521523
50  1.4  200  1780  0.765333333333  3.97624151021  14.4711067453
50  1.4  200  1780  0.7655  3.60125390444  14.9997073867
50  1.4  200  1780  0.765666666667  3.21037884539  15.4265673218
50  1.4  200  1780  0.765833333333  2.80638842048  15.7812307751
50  1.4  200  1780  0.766  2.39668819134  16.2099024308
50  1.4  200  1780  0.766166666667  1.96995605532  16.3822398594
50  1.4  200  1780  0.766333333333  1.53072367118  16.3698904902
50  1.4  200  1780  0.7665  1.10165933664  16.7046482037
50  1.4  200  1780  0.766666666667  0.658133718067  16.7165964389
50  1.4  200  1780  0.766833333333  0.212060659835  16.6638397068
50  1.4  200  1780  0.767  -0.230129728011  16.6651956663
50  1.4  200  1780  0.767166666667  -0.678294892138  16.4259536853
50  1.4  200  1780  0.767333333333  -1.13201952716  15.9126816393
50  1.4  200  1780  0.7675  -1.57999904191  15.3690594405
50  1.4  200  1780  0.767666666667  -2.01824739383  14.8535715481
50  1.4  200  1780  0.767833333333  -2.44991037659  14.2444182207
50  1.4  200  1780  0.768  -2.86918839458  13.6480423915
50  1.4  200  1780  0.768166666667  -3.27440530262  13.0673424224
50  1.4  200  1780  0.768333333333  -3.66287817484  12.5321365546
50  1.4  200  1780  0.7685  -4.03130123816  12.0895622638
50  1.4  200  1780  0.768666666667  -4.3844294028  11.5836599324
50  1.4  200  1780  0.768833333333  -4.72359741291  10.9471252816
50  1.4  200  1780  0.769  -5.03824084879  10.4168077367
50  1.4  200  1780  0.769166666667  -5.32702551368  9.99714826813
50  1.4  200  1780  0.769333333333  -5.6013921032  9.37026100221
50  1.4  200  1780  0.7695  -5.84974090819  8.80574948002
50  1.4  200  1780  0.769666666667  -6.07266502421  8.26588191333
50  1.4  200  1780  0.769833333333  -6.27533587734  7.599088288
50  1.4  200  1780  0.77  -6.45280499762  6.91337509922
50  1.4  200  1780  0.770166666667  -6.60148797682  6.2847026185
50  1.4  200  1780  0.770333333333  -6.72654911516  5.56947439507
50  1.4  200  1780  0.7705  -6.8240313894  4.85848509485
50  1.4  200  1780  0.770666666667  -6.88748640333  4.3085580947
50  1.4  200  1780  0.770833333333  -6.93307640477  3.50498174032
50  1.4  200  1780  0.771  -6.94799893768  2.7715397221
50  1.4  200  1780  0.771166666667  -6.93370526368  2.07276868827
50  1.4  200  1780  0.771333333333  -6.8963003757  1.25779237733
50  1.4  200  1780  0.7715  -6.82543022387  0.596569543545
50  1.4  200  1780  0.771666666667  -6.734035545  -0.229880804213
50  1.4  200  1780  0.771833333333  -6.60267282556  -0.715270196836
50  1.4  200  1780  0.772  -6.45258838451  -1.38417143822
50  1.4  200  1780  0.772166666667  -6.27948930485  -2.10985979522
50  1.4  200  1780  0.772333333333  -6.08321772798  -2.86810986712
50  1.4  200  1780  0.7725  -5.86314033355  -3.62016815646
50  1.4  200  1780  0.772666666667  -5.62543593567  -4.49794747003
50  1.4  200  1780  0.772833333333  -5.36528401496  -5.35171441057
50  1.4  200  1780  0.773  -5.08252080603  -6.14786170971
50  1.4  200  1780  0.773166666667  -4.7796154309  -6.91761823173
50  1.4  200  1780  0.773333333333  -4.45837878096  -7.67357884101
50  1.4  200  1780  0.7735  -4.11914466522  -8.38903738766
50  1.4  200  1780  0.773666666667  -3.76445847932  -9.09181776081
50  1.4  200  1780  0.773833333333  -3.39302729749  -9.71075157017
50  1.4  200  1780  0.774  -3.01449294402  -10.4510654269
50  1.4  200  1780  0.774166666667  -2.6216271236  -11.0882938344
50  1.4  200  1780  0.774333333333  -2.22463661321  -11.8397923462
50  1.4  200  1780  0.7745  -1.81289454132  -12.3928774038
50  1.4  200  1780  0.774666666667  -1.40239649516  -13.1103802192
50  1.4  200  1780  0.774833333333  -0.983491523148  -13.703185741
50  1.4  200  1780  0.775  -0.562829743092  -14.2958754745
50  1.4  200  1780  0.775166666667  -0.146713079415  -15.0040111641
50  1.4  200  1780  0.775333333333  0.271524787724  -15.6137611496
50  1.4  200  1780  0.7755  0.690975156495  -16.1038749707
50  1.4  200  1780  0.775666666667  1.10918362615  -16.492713525
50  1.4  200  1780  0.775833333333  1.52402179328  -16.7908815557
50  1.4  200  1780  0.776  1.93385382848  -16.9971681078
50  1.4  200  1780  0.776166666667  2.33635182924  -17.1288053233
50  1.4  200  1780  0.776333333333  2.73055928321  -17.1692218203
50  1.4  200  1780  0.7765  3.11430415234  -17.1339116395
50  1.4  200  1780  0.776666666667  3.48749160082  -16.9869555347
50  1.4  200  1780  0.776833333333  3.84125382077  -16.9167666655
50  1.4  200  1780  0.777  4.18554436201  -16.6353399685
50  1.4  200  1780  0.777166666667  4.51759804929  -16.1795091175
50  1.4  200  1780  0.777333333333  4.82427663206  -15.8514988417
50  1.4  200  1780  0.7775  5.11429145208  -15.4005934329
50  1.4  200  1780  0.777666666667  5.3820630925  -14.9412178742
50  1.4  200  1780  0.777833333333  5.6326459427  -14.3199616034
50  1.4  200  1780  0.778  5.86375495577  -13.5721976517
50  1.4  200  1780  0.778166666667  6.0719766349  -12.7644130461
50  1.4  200  1780  0.778333333333  6.2567878951  -11.8922095033
50  1.4  200  1780  0.7785  6.41842802173  -10.9344254778
50  1.4  200  1780  0.778666666667  6.56182578526  -9.75344697452
50  1.4  200  1780  0.778833333333  6.68127299661  -8.48454827168
50  1.4  200  1780  0.779  6.77535208812  -7.15676970105
50  1.4  200  1780  0.779166666667  6.84277407864  -5.79866082389
50  1.4  200  1780  0.779333333333  6.88276345293  -4.42852103472
50  1.4  200  1780  0.7795  6.90372775294  -2.83419746089
50  1.4  200  1780  0.779666666667  6.89180958809  -1.37185838271
50  1.4  200  1780  0.779833333333  6.84309052761  -0.14799782854
50  1.4  200  1780  0.78  6.77032199618  1.15155666401
50  1.4  200  1780  0.780166666667  6.6743760706  2.5365326207
50  1.4  200  1780  0.780333333333  6.55348502958  3.9469462231
50  1.4  200  1780  0.7805  6.40520791249  5.30311242939
50  1.4  200  1780  0.780666666667  6.2358512275  6.74500075502
50  1.4  200  1780  0.780833333333  6.04030946277  8.12026403859
50  1.4  200  1780  0.781  5.81760390024  9.37901377011
50  1.4  200  1780  0.781166666667  5.5679701446  10.4999421034
50  1.4  200  1780  0.781333333333  5.29260959909  11.4841170532
50  1.4  200  1780  0.7815  4.99944245524  12.5012246499
50  1.4  200  1780  0.781666666667  4.67847196078  13.2639456083
50  1.4  200  1780  0.781833333333  4.33484964757  13.8679439394
50  1.4  200  1780  0.782  3.9736590561  14.4055124111
50  1.4  200  1780  0.782166666667  3.59683649447  14.8875051734
50  1.4  200  1780  0.782333333333  3.20629918677  15.3229439928
50  1.4  200  1780  0.7825  2.80344560557  15.7064832764
50  1.4  200  1780  0.782666666667  2.39022270647  16.0456791152
50  1.4  200  1780  0.782833333333  1.96651930253  16.2949463386
50  1.4  200  1780  0.783  1.53428907077  16.4604516398
50  1.4  200  1780  0.783166666667  1.09717848859  16.5908346632
50  1.4  200  1780  0.783333333333  0.654386710147  16.6214224377
50  1.4  200  1780  0.7835  0.208158042541  16.5647132275
50  1.4  200  1780  0.783666666667  -0.234134146196  16.5634834444
50  1.4  200  1780  0.783833333333  -0.680715118394  16.3644799384
50  1.4  200  1780  0.784  -1.13379167481  15.8676690891
50  1.4  200  1780  0.784166666667  -1.58113511095  15.3402032868
50  1.4  200  1780  0.784333333333  -2.0184846135  14.8475461683
50  1.4  200  1780  0.7845  -2.44508485177  14.366986551
50  1.4  200  1780  0.784666666667  -2.86007081378  13.879628944
50  1.4  200  1780  0.784833333333  -3.26656510407  13.2664834654
50  1.4  200  1780  0.785  -3.65738616668  12.6716335617
50  1.4  200  1780  0.785166666667  -4.03052173569  12.1093616266
50  1.4  200  1780  0.785333333333  -4.38500447948  11.5690529846
50  1.4  200  1780  0.7855  -4.72053405018  11.0249346948
50  1.4  200  1780  0.785666666667  -5.03384235663  10.5285294376
50  1.4  200  1780  0.785833333333  -5.32921430542  9.94155295807
50  1.4  200  1780  0.786  -5.60428652767  9.29674262076
50  1.4  200  1780  0.786166666667  -5.84881993621  8.82914216824
50  1.4  200  1780  0.786333333333  -6.07550727955  8.19368862768
50  1.4  200  1780  0.7865  -6.27806508925  7.52976630559
50  1.4  200  1780  0.786666666667  -6.45315633785  6.90445105754
50  1.4  200  1780  0.786833333333  -6.60138410523  6.28734095699
50  1.4  200  1780  0.787  -6.72440229822  5.62400354536
50  1.4  200  1780  0.787166666667  -6.82031795599  4.95280630356
50  1.4  200  1780  0.787333333333  -6.88955234138  4.25608326823
50  1.4  200  1780  0.7875  -6.93421295715  3.4761133099
50  1.4  200  1780  0.787666666667  -6.94639486215  2.81228324057
50  1.4  200  1780  0.787833333333  -6.936853786  1.99279622128
50  1.4  200  1780  0.788  -6.89185098644  1.37080686448
50  1.4  200  1780  0.788166666667  -6.82768159824  0.5393846345
50  1.4  200  1780  0.788333333333  -6.729928366  -0.12555845764
50  1.4  200  1780  0.7885  -6.61252792884  -0.965589819998
50  1.4  200  1780  0.788666666667  -6.46408303787  -1.67613563343
50  1.4  200  1780  0.788833333333  -6.29260213004  -2.44292555512
50  1.4  200  1780  0.789  -6.09438327831  -3.15171484545
50  1.4  200  1780  0.789166666667  -5.87592685826  -3.94494588419
50  1.4  200  1780  0.789333333333  -5.63489728719  -4.73826579853
50  1.4  200  1780  0.7895  -5.36833481852  -5.42920482096
50  1.4  200  1780  0.789666666667  -5.08637311687  -6.24571040489
50  1.4  200  1780  0.789833333333  -4.77921171343  -6.90736380805
50  1.4  200  1780  0.79  -4.45089839204  -7.48357696223
50  1.4  200  1780  0.790166666667  -4.10986979534  -8.15345569266
50  1.4  200  1780  0.790333333333  -3.75322606716  -8.80651449178
50  1.4  200  1780  0.7905  -3.38404241324  -9.4825355102
50  1.4  200  1780  0.790666666667  -3.00347178544  -10.1711279989
50  1.4  200  1780  0.790833333333  -2.61594884205  -10.9440654831
50  1.4  200  1780  0.791  -2.21885079499  -11.6928325635
50  1.4  200  1780  0.791166666667  -1.813011338  -12.3958440394
50  1.4  200  1780  0.791333333333  -1.40071886399  -13.0677683874
50  1.4  200  1780  0.7915  -0.984929816613  -13.739718395
50  1.4  200  1780  0.791666666667  -0.56825276919  -14.4336203374
50  1.4  200  1780  0.791833333333  -0.157100020869  -15.267839477
50  1.4  200  1780  0.792  0.261543045924  -15.8672973913
50  1.4  200  1780  0.792166666667  0.681112150319  -16.3543953275
50  1.4  200  1780  0.792333333333  1.10275567799  -16.6559834081
50  1.4  200  1780  0.7925  1.51692062017  -16.9712513528
50  1.4  200  1780  0.792666666667  1.93278546177  -17.0243046224
50  1.4  200  1780  0.792833333333  2.33672059118  -17.11943877
50  1.4  200  1780  0.793  2.73043941221  -17.1722665438
50  1.4  200  1780  0.793166666667  3.11327288769  -17.1601057616
50  1.4  200  1780  0.793333333333  3.48393992517  -17.0771680961
50  1.4  200  1780  0.7935  3.84098799497  -16.9235186409
50  1.4  200  1780  0.793666666667  4.18310888556  -16.6972010703
50  1.4  200  1780  0.793833333333  4.51139041933  -16.3371829183
50  1.4  200  1780  0.794  4.82262244688  -15.8935151453
50  1.4  200  1780  0.794166666667  5.11524755963  -15.3763083011
50  1.4  200  1780  0.794333333333  5.38827572748  -14.7834169455
50  1.4  200  1780  0.7945  5.64088898007  -14.1105884543
50  1.4  200  1780  0.794666666667  5.87234648691  -13.3539727607
50  1.4  200  1780  0.794833333333  6.08195992493  -12.5108374791
50  1.4  200  1780  0.795  6.26929190262  -11.5746077122
50  1.4  200  1780  0.795166666667  6.43357414854  -10.5497138569
50  1.4  200  1780  0.795333333333  6.57412040037  -9.44116375077
50  1.4  200  1780  0.7955  6.69038296884  -8.25315497709
50  1.4  200  1780  0.795666666667  6.78189449418  -6.99059258701
50  1.4  200  1780  0.795833333333  6.84821980445  -5.66033938835
50  1.4  200  1780  0.796  6.88893689131  -4.27171569985
50  1.4  200  1780  0.796166666667  6.90361430518  -2.83707903404
50  1.4  200  1780  0.796333333333  6.89185870702  -1.37061076177
50  1.4  200  1780  0.7965  6.85332366846  0.111923948997
50  1.4  200  1780  0.796666666667  6.7877192893  1.59344790945
50  1.4  200  1780  0.796833333333  6.69484338633  3.05640244024
50  1.4  200  1780  0.797  6.57461922773  4.48375485607
50  1.4  200  1780  0.797166666667  6.42712978824  5.85992807332
50  1.4  200  1780  0.797333333333  6.25263803865  7.17138575825
50  1.4  200  1780  0.7975  6.05160025079  8.40705005435
50  1.4  200  1780  0.797666666667  5.82466976982  9.5584868573
50  1.4  200  1780  0.797833333333  5.57269782221  10.6200251147
50  1.4  200  1780  0.798  5.29669076936  11.5877787783
50  1.4  200  1780  0.798166666667  4.9977970985  12.4594325887
50  1.4  200  1780  0.798333333333  4.67750271186  13.2393266857
50  1.4  200  1780  0.7985  4.33715328998  13.9264564565
50  1.4  200  1780  0.798666666667  3.97750964969  14.5033174882
50  1.4  200  1780  0.798833333333  3.60316923415  15.0483567615
50  1.4  200  1780  0.799  3.20726003401  15.3473495127
50  1.4  200  1780  0.799166666667  2.81038139776  15.8826523981
50  1.4  200  1780  0.799333333333  2.39317892312  16.1207670181
50  1.4  200  1780  0.7995  1.95860876817  16.0940187658
50  1.4  200  1780  0.799666666667  1.53758472757  16.5441613225
50  1.4  200  1780  0.799833333333  1.10150215638  16.7006558252
50  1.4  200  1780  0.8  0.658500377541  16.7259095895
50  1.4  200  1780  0.800166666667  0.213886849817  16.7102249323
50  1.4  200  1780  0.800333333333  -0.230956554512  16.6441942732
50  1.4  200  1780  0.8005  -0.679093009159  16.405681513
50  1.4  200  1780  0.800666666667  -1.13231909806  15.9050725386
50  1.4  200  1780  0.800833333333  -1.57983544855  15.3732147118
50  1.4  200  1780  0.801  -2.01805694501  14.8584089481
50  1.4  200  1780  0.801166666667  -2.45009731932  14.2396698754
50  1.4  200  1780  0.801333333333  -2.86958969055  13.637849474
50  1.4  200  1780  0.8015  -3.2740530451  13.0762897634
50  1.4  200  1780  0.801666666667  -3.66168593505  12.5624194451
50  1.4  200  1780  0.801833333333  -4.03189615593  12.0744513524
50  1.4  200  1780  0.802  -4.38480559855  11.5741045604
50  1.4  200  1780  0.802166666667  -4.72025117747  11.0321196617
50  1.4  200  1780  0.802333333333  -5.03782261626  10.4274308431
50  1.4  200  1780  0.8025  -5.32644935722  10.0117826422
50  1.4  200  1780  0.802666666667  -5.60085060514  9.38401505304
50  1.4  200  1780  0.802833333333  -5.8588958631  8.57321362518
50  1.4  200  1780  0.803  -6.06996516833  8.33445825281
50  1.4  200  1780  0.803166666667  -6.26674309734  7.81734490003
50  1.4  200  1780  0.803333333333  -6.44253202306  7.17430865309
50  1.4  200  1780  0.8035  -6.59007929466  6.57448314541
50  1.4  200  1780  0.803666666667  -6.71197091312  5.93976072671
50  1.4  200  1780  0.803833333333  -6.80748644539  5.27872667282
50  1.4  200  1780  0.804  -6.88200623804  4.44775429307
50  1.4  200  1780  0.804166666667  -6.92835045877  3.62502076868
50  1.4  200  1780  0.804333333333  -6.94605667798  2.82087311845
50  1.4  200  1780  0.8045  -6.93485758221  2.04349979746
50  1.4  200  1780  0.804666666667  -6.89306116015  1.34006845233
50  1.4  200  1780  0.804833333333  -6.82558355228  0.592675001956
50  1.4  200  1780  0.805  -6.73602040528  -0.280296255158
50  1.4  200  1780  0.805166666667  -6.61062460069  -0.917245284992
50  1.4  200  1780  0.805333333333  -6.46617854399  -1.729361489
50  1.4  200  1780  0.8055  -6.29362031521  -2.46878745829
50  1.4  200  1780  0.805666666667  -6.09351822432  -3.12974247418
50  1.4  200  1780  0.805833333333  -5.87249427783  -3.85775834114
50  1.4  200  1780  0.806  -5.63390355382  -4.71302497105
50  1.4  200  1780  0.806166666667  -5.36727843412  -5.40237265714
50  1.4  200  1780  0.806333333333  -5.08655675222  -6.25037474286
50  1.4  200  1780  0.8065  -4.7770640171  -6.85281232116
50  1.4  200  1780  0.806666666667  -4.45762640376  -7.65446846013
50  1.4  200  1780  0.806833333333  -4.11662012819  -8.32491414715
50  1.4  200  1780  0.807  -3.75707826664  -8.90436035853
50  1.4  200  1780  0.807166666667  -3.38766217564  -9.57447747523
50  1.4  200  1780  0.807333333333  -3.00643393313  -10.2463665502
50  1.4  200  1780  0.8075  -2.6135268048  -10.882545737
50  1.4  200  1780  0.807666666667  -2.21214896075  -11.5226059739
50  1.4  200  1780  0.807833333333  -1.80446711494  -12.1788207737
50  1.4  200  1780  0.808  -1.39484650104  -12.9186103686
50  1.4  200  1780  0.808166666667  -0.981575105955  -13.6545087443
50  1.4  200  1780  0.808333333333  -0.566280503432  -14.3835247872
50  1.4  200  1780  0.8085  -0.155804529704  -15.2349340014
50  1.4  200  1780  0.808666666667  0.259894755834  -15.9091639596
50  1.4  200  1780  0.808833333333  0.681629594083  -16.3412522559
50  1.4  200  1780  0.809  1.10182087687  -16.6797273568
50  1.4  200  1780  0.809166666667  1.5192589259  -16.9118583872
50  1.4  200  1780  0.809333333333  1.931086087  -17.0674687415
50  1.4  200  1780  0.8095  2.33566754957  -17.1461860269
50  1.4  200  1780  0.809666666667  2.7307333784  -17.1647998025
50  1.4  200  1780  0.809833333333  3.11390399657  -17.1440755959
50  1.4  200  1780  0.81  3.48434960623  -17.0667621972
50  1.4  200  1780  0.810166666667  3.84274151871  -16.8789791379
50  1.4  200  1780  0.810333333333  4.18659833726  -16.6085689971
50  1.4  200  1780  0.8105  4.51428885008  -16.2635627774
50  1.4  200  1780  0.810666666667  4.82442768575  -15.847662078
50  1.4  200  1780  0.810833333333  5.11605108802  -15.3558986801
50  1.4  200  1780  0.811  5.38918135788  -14.7604139334
50  1.4  200  1780  0.811166666667  5.64114129874  -14.1041795598
50  1.4  200  1780  0.811333333333  5.87345802296  -13.3257397452
50  1.4  200  1780  0.8115  6.08302347224  -12.4838233776
50  1.4  200  1780  0.811666666667  6.27014449416  -11.5529518873
50  1.4  200  1780  0.811833333333  6.4340940514  -10.5365083242
50  1.4  200  1780  0.812  6.57392748341  -9.44606384142
50  1.4  200  1780  0.812166666667  6.69070489713  -8.24497799847
50  1.4  200  1780  0.812333333333  6.78171733407  -6.99509245374
50  1.4  200  1780  0.8125  6.84650668055  -5.70385273546
50  1.4  200  1780  0.812666666667  6.88866099539  -4.27872345629
50  1.4  200  1780  0.812833333333  6.90326004184  -2.84607732288
50  1.4  200  1780  0.813  6.8901142355  -1.41492033837
50  1.4  200  1780  0.813166666667  6.85389766059  0.126503349224
50  1.4  200  1780  0.813333333333  6.78661681444  1.56544504782
50  1.4  200  1780  0.8135  6.69584274903  3.08178625298
50  1.4  200  1780  0.813666666667  6.57562787978  4.50937461807
50  1.4  200  1780  0.813833333333  6.42800204385  5.88208336572
50  1.4  200  1780  0.814  6.25291095956  7.17831794927
50  1.4  200  1780  0.814166666667  6.05279200405  8.43732058722
50  1.4  200  1780  0.814333333333  5.82421208244  9.546861598
50  1.4  200  1780  0.8145  5.57463048183  10.6691146691
50  1.4  200  1780  0.814666666667  5.29850374944  11.6338284721
50  1.4  200  1780  0.814833333333  4.99949869971  12.5026532596
50  1.4  200  1780  0.815  4.67760386151  13.241895887
50  1.4  200  1780  0.815166666667  4.33908061032  13.9754103933
50  1.4  200  1780  0.815333333333  3.97813302942  14.5191513333
50  1.4  200  1780  0.8155  3.60515277086  15.0987385939
50  1.4  200  1780  0.815666666667  3.2140412794  15.5195931456
50  1.4  200  1780  0.815833333333  2.80804951095  15.8234224731
50  1.4  200  1780  0.816  2.3918553226  16.0871475648
50  1.4  200  1780  0.816166666667  1.96701972414  16.3076570476
50  1.4  200  1780  0.816333333333  1.53498301536  16.4780778323
50  1.4  200  1780  0.8165  1.09682938489  16.5819674292
50  1.4  200  1780  0.816666666667  0.654456953665  16.6232066231
50  1.4  200  1780  0.816833333333  0.209986941533  16.6111672619
50  1.4  200  1780  0.817  -0.234845011338  16.5454274698
50  1.4  200  1780  0.817166666667  -0.685353015563  16.2466773503
50  1.4  200  1780  0.817333333333  -1.14421329756  15.6029598712
50  1.4  200  1780  0.8175  -1.59839416342  14.9018233542
50  1.4  200  1780  0.817666666667  -2.03630910381  14.3948041144
50  1.4  200  1780  0.817833333333  -2.45399968778  14.1405497164
50  1.4  200  1780  0.818  -2.87260076155  13.5613682707
50  1.4  200  1780  0.818166666667  -3.27334841311  13.0941874158
50  1.4  200  1780  0.818333333333  -3.65444824951  12.746256658
50  1.4  200  1780  0.8185  -4.02291230858  12.3026410753
50  1.4  200  1780  0.818666666667  -4.37508471725  11.8210149454
50  1.4  200  1780  0.818833333333  -4.70839832045  11.3331822299
50  1.4  200  1780  0.819  -5.02646721016  10.715858158
50  1.4  200  1780  0.819166666667  -5.32464603787  10.0575869539
50  1.4  200  1780  0.819333333333  -5.60117294996  9.37582749454
50  1.4  200  1780  0.8195  -5.84962257542  8.80875513223
50  1.4  200  1780  0.819666666667  -6.0753834579  8.19683369763
50  1.4  200  1780  0.819833333333  -6.27905451745  7.50463482919
50  1.4  200  1780  0.82  -6.45915354222  6.75212206639
50  1.4  200  1780  0.820166666667  -6.59623853907  6.41803833746
50  1.4  200  1780  0.820333333333  -6.71478439627  5.86829825496
50  1.4  200  1780  0.8205  -6.8104350705  5.20383159494
50  1.4  200  1780  0.820666666667  -6.87917740094  4.51960675532
50  1.4  200  1780  0.820833333333  -6.91990365425  3.8395696034
50  1.4  200  1780  0.821  -6.93791348963  3.02771010255
50  1.4  200  1780  0.821166666667  -6.9299791679  2.16741152103
50  1.4  200  1780  0.821333333333  -6.89287998178  1.34467038281
50  1.4  200  1780  0.8215  -6.82684945724  0.560521016021
50  1.4  200  1780  0.821666666667  -6.73322379295  -0.209262302079
50  1.4  200  1780  0.821833333333  -6.61335986338  -0.98672095746
50  1.4  200  1780  0.822  -6.46095236282  -1.59661648716
50  1.4  200  1780  0.822166666667  -6.28382641423  -2.2200223736
50  1.4  200  1780  0.822333333333  -6.08593327552  -2.93708477472
50  1.4  200  1780  0.8225  -5.86503725797  -3.66835003667
50  1.4  200  1780  0.822666666667  -5.62142580073  -4.39609004259
50  1.4  200  1780  0.822833333333  -5.35612798424  -5.11915123036
50  1.4  200  1780  0.823  -5.07610339962  -5.98485958682
50  1.4  200  1780  0.823166666667  -4.77632938353  -6.8341526285
50  1.4  200  1780  0.823333333333  -4.45580550827  -7.60821771448
50  1.4  200  1780  0.8235  -4.11784142712  -8.35593513998
50  1.4  200  1780  0.823666666667  -3.76516082297  -9.10965728945
50  1.4  200  1780  0.823833333333  -3.40061407909  -9.90345582294
50  1.4  200  1780  0.824  -3.01001986869  -10.3374493135
50  1.4  200  1780  0.824166666667  -2.62038930776  -11.0568533121
50  1.4  200  1780  0.824333333333  -2.21654269917  -11.6342069297
50  1.4  200  1780  0.8245  -1.80710782524  -12.2458948155
50  1.4  200  1780  0.824666666667  -1.39309411978  -12.8740998845
50  1.4  200  1780  0.824833333333  -0.97616095805  -13.5169893875
50  1.4  200  1780  0.825  -0.558770403217  -14.1927682417
50  1.4  200  1780  0.825166666667  -0.146323761377  -14.9941224859
50  1.4  200  1780  0.825333333333  0.270188435163  -15.6477045046
50  1.4  200  1780  0.8255  0.689727626725  -16.1355622268
50  1.4  200  1780  0.825666666667  1.10871053376  -16.5047300717
50  1.4  200  1780  0.825833333333  1.52439830353  -16.7813181953
50  1.4  200  1780  0.826  1.93456184471  -16.9791844957
50  1.4  200  1780  0.826166666667  2.33727603677  -17.1053304519
50  1.4  200  1780  0.826333333333  2.73138602646  -17.148222542
50  1.4  200  1780  0.8265  3.11505665608  -17.1147980444
50  1.4  200  1780  0.826666666667  3.48666107844  -17.008050803
50  1.4  200  1780  0.826833333333  3.84474005268  -16.8282163751
50  1.4  200  1780  0.827  4.1879656158  -16.5738401222
50  1.4  200  1780  0.827166666667  4.51511044426  -16.2426942852
50  1.4  200  1780  0.827333333333  4.82525388577  -15.8266765974
50  1.4  200  1780  0.8275  5.11717882462  -15.3272541704
50  1.4  200  1780  0.827666666667  5.38978628294  -14.7450488369
50  1.4  200  1780  0.827833333333  5.64215339199  -14.0784723914
50  1.4  200  1780  0.828  5.87347563062  -13.3252925106
50  1.4  200  1780  0.828166666667  6.08301838217  -12.4839526652
50  1.4  200  1780  0.828333333333  6.27009978558  -11.5540874852
50  1.4  200  1780  0.8285  6.43409302956  -10.536534279
50  1.4  200  1780  0.828666666667  6.57442044147  -9.43354270675
50  1.4  200  1780  0.828833333333  6.69055106781  -8.24888526332
50  1.4  200  1780  0.829  6.7819920967  -6.98811348287
50  1.4  200  1780  0.829166666667  6.84828071208  -5.65879233466
50  1.4  200  1780  0.829333333333  6.88897715011  -4.27069312641
50  1.4  200  1780  0.8295  6.9036400046  -2.83642626881
50  1.4  200  1780  0.829666666667  6.89187368854  -1.37023023111
50  1.4  200  1780  0.829833333333  6.85333262859  0.112151536442
50  1.4  200  1780  0.83  6.78772488248  1.59358997604
50  1.4  200  1780  0.830166666667  6.6948462757  3.05647583026
50  1.4  200  1780  0.830333333333  6.57462121396  4.48380530625
50  1.4  200  1780  0.8305  6.42713043898  5.85994460206
50  1.4  200  1780  0.830666666667  6.25263607234  7.17133581375
50  1.4  200  1780  0.830833333333  6.05160282535  8.40711544813
50  1.4  200  1780  0.831  5.82468035135  9.55875562834
50  1.4  200  1780  0.831166666667  5.5726917518  10.6198709262
50  1.4  200  1780  0.831333333333  5.29668591707  11.5876555301
50  1.4  200  1780  0.8315  4.99790811324  12.4622523632
50  1.4  200  1780  0.831666666667  4.67749118651  13.2390339419
50  1.4  200  1780  0.831833333333  4.33613343548  13.9005521523
50  1.4  200  1780  0.832  3.97624151021  14.4711067453
50  1.4  200  1780  0.832166666667  3.60125390444  14.9997073867
50  1.4  200  1780  0.832333333333  3.21037884539  15.4265673218
50  1.4  200  1780  0.8325  2.80638842047  15.7812307751
50  1.4  200  1780  0.832666666667  2.39668819134  16.2099024308
50  1.4  200  1780  0.832833333333  1.96995605532  16.3822398594
50  1.4  200  1780  0.833  1.53072367118  16.3698904902
50  1.4  200  1780  0.833166666667  1.10165933664  16.7046482037
50  1.4  200  1780  0.833333333333  0.658133718067  16.7165964389
50  1.4  200  1780  0.8335  0.212060659834  16.6638397068
50  1.4  200  1780  0.833666666667  -0.230129728011  16.6651956663
50  1.4  200  1780  0.833833333333  -0.678294892138  16.4259536853
50  1.4  200  1780  0.834  -1.13201952716  15.9126816393
50  1.4  200  1780  0.834166666667  -1.57999904191  15.3690594405
50  1.4  200  1780  0.834333333333  -2.01824739383  14.8535715481
50  1.4  200  1780  0.8345  -2.44991037659  14.2444182207
50  1.4  200  1780  0.834666666667  -2.86918839458  13.6480423915
50  1.4  200  1780  0.834833333333  -3.27440530262  13.0673424224
50  1.4  200  1780  0.835  -3.66287817484  12.5321365546
50  1.4  200  1780  0.835166666667  -4.03130123816  12.0895622638
50  1.4  200  1780  0.835333333333  -4.38448334265  11.5822898602
50  1.4  200  1780  0.8355  -4.72085439864  11.016797844
50  1.4  200  1780  0.835666666667  -5.03418906537  10.5197230356
50  1.4  200  1780  0.835833333333  -5.32938406935  9.93724095429
50  1.4  200  1780  0.836  -5.61328474521  9.06818789517
50  1.4  200  1780  0.836166666667  -5.84330741467  8.96916021545
50  1.4  200  1780  0.836333333333  -6.06522700466  8.45480760986
50  1.4  200  1780  0.8365  -6.26552968728  7.84816551554
50  1.4  200  1780  0.836666666667  -6.44008150033  7.23655193035
50  1.4  200  1780  0.836833333333  -6.58835085212  6.61838558588
50  1.4  200  1780  0.837  -6.71065593459  5.9731611814
50  1.4  200  1780  0.837166666667  -6.81311730661  5.13570279785
50  1.4  200  1780  0.837333333333  -6.88871854429  4.2772617142
50  1.4  200  1780  0.8375  -6.93092445179  3.55964134604
50  1.4  200  1780  0.837666666667  -6.94732938005  2.78854648585
50  1.4  200  1780  0.837833333333  -6.93603163642  2.0136788207
50  1.4  200  1780  0.838  -6.89292347314  1.34356570236
50  1.4  200  1780  0.838166666667  -6.82648737067  0.569718014777
50  1.4  200  1780  0.838333333333  -6.73428632783  -0.236250687932
50  1.4  200  1780  0.8385  -6.61051183533  -0.914381044902
50  1.4  200  1780  0.838666666667  -6.46566724388  -1.71637446634
50  1.4  200  1780  0.838833333333  -6.29470447105  -2.4963250168
50  1.4  200  1780  0.839  -6.09366684355  -3.13351740266
50  1.4  200  1780  0.839166666667  -5.87700029741  -3.97221123855
50  1.4  200  1780  0.839333333333  -5.62857125639  -4.57758461631
50  1.4  200  1780  0.8395  -5.35918264554  -5.19673962726
50  1.4  200  1780  0.839666666667  -5.07122367538  -5.86091459102
50  1.4  200  1780  0.839833333333  -4.76629567259  -6.57929637062
50  1.4  200  1780  0.84  -4.44426010933  -7.31496458138
50  1.4  200  1780  0.840166666667  -4.10994146341  -8.15527606162
50  1.4  200  1780  0.840333333333  -3.75957031758  -8.96765845259
50  1.4  200  1780  0.8405  -3.3949566304  -9.7597566261
50  1.4  200  1780  0.840666666667  -3.01729929411  -10.5223467192
50  1.4  200  1780  0.840833333333  -2.6259887499  -11.1990791423
50  1.4  200  1780  0.841  -2.2247465971  -11.8425859372
50  1.4  200  1780  0.841166666667  -1.80908402549  -12.2960903017
50  1.4  200  1780  0.841333333333  -1.40066944785  -13.0665132177
50  1.4  200  1780  0.8415  -0.981524875522  -13.6532328913
50  1.4  200  1780  0.841666666667  -0.561250779975  -14.2557698114
50  1.4  200  1780  0.841833333333  -0.146242940589  -14.9920696379
50  1.4  200  1780  0.842  0.271267776448  -15.620289236
50  1.4  200  1780  0.842166666667  0.690584665288  -16.1137934473
50  1.4  200  1780  0.842333333333  1.10895928119  -16.4984118869
50  1.4  200  1780  0.8425  1.5237049381  -16.7989296773
50  1.4  200  1780  0.842666666667  1.93335582157  -17.0098174834
50  1.4  200  1780  0.842833333333  2.33571341493  -17.1450210467
50  1.4  200  1780  0.843  2.73201291075  -17.132299681
50  1.4  200  1780  0.843166666667  3.11411649831  -17.1386780517
50  1.4  200  1780  0.843333333333  3.48299028762  -17.10128889
50  1.4  200  1780  0.8435  3.8404425848  -16.9373720593
50  1.4  200  1780  0.843666666667  4.18372684615  -16.6815048713
50  1.4  200  1780  0.843833333333  4.51055050898  -16.3585166412
50  1.4  200  1780  0.844  4.81920456226  -15.9803294145
50  1.4  200  1780  0.844166666667  5.1091120356  -15.5321506115
50  1.4  200  1780  0.844333333333  5.38301567657  -14.9170222386
50  1.4  200  1780  0.8445  5.63726568632  -14.2026201154
50  1.4  200  1780  0.844666666667  5.86966100353  -13.4221840387
50  1.4  200  1780  0.844833333333  6.07958826225  -12.5710777113
50  1.4  200  1780  0.845  6.26651867746  -11.6450476314
50  1.4  200  1780  0.845166666667  6.42916067628  -10.6618160522
50  1.4  200  1780  0.845333333333  6.57213678045  -9.49154769665
50  1.4  200  1780  0.8455  6.6908105904  -8.24229338957
50  1.4  200  1780  0.845666666667  6.78134002795  -7.00467602922
50  1.4  200  1780  0.845833333333  6.84343344318  -5.78191296452
50  1.4  200  1780  0.846  6.89165125096  -4.20277096488
50  1.4  200  1780  0.846166666667  6.90345004066  -2.84125135288
50  1.4  200  1780  0.846333333333  6.88903837601  -1.44224716939
50  1.4  200  1780  0.8465  6.84231530924  -0.167688375202
50  1.4  200  1780  0.846666666667  6.77232103767  1.20233231791
50  1.4  200  1780  0.846833333333  6.67683970863  2.59910902679
50  1.4  200  1780  0.847  6.55461802894  3.97572440661
50  1.4  200  1780  0.847166666667  6.40545958887  5.30950500925
50  1.4  200  1780  0.847333333333  6.23586221599  6.7452798626
50  1.4  200  1780  0.8475  6.04043439561  8.12343733275
50  1.4  200  1780  0.847666666667  5.81803688278  9.39001152669
50  1.4  200  1780  0.847833333333  5.56853669353  10.5143324462
50  1.4  200  1780  0.848  5.29299898562  11.4940074713
50  1.4  200  1780  0.848166666667  4.99927791146  12.4970452379
50  1.4  200  1780  0.848333333333  4.6771803744  13.2311393144
50  1.4  200  1780  0.8485  4.33044739813  13.7561268036
50  1.4  200  1780  0.848666666667  3.97042407244  14.323343826
50  1.4  200  1780  0.848833333333  3.5969346848  14.8899992078
50  1.4  200  1780  0.849  3.2087911968  15.3862410474
50  1.4  200  1780  0.849166666667  2.80608771205  15.773592781
50  1.4  200  1780  0.849333333333  2.39073796029  16.0587665622
50  1.4  200  1780  0.8495  1.96618770586  16.2865237831
50  1.4  200  1780  0.849666666667  1.53429393497  16.4605751903
50  1.4  200  1780  0.849833333333  1.09669020546  16.5784322718
50  1.4  200  1780  0.85  0.655197526636  16.6420171766
50  1.4  200  1780  0.850166666667  0.212001326922  16.6623326508
50  1.4  200  1780  0.850333333333  -0.233130239067  16.5889826855
50  1.4  200  1780  0.8505  -0.68365290263  16.2898602188
50  1.4  200  1780  0.850666666667  -1.14026955128  15.7031310266
50  1.4  200  1780  0.850833333333  -1.59060783088  15.0995962007
50  1.4  200  1780  0.851  -2.03119890064  14.524603275
50  1.4  200  1780  0.851166666667  -2.45945777743  14.0019142392
50  1.4  200  1780  0.851333333333  -2.87503268025  13.4995975356
50  1.4  200  1780  0.8515  -3.27625758871  13.0202943557
50  1.4  200  1780  0.851666666667  -3.66133873044  12.5712384422
50  1.4  200  1780  0.851833333333  -4.0312592056  12.0906298909
50  1.4  200  1780  0.852  -4.38687636459  11.521507103
50  1.4  200  1780  0.852166666667  -4.71822271417  11.0836426295
50  1.4  200  1780  0.852333333333  -5.03592946188  10.4755169642
50  1.4  200  1780  0.8525  -5.32587322757  10.0264163353
50  1.4  200  1780  0.852666666667  -5.59334696277  9.57460756918
50  1.4  200  1780  0.852833333333  -5.83782098665  9.10851548716
50  1.4  200  1780  0.853  -6.06108994761  8.55988885912
50  1.4  200  1780  0.853166666667  -6.26139737894  7.95312614751
50  1.4  200  1780  0.853333333333  -6.44310316152  7.15980173623
50  1.4  200  1780  0.8535  -6.59841923088  6.36264876553
50  1.4  200  1780  0.853666666667  -6.72547818525  5.59667601462
50  1.4  200  1780  0.853833333333  -6.82421789247  4.85374791699
50  1.4  200  1780  0.854  -6.89351566494  4.15541484968
50  1.4  200  1780  0.854166666667  -6.935991189  3.4309462207
50  1.4  200  1780  0.854333333333  -6.9416588584  2.9325777357
50  1.4  200  1780  0.8545  -6.9235348828  2.3310963626
50  1.4  200  1780  0.854666666667  -6.8826372231  1.60483645328
50  1.4  200  1780  0.854833333333  -6.81472670001  0.868439049645
50  1.4  200  1780  0.855  -6.71883852309  0.156123552453
50  1.4  200  1780  0.855166666667  -6.59658940685  -0.560751361587
50  1.4  200  1780  0.855333333333  -6.45538079416  -1.45509864344
50  1.4  200  1780  0.8555  -6.28944125946  -2.36263944227
50  1.4  200  1780  0.855666666667  -6.09416627756  -3.14620302642
50  1.4  200  1780  0.855833333333  -5.87591872565  -3.94473931575
50  1.4  200  1780  0.856  -5.63641268425  -4.77675688387
50  1.4  200  1780  0.856166666667  -5.36859727483  -5.43587121131
50  1.4  200  1780  0.856333333333  -5.08350798537  -6.17293606487
50  1.4  200  1780  0.8565  -4.77687728918  -6.84806943206
50  1.4  200  1780  0.856666666667  -4.45319805812  -7.54198848072
50  1.4  200  1780  0.856833333333  -4.10908827274  -8.13360501879
50  1.4  200  1780  0.857  -3.75073448447  -8.74322829166
50  1.4  200  1780  0.857166666667  -3.38098778771  -9.40494802188
50  1.4  200  1780  0.857333333333  -3.00094236233  -10.106880652
50  1.4  200  1780  0.8575  -2.61510286536  -10.9225776751
50  1.4  200  1780  0.857666666667  -2.21865191828  -11.6877810952
50  1.4  200  1780  0.857833333333  -1.81353610093  -12.4091730179
50  1.4  200  1780  0.858  -1.40042444195  -13.0602900678
50  1.4  200  1780  0.858166666667  -0.985566942728  -13.7559013983
50  1.4  200  1780  0.858333333333  -0.567054722258  -14.4031899454
50  1.4  200  1780  0.8585  -0.151014385227  -15.1132643317
50  1.4  200  1780  0.858666666667  0.266959163289  -15.7297280102
50  1.4  200  1780  0.858833333333  0.687628531573  -16.1888792437
50  1.4  200  1780  0.859  1.10764139472  -16.5318862033
50  1.4  200  1780  0.859166666667  1.52417371248  -16.7870228081
50  1.4  200  1780  0.859333333333  1.93448245942  -16.9812008821
50  1.4  200  1780  0.8595  2.33713960438  -17.1087958348
50  1.4  200  1780  0.859666666667  2.73091477485  -17.1601923328
50  1.4  200  1780  0.859833333333  3.11429246362  -17.1342085329
50  1.4  200  1780  0.86  3.48559565097  -17.0351126609
50  1.4  200  1780  0.860166666667  3.84359001408  -16.8574273555
50  1.4  200  1780  0.860333333333  4.18726923406  -16.5915282185
50  1.4  200  1780  0.8605  4.5172068392  -16.1894458538
50  1.4  200  1780  0.860666666667  4.82674295298  -15.7888542904
50  1.4  200  1780  0.860833333333  5.11721067825  -15.3264450881
50  1.4  200  1780  0.861  5.38802598925  -14.7897602967
50  1.4  200  1780  0.861166666667  5.63872916571  -14.1654477389
50  1.4  200  1780  0.861333333333  5.8698923514  -13.4163078027
50  1.4  200  1780  0.8615  6.08565918329  -12.416876317
50  1.4  200  1780  0.861666666667  6.27187181158  -11.5090780247
50  1.4  200  1780  0.861833333333  6.43498889046  -10.5137794122
50  1.4  200  1780  0.862  6.57454511835  -9.43037591407
50  1.4  200  1780  0.862166666667  6.69000968812  -8.26263630749
50  1.4  200  1780  0.862333333333  6.78104138701  -7.01226150912
50  1.4  200  1780  0.8625  6.84802046424  -5.66540262976
50  1.4  200  1780  0.862666666667  6.8889876747  -4.27042580169
50  1.4  200  1780  0.862833333333  6.90220858979  -2.87278420506
50  1.4  200  1780  0.863  6.89237931486  -1.35738732269
50  1.4  200  1780  0.863166666667  6.8521745893  0.0827373383199
50  1.4  200  1780  0.863333333333  6.78568298767  1.54172584806
50  1.4  200  1780  0.8635  6.69647259108  3.09778424086
50  1.4  200  1780  0.863666666667  6.57468368772  4.48539213979
50  1.4  200  1780  0.863833333333  6.42617733226  5.83573569136
50  1.4  200  1780  0.864  6.25462285283  7.22180003828
50  1.4  200  1780  0.864166666667  6.05179648556  8.41203441742
50  1.4  200  1780  0.864333333333  5.82460516258  9.55684583353
50  1.4  200  1780  0.8645  5.57556406556  10.6928276959
50  1.4  200  1780  0.864666666667  5.29705676132  11.5970749741
50  1.4  200  1780  0.864833333333  4.99277368691  12.3318379345
50  1.4  200  1780  0.865  4.67058077164  13.0635094042
50  1.4  200  1780  0.865166666667  4.32985254621  13.7410175649
50  1.4  200  1780  0.865333333333  3.97077236255  14.3321903948
50  1.4  200  1780  0.8655  3.59554182034  14.8546204506
50  1.4  200  1780  0.865666666667  3.20740769188  15.3511000225
50  1.4  200  1780  0.865833333333  2.80567216709  15.7630379391
50  1.4  200  1780  0.866  2.39152910034  16.0788615195
50  1.4  200  1780  0.866166666667  1.96760252879  16.3224602857
50  1.4  200  1780  0.866333333333  1.53522998075  16.4843507533
50  1.4  200  1780  0.8665  1.09499868012  16.5354675281
50  1.4  200  1780  0.866666666667  0.656505337886  16.6752355823
50  1.4  200  1780  0.866833333333  0.209904157878  16.6090645571
50  1.4  200  1780  0.867  -0.231842891321  16.6216813182
50  1.4  200  1780  0.867166666667  -0.679544241504  16.3942202114
50  1.4  200  1780  0.867333333333  -1.13273958485  15.8943921741
50  1.4  200  1780  0.8675  -1.58008100849  15.3669774894
50  1.4  200  1780  0.867666666667  -2.01828816859  14.8525358691
50  1.4  200  1780  0.867833333333  -2.4501704609  14.2378120791
50  1.4  200  1780  0.868  -2.86939692155  13.6427458066
50  1.4  200  1780  0.868166666667  -3.27369999917  13.08525713
50  1.4  200  1780  0.868333333333  -3.66218084913  12.5498486276
50  1.4  200  1780  0.8685  -4.03313319224  12.0430306302
50  1.4  200  1780  0.868666666667  -4.38591894831  11.5458254765
50  1.4  200  1780  0.868833333333  -4.71938238016  11.0541871132
50  1.4  200  1780  0.869  -5.03365355188  10.5333250783
50  1.4  200  1780  0.869166666667  -5.32868448735  9.95501033695
50  1.4  200  1780  0.869333333333  -5.60183922405  9.35890413273
50  1.4  200  1780  0.8695  -5.85058969055  8.78419040808
50  1.4  200  1780  0.869666666667  -6.07923222317  8.09907505972
50  1.4  200  1780  0.869833333333  -6.27696227478  7.55777779313
50  1.4  200  1780  0.87  -6.45102880035  6.95849050995
50  1.4  200  1780  0.870166666667  -6.60143053952  6.28616152595
50  1.4  200  1780  0.870333333333  -6.72391048888  5.63649550256
50  1.4  200  1780  0.8705  -6.82981108649  4.71168078871
50  1.4  200  1780  0.870666666667  -6.88841171422  4.28505519807
50  1.4  200  1780  0.870833333333  -6.92625990221  3.67812090534
50  1.4  200  1780  0.871  -6.93876686462  3.00603437773
50  1.4  200  1780  0.871166666667  -6.9206688494  2.40389361099
50  1.4  200  1780  0.871333333333  -6.87806660683  1.72093010666
50  1.4  200  1780  0.8715  -6.80970990185  0.995865722814
50  1.4  200  1780  0.871666666667  -6.72149183153  0.0887295178694
50  1.4  200  1780  0.871833333333  -6.60690570505  -0.822785335833
50  1.4  200  1780  0.872  -6.46278763413  -1.64323237843
50  1.4  200  1780  0.872166666667  -6.292438034  -2.43875751574
50  1.4  200  1780  0.872333333333  -6.09810070798  -3.24613755901
50  1.4  200  1780  0.8725  -5.87730309424  -3.97990227805
50  1.4  200  1780  0.872666666667  -5.63318234781  -4.69470633838
50  1.4  200  1780  0.872833333333  -5.36850424858  -5.43350834456
50  1.4  200  1780  0.873  -5.08179421117  -6.1294062002
50  1.4  200  1780  0.873166666667  -4.78102739533  -6.95348212828
50  1.4  200  1780  0.873333333333  -4.45896116314  -7.68837134823
50  1.4  200  1780  0.8735  -4.11553832025  -8.2974362256
50  1.4  200  1780  0.873666666667  -3.76473421201  -9.09882137107
50  1.4  200  1780  0.873833333333  -3.39624334113  -9.79243907868
50  1.4  200  1780  0.874  -3.01028307142  -10.3441346628
50  1.4  200  1780  0.874166666667  -2.61576982971  -10.9395185697
50  1.4  200  1780  0.874333333333  -2.21311987649  -11.5472672336
50  1.4  200  1780  0.8745  -1.8072057788  -12.2483828358
50  1.4  200  1780  0.874666666667  -1.39730506681  -12.9810579391
50  1.4  200  1780  0.874833333333  -0.98368356143  -13.7080635134
50  1.4  200  1780  0.875  -0.567694586206  -14.4194424896
50  1.4  200  1780  0.875166666667  -0.157066438818  -15.2669864929
50  1.4  200  1780  0.875333333333  0.258836323399  -15.9360481434
50  1.4  200  1780  0.8755  0.682836906082  -16.3105865312
50  1.4  200  1780  0.875666666667  1.10470733077  -16.6064114276
50  1.4  200  1780  0.875833333333  1.52162368445  -16.8517935201
50  1.4  200  1780  0.876  1.93285037543  -17.0226558154
50  1.4  200  1780  0.876166666667  2.33639070316  -17.1278179258
50  1.4  200  1780  0.876333333333  2.73051484548  -17.1703505388
50  1.4  200  1780  0.8765  3.11442541287  -17.1308316221
50  1.4  200  1780  0.876666666667  3.48627211694  -17.0179304252
50  1.4  200  1780  0.876833333333  3.84437793385  -16.8374141934
50  1.4  200  1780  0.877  4.18783019442  -16.5772798252
50  1.4  200  1780  0.877166666667  4.51460907269  -16.255429123
50  1.4  200  1780  0.877333333333  4.82409609508  -15.8560844811
50  1.4  200  1780  0.8775  5.11661170703  -15.3416589572
50  1.4  200  1780  0.877666666667  5.38926013466  -14.7584130032
50  1.4  200  1780  0.877833333333  5.64041340034  -14.1226681792
50  1.4  200  1780  0.878  5.8726787477  -13.3455333368
50  1.4  200  1780  0.878166666667  6.08252980645  -12.4963624886
50  1.4  200  1780  0.878333333333  6.26855496207  -11.5933260022
50  1.4  200  1780  0.8785  6.43383598764  -10.5430631438
50  1.4  200  1780  0.878666666667  6.57308903883  -9.46736033383
50  1.4  200  1780  0.878833333333  6.69171709726  -8.21926811533
50  1.4  200  1780  0.879  6.78064512385  -7.02232659332
50  1.4  200  1780  0.879166666667  6.84593043384  -5.71848940192
50  1.4  200  1780  0.879333333333  6.89009136438  -4.2423920838
50  1.4  200  1780  0.8795  6.9023300914  -2.86969806406
50  1.4  200  1780  0.879666666667  6.88191166756  -1.62326556405
50  1.4  200  1780  0.879833333333  6.83837267195  -0.267831362328
50  1.4  200  1780  0.88  6.76917123972  1.12232744993
50  1.4  200  1780  0.880166666667  6.67341564578  2.51213783028
50  1.4  200  1780  0.880333333333  6.55135335478  3.89280168298
50  1.4  200  1780  0.8805  6.40912659883  5.40264706242
50  1.4  200  1780  0.880666666667  6.24066516925  6.86727487524
50  1.4  200  1780  0.880833333333  6.04419286867  8.21890254843
50  1.4  200  1780  0.881  5.82048826656  9.45227667461
50  1.4  200  1780  0.881166666667  5.57062952287  10.5674903116
50  1.4  200  1780  0.881333333333  5.29547541564  11.5569087936
50  1.4  200  1780  0.8815  4.99774064473  12.4579986631
50  1.4  200  1780  0.881666666667  4.67802179305  13.2525113479
50  1.4  200  1780  0.881833333333  4.33692725189  13.9207150891
50  1.4  200  1780  0.882  3.97922979048  14.5470090641
50  1.4  200  1780  0.882166666667  3.60405781599  15.07092674
50  1.4  200  1780  0.882333333333  3.21316372748  15.4973033266
50  1.4  200  1780  0.8825  2.8060649568  15.7730147978
50  1.4  200  1780  0.882666666667  2.39303740349  16.1171724195
50  1.4  200  1780  0.882833333333  1.96814881106  16.3363358552
50  1.4  200  1780  0.883  1.53632561229  16.5121797945
50  1.4  200  1780  0.883166666667  1.09871812112  16.6299413295
50  1.4  200  1780  0.883333333333  0.656830419706  16.6834926605
50  1.4  200  1780  0.8835  0.212776283932  16.6820165588
50  1.4  200  1780  0.883666666667  -0.232728458773  16.5991879049
50  1.4  200  1780  0.883833333333  -0.683170689896  16.3021084223
50  1.4  200  1780  0.884  -1.14032860791  15.7016309883
50  1.4  200  1780  0.884166666667  -1.59168716496  15.0721811151
50  1.4  200  1780  0.884333333333  -2.03198097564  14.50473857
50  1.4  200  1780  0.8845  -2.45972009552  13.9952513599
50  1.4  200  1780  0.884666666667  -2.87410318363  13.5232067498
50  1.4  200  1780  0.884833333333  -3.27620310048  13.0216783567
50  1.4  200  1780  0.885  -3.6629197152  12.5310814295
50  1.4  200  1780  0.885166666667  -4.02933576845  12.1394851945
50  1.4  200  1780  0.885333333333  -4.38600202139  11.5437154201
50  1.4  200  1780  0.8855  -4.72332757118  10.9539792614
50  1.4  200  1780  0.885666666667  -5.03220534318  10.5701095793
50  1.4  200  1780  0.885833333333  -5.32877705076  9.95265922647
50  1.4  200  1780  0.886  -5.60180610275  9.35974541375
50  1.4  200  1780  0.886166666667  -5.84785748507  8.85358842715
50  1.4  200  1780  0.886333333333  -6.07705691594  8.15432786344
50  1.4  200  1780  0.8865  -6.279443105  7.49476470558
50  1.4  200  1780  0.886666666667  -6.44948925967  6.99759484324
50  1.4  200  1780  0.886833333333  -6.60341291502  6.23580918827
50  1.4  200  1780  0.887  -6.72610163909  5.58084028719
50  1.4  200  1780  0.887166666667  -6.81479591713  5.09306609044
50  1.4  200  1780  0.887333333333  -6.88030848809  4.4908771417
50  1.4  200  1780  0.8875  -6.91997957856  3.83764112599
50  1.4  200  1780  0.887666666667  -6.93830648016  3.01772814312
50  1.4  200  1780  0.887833333333  -6.92991247242  2.16910558622
50  1.4  200  1780  0.888  -6.89424712968  1.30994482614
50  1.4  200  1780  0.888166666667  -6.82630142895  0.574440934477
50  1.4  200  1780  0.888333333333  -6.73190663672  -0.175806533891
50  1.4  200  1780  0.8885  -6.61203541039  -0.953079851438
50  1.4  200  1780  0.888666666667  -6.46467137664  -1.69107943825
50  1.4  200  1780  0.888833333333  -6.29213751689  -2.43112438099
50  1.4  200  1780  0.889  -6.09547083336  -3.17933874379
50  1.4  200  1780  0.889166666667  -5.87581860157  -3.94219616421
50  1.4  200  1780  0.889333333333  -5.63350434959  -4.70288518353
50  1.4  200  1780  0.8895  -5.370140237  -5.47506245048
50  1.4  200  1780  0.889666666667  -5.08445056729  -6.19687764556
50  1.4  200  1780  0.889833333333  -4.77885276065  -6.89824640745
50  1.4  200  1780  0.89  -4.45818760712  -7.66872302549
50  1.4  200  1780  0.890166666667  -4.1169155721  -8.3324184226
50  1.4  200  1780  0.890333333333  -3.76298975922  -9.05451227025
50  1.4  200  1780  0.8905  -3.39553882037  -9.77454425146
50  1.4  200  1780  0.890666666667  -3.01406747237  -10.4402584469
50  1.4  200  1780  0.890833333333  -2.6238228881  -11.1440662528
50  1.4  200  1780  0.891  -2.22216213532  -11.776940608
50  1.4  200  1780  0.891166666667  -1.81329547043  -12.4030610032
50  1.4  200  1780  0.891333333333  -1.40103815903  -13.0758784815
50  1.4  200  1780  0.8915  -0.985689516493  -13.7590147719
50  1.4  200  1780  0.891666666667  -0.565544591164  -14.3648326156
50  1.4  200  1780  0.891833333333  -0.155522643301  -15.2277740868
50  1.4  200  1780  0.892  0.260301904995  -15.8988223709
50  1.4  200  1780  0.892166666667  0.680725573399  -16.3642143813
50  1.4  200  1780  0.892333333333  1.10195716184  -16.6762657184
50  1.4  200  1780  0.8925  1.51853604751  -16.9302194983
50  1.4  200  1780  0.892666666667  1.92978370396  -17.1005492706
50  1.4  200  1780  0.892833333333  2.33382056214  -17.1930995077
50  1.4  200  1780  0.893  2.72923912571  -17.202753821
50  1.4  200  1780  0.893166666667  3.11360053383  -17.1517835496
50  1.4  200  1780  0.893333333333  3.4848534505  -17.0539645527
50  1.4  200  1780  0.8935  3.84167255532  -16.9061308079
50  1.4  200  1780  0.893666666667  4.18546309383  -16.6374041803
50  1.4  200  1780  0.893833333333  4.51335748985  -16.2872193273
50  1.4  200  1780  0.894  4.82404887708  -15.8572838181
50  1.4  200  1780  0.894166666667  5.11585617321  -15.3608495162
50  1.4  200  1780  0.894333333333  5.38823083892  -14.7845571149
50  1.4  200  1780  0.8945  5.64055675011  -14.1190270951
50  1.4  200  1780  0.894666666667  5.87223086383  -13.3569095872
50  1.4  200  1780  0.894833333333  6.08198701195  -12.510149469
50  1.4  200  1780  0.895  6.26764888837  -11.6163402742
50  1.4  200  1780  0.895166666667  6.43523577369  -10.507508578
50  1.4  200  1780  0.895333333333  6.57316341812  -9.46547109993
50  1.4  200  1780  0.8955  6.69120883897  -8.23217787573
50  1.4  200  1780  0.895666666667  6.78093212429  -7.01503678228
50  1.4  200  1780  0.895833333333  6.84536184647  -5.73293152103
50  1.4  200  1780  0.896  6.88998587047  -4.24507162936
50  1.4  200  1780  0.896166666667  6.90258696596  -2.86317345029
50  1.4  200  1780  0.896333333333  6.89126931811  -1.38558124015
50  1.4  200  1780  0.8965  6.85388662068  0.126222935441
50  1.4  200  1780  0.896666666667  6.78685644185  1.57153158413
50  1.4  200  1780  0.896833333333  6.69418601876  3.03970530402
50  1.4  200  1780  0.897  6.57460979188  4.48351518539
50  1.4  200  1780  0.897166666667  6.42749480614  5.86919952796
50  1.4  200  1780  0.897333333333  6.25364496173  7.19696160423
50  1.4  200  1780  0.8975  6.05331968397  8.45072365706
50  1.4  200  1780  0.897666666667  5.82498963814  9.5666115128
50  1.4  200  1780  0.897833333333  5.57218762504  10.6070661067
50  1.4  200  1780  0.898  5.29707453444  11.5975264113
50  1.4  200  1780  0.898166666667  4.9975861567  12.454074667
50  1.4  200  1780  0.898333333333  4.67780290376  13.2469515601
50  1.4  200  1780  0.8985  4.33702807125  13.923275901
50  1.4  200  1780  0.898666666667  3.98034509332  14.5753377563
50  1.4  200  1780  0.898833333333  3.60282204423  15.0395381373
50  1.4  200  1780  0.899  3.21279279102  15.4878815405
50  1.4  200  1780  0.899166666667  2.80980562591  15.8680277931
50  1.4  200  1780  0.899333333333  2.39381809281  16.1370019281
50  1.4  200  1780  0.8995  1.97005774608  16.3848228048
50  1.4  200  1780  0.899666666667  1.53498354244  16.4780912202
50  1.4  200  1780  0.899833333333  1.10039157447  16.6724470446
50  1.4  200  1780  0.9  0.657456944593  16.6994063927
50  1.4  200  1780  0.900166666667  0.213195616686  16.6926676108
50  1.4  200  1780  0.900333333333  -0.231069942749  16.641314212
50  1.4  200  1780  0.9005  -0.67938772116  16.3981958282
50  1.4  200  1780  0.900666666667  -1.13256525167  15.8988202367
50  1.4  200  1780  0.900833333333  -1.57989263702  15.3717621246
50  1.4  200  1780  0.901  -2.01805814489  14.8583784711
50  1.4  200  1780  0.901166666667  -2.44544857357  14.3577480174
50  1.4  200  1780  0.901333333333  -2.86065352455  13.8648280905
50  1.4  200  1780  0.9015  -3.26225183475  13.3760405061
50  1.4  200  1780  0.901666666667  -3.65358017097  12.7683058527
50  1.4  200  1780  0.901833333333  -4.02808464278  12.1712637865
50  1.4  200  1780  0.902  -4.38344079504  11.6087705696
50  1.4  200  1780  0.902166666667  -4.71910169312  11.061316564
50  1.4  200  1780  0.902333333333  -5.0345537383  10.5104603431
50  1.4  200  1780  0.9025  -5.32893228594  9.94871625277
50  1.4  200  1780  0.902666666667  -5.60111037985  9.37741677548
50  1.4  200  1780  0.902833333333  -5.85045295146  8.78766358098
50  1.4  200  1780  0.903  -6.0754359118  8.19550136864
50  1.4  200  1780  0.903166666667  -6.27666540867  7.5653181922
50  1.4  200  1780  0.903333333333  -6.45370029789  6.89063447255
50  1.4  200  1780  0.9035  -6.60117980252  6.29253024571
50  1.4  200  1780  0.903666666667  -6.7251812099  5.60421918856
50  1.4  200  1780  0.903833333333  -6.82564212059  4.81757252266
50  1.4  200  1780  0.904  -6.88865827154  4.27879264212
50  1.4  200  1780  0.904166666667  -6.92460573582  3.72013673151
50  1.4  200  1780  0.904333333333  -6.93733586962  3.04238165085
50  1.4  200  1780  0.9045  -6.92213835315  2.3665682157
50  1.4  200  1780  0.904666666667  -6.8801381624  1.6683125951
50  1.4  200  1780  0.904833333333  -6.81747197875  0.798708969459
50  1.4  200  1780  0.905  -6.7276337146  -0.067274311918
50  1.4  200  1780  0.905166666667  -6.61026829605  -0.908195147126
50  1.4  200  1780  0.905333333333  -6.46332594303  -1.65690542455
50  1.4  200  1780  0.9055  -6.29263610299  -2.44378846796
50  1.4  200  1780  0.905666666667  -6.09754679096  -3.23206806674
50  1.4  200  1780  0.905833333333  -5.87507933741  -3.92341885442
50  1.4  200  1780  0.906  -5.63315180288  -4.69393049711
50  1.4  200  1780  0.906166666667  -5.37148425607  -5.5092005347
50  1.4  200  1780  0.906333333333  -5.08235845822  -6.14373807531
50  1.4  200  1780  0.9065  -4.78064734422  -6.94382882998
50  1.4  200  1780  0.906666666667  -4.46054483693  -7.72859666258
50  1.4  200  1780  0.906833333333  -4.11541374844  -8.29427210148
50  1.4  200  1780  0.907  -3.76511156359  -9.1084061013
50  1.4  200  1780  0.907166666667  -3.39293969307  -9.70852641796
50  1.4  200  1780  0.907333333333  -3.00853826853  -10.2998166695
50  1.4  200  1780  0.9075  -2.61599375046  -10.9452061567
50  1.4  200  1780  0.907666666667  -2.21484143453  -11.5909948079
50  1.4  200  1780  0.907833333333  -1.80783530959  -12.2643729179
50  1.4  200  1780  0.908  -1.39699108044  -12.9730826854
50  1.4  200  1780  0.908166666667  -0.983209129965  -13.6960129541
50  1.4  200  1780  0.908333333333  -0.568179023798  -14.4317472045
50  1.4  200  1780  0.9085  -0.155153327512  -15.2183934657
50  1.4  200  1780  0.908666666667  0.260489464923  -15.8940583487
50  1.4  200  1780  0.908833333333  0.679644611381  -16.3916708166
50  1.4  200  1780  0.909  1.10163730383  -16.6843901118
50  1.4  200  1780  0.909166666667  1.51932998054  -16.9100535994
50  1.4  200  1780  0.909333333333  1.93172540636  -17.0512300296
50  1.4  200  1780  0.9095  2.3362089046  -17.1324356091
50  1.4  200  1780  0.909666666667  2.73072295636  -17.1650645223
50  1.4  200  1780  0.909833333333  3.11384810417  -17.1454952628
50  1.4  200  1780  0.91  3.48574918454  -17.0312129081
50  1.4  200  1780  0.910166666667  3.84416301191  -16.8428732107
50  1.4  200  1780  0.910333333333  4.1865229942  -16.6104827108
50  1.4  200  1780  0.9105  4.51522024594  -16.2399053224
50  1.4  200  1780  0.910666666667  4.8249833254  -15.8335488308
50  1.4  200  1780  0.910833333333  5.11415489572  -15.4040619645
50  1.4  200  1780  0.911  5.3884346118  -14.7793812838
50  1.4  200  1780  0.911166666667  5.63715948787  -14.205317556
50  1.4  200  1780  0.911333333333  5.86470137685  -13.5481585563
50  1.4  200  1780  0.9115  6.07129493811  -12.7817281444
50  1.4  200  1780  0.911666666667  6.2558355018  -11.9164002931
50  1.4  200  1780  0.911833333333  6.42274407807  -10.8247976468
50  1.4  200  1780  0.912  6.566368038  -9.63807375491
50  1.4  200  1780  0.912166666667  6.68476444318  -8.39586552887
50  1.4  200  1780  0.912333333333  6.77759890093  -7.09970065565
50  1.4  200  1780  0.9125  6.84510792874  -5.73938103135
50  1.4  200  1780  0.912666666667  6.88617082811  -4.34197370519
50  1.4  200  1780  0.912833333333  6.90114038793  -2.89991653213
50  1.4  200  1780  0.913  6.89216914562  -1.36272562132
50  1.4  200  1780  0.913166666667  6.85251535585  0.0913928088931
50  1.4  200  1780  0.913333333333  6.78820633659  1.60581891048
50  1.4  200  1780  0.9135  6.69326601222  3.0163371378
50  1.4  200  1780  0.913666666667  6.57585759974  4.51520950507
50  1.4  200  1780  0.913833333333  6.4264519483  5.84271093878
50  1.4  200  1780  0.914  6.24336614113  6.93587956103
50  1.4  200  1780  0.914166666667  6.04036692631  8.12172361252
50  1.4  200  1780  0.914333333333  5.81025394087  9.19232480206
50  1.4  200  1780  0.9145  5.55568205267  10.1878245685
50  1.4  200  1780  0.914666666667  5.27824208165  11.1191821104
50  1.4  200  1780  0.914833333333  4.98700009942  12.185188812
50  1.4  200  1780  0.915  4.67178653616  13.0941358229
50  1.4  200  1780  0.915166666667  4.3329624939  13.8200102363
50  1.4  200  1780  0.915333333333  3.97610715415  14.4676941013
50  1.4  200  1780  0.9155  3.60388107161  15.0664374328
50  1.4  200  1780  0.915666666667  3.21230572508  15.4755100657
50  1.4  200  1780  0.915833333333  2.80649596467  15.7839623976
50  1.4  200  1780  0.916  2.39068503447  16.0574222464
50  1.4  200  1780  0.916166666667  1.9678861817  16.3296650695
50  1.4  200  1780  0.916333333333  1.53666439389  16.520784847
50  1.4  200  1780  0.9165  1.09882306114  16.6326068061
50  1.4  200  1780  0.916666666667  0.656658985958  16.6791382433
50  1.4  200  1780  0.916833333333  0.211453132613  16.6484085153
50  1.4  200  1780  0.917  -0.234247154412  16.5606130357
50  1.4  200  1780  0.917166666667  -0.685282531018  16.2484676578
50  1.4  200  1780  0.917333333333  -1.14138694229  15.6747492949
50  1.4  200  1780  0.9175  -1.59057847943  15.1003417275
50  1.4  200  1780  0.917666666667  -2.03145452848  14.5181103279
50  1.4  200  1780  0.917833333333  -2.45928835176  14.0062176514
50  1.4  200  1780  0.918  -2.8749878594  13.5007359852
50  1.4  200  1780  0.918166666667  -3.27585656167  13.0304804425
50  1.4  200  1780  0.918333333333  -3.65933878064  12.6220371672
50  1.4  200  1780  0.9185  -4.03250965117  12.0588685733
50  1.4  200  1780  0.918666666667  -4.38815242087  11.4890952733
50  1.4  200  1780  0.918833333333  -4.71786366784  11.0927624061
50  1.4  200  1780  0.919  -5.03453335854  10.5109779892
50  1.4  200  1780  0.919166666667  -5.33246822966  9.85890328222
50  1.4  200  1780  0.919333333333  -5.59763518315  9.46568677153
50  1.4  200  1780  0.9195  -5.85076303346  8.77978749807
50  1.4  200  1780  0.919666666667  -6.07748300519  8.14350519642
50  1.4  200  1780  0.919833333333  -6.27442157604  7.62231154099
50  1.4  200  1780  0.92  -6.45544667642  6.84627645781
50  1.4  200  1780  0.920166666667  -6.59565761292  6.43279386162
50  1.4  200  1780  0.920333333333  -6.71272492868  5.92060873151
50  1.4  200  1780  0.9205  -6.80793487523  5.26733655477
50  1.4  200  1780  0.920666666667  -6.87725597878  4.56841087813
50  1.4  200  1780  0.920833333333  -6.92445278013  3.72402180613
50  1.4  200  1780  0.921  -6.94307273889  2.89666517128
50  1.4  200  1780  0.921166666667  -6.93328090457  2.08354740955
50  1.4  200  1780  0.921333333333  -6.89406447514  1.31458425148
50  1.4  200  1780  0.9215  -6.82641800568  0.571479885514
50  1.4  200  1780  0.921666666667  -6.73167539112  -0.169932895513
50  1.4  200  1780  0.921833333333  -6.61029776233  -0.908943590669
50  1.4  200  1780  0.922  -6.46585029762  -1.7210240312
50  1.4  200  1780  0.922166666667  -6.29450356673  -2.49122204703
50  1.4  200  1780  0.922333333333  -6.09390850535  -3.13965561229
50  1.4  200  1780  0.9225  -5.8769861569  -3.97185206952
50  1.4  200  1780  0.922666666667  -5.63420712141  -4.72073558781
50  1.4  200  1780  0.922833333333  -5.36700042306  -5.39531117634
50  1.4  200  1780  0.923  -5.08625191345  -6.24263183819
50  1.4  200  1780  0.923166666667  -4.77714342019  -6.85482915962
50  1.4  200  1780  0.923333333333  -4.44940147184  -7.44555518915
50  1.4  200  1780  0.9235  -4.10672112467  -8.07347945778
50  1.4  200  1780  0.923666666667  -3.75094713215  -8.7486295425
50  1.4  200  1780  0.923833333333  -3.38657294188  -9.54681093765
50  1.4  200  1780  0.924  -3.01021617883  -10.342435591
50  1.4  200  1780  0.924166666667  -2.62237508044  -11.1072919381
50  1.4  200  1780  0.924333333333  -2.22225071718  -11.7791905872
50  1.4  200  1780  0.9245  -1.81523191587  -12.4522467175
50  1.4  200  1780  0.924666666667  -1.40284680602  -13.1218181151
50  1.4  200  1780  0.924833333333  -0.982620838997  -13.6810703636
50  1.4  200  1780  0.925  -0.568218571744  -14.4327517223
50  1.4  200  1780  0.925166666667  -0.152463632364  -15.150075209
50  1.4  200  1780  0.925333333333  0.268915514471  -15.6800366902
50  1.4  200  1780  0.9255  0.688975155966  -16.1546749841
50  1.4  200  1780  0.925666666667  1.10789658437  -16.5254043863
50  1.4  200  1780  0.925833333333  1.52354184453  -16.8030722538
50  1.4  200  1780  0.926  1.93420200025  -16.9883245449
50  1.4  200  1780  0.926166666667  2.33739301023  -17.1023593261
50  1.4  200  1780  0.926333333333  2.73108511379  -17.1558657237
50  1.4  200  1780  0.9265  3.1137608923  -17.1477104444
50  1.4  200  1780  0.926666666667  3.48423088583  -17.0697776954
50  1.4  200  1780  0.926833333333  3.84115542756  -16.9192658531
50  1.4  200  1780  0.927  4.18518975188  -16.6443470659
50  1.4  200  1780  0.927166666667  4.51333671005  -16.287747134
50  1.4  200  1780  0.927333333333  4.82394047739  -15.8600371703
50  1.4  200  1780  0.9275  5.11603768914  -15.3562390115
50  1.4  200  1780  0.927666666667  5.38869381916  -14.7727974169
50  1.4  200  1780  0.927833333333  5.64092611409  -14.10964525
50  1.4  200  1780  0.928  5.87228343908  -13.3555741757
50  1.4  200  1780  0.928166666667  6.08229359948  -12.5023621456
50  1.4  200  1780  0.928333333333  6.26956956472  -11.567555095
50  1.4  200  1780  0.9285  6.43264951106  -10.5731996488
50  1.4  200  1780  0.928666666667  6.57488485841  -9.42174651653
50  1.4  200  1780  0.928833333333  6.68848303343  -8.30141333642
50  1.4  200  1780  0.929  6.7792971827  -7.05656429865
50  1.4  200  1780  0.929166666667  6.84923802864  -5.63447649392
50  1.4  200  1780  0.929333333333  6.88913978016  -4.2665623231
50  1.4  200  1780  0.9295  6.90282879317  -2.85703103925
50  1.4  200  1780  0.929666666667  6.89263139009  -1.35098461168
50  1.4  200  1780  0.929833333333  6.852634688  0.0944238454605
50  1.4  200  1780  0.93  6.78555693904  1.53852421266
50  1.4  200  1780  0.930166666667  6.69582654447  3.08137465711
50  1.4  200  1780  0.930333333333  6.57516180823  4.49753640064
50  1.4  200  1780  0.9305  6.426261775  5.83788053701
50  1.4  200  1780  0.930666666667  6.25269075271  7.17272469514
50  1.4  200  1780  0.930833333333  6.05085102405  8.38801969518
50  1.4  200  1780  0.931  5.82439200622  9.55143166182
50  1.4  200  1780  0.931166666667  5.57655208598  10.7179234145
50  1.4  200  1780  0.931333333333  5.2980535952  11.6223945546
50  1.4  200  1780  0.9315  4.99446658648  12.3748375835
50  1.4  200  1780  0.931666666667  4.68165866117  13.3448877983
50  1.4  200  1780  0.931833333333  4.33860582591  13.9633508693
50  1.4  200  1780  0.932  3.97527123843  14.4464618422
50  1.4  200  1780  0.932166666667  3.59951545183  14.9555506905
50  1.4  200  1780  0.932333333333  3.20897942434  15.391022027
50  1.4  200  1780  0.9325  2.80525375792  15.7524103462
50  1.4  200  1780  0.932666666667  2.39024162494  16.0461596442
50  1.4  200  1780  0.932833333333  1.96583109315  16.2774658203
50  1.4  200  1780  0.933  1.53418202963  16.4577327947
50  1.4  200  1780  0.933166666667  1.09652178433  16.5741543751
50  1.4  200  1780  0.933333333333  0.654232616352  16.6175084553
50  1.4  200  1780  0.9335  0.209311650094  16.5940148593
50  1.4  200  1780  0.933666666667  -0.235173310514  16.5370886707
50  1.4  200  1780  0.933833333333  -0.684338360928  16.2724495781
50  1.4  200  1780  0.934  -1.14100811395  15.6843715347
50  1.4  200  1780  0.934166666667  -1.59108284711  15.0875307885
50  1.4  200  1780  0.934333333333  -2.03383612376  14.4576178077
50  1.4  200  1780  0.9345  -2.45856848717  14.0245022119
50  1.4  200  1780  0.934666666667  -2.87348373982  13.5389406225
50  1.4  200  1780  0.934833333333  -3.27313315376  13.0996550033
50  1.4  200  1780  0.935  -3.6660112628  12.4525561205
50  1.4  200  1780  0.935166666667  -4.02910710454  12.1452932579
50  1.4  200  1780  0.935333333333  -4.37800947556  11.7467260842
50  1.4  200  1780  0.9355  -4.71189307351  11.2444155022
50  1.4  200  1780  0.935666666667  -5.02387070145  10.7818094791
50  1.4  200  1780  0.935833333333  -5.31597544578  10.2778199929
50  1.4  200  1780  0.936  -5.58711323262  9.73294431515
50  1.4  200  1780  0.936166666667  -5.84158754334  9.01284494708
50  1.4  200  1780  0.936333333333  -6.07170554157  8.29025277254
50  1.4  200  1780  0.9365  -6.27550280398  7.59484835145
50  1.4  200  1780  0.936666666667  -6.45220373786  6.92864709724
50  1.4  200  1780  0.936833333333  -6.60161175859  6.28155856166
50  1.4  200  1780  0.937  -6.72598959508  5.58368620496
50  1.4  200  1780  0.937166666667  -6.82452253076  4.8460101044
50  1.4  200  1780  0.937333333333  -6.89004593972  4.24354587023
50  1.4  200  1780  0.9375  -6.93272773591  3.51383792926
50  1.4  200  1780  0.937666666667  -6.9551226299  2.59059793965
50  1.4  200  1780  0.937833333333  -6.93207694186  2.11412806237
50  1.4  200  1780  0.938  -6.8908894162  1.3952307486
50  1.4  200  1780  0.938166666667  -6.81784398303  0.789260060738
50  1.4  200  1780  0.938333333333  -6.7212963427  0.0936949342848
50  1.4  200  1780  0.9385  -6.59880962561  -0.617144917924
50  1.4  200  1780  0.938666666667  -6.45050686452  -1.33130083044
50  1.4  200  1780  0.938833333333  -6.27824477063  -2.07824862596
50  1.4  200  1780  0.939  -6.08700251584  -2.96424347866
50  1.4  200  1780  0.939166666667  -5.87195368592  -3.84402730666
50  1.4  200  1780  0.939333333333  -5.63361079312  -4.70558884912
50  1.4  200  1780  0.9395  -5.36911657433  -5.44906141871
50  1.4  200  1780  0.939666666667  -5.08381729835  -6.18079261447
50  1.4  200  1780  0.939833333333  -4.77830529111  -6.88434068112
50  1.4  200  1780  0.94  -4.45824383138  -7.67015112162
50  1.4  200  1780  0.940166666667  -4.12080497715  -8.43120931076
50  1.4  200  1780  0.940333333333  -3.7617621672  -9.02333143278
50  1.4  200  1780  0.9405  -3.39614165617  -9.78985628068
50  1.4  200  1780  0.940666666667  -3.01516985825  -10.4682590483
50  1.4  200  1780  0.940833333333  -2.62028504821  -11.0542051196
50  1.4  200  1780  0.941  -2.21648656216  -11.6327810496
50  1.4  200  1780  0.941166666667  -1.80511772242  -12.1953462038
50  1.4  200  1780  0.941333333333  -1.39285416906  -12.8680051364
50  1.4  200  1780  0.9415  -0.979815241632  -13.6098081905
50  1.4  200  1780  0.941666666667  -0.56652810526  -14.3898138736
50  1.4  200  1780  0.941833333333  -0.155592753753  -15.2295548923
50  1.4  200  1780  0.942  0.261268116886  -15.8742805889
50  1.4  200  1780  0.942166666667  0.684532526405  -16.267517775
50  1.4  200  1780  0.942333333333  1.1050372774  -16.5980307833
50  1.4  200  1780  0.9425  1.52170519468  -16.8497231601
50  1.4  200  1780  0.942666666667  1.93323547959  -17.0128741696
50  1.4  200  1780  0.942833333333  2.3370203829  -17.1118240604
50  1.4  200  1780  0.943  2.73085437537  -17.1617264796
50  1.4  200  1780  0.943166666667  3.11370066066  -17.149240328
50  1.4  200  1780  0.943333333333  3.48546764848  -17.0383639241
50  1.4  200  1780  0.9435  3.84395416566  -16.8481779053
50  1.4  200  1780  0.943666666667  4.18746060149  -16.5866674856
50  1.4  200  1780  0.943833333333  4.51468481731  -16.2535052097
50  1.4  200  1780  0.944  4.82453280139  -15.8449921407
50  1.4  200  1780  0.944166666667  5.11649831621  -15.344539084
50  1.4  200  1780  0.944333333333  5.38853852492  -14.7767418905
50  1.4  200  1780  0.9445  5.64204750051  -14.081162035
50  1.4  200  1780  0.944666666667  5.87268889963  -13.3452754778
50  1.4  200  1780  0.944833333333  6.08175330812  -12.5160855461
50  1.4  200  1780  0.945  6.26991198219  -11.5588576912
50  1.4  200  1780  0.945166666667  6.43395850376  -10.5399512343
50  1.4  200  1780  0.945333333333  6.5739787517  -9.44476162697
50  1.4  200  1780  0.9455  6.6888736736  -8.29149107624
50  1.4  200  1780  0.945666666667  6.78132131212  -7.00515141141
50  1.4  200  1780  0.945833333333  6.8463846875  -5.70695135888
50  1.4  200  1780  0.946  6.88830880951  -4.28766897764
50  1.4  200  1780  0.946166666667  6.90367099873  -2.83563901785
50  1.4  200  1780  0.946333333333  6.88995863524  -1.41887258489
50  1.4  200  1780  0.9465  6.85464875681  0.145581193073
50  1.4  200  1780  0.946666666667  6.78703060196  1.57595525101
50  1.4  200  1780  0.946833333333  6.69622838131  3.09158131267
50  1.4  200  1780  0.947  6.57417160554  4.47238525236
50  1.4  200  1780  0.947166666667  6.42873955888  5.9008162477
50  1.4  200  1780  0.947333333333  6.25258682225  7.1700848615
50  1.4  200  1780  0.9475  6.04310447587  8.19125737127
50  1.4  200  1780  0.947666666667  5.81445098248  9.298929659
50  1.4  200  1780  0.947833333333  5.55969666368  10.289795688
50  1.4  200  1780  0.948  5.28142346498  11.199989247
50  1.4  200  1780  0.948166666667  4.98744606994  12.1965164633
50  1.4  200  1780  0.948333333333  4.66850873024  13.0108795526
50  1.4  200  1780  0.9485  4.3351358036  13.8752123026
50  1.4  200  1780  0.948666666667  3.97554816332  14.4534957345
50  1.4  200  1780  0.948833333333  3.59725702584  14.8981866703
50  1.4  200  1780  0.949  3.2072840041  15.347958353
50  1.4  200  1780  0.949166666667  2.80541147447  15.7564163466
50  1.4  200  1780  0.949333333333  2.39236262074  16.1000329376
50  1.4  200  1780  0.9495  1.96787380241  16.3293506355
50  1.4  200  1780  0.949666666667  1.53488849044  16.4756768995
50  1.4  200  1780  0.949833333333  1.09642425575  16.5716771491
50  1.4  200  1780  0.95  0.652078079652  16.5627832231
50  1.4  200  1780  0.950166666667  0.21216176311  16.66640773
50  1.4  200  1780  0.950333333333  -0.231791750813  16.6229802871
50  1.4  200  1780  0.9505  -0.680172610796  16.3782596314
50  1.4  200  1780  0.950666666667  -1.13303188991  15.8869676254
50  1.4  200  1780  0.950833333333  -1.57989033343  15.3718206358
50  1.4  200  1780  0.951  -2.01778703505  14.865264661
50  1.4  200  1780  0.951166666667  -2.4500112643  14.2418556728
50  1.4  200  1780  0.951333333333  -2.869494247  13.6402737402
50  1.4  200  1780  0.9515  -3.27357091771  13.088535799
50  1.4  200  1780  0.951666666667  -3.66182631933  12.5588536844
50  1.4  200  1780  0.951833333333  -4.03314042032  12.0428470369
50  1.4  200  1780  0.952  -4.38407516389  11.5926576007
50  1.4  200  1780  0.952166666667  -4.72031393324  11.030525665
50  1.4  200  1780  0.952333333333  -5.03780315007  10.4279252843
50  1.4  200  1780  0.9525  -5.327930942  9.97415038896
50  1.4  200  1780  0.952666666667  -5.60056013736  9.39139293452
50  1.4  200  1780  0.952833333333  -5.85056244005  8.78488257074
50  1.4  200  1780  0.953  -6.07432028957  8.22383817317
50  1.4  200  1780  0.953166666667  -6.27900803201  7.50581555946
50  1.4  200  1780  0.953333333333  -6.4495510861  6.99602445196
50  1.4  200  1780  0.9535  -6.59384728521  6.47877618556
50  1.4  200  1780  0.953666666667  -6.715630022  5.84681936117
50  1.4  200  1780  0.953833333333  -6.81024756163  5.20859432019
50  1.4  200  1780  0.954  -6.87776553438  4.55546816583
50  1.4  200  1780  0.954166666667  -6.92331641322  3.7528855256
50  1.4  200  1780  0.954333333333  -6.94307912959  2.89650284759
50  1.4  200  1780  0.9545  -6.93353486367  2.07709684852
50  1.4  200  1780  0.954666666667  -6.89322349271  1.33594520526
50  1.4  200  1780  0.954833333333  -6.82635566336  0.573063380518
50  1.4  200  1780  0.955  -6.73408165777  -0.23105206861
50  1.4  200  1780  0.955166666667  -6.6090234558  -0.876576204744
50  1.4  200  1780  0.955333333333  -6.45677206538  -1.49043693228
50  1.4  200  1780  0.9555  -6.28401289018  -2.22475886269
50  1.4  200  1780  0.955666666667  -6.08643750534  -2.94989221205
50  1.4  200  1780  0.955833333333  -5.86363438877  -3.63271715917
50  1.4  200  1780  0.956  -5.61926412708  -4.34118353173
50  1.4  200  1780  0.956166666667  -5.35507892457  -5.09250511463
50  1.4  200  1780  0.956333333333  -5.07581675639  -5.97757884877
50  1.4  200  1780  0.9565  -4.77601404891  -6.82614312928
50  1.4  200  1780  0.956666666667  -4.45576135441  -7.60709620658
50  1.4  200  1780  0.956833333333  -4.11781816771  -8.35534435084
50  1.4  200  1780  0.957  -3.76445025748  -9.09160892589
50  1.4  200  1780  0.957166666667  -3.39643425877  -9.79728838678
50  1.4  200  1780  0.957333333333  -3.01516347231  -10.4680968454
50  1.4  200  1780  0.9575  -2.62330330361  -11.1308688068
50  1.4  200  1780  0.957666666667  -2.22243249377  -11.7838077125
50  1.4  200  1780  0.957833333333  -1.81162326764  -12.3605870524
50  1.4  200  1780  0.958  -1.40119079374  -13.0797554032
50  1.4  200  1780  0.958166666667  -0.989714907582  -13.8612597056
50  1.4  200  1780  0.958333333333  -0.564406466485  -14.3359242487
50  1.4  200  1780  0.9585  -0.154239574759  -15.1951841458
50  1.4  200  1780  0.958666666667  0.265544185879  -15.7656684364
50  1.4  200  1780  0.958833333333  0.686995233857  -16.2049650057
50  1.4  200  1780  0.959  1.10709640982  -16.5457288197
50  1.4  200  1780  0.959166666667  1.52288492392  -16.8197580374
50  1.4  200  1780  0.959333333333  1.93333915729  -17.0102407561
50  1.4  200  1780  0.9595  2.33669271381  -17.1201468551
50  1.4  200  1780  0.959666666667  2.73112494824  -17.1548539288
50  1.4  200  1780  0.959833333333  3.11494720875  -17.1175780065
50  1.4  200  1780  0.96  3.48661878651  -17.0091250181
50  1.4  200  1780  0.960166666667  3.84472556764  -16.8285842952
50  1.4  200  1780  0.960333333333  4.18817234472  -16.5685892076
50  1.4  200  1780  0.9605  4.51558060174  -16.2307522852
50  1.4  200  1780  0.960666666667  4.82570530858  -15.8152104581
50  1.4  200  1780  0.960833333333  5.11747913301  -15.3196263371
50  1.4  200  1780  0.961  5.38994644578  -14.7409807007
50  1.4  200  1780  0.961166666667  5.64222967352  -14.0765348405
50  1.4  200  1780  0.961333333333  5.87351296237  -13.3243442842
50  1.4  200  1780  0.9615  6.0830398084  -12.4834084391
50  1.4  200  1780  0.961666666667  6.27011402661  -11.553725763
50  1.4  200  1780  0.961833333333  6.43410282178  -10.5362855566
50  1.4  200  1780  0.962  6.57442692922  -9.43337791778
50  1.4  200  1780  0.962166666667  6.69055516262  -8.24878125505
50  1.4  200  1780  0.962333333333  6.78199460536  -6.98804976293
50  1.4  200  1780  0.9625  6.84828224508  -5.65875339647
50  1.4  200  1780  0.962666666667  6.88897810302  -4.27066892236
50  1.4  200  1780  0.962833333333  6.90366036639  -2.83590907925
50  1.4  200  1780  0.963  6.89192887139  -1.3688285867
50  1.4  200  1780  0.963166666667  6.85342312652  0.114450183923
50  1.4  200  1780  0.963333333333  6.78784309988  1.59659269818
50  1.4  200  1780  0.9635  6.6949522104  3.05916657165
50  1.4  200  1780  0.963666666667  6.57468940413  4.48553733667
50  1.4  200  1780  0.963833333333  6.42716715697  5.86087723906
50  1.4  200  1780  0.964  6.2526589548  7.17191702825
50  1.4  200  1780  0.964166666667  6.05161221923  8.40735405274
50  1.4  200  1780  0.964333333333  5.82467895455  9.5587201496
50  1.4  200  1780  0.9645  5.57270336857  10.6201659923
50  1.4  200  1780  0.964666666667  5.2967185412  11.588484183
50  1.4  200  1780  0.964833333333  4.99787299532  12.461360368
50  1.4  200  1780  0.965  4.67751628532  13.2396714515
50  1.4  200  1780  0.965166666667  4.33717871683  13.9271022986
50  1.4  200  1780  0.965333333333  3.97842517668  14.5265718738
50  1.4  200  1780  0.9655  3.6027901144  15.0387271198
50  1.4  200  1780  0.965666666667  3.21200506783  15.4678733717
50  1.4  200  1780  0.965833333333  2.80749897751  15.8094389239
50  1.4  200  1780  0.966  2.39101243518  16.0657382245
50  1.4  200  1780  0.966166666667  1.96627014954  16.2886178527
50  1.4  200  1780  0.966333333333  1.53321358874  16.4331343962
50  1.4  200  1780  0.9665  1.09980995852  16.6576739994
50  1.4  200  1780  0.966666666667  0.654698480493  16.6293414045
50  1.4  200  1780  0.966833333333  0.211153077294  16.6407871102
50  1.4  200  1780  0.967  -0.231712604682  16.6249905988
50  1.4  200  1780  0.967166666667  -0.679261868343  16.4013924897
50  1.4  200  1780  0.967333333333  -1.13264871917  15.8967001623
50  1.4  200  1780  0.9675  -1.58015925242  15.3649900935
50  1.4  200  1780  0.967666666667  -2.01834873133  14.8509975755
50  1.4  200  1780  0.967833333333  -2.44574077706  14.3503260487
50  1.4  200  1780  0.968  -2.86061025259  13.8659271981
50  1.4  200  1780  0.968166666667  -3.26218361316  13.3777733345
50  1.4  200  1780  0.968333333333  -3.65372956543  12.7645112336
50  1.4  200  1780  0.9685  -4.02791351226  12.1756105018
50  1.4  200  1780  0.968666666667  -4.38325284447  11.6135445139
50  1.4  200  1780  0.968833333333  -4.71922245799  11.0582491364
50  1.4  200  1780  0.969  -5.03511831573  10.4961200765
50  1.4  200  1780  0.969166666667  -5.32977010159  9.92743573531
50  1.4  200  1780  0.969333333333  -5.60159630109  9.3650743759
50  1.4  200  1780  0.9695  -5.84980504826  8.80412032205
50  1.4  200  1780  0.969666666667  -6.0772595809  8.14918017359
50  1.4  200  1780  0.969833333333  -6.27497855238  7.60816434215
50  1.4  200  1780  0.97  -6.45443018068  6.87209544967
50  1.4  200  1780  0.970166666667  -6.60619392491  6.16517153699
50  1.4  200  1780  0.970333333333  -6.72185527214  5.68869800766
50  1.4  200  1780  0.9705  -6.82169744377  4.91776731382
50  1.4  200  1780  0.970666666667  -6.88488362785  4.37466859189
50  1.4  200  1780  0.970833333333  -6.9214658096  3.79989085761
50  1.4  200  1780  0.971  -6.93356158417  3.13824850136
50  1.4  200  1780  0.971166666667  -6.91974680514  2.42731353516
50  1.4  200  1780  0.971333333333  -6.88498730937  1.54514426216
50  1.4  200  1780  0.9715  -6.82205887699  0.682201754266
50  1.4  200  1780  0.971666666667  -6.73099742462  -0.152712546388
50  1.4  200  1780  0.971833333333  -6.610162984  -0.905520221052
50  1.4  200  1780  0.972  -6.46487231405  -1.69618324845
50  1.4  200  1780  0.972166666667  -6.29759168107  -2.56966015128
50  1.4  200  1780  0.972333333333  -6.09677132249  -3.21237116761
50  1.4  200  1780  0.9725  -5.87020384884  -3.7995814449
50  1.4  200  1780  0.972666666667  -5.62345573352  -4.44765033548
50  1.4  200  1780  0.972833333333  -5.35699094386  -5.14107040456
50  1.4  200  1780  0.973  -5.07094064908  -5.85372572315
50  1.4  200  1780  0.973166666667  -4.76662188609  -6.5875821935
50  1.4  200  1780  0.973333333333  -4.44909147905  -7.43768137238
50  1.4  200  1780  0.9735  -4.11436196612  -8.26755683049
50  1.4  200  1780  0.973666666667  -3.76320830145  -9.06006324289
50  1.4  200  1780  0.973833333333  -3.39545055156  -9.77230222357
50  1.4  200  1780  0.974  -3.01473616105  -10.4572431393
50  1.4  200  1780  0.974166666667  -2.62349005337  -11.1356122507
50  1.4  200  1780  0.974333333333  -2.2223677064  -11.7821621133
50  1.4  200  1780  0.9745  -1.81576251161  -12.4657238493
50  1.4  200  1780  0.974666666667  -1.40752004914  -13.2405184905
50  1.4  200  1780  0.974833333333  -0.979352682902  -13.5980591987
50  1.4  200  1780  0.975  -0.567931921673  -14.4254708105
50  1.4  200  1780  0.975166666667  -0.148626137905  -15.0526028497
50  1.4  200  1780  0.975333333333  0.268811808063  -15.682670833
50  1.4  200  1780  0.9755  0.687884978348  -16.1823654956
50  1.4  200  1780  0.975666666667  1.10717608489  -16.5437050729
50  1.4  200  1780  0.975833333333  1.52409066837  -16.7891321284
50  1.4  200  1780  0.976  1.93507594417  -16.9661263694
50  1.4  200  1780  0.976166666667  2.33783741483  -17.0910714495
50  1.4  200  1780  0.976333333333  2.73111385381  -17.1551357271
50  1.4  200  1780  0.9765  3.11455530096  -17.1275324645
50  1.4  200  1780  0.976666666667  3.48630983981  -17.0169722643
50  1.4  200  1780  0.976833333333  3.84442795145  -16.8361437464
50  1.4  200  1780  0.977  4.18765739779  -16.5816688597
50  1.4  200  1780  0.977166666667  4.51490863958  -16.2478201241
50  1.4  200  1780  0.977333333333  4.82497603622  -15.8337339761
50  1.4  200  1780  0.9775  5.11669465928  -15.33955197
50  1.4  200  1780  0.977666666667  5.38783873168  -14.7945166389
50  1.4  200  1780  0.977833333333  5.64305582808  -14.0555505148
50  1.4  200  1780  0.978  5.87256708172  -13.3483696527
50  1.4  200  1780  0.978166666667  6.08343449036  -12.4733835172
50  1.4  200  1780  0.978333333333  6.26776817094  -11.6133104969
50  1.4  200  1780  0.9785  6.43097193165  -10.615810166
50  1.4  200  1780  0.978666666667  6.57535625015  -9.40977316619
50  1.4  200  1780  0.978833333333  6.68907625221  -8.28634557957
50  1.4  200  1780  0.979  6.77845937459  -7.0778446245
50  1.4  200  1780  0.979166666667  6.84742675907  -5.68048274102
50  1.4  200  1780  0.979333333333  6.87985144173  -4.50248611927
50  1.4  200  1780  0.9795  6.89815037182  -2.97586294139
50  1.4  200  1780  0.979666666667  6.87922604465  -1.69148038594
50  1.4  200  1780  0.979833333333  6.83461381881  -0.363306231971
50  1.4  200  1780  0.98  6.76490062111  1.0138537374
50  1.4  200  1780  0.980166666667  6.67023246018  2.431284916
50  1.4  200  1780  0.980333333333  6.5572995727  4.04383561824
50  1.4  200  1780  0.9805  6.41562724943  5.56776358757
50  1.4  200  1780  0.980666666667  6.24444051223  6.96316858699
50  1.4  200  1780  0.980833333333  6.04835818216  8.32470151104
50  1.4  200  1780  0.981  5.82043579987  9.45094402071
50  1.4  200  1780  0.981166666667  5.57354268446  10.6414846159
50  1.4  200  1780  0.981333333333  5.29227323448  11.4755733922
50  1.4  200  1780  0.9815  4.99028187029  12.2685457922
50  1.4  200  1780  0.981666666667  4.67296154291  13.1239809945
50  1.4  200  1780  0.981833333333  4.3304552035  13.75632506
50  1.4  200  1780  0.982  3.96889322089  14.2844601966
50  1.4  200  1780  0.982166666667  3.59336725659  14.7993865314
50  1.4  200  1780  0.982333333333  3.20463807257  15.2807516921
50  1.4  200  1780  0.9825  2.80586709223  15.7679890377
50  1.4  200  1780  0.982666666667  2.39250043606  16.1035334467
50  1.4  200  1780  0.982833333333  1.96716006114  16.3112216073
50  1.4  200  1780  0.983  1.53521278067  16.4839138712
50  1.4  200  1780  0.983166666667  1.09619313409  16.5658066588
50  1.4  200  1780  0.983333333333  0.650451346647  16.5214642048
50  1.4  200  1780  0.9835  0.210236103434  16.6174959742
50  1.4  200  1780  0.983666666667  -0.231435200572  16.6320366633
50  1.4  200  1780  0.983833333333  -0.679286781612  16.4007596927
50  1.4  200  1780  0.984  -1.13301321731  15.8874419096
50  1.4  200  1780  0.984166666667  -1.58022330841  15.3633630714
50  1.4  200  1780  0.984333333333  -2.01802248819  14.8592841513
50  1.4  200  1780  0.9845  -2.4495627387  14.2532482232
50  1.4  200  1780  0.984666666667  -2.86951701825  13.6396953504
50  1.4  200  1780  0.984833333333  -3.27430369449  13.0699232687
50  1.4  200  1780  0.985  -3.66136140025  12.570662629
50  1.4  200  1780  0.985166666667  -4.03278959227  12.0517580695
50  1.4  200  1780  0.985333333333  -4.38621088106  11.5384103845
50  1.4  200  1780  0.9855  -4.71922423806  11.0582039226
50  1.4  200  1780  0.985666666667  -5.03837440474  10.4134154157
50  1.4  200  1780  0.985833333333  -5.3286505184  9.95587314842
50  1.4  200  1780  0.986  -5.60008374534  9.40349329185
50  1.4  200  1780  0.986166666667  -5.84736586611  8.86607554871
50  1.4  200  1780  0.986333333333  -6.07801711965  8.12993868931
50  1.4  200  1780  0.9865  -6.27891402795  7.50820326256
50  1.4  200  1780  0.986666666667  -6.44511257957  7.10876251787
50  1.4  200  1780  0.986833333333  -6.5896801159  6.584622286
50  1.4  200  1780  0.987  -6.7114746014  5.95236704454
50  1.4  200  1780  0.987166666667  -6.8082399824  5.25958683277
50  1.4  200  1780  0.987333333333  -6.87721805668  4.56937409958
50  1.4  200  1780  0.9875  -6.92440445716  3.72524920955
50  1.4  200  1780  0.987666666667  -6.94363483202  2.88238800594
50  1.4  200  1780  0.987833333333  -6.93348370945  2.07839616568
50  1.4  200  1780  0.988  -6.89336860472  1.33225936021
50  1.4  200  1780  0.988166666667  -6.82573946171  0.588714902299
50  1.4  200  1780  0.988333333333  -6.73214800435  -0.181937271737
50  1.4  200  1780  0.9885  -6.61326083855  -0.984205726766
50  1.4  200  1780  0.988666666667  -6.4665973681  -1.7399996213
50  1.4  200  1780  0.988833333333  -6.28859702685  -2.3411959341
50  1.4  200  1780  0.989  -6.09448975767  -3.1544194212
50  1.4  200  1780  0.989166666667  -5.87764663521  -3.98862821852
50  1.4  200  1780  0.989333333333  -5.63931688464  -4.85052357372
50  1.4  200  1780  0.9895  -5.36423724637  -5.32512648847
50  1.4  200  1780  0.989666666667  -5.08269986741  -6.15240986856
50  1.4  200  1780  0.989833333333  -4.77455179116  -6.78900178225
50  1.4  200  1780  0.99  -4.44873994597  -7.42875243208
50  1.4  200  1780  0.990166666667  -4.10716204683  -8.08467888072
50  1.4  200  1780  0.990333333333  -3.75174836438  -8.76898084125
50  1.4  200  1780  0.9905  -3.38752463107  -9.57098384316
50  1.4  200  1780  0.990666666667  -3.01047114426  -10.3489117131
50  1.4  200  1780  0.990833333333  -2.62129364634  -11.0798235121
50  1.4  200  1780  0.991  -2.22261870159  -11.7885373913
50  1.4  200  1780  0.991166666667  -1.81643465984  -12.4827964144
50  1.4  200  1780  0.991333333333  -1.40180735519  -13.095416064
50  1.4  200  1780  0.9915  -0.984250305428  -13.7224588109
50  1.4  200  1780  0.991666666667  -0.569036908049  -14.4535374644
50  1.4  200  1780  0.991833333333  -0.155858949331  -15.23631626
50  1.4  200  1780  0.992  0.261878110996  -15.8587867385
50  1.4  200  1780  0.992166666667  0.681441650938  -16.3460260118
50  1.4  200  1780  0.992333333333  1.10084784857  -16.7044422754
50  1.4  200  1780  0.9925  1.51970148548  -16.9006173737
50  1.4  200  1780  0.992666666667  1.93068605072  -17.077629663
50  1.4  200  1780  0.992833333333  2.33436419451  -17.1792912454
50  1.4  200  1780  0.993  2.72665731981  -17.2683316909
50  1.4  200  1780  0.993166666667  3.11378583336  -17.1470769415
50  1.4  200  1780  0.993333333333  3.48572758646  -17.0317614994
50  1.4  200  1780  0.9935  3.84251990036  -16.884608244
50  1.4  200  1780  0.993666666667  4.18612735656  -16.6205319069
50  1.4  200  1780  0.993833333333  4.51374617633  -16.2773466905
50  1.4  200  1780  0.994  4.82395538033  -15.8596586357
50  1.4  200  1780  0.994166666667  5.11531606912  -15.37456816
50  1.4  200  1780  0.994333333333  5.38782314963  -14.794912423
50  1.4  200  1780  0.9945  5.64186026196  -14.0859178941
50  1.4  200  1780  0.994666666667  5.87108191948  -13.3860927736
50  1.4  200  1780  0.994833333333  6.08046575929  -12.5487892866
50  1.4  200  1780  0.995  6.27076275478  -11.5372480675
50  1.4  200  1780  0.995166666667  6.4319908255  -10.5899302622
50  1.4  200  1780  0.995333333333  6.57252657433  -9.4816469321
50  1.4  200  1780  0.9955  6.69028667636  -8.255600806
50  1.4  200  1780  0.995666666667  6.78131454794  -7.00532322161
50  1.4  200  1780  0.995833333333  6.84624182859  -5.71057997528
50  1.4  200  1780  0.996  6.89043295666  -4.23371563988
50  1.4  200  1780  0.996166666667  6.90245752839  -2.86646116441
50  1.4  200  1780  0.996333333333  6.89109878105  -1.38991288141
50  1.4  200  1780  0.9965  6.85485870685  0.150913924065
50  1.4  200  1780  0.996666666667  6.78760523056  1.59055081738
50  1.4  200  1780  0.996833333333  6.69587817783  3.08268614441
50  1.4  200  1780  0.997  6.57428395858  4.47523901947
50  1.4  200  1780  0.997166666667  6.42601968861  5.83173154274
50  1.4  200  1780  0.997333333333  6.25231676886  7.1632255055
50  1.4  200  1780  0.9975  6.05261043158  8.43270864654
50  1.4  200  1780  0.997666666667  5.82490795124  9.56453666532
50  1.4  200  1780  0.997833333333  5.57437487075  10.6626221477
50  1.4  200  1780  0.998  5.29721758403  11.6011598709
50  1.4  200  1780  0.998166666667  4.9990545598  12.4913721057
50  1.4  200  1780  0.998333333333  4.67892639646  13.2754882747
50  1.4  200  1780  0.9985  4.33731529014  13.9305712606
50  1.4  200  1780  0.998666666667  3.97902933101  14.5419173935
50  1.4  200  1780  0.998833333333  3.60275871657  15.0379296147
50  1.4  200  1780  0.999  3.21458009506  15.5332790633
50  1.4  200  1780  0.999166666667  2.80973203489  15.8661585812
50  1.4  200  1780  0.999333333333  2.39163836584  16.0816368632
50  1.4  200  1780  0.9995  1.96538058952  16.2660230281
50  1.4  200  1780  0.999666666667  1.53545706964  16.4901188111
50  1.4  200  1780  0.999833333333  1.09940875348  16.6474833915
50  1.4  200  1780  1  0.658324484817  16.7214419143
50  1.4  200  1780  1.00016666667  0.214190226793  16.7179307075
50  1.4  200  1780  1.00033333333  -0.230547871947  16.6545748103
50  1.4  200  1780  1.0005  -0.681662272161  16.3404222327
50  1.4  200  1780  1.00066666667  -1.13916720261  15.7311306829
50  1.4  200  1780  1.00083333333  -1.59039988954  15.1048779107
50  1.4  200  1780  1.001  -2.03110071238  14.5270972567
50  1.4  200  1780  1.00116666667  -2.45963732599  13.9973537059
50  1.4  200  1780  1.00133333333  -2.8742404172  13.519721017
50  1.4  200  1780  1.0015  -3.27514003082  13.0486803259
50  1.4  200  1780  1.00166666667  -3.66194368968  12.5558724775
50  1.4  200  1780  1.00183333333  -4.0332048716  12.0412099744
50  1.4  200  1780  1.002  -4.38654962273  11.5298063461
50  1.4  200  1780  1.00216666667  -4.72029986394  11.0308830252
50  1.4  200  1780  1.00233333333  -5.03458816013  10.5095860288
50  1.4  200  1780  1.0025  -5.32616698713  10.0189548427
50  1.4  200  1780  1.00266666667  -5.60120821157  9.37493184976
50  1.4  200  1780  1.00283333333  -5.8530285959  8.72224221204
50  1.4  200  1780  1.003  -6.07357474892  8.24277490575
50  1.4  200  1780  1.00316666667  -6.27791967533  7.53345981905
50  1.4  200  1780  1.00333333333  -6.45346801687  6.89653441033
50  1.4  200  1780  1.0035  -6.59968373581  6.33053034026
50  1.4  200  1780  1.00366666667  -6.7264374792  5.57230994848
50  1.4  200  1780  1.00383333333  -6.82428554785  4.85202947037
50  1.4  200  1780  1.004  -6.88856373538  4.28119386053
50  1.4  200  1780  1.00416666667  -6.9336249977  3.49104747975
50  1.4  200  1780  1.00433333333  -6.94820668664  2.76626289852
50  1.4  200  1780  1.0045  -6.93257996285  2.10135132937
50  1.4  200  1780  1.00466666667  -6.89608701444  1.26321175337
50  1.4  200  1780  1.00483333333  -6.82699366899  0.556858037491
50  1.4  200  1780  1.005  -6.72576778483  -0.0198796958428
50  1.4  200  1780  1.00516666667  -6.60133228072  -0.681220357821
50  1.4  200  1780  1.00533333333  -6.45154652795  -1.35770828154
50  1.4  200  1780  1.0055  -6.28232262688  -2.18182617485
50  1.4  200  1780  1.00566666667  -6.09075213397  -3.05948377924
50  1.4  200  1780  1.00583333333  -5.87928693109  -4.03029173396
50  1.4  200  1780  1.006  -5.63250959502  -4.67761841738
50  1.4  200  1780  1.00616666667  -5.36807583854  -5.42262672953
50  1.4  200  1780  1.00633333333  -5.07615633017  -5.98620402278
50  1.4  200  1780  1.0065  -4.76978278931  -6.66786913528
50  1.4  200  1780  1.00666666667  -4.44692285343  -7.3825982816
50  1.4  200  1780  1.00683333333  -4.11088210009  -8.17916823334
50  1.4  200  1780  1.007  -3.76083383289  -8.99975174144
50  1.4  200  1780  1.00716666667  -3.39541515326  -9.77140310685
50  1.4  200  1780  1.00733333333  -3.01338557317  -10.4229382073
50  1.4  200  1780  1.0075  -2.62217545155  -11.1022213643
50  1.4  200  1780  1.00766666667  -2.22383779657  -11.8195024038
50  1.4  200  1780  1.00783333333  -1.81508277199  -12.448458463
50  1.4  200  1780  1.008  -1.40199397167  -13.1001561227
50  1.4  200  1780  1.00816666667  -0.985420507716  -13.752181949
50  1.4  200  1780  1.00833333333  -0.567146108493  -14.4055111557
50  1.4  200  1780  1.0085  -0.155648979094  -15.2309830159
50  1.4  200  1780  1.00866666667  0.26232032706  -15.8475544504
50  1.4  200  1780  1.00883333333  0.682233187925  -16.3259209723
50  1.4  200  1780  1.009  1.10219995646  -16.6700987352
50  1.4  200  1780  1.00916666667  1.51753618694  -16.9556159568
50  1.4  200  1780  1.00933333333  1.92988278991  -17.0980324876
50  1.4  200  1780  1.0095  2.33432896909  -17.1801859712
50  1.4  200  1780  1.00966666667  2.72942991614  -17.197907744
50  1.4  200  1780  1.00983333333  3.11360930281  -17.1515608175
50  1.4  200  1780  1.01  3.48480789854  -17.0551215725
50  1.4  200  1780  1.01016666667  3.84167234794  -16.9061360755
50  1.4  200  1780  1.01033333333  4.18561516197  -16.6335416494
50  1.4  200  1780  1.0105  4.51359029082  -16.2813061826
50  1.4  200  1780  1.01066666667  4.82397834879  -15.8590752368
50  1.4  200  1780  1.01083333333  5.11523277546  -15.3766838189
50  1.4  200  1780  1.011  5.38645994749  -14.8295377574
50  1.4  200  1780  1.01116666667  5.64021042936  -14.1278236423
50  1.4  200  1780  1.01133333333  5.87375364749  -13.3182308822
50  1.4  200  1780  1.0115  6.08294053914  -12.4859298782
50  1.4  200  1780  1.01166666667  6.26924114501  -11.5758969556
50  1.4  200  1780  1.01183333333  6.43353760709  -10.5506420096
50  1.4  200  1780  1.012  6.5744487589  -9.43282344407
50  1.4  200  1780  1.01216666667  6.68929363606  -8.28082402963
50  1.4  200  1780  1.01233333333  6.781261593  -7.00666827698
50  1.4  200  1780  1.0125  6.84862438912  -5.65006293769
50  1.4  200  1780  1.01266666667  6.88971146688  -4.25204148046
50  1.4  200  1780  1.01283333333  6.90425688514  -2.82075750306
50  1.4  200  1780  1.013  6.89096632366  -1.39327729917
50  1.4  200  1780  1.01316666667  6.85201873322  0.0787785940359
50  1.4  200  1780  1.01333333333  6.78683246812  1.57092265132
50  1.4  200  1780  1.0135  6.6959872623  3.08545688994
50  1.4  200  1780  1.01366666667  6.57577199003  4.51303501839
50  1.4  200  1780  1.01383333333  6.42623174002  5.83711764843
50  1.4  200  1780  1.014  6.25244227089  7.16641325705
50  1.4  200  1780  1.01416666667  6.05518141954  8.49801174065
50  1.4  200  1780  1.01433333333  5.82605555852  9.59368589044
50  1.4  200  1780  1.0145  5.56639279552  10.4598774367
50  1.4  200  1780  1.01466666667  5.28750943634  11.3545729195
50  1.4  200  1780  1.01483333333  4.98805869673  12.2120771838
50  1.4  200  1780  1.015  4.67042078153  13.0594456553
50  1.4  200  1780  1.01516666667  4.33253583956  13.8091732158
50  1.4  200  1780  1.01533333333  3.97621870012  14.470527369
50  1.4  200  1780  1.0155  3.60211592258  15.0216026475
50  1.4  200  1780  1.01566666667  3.21229280638  15.4751819307
50  1.4  200  1780  1.01583333333  2.80731417092  15.8047448364
50  1.4  200  1780  1.016  2.39436848601  16.1509819155
50  1.4  200  1780  1.01616666667  1.96609977312  16.2842902917
50  1.4  200  1780  1.01633333333  1.53299563979  16.427598493
50  1.4  200  1780  1.0165  1.0977138599  16.6044330945
50  1.4  200  1780  1.01666666667  0.658153931407  16.7171098577
50  1.4  200  1780  1.01683333333  0.213839996085  16.7090348475
50  1.4  200  1780  1.017  -0.230843654837  16.6470619249
50  1.4  200  1780  1.01716666667  -0.679004104899  16.4079396812
50  1.4  200  1780  1.01733333333  -1.13224072602  15.9070631884
50  1.4  200  1780  1.0175  -1.57973067964  15.3758758423
50  1.4  200  1780  1.01766666667  -2.01815674773  14.8558739589
50  1.4  200  1780  1.01783333333  -2.44547147488  14.3571663242
50  1.4  200  1780  1.018  -2.86065660618  13.8647498171
50  1.4  200  1780  1.01816666667  -3.26690784526  13.2577778393
50  1.4  200  1780  1.01833333333  -3.65744800978  12.670062747
50  1.4  200  1780  1.0185  -4.03030288175  12.1149205167
50  1.4  200  1780  1.01866666667  -4.38470646439  11.576622568
50  1.4  200  1780  1.01883333333  -4.71981775315  11.0431286393
50  1.4  200  1780  1.019  -5.03475851462  10.5052590248
50  1.4  200  1780  1.01916666667  -5.32891341704  9.94919552274
50  1.4  200  1780  1.01933333333  -5.60138708967  9.37038834607
50  1.4  200  1780  1.0195  -5.85199097679  8.74859773761
50  1.4  200  1780  1.01966666667  -6.08301431774  8.00300985773
50  1.4  200  1780  1.01983333333  -6.2710983294  7.70672200571
50  1.4  200  1780  1.02  -6.45289013232  6.91121267787
50  1.4  200  1780  1.02016666667  -6.60495657462  6.19660023451
50  1.4  200  1780  1.02033333333  -6.71999102615  5.73604985593
50  1.4  200  1780  1.0205  -6.81070121966  5.19707140621
50  1.4  200  1780  1.02066666667  -6.87632968442  4.59193875491
50  1.4  200  1780  1.02083333333  -6.92189220143  3.78906050505
50  1.4  200  1780  1.021  -6.9414862612  2.93696170465
50  1.4  200  1780  1.02116666667  -6.93250943683  2.10314269007
50  1.4  200  1780  1.02133333333  -6.89389723232  1.31883221904
50  1.4  200  1780  1.0215  -6.82584176174  0.586116481707
50  1.4  200  1780  1.02166666667  -6.73272826989  -0.196676016319
50  1.4  200  1780  1.02183333333  -6.61462078283  -1.01874831139
50  1.4  200  1780  1.022  -6.46676991699  -1.74438236317
50  1.4  200  1780  1.02216666667  -6.28814179985  -2.32963316813
50  1.4  200  1780  1.02233333333  -6.09510147241  -3.16995697567
50  1.4  200  1780  1.0225  -5.88061757077  -4.06408998195
50  1.4  200  1780  1.02266666667  -5.63315884034  -4.6941092486
50  1.4  200  1780  1.02283333333  -5.3639115549  -5.31685392519
50  1.4  200  1780  1.023  -5.07660148074  -5.99751084732
50  1.4  200  1780  1.02316666667  -4.76953791622  -6.6616493589
50  1.4  200  1780  1.02333333333  -4.44459066822  -7.32336077738
50  1.4  200  1780  1.0235  -4.10747768496  -8.09269608916
50  1.4  200  1780  1.02366666667  -3.75774795236  -8.92137037597
50  1.4  200  1780  1.02383333333  -3.39612984291  -9.78955622382
50  1.4  200  1780  1.024  -3.01175264341  -10.3814617913
50  1.4  200  1780  1.02416666667  -2.62621476735  -11.2048199858
50  1.4  200  1780  1.02433333333  -2.21575080373  -11.6140927854
50  1.4  200  1780  1.0245  -1.80672468218  -12.2361629818
50  1.4  200  1780  1.02466666667  -1.39412690331  -12.9003325862
50  1.4  200  1780  1.02483333333  -0.97762197627  -13.5540992503
50  1.4  200  1780  1.025  -0.559117469935  -14.2015837363
50  1.4  200  1780  1.02516666667  -0.145339060644  -14.9691110873
50  1.4  200  1780  1.02533333333  0.271269949161  -15.6202340491
50  1.4  200  1780  1.0255  0.690358722588  -16.1195323919
50  1.4  200  1780  1.02566666667  1.1089383326  -16.4989439811
50  1.4  200  1780  1.02583333333  1.52443347466  -16.7804248486
50  1.4  200  1780  1.026  1.93465515679  -16.9768143689
50  1.4  200  1780  1.02616666667  2.33740560275  -17.1020394762
50  1.4  200  1780  1.02633333333  2.73147362179  -17.1459976205
50  1.4  200  1780  1.0265  3.11502692625  -17.1155531822
50  1.4  200  1780  1.02666666667  3.48653849236  -17.0111644895
50  1.4  200  1780  1.02683333333  3.84474306852  -16.8281397728
50  1.4  200  1780  1.027  4.18824493235  -16.5667454817
50  1.4  200  1780  1.02716666667  4.51522199779  -16.2398608254
50  1.4  200  1780  1.02733333333  4.82442029516  -15.847849799
50  1.4  200  1780  1.0275  5.11809340937  -15.3040237177
50  1.4  200  1780  1.02766666667  5.38968679027  -14.7475759507
50  1.4  200  1780  1.02783333333  5.64262957884  -14.0663772455
50  1.4  200  1780  1.028  5.8699708916  -13.4143128817
50  1.4  200  1780  1.02816666667  6.08386259282  -12.4625097148
50  1.4  200  1780  1.02833333333  6.26640117991  -11.6480320692
50  1.4  200  1780  1.0285  6.42808864624  -10.6890456152
50  1.4  200  1780  1.02866666667  6.56312564153  -9.72043062533
50  1.4  200  1780  1.02883333333  6.67456280946  -8.65498702535
50  1.4  200  1780  1.029  6.76229762994  -7.4883529386
50  1.4  200  1780  1.02916666667  6.83315145432  -6.04307548164
50  1.4  200  1780  1.02933333333  6.87884055419  -4.52816266278
50  1.4  200  1780  1.0295  6.8966114262  -3.01495216006
50  1.4  200  1780  1.02966666667  6.88665914682  -1.50267959093
50  1.4  200  1780  1.02983333333  6.84943662967  0.0131931637197
50  1.4  200  1780  1.03  6.78451390845  1.51203123573
50  1.4  200  1780  1.03016666667  6.69548672787  3.0727433155
50  1.4  200  1780  1.03033333333  6.5725516597  4.43123862796
50  1.4  200  1780  1.0305  6.42001526091  5.67921907907
50  1.4  200  1780  1.03066666667  6.23985102321  6.84659556595
50  1.4  200  1780  1.03083333333  6.03476101832  7.97933354951
50  1.4  200  1780  1.031  5.81242547673  9.24748181298
50  1.4  200  1780  1.03116666667  5.56331087665  10.3815966975
50  1.4  200  1780  1.03133333333  5.29279347729  11.4887875596
50  1.4  200  1780  1.0315  4.99122468551  12.2924932989
50  1.4  200  1780  1.03166666667  4.67318791418  13.1297308246
50  1.4  200  1780  1.03183333333  4.33055079357  13.7587530478
50  1.4  200  1780  1.032  3.9677758066  14.2560778735
50  1.4  200  1780  1.03216666667  3.59678398886  14.8861715309
50  1.4  200  1780  1.03233333333  3.20653736422  15.3289937
50  1.4  200  1780  1.0325  2.80129115089  15.6517601276
50  1.4  200  1780  1.03266666667  2.3861513932  15.9422677581
50  1.4  200  1780  1.03283333333  1.96434313716  16.2396717383
50  1.4  200  1780  1.033  1.53482164838  16.4739791111
50  1.4  200  1780  1.03316666667  1.09833448236  16.6201969049
50  1.4  200  1780  1.03333333333  0.656318743414  16.6704960827
50  1.4  200  1780  1.0335  0.212289621348  16.6696553292
50  1.4  200  1780  1.03366666667  -0.231919730558  16.6197296016
50  1.4  200  1780  1.03383333333  -0.67967512549  16.3908957582
50  1.4  200  1780  1.034  -1.13239712492  15.9030906563
50  1.4  200  1780  1.03416666667  -1.5797626663  15.3750633809
50  1.4  200  1780  1.03433333333  -2.01819760655  14.8548361449
50  1.4  200  1780  1.0345  -2.45032319985  14.2339325097
50  1.4  200  1780  1.03466666667  -2.86949105765  13.6403547497
50  1.4  200  1780  1.03483333333  -3.27325471146  13.0965674377
50  1.4  200  1780  1.035  -3.6610129624  12.5795129506
50  1.4  200  1780  1.03516666667  -4.03201713924  12.0713783764
50  1.4  200  1780  1.03533333333  -4.38556413942  11.5548376223
50  1.4  200  1780  1.0355  -4.72018281598  11.0338560436
50  1.4  200  1780  1.03566666667  -5.03498016431  10.4996291225
50  1.4  200  1780  1.03583333333  -5.3290157398  9.94659652465
50  1.4  200  1780  1.036  -5.60142430541  9.36944306624
50  1.4  200  1780  1.03616666667  -5.85073167031  8.78058412215
50  1.4  200  1780  1.03633333333  -6.07712230733  8.15266692208
50  1.4  200  1780  1.0365  -6.28042259596  7.46988563507
50  1.4  200  1780  1.03666666667  -6.45444790943  6.87164513942
50  1.4  200  1780  1.03683333333  -6.59961214331  6.33234878962
50  1.4  200  1780  1.037  -6.72208727664  5.68280509342
50  1.4  200  1780  1.03716666667  -6.82322895825  4.87886684621
50  1.4  200  1780  1.03733333333  -6.89125646659  4.21279848785
50  1.4  200  1780  1.0375  -6.926540723  3.67098805717
50  1.4  200  1780  1.03766666667  -6.93751665882  3.03778960505
50  1.4  200  1780  1.03783333333  -6.92171748506  2.37725826501
50  1.4  200  1780  1.038  -6.87857608022  1.70798948248
50  1.4  200  1780  1.03816666667  -6.81054908008  0.974550595656
50  1.4  200  1780  1.03833333333  -6.71651245647  0.215205644593
50  1.4  200  1780  1.0385  -6.60197840285  -0.697631859939
50  1.4  200  1780  1.03866666667  -6.46033984615  -1.58105856397
50  1.4  200  1780  1.03883333333  -6.29190202146  -2.42514279714
50  1.4  200  1780  1.039  -6.09829891705  -3.25117206955
50  1.4  200  1780  1.03916666667  -5.87369970812  -3.88837627044
50  1.4  200  1780  1.03933333333  -5.63277840611  -4.68444621922
50  1.4  200  1780  1.0395  -5.36775194553  -5.41439984711
50  1.4  200  1780  1.03966666667  -5.0860079356  -6.23643480078
50  1.4  200  1780  1.03983333333  -4.78162764333  -6.96872842733
50  1.4  200  1780  1.04  -4.45466998344  -7.57937538383
50  1.4  200  1780  1.04016666667  -4.11876732146  -8.37945285634
50  1.4  200  1780  1.04033333333  -3.76642330238  -9.14172426656
50  1.4  200  1780  1.0405  -3.39195065644  -9.68340488761
50  1.4  200  1780  1.04066666667  -3.00653201695  -10.2488578793
50  1.4  200  1780  1.04083333333  -2.61217825612  -10.8482926003
50  1.4  200  1780  1.041  -2.21412125893  -11.5727023476
50  1.4  200  1780  1.04116666667  -1.81100790523  -12.3449568471
50  1.4  200  1780  1.04133333333  -1.40016141828  -13.0536092666
50  1.4  200  1780  1.0415  -0.985825719862  -13.7624743375
50  1.4  200  1780  1.04166666667  -0.566195014366  -14.3813533649
50  1.4  200  1780  1.04183333333  -0.158583405323  -15.3055174422
50  1.4  200  1780  1.042  0.261954501143  -15.8568464288
50  1.4  200  1780  1.04216666667  0.682255758122  -16.3253476893
50  1.4  200  1780  1.04233333333  1.10418627271  -16.6196463024
50  1.4  200  1780  1.0425  1.52163839326  -16.8514199162
50  1.4  200  1780  1.04266666667  1.93290629102  -17.0212355594
50  1.4  200  1780  1.04283333333  2.33657713756  -17.123082492
50  1.4  200  1780  1.043  2.73111405166  -17.1551307017
50  1.4  200  1780  1.04316666667  3.1149659794  -17.1171012322
50  1.4  200  1780  1.04333333333  3.48664070707  -17.008568236
50  1.4  200  1780  1.0435  3.84495350111  -16.8227947849
50  1.4  200  1780  1.04366666667  4.18843577665  -16.5618980366
50  1.4  200  1780  1.04383333333  4.51577112526  -16.2259129878
50  1.4  200  1780  1.044  4.82581070049  -15.8125335036
50  1.4  200  1780  1.04416666667  5.11752930189  -15.3183520478
50  1.4  200  1780  1.04433333333  5.38996946152  -14.7403961011
50  1.4  200  1780  1.0445  5.64224154652  -14.0762332665
50  1.4  200  1780  1.04466666667  5.87352089029  -13.324142915
50  1.4  200  1780  1.04483333333  6.08304538193  -12.4832668714
50  1.4  200  1780  1.045  6.2701177269  -11.5536317755
50  1.4  200  1780  1.04516666667  6.43410504597  -10.5362290621
50  1.4  200  1780  1.04533333333  6.57442845751  -9.43333909943
50  1.4  200  1780  1.0455  6.69055626738  -8.24875319417
50  1.4  200  1780  1.04566666667  6.78199516054  -6.98803566158
50  1.4  200  1780  1.04583333333  6.84828248973  -5.65874718237
50  1.4  200  1780  1.046  6.88897869289  -4.2706539397
50  1.4  200  1780  1.04616666667  6.90366088474  -2.83589591329
50  1.4  200  1780  1.04633333333  6.89192895245  -1.36882652782
50  1.4  200  1780  1.0465  6.85342309781  0.114449454597
50  1.4  200  1780  1.04666666667  6.78784375063  1.59660922714
50  1.4  200  1780  1.04683333333  6.69495322325  3.05919229817
50  1.4  200  1780  1.047  6.574690798  4.48557274075
50  1.4  200  1780  1.04716666667  6.42716762689  5.86088917499
50  1.4  200  1780  1.04733333333  6.25266158183  7.17198375494
50  1.4  200  1780  1.0475  6.05161670622  8.40746802217
50  1.4  200  1780  1.04766666667  5.82469532303  9.55913590895
50  1.4  200  1780  1.04783333333  5.57262740366  10.6182364835
50  1.4  200  1780  1.048  5.29594762718  11.5689029668
50  1.4  200  1780  1.04816666667  4.99823221344  12.4704845082
50  1.4  200  1780  1.04833333333  4.6777900461  13.2466249755
50  1.4  200  1780  1.0485  4.33709635397  13.9250102819
50  1.4  200  1780  1.04866666667  3.97704792485  14.4915896773
50  1.4  200  1780  1.04883333333  3.60111611048  14.9962074201
50  1.4  200  1780  1.049  3.21106163951  15.4439102922
50  1.4  200  1780  1.04916666667  2.81240694764  15.934101365
50  1.4  200  1780  1.04933333333  2.39581691825  16.1877720943
50  1.4  200  1780  1.0495  1.96824373184  16.338746843
50  1.4  200  1780  1.04966666667  1.5342114721  16.4584806336
50  1.4  200  1780  1.04983333333  1.09670626467  16.5788401757
50  1.4  200  1780  1.05  0.657177840456  16.6923171476
50  1.4  200  1780  1.05016666667  0.214066468823  16.7147872551
50  1.4  200  1780  1.05033333333  -0.23052281115  16.6552113546
50  1.4  200  1780  1.0505  -0.681756587881  16.3380266134
50  1.4  200  1780  1.05066666667  -1.13943858705  15.7242375181
50  1.4  200  1780  1.05083333333  -1.59094977789  15.0909107466
50  1.4  200  1780  1.051  -2.03142649192  14.5188224565
50  1.4  200  1780  1.05116666667  -2.45903021631  14.0127742919
50  1.4  200  1780  1.05133333333  -2.87495416335  13.5015918648
50  1.4  200  1780  1.0515  -3.27690496239  13.0038510641
50  1.4  200  1780  1.05166666667  -3.65934414826  12.6219008296
50  1.4  200  1780  1.05183333333  -4.0310863849  12.0950195368
50  1.4  200  1780  1.052  -4.38596429886  11.5446735725
50  1.4  200  1780  1.05216666667  -4.72333557752  10.9537759003
50  1.4  200  1780  1.05233333333  -5.03821011247  10.4175884393
50  1.4  200  1780  1.0525  -5.32900518619  9.94686458647
50  1.4  200  1780  1.05266666667  -5.60099547924  9.38033525099
50  1.4  200  1780  1.05283333333  -5.8454185336  8.91553779442
50  1.4  200  1780  1.053  -6.07337354776  8.24788541535
50  1.4  200  1780  1.05316666667  -6.27601320602  7.58188413969
50  1.4  200  1780  1.05333333333  -6.45386585743  6.88642926006
50  1.4  200  1780  1.0535  -6.60692329247  6.14664560105
50  1.4  200  1780  1.05366666667  -6.73005164584  5.48051011582
50  1.4  200  1780  1.05383333333  -6.81757609389  5.02244960075
50  1.4  200  1780  1.054  -6.88848228643  4.28326266396
50  1.4  200  1780  1.05416666667  -6.93252948317  3.51887354885
50  1.4  200  1780  1.05433333333  -6.94369295813  2.88091160278
50  1.4  200  1780  1.0545  -6.93297470679  2.09132483314
50  1.4  200  1780  1.05466666667  -6.9006066437  1.14841317001
50  1.4  200  1780  1.05483333333  -6.82195138314  0.68493209804
50  1.4  200  1780  1.055  -6.72269617879  0.0581390976431
50  1.4  200  1780  1.05516666667  -6.60098416945  -0.672378331551
50  1.4  200  1780  1.05533333333  -6.45269851585  -1.38696877415
50  1.4  200  1780  1.0555  -6.27917697323  -2.10192657202
50  1.4  200  1780  1.05566666667  -6.08695653408  -2.96307554196
50  1.4  200  1780  1.05583333333  -5.87244175718  -3.85642431677
50  1.4  200  1780  1.056  -5.63227547247  -4.67167170458
50  1.4  200  1780  1.05616666667  -5.36903585324  -5.44701110294
50  1.4  200  1780  1.05633333333  -5.0860177749  -6.23668471896
50  1.4  200  1780  1.0565  -4.77783272327  -6.8723374579
50  1.4  200  1780  1.05666666667  -4.45059025712  -7.47575033527
50  1.4  200  1780  1.05683333333  -4.10972178013  -8.14969610637
50  1.4  200  1780  1.057  -3.75389710214  -8.82355878047
50  1.4  200  1780  1.05716666667  -3.38819299662  -9.58796032814
50  1.4  200  1780  1.05733333333  -3.01069418471  -10.3545769403
50  1.4  200  1780  1.0575  -2.62224600434  -11.1040134053
50  1.4  200  1780  1.05766666667  -2.22114060521  -11.7509937431
50  1.4  200  1780  1.05783333333  -1.81527625109  -12.4533728321
50  1.4  200  1780  1.058  -1.40047960799  -13.0616912852
50  1.4  200  1780  1.05816666667  -0.987751320046  -13.8113845822
50  1.4  200  1780  1.05833333333  -0.566019886607  -14.3769051198
50  1.4  200  1780  1.0585  -0.15507073583  -15.2162956371
50  1.4  200  1780  1.05866666667  0.265017758679  -15.7790396873
50  1.4  200  1780  1.05883333333  0.6866487696  -16.2137651978
50  1.4  200  1780  1.059  1.10688390393  -16.5511264694
50  1.4  200  1780  1.05916666667  1.52277096424  -16.8226526133
50  1.4  200  1780  1.05933333333  1.9332820227  -17.0116919746
50  1.4  200  1780  1.0595  2.33666506066  -17.1208492453
50  1.4  200  1780  1.05966666667  2.7311127104  -17.1551647699
50  1.4  200  1780  1.05983333333  3.11516245952  -17.112110637
50  1.4  200  1780  1.06  3.48709605863  -16.9970023062
50  1.4  200  1780  1.06016666667  3.84538560408  -16.8118193696
50  1.4  200  1780  1.06033333333  4.18871994925  -16.5546800525
50  1.4  200  1780  1.0605  4.51591713358  -16.2222043765
50  1.4  200  1780  1.06066666667  4.82587568677  -15.8108828522
50  1.4  200  1780  1.06083333333  5.11755729515  -15.3176410189
50  1.4  200  1780  1.061  5.38998541855  -14.7399907924
50  1.4  200  1780  1.06116666667  5.64225411648  -14.0759139895
50  1.4  200  1780  1.06133333333  5.87352972082  -13.3239186195
50  1.4  200  1780  1.0615  6.08304290695  -12.4833297359
50  1.4  200  1780  1.06166666667  6.27006020981  -11.5550927096
50  1.4  200  1780  1.06183333333  6.43403601789  -10.5379823754
50  1.4  200  1780  1.062  6.5743800472  -9.43456872121
50  1.4  200  1780  1.06216666667  6.68973483843  -8.2696174896
50  1.4  200  1780  1.06233333333  6.77738702382  -7.10508233425
50  1.4  200  1780  1.0625  6.8495547865  -5.62643084435
50  1.4  200  1780  1.06266666667  6.88999589705  -4.24481695402
50  1.4  200  1780  1.06283333333  6.89389530812  -3.08394155928
50  1.4  200  1780  1.063  6.87769929588  -1.73025980471
50  1.4  200  1780  1.06316666667  6.8348429816  -0.357485497039
50  1.4  200  1780  1.06333333333  6.76612862374  1.04504500427
50  1.4  200  1780  1.0635  6.67770645949  2.62112449868
50  1.4  200  1780  1.06366666667  6.56281148201  4.18383811463
50  1.4  200  1780  1.06383333333  6.41955377951  5.66749745158
50  1.4  200  1780  1.064  6.24713276485  7.03155180352
50  1.4  200  1780  1.06416666667  6.04867874962  8.33284392454
50  1.4  200  1780  1.06433333333  5.82404807221  9.54269573811
50  1.4  200  1780  1.0645  5.57264031433  10.6185644147
50  1.4  200  1780  1.06466666667  5.29747142466  11.6076074228
50  1.4  200  1780  1.06483333333  4.99711177403  12.4420253472
50  1.4  200  1780  1.065  4.67600929454  13.2013938858
50  1.4  200  1780  1.06516666667  4.33906806667  13.9750917845
50  1.4  200  1780  1.06533333333  3.98115346449  14.5958703841
50  1.4  200  1780  1.0655  3.60201669653  15.0190823059
50  1.4  200  1780  1.06566666667  3.20971141962  15.4096147072
50  1.4  200  1780  1.06583333333  2.80531591377  15.7539891049
50  1.4  200  1780  1.066  2.39094416904  16.0640042645
50  1.4  200  1780  1.06616666667  1.96707585254  16.3090827088
50  1.4  200  1780  1.06633333333  1.53514828314  16.482275634
50  1.4  200  1780  1.0665  1.09702439536  16.5869206951
50  1.4  200  1780  1.06666666667  0.654700078002  16.6293819812
50  1.4  200  1780  1.06683333333  0.209929757929  16.6097147984
50  1.4  200  1780  1.067  -0.235358195426  16.532392594
50  1.4  200  1780  1.06716666667  -0.686374540116  16.2207306267
50  1.4  200  1780  1.06733333333  -1.14405889989  15.606881572
50  1.4  200  1780  1.0675  -1.59268743414  15.0467742778
50  1.4  200  1780  1.06766666667  -2.03238838667  14.4943903298
50  1.4  200  1780  1.06783333333  -2.46015834401  13.9841198483
50  1.4  200  1780  1.068  -2.87398582795  13.526187584
50  1.4  200  1780  1.06816666667  -3.27535745439  13.0431577674
50  1.4  200  1780  1.06833333333  -3.66144425272  12.5685581765
50  1.4  200  1780  1.0685  -4.03194981575  12.0730883932
50  1.4  200  1780  1.06866666667  -4.38586353537  11.5472329651
50  1.4  200  1780  1.06883333333  -4.71829946531  11.0816931505
50  1.4  200  1780  1.069  -5.03475626291  10.5053162181
50  1.4  200  1780  1.06916666667  -5.33047674096  9.90948709529
50  1.4  200  1780  1.06933333333  -5.59919547463  9.42605536786
50  1.4  200  1780  1.0695  -5.85018543048  8.79445861378
50  1.4  200  1780  1.06966666667  -6.06956284419  8.34467728601
50  1.4  200  1780  1.06983333333  -6.26659551437  7.82109350742
50  1.4  200  1780  1.07  -6.43968206782  7.24669751613
50  1.4  200  1780  1.07016666667  -6.58859772761  6.61211494839
50  1.4  200  1780  1.07033333333  -6.71165780227  5.94771374239
50  1.4  200  1780  1.0705  -6.8079568904  5.26677736951
50  1.4  200  1780  1.07066666667  -6.88265682087  4.43122948905
50  1.4  200  1780  1.07083333333  -6.9289269724  3.61037732254
50  1.4  200  1780  1.071  -6.94580861812  2.82717383885
50  1.4  200  1780  1.07116666667  -6.93382582467  2.069706439
50  1.4  200  1780  1.07133333333  -6.89388572567  1.31912448811
50  1.4  200  1780  1.0715  -6.8269316404  0.558433563554
50  1.4  200  1780  1.07166666667  -6.731209939  -0.158110411695
50  1.4  200  1780  1.07183333333  -6.61096148285  -0.925802091932
50  1.4  200  1780  1.072  -6.4648266374  -1.69502306162
50  1.4  200  1780  1.07216666667  -6.29246883849  -2.43953994978
50  1.4  200  1780  1.07233333333  -6.09687868867  -3.2150982687
50  1.4  200  1780  1.0725  -5.87627349378  -3.95375042626
50  1.4  200  1780  1.07266666667  -5.63229435828  -4.67215140427
50  1.4  200  1780  1.07283333333  -5.36860240479  -5.43600151217
50  1.4  200  1780  1.073  -5.08477960481  -6.20523519853
50  1.4  200  1780  1.07316666667  -4.78038900518  -6.93726701839
50  1.4  200  1780  1.07333333333  -4.45672479641  -7.63156763328
50  1.4  200  1780  1.0735  -4.11776920753  -8.3541007623
50  1.4  200  1780  1.07366666667  -3.76381735917  -9.07553330883
50  1.4  200  1780  1.07383333333  -3.39338473907  -9.71983058638
50  1.4  200  1780  1.074  -3.01593903707  -10.4877961904
50  1.4  200  1780  1.07416666667  -2.62733541574  -11.2332844548
50  1.4  200  1780  1.07433333333  -2.21937409499  -11.7061243835
50  1.4  200  1780  1.0745  -1.81448783541  -12.4333470737
50  1.4  200  1780  1.07466666667  -1.40115837381  -13.0789319369
50  1.4  200  1780  1.07483333333  -0.980916166318  -13.6377716775
50  1.4  200  1780  1.075  -0.561244592637  -14.255612653
50  1.4  200  1780  1.07516666667  -0.146861305062  -15.0077760955
50  1.4  200  1780  1.07533333333  0.270581002884  -15.6377332845
50  1.4  200  1780  1.0755  0.690235371048  -16.122665521
50  1.4  200  1780  1.07566666667  1.10910249034  -16.4947743746
50  1.4  200  1780  1.07583333333  1.52465548944  -16.7747856731
50  1.4  200  1780  1.076  1.93468526881  -16.9760495235
50  1.4  200  1780  1.07616666667  2.33734770006  -17.1035102046
50  1.4  200  1780  1.07633333333  2.7308477379  -17.1618950713
50  1.4  200  1780  1.0765  3.11361718929  -17.1513605009
50  1.4  200  1780  1.07666666667  3.48544092657  -17.0390426606
50  1.4  200  1780  1.07683333333  3.843937449  -16.8486025086
50  1.4  200  1780  1.077  4.18748302765  -16.5860978611
50  1.4  200  1780  1.07716666667  4.51481403145  -16.2502231705
50  1.4  200  1780  1.07733333333  4.82507372615  -15.8312526517
50  1.4  200  1780  1.0775  5.11710933403  -15.3290192314
50  1.4  200  1780  1.07766666667  5.38851308212  -14.7773881378
50  1.4  200  1780  1.07783333333  5.64124867384  -14.1014522325
50  1.4  200  1780  1.078  5.873155466  -13.333424692
50  1.4  200  1780  1.07816666667  6.08041958565  -12.5499620969
50  1.4  200  1780  1.07833333333  6.27033452086  -11.548125209
50  1.4  200  1780  1.0785  6.43403188018  -10.5380874732
50  1.4  200  1780  1.07866666667  6.57379712265  -9.44937500472
50  1.4  200  1780  1.07883333333  6.6901223104  -8.25977570139
50  1.4  200  1780  1.079  6.78174341904  -6.99442989551
50  1.4  200  1780  1.07916666667  6.8473362322  -5.68278212341
50  1.4  200  1780  1.07933333333  6.88799901265  -4.29553781783
50  1.4  200  1780  1.0795  6.90070128915  -2.91106964124
50  1.4  200  1780  1.07966666667  6.89178406861  -1.37250657747
50  1.4  200  1780  1.07983333333  6.8534520156  0.115183966389
50  1.4  200  1780  1.08  6.78846090117  1.61228485098
50  1.4  200  1780  1.08016666667  6.69621745046  3.09130366918
50  1.4  200  1780  1.08033333333  6.57477191863  4.48763320482
50  1.4  200  1780  1.0805  6.42678780801  5.85124177554
50  1.4  200  1780  1.08066666667  6.25440164246  7.21618129499
50  1.4  200  1780  1.08083333333  6.05250261667  8.42997014776
50  1.4  200  1780  1.081  5.82461298472  9.55704451574
50  1.4  200  1780  1.08116666667  5.57444918854  10.6645098196
50  1.4  200  1780  1.08133333333  5.29739406562  11.6056425032
50  1.4  200  1780  1.0815  4.99786170727  12.4610736514
50  1.4  200  1780  1.08166666667  4.68001587049  13.3031609149
50  1.4  200  1780  1.08183333333  4.3375046016  13.9353797717
50  1.4  200  1780  1.082  3.97778749228  14.5103746898
50  1.4  200  1780  1.08216666667  3.60524828569  15.1011646706
50  1.4  200  1780  1.08233333333  3.21210926537  15.4705199891
50  1.4  200  1780  1.0825  2.80787257876  15.8189283954
50  1.4  200  1780  1.08266666667  2.39432577203  16.1498969805
50  1.4  200  1780  1.08283333333  1.96847221589  16.3445503379
50  1.4  200  1780  1.083  1.53502727368  16.4792019936
50  1.4  200  1780  1.08316666667  1.09685138077  16.5825261245
50  1.4  200  1780  1.08333333333  0.655685542214  16.6544127722
50  1.4  200  1780  1.0835  0.212163146784  16.6664428753
50  1.4  200  1780  1.08366666667  -0.233568873836  16.5778413623
50  1.4  200  1780  1.08383333333  -0.684358543891  16.2719369308
50  1.4  200  1780  1.084  -1.14085163888  15.6883460017
50  1.4  200  1780  1.08416666667  -1.59146433716  15.0778409412
50  1.4  200  1780  1.08433333333  -2.02984336878  14.5590337842
50  1.4  200  1780  1.0845  -2.46039709742  13.9780555116
50  1.4  200  1780  1.08466666667  -2.87287600556  13.5543770726
50  1.4  200  1780  1.08483333333  -3.26906460282  13.2029961972
50  1.4  200  1780  1.085  -3.65414341955  12.7539993389
50  1.4  200  1780  1.08516666667  -4.02302463687  12.2997879367
50  1.4  200  1780  1.08533333333  -4.37371471967  11.8558128839
50  1.4  200  1780  1.0855  -4.71020289602  11.2873460104
50  1.4  200  1780  1.08566666667  -5.02981212149  10.6308974102
50  1.4  200  1780  1.08583333333  -5.32773775561  9.97905732324
50  1.4  200  1780  1.086  -5.60185703444  9.3584517487
50  1.4  200  1780  1.08616666667  -5.84841939191  8.83931599344
50  1.4  200  1780  1.08633333333  -6.07745706777  8.14416400694
50  1.4  200  1780  1.0865  -6.27517567942  7.60315731519
50  1.4  200  1780  1.08666666667  -6.45572336982  6.83924844542
50  1.4  200  1780  1.08683333333  -6.59951450968  6.33482868389
50  1.4  200  1780  1.087  -6.7275294845  5.54457301386
50  1.4  200  1780  1.08716666667  -6.81525532051  5.08139724479
50  1.4  200  1780  1.08733333333  -6.8789139515  4.52629837096
50  1.4  200  1780  1.0875  -6.91924976351  3.85617842834
50  1.4  200  1780  1.08766666667  -6.93345412245  3.14097802903
50  1.4  200  1780  1.08783333333  -6.92612939719  2.26519569699
50  1.4  200  1780  1.088  -6.88987560639  1.42098151774
50  1.4  200  1780  1.08816666667  -6.82477183561  0.613292605412
50  1.4  200  1780  1.08833333333  -6.73221745062  -0.18370120679
50  1.4  200  1780  1.0885  -6.61206007355  -0.953706295722
50  1.4  200  1780  1.08866666667  -6.4650189174  -1.6999069735
50  1.4  200  1780  1.08883333333  -6.29167472335  -2.4193694251
50  1.4  200  1780  1.089  -6.09592320018  -3.19082886096
50  1.4  200  1780  1.08916666667  -5.87795128448  -3.99636631015
50  1.4  200  1780  1.08933333333  -5.63442046268  -4.72615445605
50  1.4  200  1780  1.0895  -5.36884738607  -5.44222403688
50  1.4  200  1780  1.08966666667  -5.08461064001  -6.20094349269
50  1.4  200  1780  1.08983333333  -4.77648653923  -6.83814438337
50  1.4  200  1780  1.09  -4.4573771377  -7.64813710199
50  1.4  200  1780  1.09016666667  -4.1194180036  -8.39598018245
50  1.4  200  1780  1.09033333333  -3.7612513219  -9.01035596218
50  1.4  200  1780  1.0905  -3.39546196461  -9.77259211495
50  1.4  200  1780  1.09066666667  -3.01664943674  -10.505840342
50  1.4  200  1780  1.09083333333  -2.62089858236  -11.0697888868
50  1.4  200  1780  1.091  -2.22200044813  -11.7728337532
50  1.4  200  1780  1.09116666667  -1.81632844395  -12.4800985306
50  1.4  200  1780  1.09133333333  -1.4005285424  -13.062934219
50  1.4  200  1780  1.0915  -0.984933520078  -13.739812463
50  1.4  200  1780  1.09166666667  -0.56814078632  -14.4307759725
50  1.4  200  1780  1.09183333333  -0.15356155569  -15.1779624615
50  1.4  200  1780  1.092  0.269697794782  -15.6601667703
50  1.4  200  1780  1.09216666667  0.689464915301  -16.142235097
50  1.4  200  1780  1.09233333333  1.10633242819  -16.5651339531
50  1.4  200  1780  1.0925  1.52511902714  -16.7630118155
50  1.4  200  1780  1.09266666667  1.93477292032  -16.9738231751
50  1.4  200  1780  1.09283333333  2.33631153776  -17.1298287269
50  1.4  200  1780  1.093  2.72937683628  -17.1992559724
50  1.4  200  1780  1.09316666667  3.11299425472  -17.1671830389
50  1.4  200  1780  1.09333333333  3.4849753378  -17.0508686153
50  1.4  200  1780  1.0935  3.84401710517  -16.8465792417
50  1.4  200  1780  1.09366666667  4.1873176503  -16.5902984459
50  1.4  200  1780  1.09383333333  4.51461939719  -16.2551668806
50  1.4  200  1780  1.094  4.82424575391  -15.8522831466
50  1.4  200  1780  1.09416666667  5.11679093525  -15.3371065603
50  1.4  200  1780  1.09433333333  5.38907857327  -14.7630246625
50  1.4  200  1780  1.0945  5.64048642317  -14.1208133995
50  1.4  200  1780  1.09466666667  5.8728095045  -13.342212114
50  1.4  200  1780  1.09483333333  6.08088395892  -12.5381670159
50  1.4  200  1780  1.095  6.26836548833  -11.5981386352
50  1.4  200  1780  1.09516666667  6.43353962527  -10.550590748
50  1.4  200  1780  1.09533333333  6.57275550404  -9.47583211749
50  1.4  200  1780  1.0955  6.69099623406  -8.23757804048
50  1.4  200  1780  1.09566666667  6.78015863818  -7.0346833294
50  1.4  200  1780  1.09583333333  6.84885764211  -5.64413831175
50  1.4  200  1780  1.096  6.88711843489  -4.317904493
50  1.4  200  1780  1.09616666667  6.9042030996  -2.82212365577
50  1.4  200  1780  1.09633333333  6.88896255309  -1.44417307171
50  1.4  200  1780  1.0965  6.85451710394  0.142237210345
50  1.4  200  1780  1.09666666667  6.78622903945  1.55559556324
50  1.4  200  1780  1.09683333333  6.69637851554  3.09539472224
50  1.4  200  1780  1.097  6.56704835736  4.29145474856
50  1.4  200  1780  1.09716666667  6.41227929412  5.48272552271
50  1.4  200  1780  1.09733333333  6.2330626578  6.67417108456
50  1.4  200  1780  1.0975  6.03888833437  8.08416737734
50  1.4  200  1780  1.09766666667  5.81737123497  9.3731040723
50  1.4  200  1780  1.09783333333  5.56792816367  10.4988757879
50  1.4  200  1780  1.098  5.29319007675  11.498861186
50  1.4  200  1780  1.09816666667  4.99759401236  12.4542742009
50  1.4  200  1780  1.09833333333  4.67391438841  13.1481832701
50  1.4  200  1780  1.0985  4.34021885405  14.0043217841
50  1.4  200  1780  1.09866666667  3.98096336955  14.5910419726
50  1.4  200  1780  1.09883333333  3.60188938928  15.0158487015
50  1.4  200  1780  1.099  3.20963069598  15.4075643267
50  1.4  200  1780  1.09916666667  2.80528596063  15.7532282949
50  1.4  200  1780  1.09933333333  2.39095904149  16.0643820246
50  1.4  200  1780  1.0995  1.96709033456  16.3094505523
50  1.4  200  1780  1.09966666667  1.53517506087  16.4829557883
50  1.4  200  1780  1.09983333333  1.09708487414  16.5884568561
50  1.4  200  1780  1.1  0.654549758059  16.6255638547
50  1.4  200  1780  1.10016666667  0.209711145863  16.6041620519
50  1.4  200  1780  1.10033333333  -0.235393875335  16.5314863243
50  1.4  200  1780  1.1005  -0.685618178706  16.2399422065
50  1.4  200  1780  1.10066666667  -1.14276567348  15.6397295228
50  1.4  200  1780  1.10083333333  -1.59296297462  15.0397755498
50  1.4  200  1780  1.101  -2.03219644709  14.4992655951
50  1.4  200  1780  1.10116666667  -2.45964155939  13.9972461775
50  1.4  200  1780  1.10133333333  -2.87444207299  13.5145989599
50  1.4  200  1780  1.1015  -3.27558634055  13.0373440588
50  1.4  200  1780  1.10166666667  -3.66192705864  12.556294906
50  1.4  200  1780  1.10183333333  -4.03225380988  12.0653669422
50  1.4  200  1780  1.102  -4.38532485244  11.5609155116
50  1.4  200  1780  1.10216666667  -4.71991060054  11.0407703158
50  1.4  200  1780  1.10233333333  -5.03454647377  10.5106448623
50  1.4  200  1780  1.1025  -5.32851050055  9.95942960162
50  1.4  200  1780  1.10266666667  -5.60084979913  9.38403552578
50  1.4  200  1780  1.10283333333  -5.85028476642  8.79193548081
50  1.4  200  1780  1.103  -6.07584181607  8.18519140014
50  1.4  200  1780  1.10316666667  -6.27674440434  7.56331170216
50  1.4  200  1780  1.10333333333  -6.45235295178  6.9248570636
50  1.4  200  1780  1.1035  -6.60203378636  6.27083905613
50  1.4  200  1780  1.10366666667  -6.72594775821  5.58474886162
50  1.4  200  1780  1.10383333333  -6.82142741389  4.92462607282
50  1.4  200  1780  1.104  -6.89239155552  4.18396722887
50  1.4  200  1780  1.10416666667  -6.93201436882  3.53195745323
50  1.4  200  1780  1.10433333333  -6.9479569307  2.77260669929
50  1.4  200  1780  1.1045  -6.93734695818  1.98026964799
50  1.4  200  1780  1.10466666667  -6.89240337214  1.35677626771
50  1.4  200  1780  1.10483333333  -6.82540614489  0.597181149577
50  1.4  200  1780  1.105  -6.72579856418  -0.0206614912205
50  1.4  200  1780  1.10516666667  -6.60174911353  -0.691807911061
50  1.4  200  1780  1.10533333333  -6.4522779114  -1.37628542116
50  1.4  200  1780  1.1055  -6.28250769893  -2.18652700488
50  1.4  200  1780  1.10566666667  -6.09050819464  -3.05328772027
50  1.4  200  1780  1.10583333333  -5.87500393448  -3.92150362006
50  1.4  200  1780  1.106  -5.63412330431  -4.7186066335
50  1.4  200  1780  1.10616666667  -5.37257776719  -5.53697571725
50  1.4  200  1780  1.10633333333  -5.08104123613  -6.11028063417
50  1.4  200  1780  1.1065  -4.78125890212  -6.95936240069
50  1.4  200  1780  1.10666666667  -4.45494095932  -7.5862581712
50  1.4  200  1780  1.10683333333  -4.11134177755  -8.190844041
50  1.4  200  1780  1.107  -3.75629839187  -8.88455153943
50  1.4  200  1780  1.10716666667  -3.38670361193  -9.55012995696
50  1.4  200  1780  1.10733333333  -3.00425558969  -10.1910366269
50  1.4  200  1780  1.1075  -2.61506210889  -10.9215424608
50  1.4  200  1780  1.10766666667  -2.21851594163  -11.6843272882
50  1.4  200  1780  1.10783333333  -1.81372610842  -12.4139992083
50  1.4  200  1780  1.108  -1.40115215341  -13.0787739388
50  1.4  200  1780  1.10816666667  -0.984908066704  -13.7391659473
50  1.4  200  1780  1.10833333333  -0.571487079796  -14.5157718268
50  1.4  200  1780  1.1085  -0.153579840729  -15.1784269015
50  1.4  200  1780  1.10866666667  0.261805527798  -15.8606303517
50  1.4  200  1780  1.10883333333  0.68455816646  -16.2668665175
50  1.4  200  1780  1.109  1.10556238868  -16.5846929567
50  1.4  200  1780  1.10916666667  1.52251429595  -16.829171988
50  1.4  200  1780  1.10933333333  1.93370849147  -17.000859668
50  1.4  200  1780  1.1095  2.33713763907  -17.1088457537
50  1.4  200  1780  1.10966666667  2.73118940126  -17.1532168219
50  1.4  200  1780  1.10983333333  3.11462269321  -17.1258207014
50  1.4  200  1780  1.11  3.48645331598  -17.0133279697
50  1.4  200  1780  1.11016666667  3.8443669468  -16.8376932644
50  1.4  200  1780  1.11033333333  4.18953960057  -16.533860909
50  1.4  200  1780  1.1105  4.51655451282  -16.2060149439
50  1.4  200  1780  1.11066666667  4.82514025174  -15.8295629018
50  1.4  200  1780  1.11083333333  5.1151534191  -15.3786994705
50  1.4  200  1780  1.111  5.39046158668  -14.7278961218
50  1.4  200  1780  1.11116666667  5.64213365931  -14.0789736016
50  1.4  200  1780  1.11133333333  5.86625685857  -13.5086493207
50  1.4  200  1780  1.1115  6.07381377342  -12.7177497275
50  1.4  200  1780  1.11166666667  6.25765882069  -11.8700879933
50  1.4  200  1780  1.11183333333  6.41865199063  -10.9287366679
50  1.4  200  1780  1.112  6.56193616807  -9.75064325107
50  1.4  200  1780  1.11216666667  6.68133454154  -8.48298503053
50  1.4  200  1780  1.11233333333  6.77441162499  -7.18065746437
50  1.4  200  1780  1.1125  6.84490390441  -5.74456324927
50  1.4  200  1780  1.11266666667  6.88657237947  -4.33177430067
50  1.4  200  1780  1.11283333333  6.90227400747  -2.87112259585
50  1.4  200  1780  1.113  6.8891306366  -1.43990375044
50  1.4  200  1780  1.11316666667  6.85323485307  0.109668038066
50  1.4  200  1780  1.11333333333  6.78797107321  1.59984322063
50  1.4  200  1780  1.1135  6.69509845279  3.06288112849
50  1.4  200  1780  1.11366666667  6.57465970163  4.48478289312
50  1.4  200  1780  1.11383333333  6.42524761605  5.81212089981
50  1.4  200  1780  1.114  6.25410294218  7.20859430774
50  1.4  200  1780  1.11416666667  6.05299144336  8.44238634559
50  1.4  200  1780  1.11433333333  5.82582536374  9.58783894298
50  1.4  200  1780  1.1145  5.57380733181  10.6482066586
50  1.4  200  1780  1.11466666667  5.29743637047  11.6067170464
50  1.4  200  1780  1.11483333333  4.99938895563  12.4998657599
50  1.4  200  1780  1.115  4.67899577975  13.2772506102
50  1.4  200  1780  1.11516666667  4.33862534094  13.9638465511
50  1.4  200  1780  1.11533333333  3.97968994943  14.5586971016
50  1.4  200  1780  1.1155  3.60344474827  15.05535482
50  1.4  200  1780  1.11566666667  3.21201996512  15.4682517627
50  1.4  200  1780  1.11583333333  2.80393390179  15.7188860006
50  1.4  200  1780  1.116  2.39527923202  16.1741148642
50  1.4  200  1780  1.11616666667  1.97006029595  16.3848875714
50  1.4  200  1780  1.11633333333  1.5367056466  16.5218326658
50  1.4  200  1780  1.1165  1.09825144635  16.6180877902
50  1.4  200  1780  1.11666666667  0.656091120776  16.6647144677
50  1.4  200  1780  1.11683333333  0.212236749903  16.6683123945
50  1.4  200  1780  1.117  -0.2329186062  16.5943581603
50  1.4  200  1780  1.11716666667  -0.683125995026  16.303243672
50  1.4  200  1780  1.11733333333  -1.140234432  15.7040230563
50  1.4  200  1780  1.1175  -1.59145047582  15.0781930192
50  1.4  200  1780  1.11766666667  -2.0309706116  14.5304018166
50  1.4  200  1780  1.11783333333  -2.45821895677  14.033380284
50  1.4  200  1780  1.118  -2.87388444885  13.5287626132
50  1.4  200  1780  1.11816666667  -3.2751606171  13.0481574346
50  1.4  200  1780  1.11833333333  -3.66407706928  12.5016846359
50  1.4  200  1780  1.1185  -4.03092099742  12.0992203786
50  1.4  200  1780  1.11866666667  -4.38602609203  11.543104026
50  1.4  200  1780  1.11883333333  -4.71860086902  11.0740374963
50  1.4  200  1780  1.119  -5.03950226641  10.3847677292
50  1.4  200  1780  1.11916666667  -5.3253675189  10.0392613355
50  1.4  200  1780  1.11933333333  -5.5921519046  9.60496204676
50  1.4  200  1780  1.1195  -5.84152735677  9.01437368609
50  1.4  200  1780  1.11966666667  -6.06497772989  8.46113918905
50  1.4  200  1780  1.11983333333  -6.26366239208  7.89559481355
50  1.4  200  1780  1.12  -6.44287999486  7.16547016952
50  1.4  200  1780  1.12016666667  -6.59830503148  6.36554943019
50  1.4  200  1780  1.12033333333  -6.72327345448  5.65267617634
50  1.4  200  1780  1.1205  -6.82393579743  4.8609131309
50  1.4  200  1780  1.12066666667  -6.9043764903  3.87954988567
50  1.4  200  1780  1.12083333333  -6.92452313683  3.72223474584
50  1.4  200  1780  1.121  -6.94367720819  2.88131165106
50  1.4  200  1780  1.12116666667  -6.93204414178  2.11496118433
50  1.4  200  1780  1.12133333333  -6.87831015981  1.714743861
50  1.4  200  1780  1.1215  -6.81150574342  0.950251346975
50  1.4  200  1780  1.12166666667  -6.72187221409  0.0790678010158
50  1.4  200  1780  1.12183333333  -6.60048414289  -0.659677656863
50  1.4  200  1780  1.122  -6.45879444188  -1.54180529531
50  1.4  200  1780  1.12216666667  -6.28869204111  -2.34360929626
50  1.4  200  1780  1.12233333333  -6.09457074947  -3.15647661301
50  1.4  200  1780  1.1225  -5.87672541786  -3.96522929784
50  1.4  200  1780  1.12266666667  -5.63548475601  -4.75318750651
50  1.4  200  1780  1.12283333333  -5.37299558157  -5.54758820257
50  1.4  200  1780  1.123  -5.08028336238  -6.09103064086
50  1.4  200  1780  1.12316666667  -4.77169058128  -6.71632705135
50  1.4  200  1780  1.12333333333  -4.44854419816  -7.42378043788
50  1.4  200  1780  1.1235  -4.10815108152  -8.10980036179
50  1.4  200  1780  1.12366666667  -3.75274631754  -8.79432885158
50  1.4  200  1780  1.12383333333  -3.38770812907  -9.57564469244
50  1.4  200  1780  1.124  -3.01077844566  -10.3567171686
50  1.4  200  1780  1.12416666667  -2.62155361646  -11.0864267531
50  1.4  200  1780  1.12433333333  -2.22247999441  -11.7850142289
50  1.4  200  1780  1.1245  -1.81584675304  -12.4678635815
50  1.4  200  1780  1.12466666667  -1.40257561  -13.1149297363
50  1.4  200  1780  1.12483333333  -0.985448742059  -13.7528991013
50  1.4  200  1780  1.125  -0.568421878231  -14.4379157071
50  1.4  200  1780  1.12516666667  -0.153584309289  -15.1785404029
50  1.4  200  1780  1.12533333333  0.26000851294  -15.9062745291
50  1.4  200  1780  1.1255  0.684915357296  -16.2577938703
50  1.4  200  1780  1.12566666667  1.10622129152  -16.5679568246
50  1.4  200  1780  1.12583333333  1.52297252455  -16.8175329814
50  1.4  200  1780  1.126  1.93352629396  -17.0054874847
50  1.4  200  1780  1.12616666667  2.33679377518  -17.1175798964
50  1.4  200  1780  1.12633333333  2.73124257005  -17.1518663348
50  1.4  200  1780  1.1265  3.11488896175  -17.1190574805
50  1.4  200  1780  1.12666666667  3.48641067575  -17.0144110314
50  1.4  200  1780  1.12683333333  3.84450341942  -16.8342268599
50  1.4  200  1780  1.127  4.1875411479  -16.5846216068
50  1.4  200  1780  1.12716666667  4.51444004751  -16.2597223627
50  1.4  200  1780  1.12733333333  4.82419681639  -15.8535261597
50  1.4  200  1780  1.1275  5.11480765577  -15.3874818591
50  1.4  200  1780  1.12766666667  5.39209339789  -14.6864481171
50  1.4  200  1780  1.12783333333  5.64371260237  -14.0388684478
50  1.4  200  1780  1.128  5.87379155938  -13.3172679202
50  1.4  200  1780  1.12816666667  6.08102314396  -12.534631716
50  1.4  200  1780  1.12833333333  6.26414245092  -11.7054037856
50  1.4  200  1780  1.1285  6.42577105955  -10.7479123172
50  1.4  200  1780  1.12866666667  6.57897585302  -9.31783525347
50  1.4  200  1780  1.12883333333  6.69356325017  -8.17237583128
50  1.4  200  1780  1.129  6.77580058468  -7.14537788838
50  1.4  200  1780  1.12916666667  6.83557401929  -5.98154233147
50  1.4  200  1780  1.12933333333  6.87159163691  -4.71228516167
50  1.4  200  1780  1.1295  6.8891132103  -3.20540684397
50  1.4  200  1780  1.12966666667  6.88146040696  -1.63472758338
50  1.4  200  1780  1.12983333333  6.8464264414  -0.06326561827
50  1.4  200  1780  1.13  6.78339778805  1.48368177767
50  1.4  200  1780  1.13016666667  6.6923121918  2.99211009919
50  1.4  200  1780  1.13033333333  6.5733111326  4.45052923972
50  1.4  200  1780  1.1305  6.42647593952  5.84332031575
50  1.4  200  1780  1.13066666667  6.25228778982  7.16248943788
50  1.4  200  1780  1.13083333333  6.05139184552  8.40175656051
50  1.4  200  1780  1.131  5.82451849328  9.55464443336
50  1.4  200  1780  1.13116666667  5.57260644128  10.6177040392
50  1.4  200  1780  1.13133333333  5.29668941534  11.5877443861
50  1.4  200  1780  1.1315  4.99774603214  12.4581355032
50  1.4  200  1780  1.13166666667  4.67682592418  13.2221362786
50  1.4  200  1780  1.13183333333  4.33626797888  13.9039695547
50  1.4  200  1780  1.132  3.97751404333  14.5034290865
50  1.4  200  1780  1.13216666667  3.60151915858  15.0064448419
50  1.4  200  1780  1.13233333333  3.21478931488  15.5385932466
50  1.4  200  1780  1.1325  2.81074782208  15.8919595759
50  1.4  200  1780  1.13266666667  2.39217007204  16.0951422007
50  1.4  200  1780  1.13283333333  1.96491181547  16.2541161674
50  1.4  200  1780  1.133  1.53353287499  16.441244267
50  1.4  200  1780  1.13316666667  1.09871833127  16.6299466673
50  1.4  200  1780  1.13333333333  0.658279013818  16.720286951
50  1.4  200  1780  1.1335  0.213334242811  16.6961887144
50  1.4  200  1780  1.13366666667  -0.231655442497  16.6264425184
50  1.4  200  1780  1.13383333333  -0.679993079449  16.3828197276
50  1.4  200  1780  1.134  -1.13295795903  15.8888454699
50  1.4  200  1780  1.13416666667  -1.57953883791  15.380748622
50  1.4  200  1780  1.13433333333  -2.01771230514  14.8671628006
50  1.4  200  1780  1.1345  -2.44531280526  14.3611965324
50  1.4  200  1780  1.13466666667  -2.86076331458  13.8620394238
50  1.4  200  1780  1.13483333333  -3.2624591053  13.3707758343
50  1.4  200  1780  1.135  -3.64893041111  12.8864097533
50  1.4  200  1780  1.13516666667  -4.02394217791  12.2764823942
50  1.4  200  1780  1.13533333333  -4.38121240683  11.6653716301
50  1.4  200  1780  1.1355  -4.7183478661  11.0804637704
50  1.4  200  1780  1.13566666667  -5.03419596798  10.5195477094
50  1.4  200  1780  1.13583333333  -5.32930127703  9.93934387909
50  1.4  200  1780  1.136  -5.60291158343  9.33166620437
50  1.4  200  1780  1.13616666667  -5.84862674567  8.83404920784
50  1.4  200  1780  1.13633333333  -6.06808176331  8.38229674029
50  1.4  200  1780  1.1365  -6.26639354684  7.82622348286
50  1.4  200  1780  1.13666666667  -6.4404745252  7.22656909872
50  1.4  200  1780  1.13683333333  -6.58912020806  6.59884394513
50  1.4  200  1780  1.137  -6.71178188022  5.94456216251
50  1.4  200  1780  1.13716666667  -6.81352696639  5.12529743944
50  1.4  200  1780  1.13733333333  -6.88711397809  4.31801769563
50  1.4  200  1780  1.1375  -6.9315823843  3.54292986009
50  1.4  200  1780  1.13766666667  -6.9473573408  2.7878362828
50  1.4  200  1780  1.13783333333  -6.93488588511  2.04278090374
50  1.4  200  1780  1.138  -6.89521651845  1.28532235135
50  1.4  200  1780  1.13816666667  -6.82470612314  0.614961701966
50  1.4  200  1780  1.13833333333  -6.73086150318  -0.149260142018
50  1.4  200  1780  1.1385  -6.6140690914  -1.00473534916
50  1.4  200  1780  1.13866666667  -6.46428004015  -1.68113949139
50  1.4  200  1780  1.13883333333  -6.29122538427  -2.40795621242
50  1.4  200  1780  1.139  -6.09775660646  -3.23739738048
50  1.4  200  1780  1.13916666667  -5.87746744257  -3.98407672559
50  1.4  200  1780  1.13933333333  -5.62836874031  -4.57244070771
50  1.4  200  1780  1.1395  -5.36044028495  -5.22868366835
50  1.4  200  1780  1.13966666667  -5.07258642662  -5.89552847273
50  1.4  200  1780  1.13983333333  -4.76974144211  -6.66681891646
50  1.4  200  1780  1.14  -4.45167018081  -7.50318039721
50  1.4  200  1780  1.14016666667  -4.11731131041  -8.34247017547
50  1.4  200  1780  1.14033333333  -3.76291075604  -9.0525055894
50  1.4  200  1780  1.1405  -3.38945634959  -9.6200494935
50  1.4  200  1780  1.14066666667  -3.00644386318  -10.2466187734
50  1.4  200  1780  1.14083333333  -2.61396786291  -10.8937486128
50  1.4  200  1780  1.141  -2.21302241274  -11.5447916543
50  1.4  200  1780  1.14116666667  -1.80824963344  -12.2748967436
50  1.4  200  1780  1.14133333333  -1.39803937755  -12.9997094319
50  1.4  200  1780  1.1415  -0.983854287657  -13.7123999595
50  1.4  200  1780  1.14166666667  -0.567196976462  -14.4068032021
50  1.4  200  1780  1.14183333333  -0.155864618754  -15.2364602633
50  1.4  200  1780  1.142  0.259765932401  -15.9124360748
50  1.4  200  1780  1.14216666667  0.682788081159  -16.3118266842
50  1.4  200  1780  1.14233333333  1.10423298884  -16.6184597128
50  1.4  200  1780  1.1425  1.52232339878  -16.834020776
50  1.4  200  1780  1.14266666667  1.93416165143  -16.9893494048
50  1.4  200  1780  1.14283333333  2.33752000117  -17.0991337563
50  1.4  200  1780  1.143  2.73100358983  -17.1579364323
50  1.4  200  1780  1.14316666667  3.11448429153  -17.1293361039
50  1.4  200  1780  1.14333333333  3.48637558407  -17.0153023601
50  1.4  200  1780  1.1435  3.84442743886  -16.8361567661
50  1.4  200  1780  1.14366666667  4.18690773036  -16.6007104123
50  1.4  200  1780  1.14383333333  4.51221852602  -16.3161490085
50  1.4  200  1780  1.144  4.82150506764  -15.9218965779
50  1.4  200  1780  1.14416666667  5.11462017745  -15.3922438085
50  1.4  200  1780  1.14433333333  5.39442590799  -14.6272023606
50  1.4  200  1780  1.1445  5.64516340653  -14.0020180221
50  1.4  200  1780  1.14466666667  5.87294745443  -13.3387081859
50  1.4  200  1780  1.14483333333  6.07841452095  -12.6008907404
50  1.4  200  1780  1.145  6.26253809807  -11.7461543479
50  1.4  200  1780  1.14516666667  6.42987227385  -10.643741474
50  1.4  200  1780  1.14533333333  6.58021359418  -9.28639662799
50  1.4  200  1780  1.1455  6.69380692659  -8.16618645016
50  1.4  200  1780  1.14566666667  6.77437792469  -7.18151345202
50  1.4  200  1780  1.14583333333  6.83427736733  -6.01447729128
50  1.4  200  1780  1.146  6.8730727322  -4.67466534121
50  1.4  200  1780  1.14616666667  6.88990866518  -3.18520229016
50  1.4  200  1780  1.14633333333  6.87992074742  -1.67383493573
50  1.4  200  1780  1.1465  6.84732950553  -0.0403277892959
50  1.4  200  1780  1.14666666667  6.78362958029  1.48956930047
50  1.4  200  1780  1.14683333333  6.68921999149  2.91356821142
50  1.4  200  1780  1.147  6.57509401225  4.49581438291
50  1.4  200  1780  1.14716666667  6.42660256481  5.84653659832
50  1.4  200  1780  1.14733333333  6.25415340213  7.20987599055
50  1.4  200  1780  1.1475  6.04520743717  8.24467258843
50  1.4  200  1780  1.14766666667  5.81245797285  9.24830721442
50  1.4  200  1780  1.14783333333  5.55742392257  10.2320680638
50  1.4  200  1780  1.148  5.28652760169  11.3296343193
50  1.4  200  1780  1.14816666667  4.99233990263  12.3208198136
50  1.4  200  1780  1.14833333333  4.67256184687  13.1138287151
50  1.4  200  1780  1.1485  4.33677972483  13.9169679017
50  1.4  200  1780  1.14866666667  3.97470976804  14.4322004941
50  1.4  200  1780  1.14883333333  3.5957863365  14.8608311611
50  1.4  200  1780  1.149  3.20382726064  15.2601570691
50  1.4  200  1780  1.14916666667  2.80604576228  15.7725272569
50  1.4  200  1780  1.14933333333  2.39102755706  16.0661223201
50  1.4  200  1780  1.1495  1.96569060735  16.2738974811
50  1.4  200  1780  1.14966666667  1.53340614155  16.4380252377
50  1.4  200  1780  1.14983333333  1.09645773028  16.5725274022
50  1.4  200  1780  1.15  0.655951845738  16.6611768817
50  1.4  200  1780  1.15016666667  0.211672756636  16.6539869655
50  1.4  200  1780  1.15033333333  -0.234212478801  16.5614937962
50  1.4  200  1780  1.1505  -0.684308506712  16.2732078752
50  1.4  200  1780  1.15066666667  -1.14086368173  15.6880401133
50  1.4  200  1780  1.15083333333  -1.59176865703  15.0701112165
50  1.4  200  1780  1.151  -2.03326478196  14.4721298894
50  1.4  200  1780  1.15116666667  -2.45900294077  14.0134670904
50  1.4  200  1780  1.15133333333  -2.87276140498  13.5572879274
50  1.4  200  1780  1.1515  -3.27577474839  13.0325584998
50  1.4  200  1780  1.15166666667  -3.65987313978  12.6084644452
50  1.4  200  1780  1.15183333333  -4.03445748156  12.0093936816
50  1.4  200  1780  1.152  -4.3831086874  11.6172061035
50  1.4  200  1780  1.15216666667  -4.72548806437  10.8991027344
50  1.4  200  1780  1.15233333333  -5.03056034275  10.6118925903
50  1.4  200  1780  1.1525  -5.31888443651  10.2039316283
50  1.4  200  1780  1.15266666667  -5.59357937445  9.56870431266
50  1.4  200  1780  1.15283333333  -5.83856610097  9.08958958327
50  1.4  200  1780  1.153  -6.06183667145  8.54092207355
50  1.4  200  1780  1.15316666667  -6.26267368648  7.9207079358
50  1.4  200  1780  1.15333333333  -6.4453427921  7.10291511949
50  1.4  200  1780  1.1535  -6.59755613012  6.38457152469
50  1.4  200  1780  1.15366666667  -6.72461073616  5.61870922168
50  1.4  200  1780  1.15383333333  -6.82841892873  4.74704159597
50  1.4  200  1780  1.154  -6.88655889416  4.33211682754
50  1.4  200  1780  1.15416666667  -6.9299146605  3.5852900446
50  1.4  200  1780  1.15433333333  -6.9414447329  2.93801652356
50  1.4  200  1780  1.1545  -6.92624279455  2.26231540419
50  1.4  200  1780  1.15466666667  -6.88026316167  1.66513761358
50  1.4  200  1780  1.15483333333  -6.81003322163  0.987653400405
50  1.4  200  1780  1.155  -6.71595560066  0.229349782207
50  1.4  200  1780  1.15516666667  -6.59623229736  -0.551680780504
50  1.4  200  1780  1.15533333333  -6.45632436643  -1.479065379
50  1.4  200  1780  1.1555  -6.28849426997  -2.33858590937
50  1.4  200  1780  1.15566666667  -6.09463585186  -3.15813021376
50  1.4  200  1780  1.15583333333  -5.87757828377  -3.98689209217
50  1.4  200  1780  1.156  -5.63599721767  -4.76620403271
50  1.4  200  1780  1.15616666667  -5.36574304634  -5.36337380763
50  1.4  200  1780  1.15633333333  -5.08199257171  -6.13444455778
50  1.4  200  1780  1.1565  -4.77932620285  -6.91027183922
50  1.4  200  1780  1.15666666667  -4.45812415686  -7.66711138878
50  1.4  200  1780  1.15683333333  -4.11710599774  -8.33725523366
50  1.4  200  1780  1.157  -3.76387956161  -9.07711325079
50  1.4  200  1780  1.15716666667  -3.39955431483  -9.87653781053
50  1.4  200  1780  1.15733333333  -3.01881503605  -10.5608465645
50  1.4  200  1780  1.1575  -2.6215229563  -11.085647985
50  1.4  200  1780  1.15766666667  -2.21305286116  -11.5455650443
50  1.4  200  1780  1.15783333333  -1.80259911113  -12.131373477
50  1.4  200  1780  1.158  -1.3897846382  -12.7900390525
50  1.4  200  1780  1.15816666667  -0.978016655262  -13.5641240967
50  1.4  200  1780  1.15833333333  -0.564406424325  -14.3359231778
50  1.4  200  1780  1.1585  -0.155135571834  -15.2179424715
50  1.4  200  1780  1.15866666667  0.260368674782  -15.8971264183
50  1.4  200  1780  1.15883333333  0.68095968666  -16.3582679045
50  1.4  200  1780  1.159  1.10130957927  -16.6927143156
50  1.4  200  1780  1.15916666667  1.51867454782  -16.9267015903
50  1.4  200  1780  1.15933333333  1.93092119797  -17.0716569228
50  1.4  200  1780  1.1595  2.33488040658  -17.1661794589
50  1.4  200  1780  1.15966666667  2.73250131866  -17.1198941201
50  1.4  200  1780  1.15983333333  3.11435942116  -17.1325078114
50  1.4  200  1780  1.16  3.47788790749  -17.2308893452
50  1.4  200  1780  1.16016666667  3.84909783243  -16.7175287695
50  1.4  200  1780  1.16033333333  4.18842766079  -16.5621041794
50  1.4  200  1780  1.1605  4.51168317499  -16.3297469246
50  1.4  200  1780  1.16066666667  4.81880410258  -15.9905010906
50  1.4  200  1780  1.16083333333  5.1090080137  -15.5347927676
50  1.4  200  1780  1.161  5.3804554929  -14.982050904
50  1.4  200  1780  1.16116666667  5.63122916236  -14.355947824
50  1.4  200  1780  1.16133333333  5.8646273436  -13.550039001
50  1.4  200  1780  1.1615  6.07660812922  -12.6467730902
50  1.4  200  1780  1.16166666667  6.2656748083  -11.6664819079
50  1.4  200  1780  1.16183333333  6.43110264528  -10.6124900396
50  1.4  200  1780  1.162  6.57256235495  -9.48073810448
50  1.4  200  1780  1.16216666667  6.68789335901  -8.31639106686
50  1.4  200  1780  1.16233333333  6.78179107672  -6.9932193906
50  1.4  200  1780  1.1625  6.84608186599  -5.71464302523
50  1.4  200  1780  1.16266666667  6.88944111589  -4.25890839548
50  1.4  200  1780  1.16283333333  6.89965123957  -2.93774090051
50  1.4  200  1780  1.163  6.8933732594  -1.33214113131
50  1.4  200  1780  1.16316666667  6.84850109091  -0.0105695206167
50  1.4  200  1780  1.16333333333  6.79028622414  1.65864805431
50  1.4  200  1780  1.1635  6.68765207818  2.8737432132
50  1.4  200  1780  1.16366666667  6.55868713449  4.07907968762
50  1.4  200  1780  1.16383333333  6.41035651274  5.43388687568
50  1.4  200  1780  1.164  6.23335834769  6.68168160771
50  1.4  200  1780  1.16416666667  6.02880917686  7.82815677652
50  1.4  200  1780  1.16433333333  5.80977756289  9.18022480141
50  1.4  200  1780  1.1645  5.56209046233  10.3505981738
50  1.4  200  1780  1.16466666667  5.29259753566  11.4838106422
50  1.4  200  1780  1.16483333333  4.99623072216  12.4196466296
50  1.4  200  1780  1.165  4.67714499727  13.2302407351
50  1.4  200  1780  1.16516666667  4.33536239345  13.8809676848
50  1.4  200  1780  1.16533333333  3.97300516787  14.3889036499
50  1.4  200  1780  1.1655  3.60709609781  15.1480990983
50  1.4  200  1780  1.16566666667  3.21343465831  15.5041849699
50  1.4  200  1780  1.16583333333  2.80627275692  15.7782929207
50  1.4  200  1780  1.166  2.39040047101  16.0501943344
50  1.4  200  1780  1.16616666667  1.96687791827  16.3040551785
50  1.4  200  1780  1.16633333333  1.53588770368  16.5010569156
50  1.4  200  1780  1.1665  1.09689123865  16.5835385146
50  1.4  200  1780  1.16666666667  0.654838755564  16.6329043913
50  1.4  200  1780  1.16683333333  0.209005566037  16.5862403243
50  1.4  200  1780  1.167  -0.234210079342  16.5615547425
50  1.4  200  1780  1.16716666667  -0.685550817949  16.2416531697
50  1.4  200  1780  1.16733333333  -1.14313445696  15.6303624225
50  1.4  200  1780  1.1675  -1.58896524849  15.1413177933
50  1.4  200  1780  1.16766666667  -2.03019990634  14.5499777302
50  1.4  200  1780  1.16783333333  -2.45390948022  14.1428409885
50  1.4  200  1780  1.168  -2.86507662074  13.7524814471
50  1.4  200  1780  1.16816666667  -3.26334197574  13.3483509251
50  1.4  200  1780  1.16833333333  -3.65292750018  12.7848836909
50  1.4  200  1780  1.1685  -4.02954196867  12.1342477088
50  1.4  200  1780  1.16866666667  -4.38532466972  11.5609201526
50  1.4  200  1780  1.16883333333  -4.7191530105  11.0600131026
50  1.4  200  1780  1.169  -5.03266918159  10.5583280837
50  1.4  200  1780  1.16916666667  -5.32788797672  9.97524170697
50  1.4  200  1780  1.16933333333  -5.60653724734  9.23957434115
50  1.4  200  1780  1.1695  -5.85026308365  8.79248622323
50  1.4  200  1780  1.16966666667  -6.0681894545  8.37956138408
50  1.4  200  1780  1.16983333333  -6.26618400676  7.83154580069
50  1.4  200  1780  1.17  -6.44032013038  7.2304907272
50  1.4  200  1780  1.17016666667  -6.59250978661  6.51274864989
50  1.4  200  1780  1.17033333333  -6.72017585664  5.73135516144
50  1.4  200  1780  1.1705  -6.82146293616  4.92372380726
50  1.4  200  1780  1.17066666667  -6.89029328999  4.23726317345
50  1.4  200  1780  1.17083333333  -6.93403639531  3.48059798059
50  1.4  200  1780  1.171  -6.95886765266  2.49547436148
50  1.4  200  1780  1.17116666667  -6.92679514668  2.24828565987
50  1.4  200  1780  1.17133333333  -6.89009336422  1.41545046891
50  1.4  200  1780  1.1715  -6.81683191428  0.814966607206
50  1.4  200  1780  1.17166666667  -6.72011721409  0.123644800932
50  1.4  200  1780  1.17183333333  -6.59867280447  -0.613669660936
50  1.4  200  1780  1.172  -6.45637225218  -1.48028167706
50  1.4  200  1780  1.17216666667  -6.28846996468  -2.33796855482
50  1.4  200  1780  1.17233333333  -6.09483022651  -3.16306732974
50  1.4  200  1780  1.1725  -5.8762109523  -3.95216187274
50  1.4  200  1780  1.17266666667  -5.63442170968  -4.72618612973
50  1.4  200  1780  1.17283333333  -5.37068883154  -5.48899675166
50  1.4  200  1780  1.173  -5.08662985599  -6.25223157871
50  1.4  200  1780  1.17316666667  -4.78080681104  -6.94787928724
50  1.4  200  1780  1.17333333333  -4.45351276397  -7.54998200943
50  1.4  200  1780  1.1735  -4.11612554841  -8.31235182087
50  1.4  200  1780  1.17366666667  -3.75806634406  -8.92945752521
50  1.4  200  1780  1.17383333333  -3.38759949642  -9.57288542299
50  1.4  200  1780  1.174  -3.00502957011  -10.2106957296
50  1.4  200  1780  1.17416666667  -2.61565625542  -10.9366337827
50  1.4  200  1780  1.17433333333  -2.21828937064  -11.678572385
50  1.4  200  1780  1.1745  -1.81396775046  -12.4201369161
50  1.4  200  1780  1.17466666667  -1.40099088354  -13.0746776841
50  1.4  200  1780  1.17483333333  -0.980499218885  -13.6271812127
50  1.4  200  1780  1.175  -0.561469995631  -14.261337889
50  1.4  200  1780  1.17516666667  -0.147783650523  -15.0312036702
50  1.4  200  1780  1.17533333333  0.26951905804  -15.6647066836
50  1.4  200  1780  1.1755  0.689770057022  -16.1344844973
50  1.4  200  1780  1.17566666667  1.1089575245  -16.4984565068
50  1.4  200  1780  1.17583333333  1.52387805304  -16.7945325577
50  1.4  200  1780  1.176  1.93369974883  -17.001081731
50  1.4  200  1780  1.17616666667  2.33659215498  -17.1227010495
50  1.4  200  1780  1.17633333333  2.7309421928  -17.1594959169
50  1.4  200  1780  1.1765  3.11498400465  -17.1166433908
50  1.4  200  1780  1.17666666667  3.48533798847  -17.0416572883
50  1.4  200  1780  1.17683333333  3.84657752284  -16.7815446331
50  1.4  200  1780  1.177  4.18687525539  -16.6015352766
50  1.4  200  1780  1.17716666667  4.5116349972  -16.3309706405
50  1.4  200  1780  1.17733333333  4.82674886609  -15.7887040972
50  1.4  200  1780  1.1775  5.11684951858  -15.3356185436
50  1.4  200  1780  1.17766666667  5.38386333674  -14.8954916704
50  1.4  200  1780  1.17783333333  5.63267750998  -14.3191597945
50  1.4  200  1780  1.178  5.86285130165  -13.5951504665
50  1.4  200  1780  1.17816666667  6.07631406069  -12.654242431
50  1.4  200  1780  1.17833333333  6.26556696149  -11.669221217
50  1.4  200  1780  1.1785  6.42907597148  -10.6639675542
50  1.4  200  1780  1.17866666667  6.57255012754  -9.48104868054
50  1.4  200  1780  1.17883333333  6.68666306589  -8.3476405121
50  1.4  200  1780  1.179  6.77610197836  -7.13772248874
50  1.4  200  1780  1.17916666667  6.84931507086  -5.63251962145
50  1.4  200  1780  1.17933333333  6.88553195312  -4.35820112991
50  1.4  200  1780  1.1795  6.90310158996  -2.85010200059
50  1.4  200  1780  1.17966666667  6.88311165731  -1.5927858244
50  1.4  200  1780  1.17983333333  6.83834238622  -0.268600619883
50  1.4  200  1780  1.18  6.76884220523  1.11396997389
50  1.4  200  1780  1.18016666667  6.68031772881  2.68745073924
50  1.4  200  1780  1.18033333333  6.56462718701  4.22995702161
50  1.4  200  1780  1.1805  6.41999905189  5.67880736999
50  1.4  200  1780  1.18066666667  6.24840631204  7.06389990211
50  1.4  200  1780  1.18083333333  6.04858035511  8.33034470415
50  1.4  200  1780  1.181  5.82201552521  9.49106904436
50  1.4  200  1780  1.18116666667  5.57277871582  10.6220798126
50  1.4  200  1780  1.18133333333  5.29902152354  11.6469799343
50  1.4  200  1780  1.1815  4.9992769127  12.4970198693
50  1.4  200  1780  1.18166666667  4.67689312673  13.2238432234
50  1.4  200  1780  1.18183333333  4.33599342171  13.8969958027
50  1.4  200  1780  1.182  3.97805637173  14.5172042278
50  1.4  200  1780  1.18216666667  3.60468686172  15.0869045018
50  1.4  200  1780  1.18233333333  3.21363400695  15.5092484252
50  1.4  200  1780  1.1825  2.80867504129  15.8393109437
50  1.4  200  1780  1.18266666667  2.39325760112  16.1227654391
50  1.4  200  1780  1.18283333333  1.96769563524  16.3248251893
50  1.4  200  1780  1.183  1.53563376974  16.4946069936
50  1.4  200  1780  1.18316666667  1.09806343019  16.6133121798
50  1.4  200  1780  1.18333333333  0.656132441487  16.6657640138
50  1.4  200  1780  1.1835  0.212449711196  16.6737216113
50  1.4  200  1780  1.18366666667  -0.232869362802  16.5956089426
50  1.4  200  1780  1.18383333333  -0.683414603095  16.295913027
50  1.4  200  1780  1.184  -1.14058291601  15.6951715626
50  1.4  200  1780  1.18416666667  -1.59080791375  15.0945140958
50  1.4  200  1780  1.18433333333  -2.0310290146  14.5289183803
50  1.4  200  1780  1.1845  -2.45950389705  14.0007428009
50  1.4  200  1780  1.18466666667  -2.87495990927  13.5014459185
50  1.4  200  1780  1.18483333333  -3.27515262108  13.0483605335
50  1.4  200  1780  1.185  -3.66155738782  12.5656845449
50  1.4  200  1780  1.18516666667  -4.04370608439  11.7744791696
50  1.4  200  1780  1.18533333333  -4.3779445608  11.7483749192
50  1.4  200  1780  1.1855  -4.71750444618  11.1018866363
50  1.4  200  1780  1.18566666667  -5.02933280576  10.6430720298
50  1.4  200  1780  1.18583333333  -5.31903517131  10.2001029644
50  1.4  200  1780  1.186  -5.58769109439  9.71826662599
50  1.4  200  1780  1.18616666667  -5.83984361339  9.05714076793
50  1.4  200  1780  1.18633333333  -6.07146991285  8.29623774196
50  1.4  200  1780  1.1865  -6.2757000914  7.58983725081
50  1.4  200  1780  1.18666666667  -6.4531245176  6.90525929178
50  1.4  200  1780  1.18683333333  -6.60630709909  6.16229691287
50  1.4  200  1780  1.187  -6.73207160291  5.42920320607
50  1.4  200  1780  1.18716666667  -6.82124939507  4.9291477508
50  1.4  200  1780  1.18733333333  -6.88901438164  4.26974744549
50  1.4  200  1780  1.1875  -6.92392647628  3.73738992399
50  1.4  200  1780  1.18766666667  -6.93475285247  3.10799028653
50  1.4  200  1780  1.18783333333  -6.91998523074  2.42125752486
50  1.4  200  1780  1.188  -6.88361128733  1.58009522178
50  1.4  200  1780  1.18816666667  -6.82139024559  0.699184991936
50  1.4  200  1780  1.18833333333  -6.73098272349  -0.152339137751
50  1.4  200  1780  1.1885  -6.61199812042  -0.952132686233
50  1.4  200  1780  1.18866666667  -6.46215638329  -1.62719860731
50  1.4  200  1780  1.18883333333  -6.29264679779  -2.44406011591
50  1.4  200  1780  1.189  -6.09498969842  -3.16711791634
50  1.4  200  1780  1.18916666667  -5.87809758951  -4.00008245795
50  1.4  200  1780  1.18933333333  -5.63476837961  -4.73499154607
50  1.4  200  1780  1.1895  -5.36654386382  -5.38371457168
50  1.4  200  1780  1.18966666667  -5.08560388488  -6.2261719124
50  1.4  200  1780  1.18983333333  -4.77452640106  -6.78835687382
50  1.4  200  1780  1.19  -4.44728112848  -7.39169846798
50  1.4  200  1780  1.19016666667  -4.10705926449  -8.08206820913
50  1.4  200  1780  1.19033333333  -3.75251275316  -8.7883963162
50  1.4  200  1780  1.1905  -3.38836106528  -9.59222927211
50  1.4  200  1780  1.19066666667  -3.01071612866  -10.3551343167
50  1.4  200  1780  1.19083333333  -2.62142260993  -11.0830991871
50  1.4  200  1780  1.191  -2.22223686858  -11.7788388327
50  1.4  200  1780  1.19116666667  -1.81522695339  -12.4521206704
50  1.4  200  1780  1.19133333333  -1.40288331771  -13.122745512
50  1.4  200  1780  1.1915  -0.985414139531  -13.7520201971
50  1.4  200  1780  1.19166666667  -0.566856700309  -14.3981601878
50  1.4  200  1780  1.19183333333  -0.155879439311  -15.2368367054
50  1.4  200  1780  1.192  0.261916227637  -15.8578185758
50  1.4  200  1780  1.19216666667  0.680423525796  -16.3718863904
50  1.4  200  1780  1.19233333333  1.10303169971  -16.6489724566
50  1.4  200  1780  1.1925  1.51836781118  -16.9344927011
50  1.4  200  1780  1.19266666667  1.92779944367  -17.1509494821
50  1.4  200  1780  1.19283333333  2.33169589475  -17.2470660595
50  1.4  200  1780  1.193  2.72884473766  -17.2127712775
50  1.4  200  1780  1.19316666667  3.11439386454  -17.1316329494
50  1.4  200  1780  1.19333333333  3.48605407304  -17.0234687402
50  1.4  200  1780  1.1935  3.84277695907  -16.8780789527
50  1.4  200  1780  1.19366666667  4.18625630384  -16.6172566459
50  1.4  200  1780  1.19383333333  4.5136999656  -16.278520443
50  1.4  200  1780  1.194  4.82372641064  -15.8654744659
50  1.4  200  1780  1.19416666667  5.11471928842  -15.3897263897
50  1.4  200  1780  1.19433333333  5.38719462577  -14.8108769291
50  1.4  200  1780  1.1945  5.63928453124  -14.1513414545
50  1.4  200  1780  1.19466666667  5.87103270747  -13.3873427585
50  1.4  200  1780  1.19483333333  6.08468508251  -12.4416184768
50  1.4  200  1780  1.195  6.26795983412  -11.6084422522
50  1.4  200  1780  1.19516666667  6.43502593684  -10.5128384341
50  1.4  200  1780  1.19533333333  6.57257676029  -9.48037220866
50  1.4  200  1780  1.1955  6.6911216847  -8.23439159422
50  1.4  200  1780  1.19566666667  6.78022051464  -7.03311166742
50  1.4  200  1780  1.19583333333  6.83737240562  -5.93586331864
50  1.4  200  1780  1.196  6.87379937579  -4.65620859398
50  1.4  200  1780  1.19616666667  6.88600746968  -3.28429265577
50  1.4  200  1780  1.19633333333  6.87749151846  -1.73553735114
50  1.4  200  1780  1.1965  6.84253073455  -0.162216572119
50  1.4  200  1780  1.19666666667  6.78027067979  1.40425322789
50  1.4  200  1780  1.19683333333  6.68952199747  2.92123916318
50  1.4  200  1780  1.197  6.57054506089  4.38027101814
50  1.4  200  1780  1.19716666667  6.42401609993  5.78084039022
50  1.4  200  1780  1.19733333333  6.25258282173  7.16998324827
50  1.4  200  1780  1.1975  6.05219280281  8.42210087564
50  1.4  200  1780  1.19766666667  5.82382066041  9.53691947845
50  1.4  200  1780  1.19783333333  5.57415355548  10.6570007399
50  1.4  200  1780  1.198  5.29733860878  11.6042338994
50  1.4  200  1780  1.19816666667  4.99307647539  12.3395287617
50  1.4  200  1780  1.19833333333  4.6701261179  13.0519611992
50  1.4  200  1780  1.1985  4.32912474003  13.722531288
50  1.4  200  1780  1.19866666667  3.97453573226  14.4277799853
50  1.4  200  1780  1.19883333333  3.60106838122  14.9949950969
50  1.4  200  1780  1.199  3.21051237392  15.4299589464
50  1.4  200  1780  1.19916666667  2.79989252437  15.6162350141
50  1.4  200  1780  1.19933333333  2.39409537524  16.144044902
50  1.4  200  1780  1.1995  1.96870535913  16.3504721763
50  1.4  200  1780  1.19966666667  1.53587692802  16.5007832138
50  1.4  200  1780  1.19983333333  1.09815406564  16.6156143202
50  1.4  200  1780  1.2  0.657011818065  16.6881001788
50  1.4  200  1780  1.20016666667  0.213963195347  16.7121641088
50  1.4  200  1780  1.20033333333  -0.229710873323  16.6758345754
50  1.4  200  1780  1.2005  -0.680367627241  16.3733062137
50  1.4  200  1780  1.20066666667  -1.13881622234  15.7400455818
50  1.4  200  1780  1.20083333333  -1.59227566408  15.0572332372
50  1.4  200  1780  1.201  -2.0316462346  14.5132409925
50  1.4  200  1780  1.20116666667  -2.45873299037  14.0203238307
50  1.4  200  1780  1.20133333333  -2.87667393555  13.4579096511
50  1.4  200  1780  1.2015  -3.27617729374  13.0223338479
50  1.4  200  1780  1.20166666667  -3.66485702642  12.4818737245
50  1.4  200  1780  1.20183333333  -4.02438667606  12.2651921413
50  1.4  200  1780  1.202  -4.37436535527  11.8392867397
50  1.4  200  1780  1.20216666667  -4.7077790778  11.3489109933
50  1.4  200  1780  1.20233333333  -5.02199558434  10.8294374538
50  1.4  200  1780  1.2025  -5.31957985841  10.1862679121
50  1.4  200  1780  1.20266666667  -5.59639074998  9.49729537398
50  1.4  200  1780  1.20283333333  -5.8516699041  8.75675298376
50  1.4  200  1780  1.203  -6.07674993015  8.16212530244
50  1.4  200  1780  1.20316666667  -6.27472787645  7.61453151054
50  1.4  200  1780  1.20333333333  -6.45336808948  6.89907256602
50  1.4  200  1780  1.2035  -6.59965492831  6.33126205081
50  1.4  200  1780  1.20366666667  -6.72849221697  5.52011960893
50  1.4  200  1780  1.20383333333  -6.81786802656  5.01503451091
50  1.4  200  1780  1.204  -6.88018120584  4.49411011085
50  1.4  200  1780  1.20416666667  -6.91826886353  3.88109328781
50  1.4  200  1780  1.20433333333  -6.93198425278  3.17831271863
50  1.4  200  1780  1.2045  -6.92534281678  2.28517483949
50  1.4  200  1780  1.20466666667  -6.88965292427  1.42663764376
50  1.4  200  1780  1.20483333333  -6.825028594  0.606770942278
50  1.4  200  1780  1.205  -6.73251026689  -0.191138740062
50  1.4  200  1780  1.20516666667  -6.6116688141  -0.943768305564
50  1.4  200  1780  1.20533333333  -6.46590616515  -1.72244306645
50  1.4  200  1780  1.2055  -6.29673134126  -2.54780752005
50  1.4  200  1780  1.20566666667  -6.09166503015  -3.08267134214
50  1.4  200  1780  1.20583333333  -5.87537737074  -3.93098890106
50  1.4  200  1780  1.206  -5.62902302503  -4.58905953974
50  1.4  200  1780  1.20616666667  -5.36112127635  -5.24598084982
50  1.4  200  1780  1.20633333333  -5.07244665913  -5.89197837841
50  1.4  200  1780  1.2065  -4.76965113184  -6.6645250355
50  1.4  200  1780  1.20666666667  -4.45241114051  -7.52200077344
50  1.4  200  1780  1.20683333333  -4.11587930482  -8.3060972335
50  1.4  200  1780  1.207  -3.77032570834  -9.24084537783
50  1.4  200  1780  1.20716666667  -3.39107445435  -9.66114935446
50  1.4  200  1780  1.20733333333  -3.01382554166  -10.434113407
50  1.4  200  1780  1.2075  -2.6201628545  -11.0511013993
50  1.4  200  1780  1.20766666667  -2.21675946826  -11.6397128647
50  1.4  200  1780  1.20783333333  -1.80566582326  -12.2092679651
50  1.4  200  1780  1.208  -1.39275732313  -12.8655452497
50  1.4  200  1780  1.20816666667  -0.980248867676  -13.620822292
50  1.4  200  1780  1.20833333333  -0.566998160627  -14.4017532799
50  1.4  200  1780  1.2085  -0.155482030567  -15.2267425233
50  1.4  200  1780  1.20866666667  0.260981875004  -15.8815511327
50  1.4  200  1780  1.20883333333  0.682406695883  -16.3215138702
50  1.4  200  1780  1.209  1.10073485787  -16.7073122394
50  1.4  200  1780  1.20916666667  1.52044574223  -16.8817132523
50  1.4  200  1780  1.20933333333  1.92765935702  -17.1545076828
50  1.4  200  1780  1.2095  2.33775667218  -17.0931223126
50  1.4  200  1780  1.20966666667  2.72925221347  -17.2024213919
50  1.4  200  1780  1.20983333333  3.11245439345  -17.1808955151
50  1.4  200  1780  1.21  3.48520233196  -17.0451029636
50  1.4  200  1780  1.21016666667  3.84243073707  -16.8868729916
50  1.4  200  1780  1.21033333333  4.18420615545  -16.6693304151
50  1.4  200  1780  1.2105  4.51195772312  -16.3227734022
50  1.4  200  1780  1.21066666667  4.82300285682  -15.8838527327
50  1.4  200  1780  1.21083333333  5.1152437983  -15.376403839
50  1.4  200  1780  1.211  5.38810936244  -14.7876426175
50  1.4  200  1780  1.21116666667  5.64029042106  -14.1257918529
50  1.4  200  1780  1.21133333333  5.87211292538  -13.3599052237
50  1.4  200  1780  1.2115  6.08211928748  -12.5067896705
50  1.4  200  1780  1.21166666667  6.26928730013  -11.5747246154
50  1.4  200  1780  1.21183333333  6.43297779986  -10.5648611134
50  1.4  200  1780  1.212  6.57321928627  -9.46405204876
50  1.4  200  1780  1.21216666667  6.68638765335  -8.35463599048
50  1.4  200  1780  1.21233333333  6.78340423665  -6.95224512814
50  1.4  200  1780  1.2125  6.84747197636  -5.67933422184
50  1.4  200  1780  1.21266666667  6.88599778686  -4.34636895294
50  1.4  200  1780  1.21283333333  6.90535712007  -2.79281153594
50  1.4  200  1780  1.213  6.89178003528  -1.37260902397
50  1.4  200  1780  1.21316666667  6.84283998416  -0.154361632121
50  1.4  200  1780  1.21333333333  6.77155587899  1.18289728741
50  1.4  200  1780  1.2135  6.67599891503  2.57775286931
50  1.4  200  1780  1.21366666667  6.55412518107  3.96320607091
50  1.4  200  1780  1.21383333333  6.41150153905  5.4629705439
50  1.4  200  1780  1.214  6.24207982451  6.90320711904
50  1.4  200  1780  1.21416666667  6.04467753874  8.23121316832
50  1.4  200  1780  1.21433333333  5.82027478265  9.44685418314
50  1.4  200  1780  1.2145  5.57027008516  10.5583605937
50  1.4  200  1780  1.21466666667  5.29204435151  11.4697597648
50  1.4  200  1780  1.21483333333  4.99955702029  12.5041346023
50  1.4  200  1780  1.215  4.67644957018  13.212576887
50  1.4  200  1780  1.21516666667  4.33519113246  13.8766176556
50  1.4  200  1780  1.21533333333  3.9740253021  14.4148150592
50  1.4  200  1780  1.2155  3.59614290012  14.869887877
50  1.4  200  1780  1.21566666667  3.20446963976  15.2764734986
50  1.4  200  1780  1.21583333333  2.80214065315  15.6733374849
50  1.4  200  1780  1.216  2.3896565115  16.031297763
50  1.4  200  1780  1.21616666667  1.96769706161  16.3248614192
50  1.4  200  1780  1.21633333333  1.53548469565  16.4908205118
50  1.4  200  1780  1.2165  1.09644459072  16.5721936572
50  1.4  200  1780  1.21666666667  0.654206494634  16.6168449637
50  1.4  200  1780  1.21683333333  0.21066239787  16.6283238528
50  1.4  200  1780  1.217  -0.23454447925  16.5530609848
50  1.4  200  1780  1.21716666667  -0.684972349283  16.2563462739
50  1.4  200  1780  1.21733333333  -1.1418908736  15.6619494397
50  1.4  200  1780  1.2175  -1.59121409701  15.084197041
50  1.4  200  1780  1.21766666667  -2.03063424856  14.5389454378
50  1.4  200  1780  1.21783333333  -2.46089663311  13.965367305
50  1.4  200  1780  1.218  -2.87522995705  13.4945867049
50  1.4  200  1780  1.21816666667  -3.2761402738  13.0232741542
50  1.4  200  1780  1.21833333333  -3.65874299451  12.6371701349
50  1.4  200  1780  1.2185  -4.03267791958  12.0545945559
50  1.4  200  1780  1.21866666667  -4.38631207143  11.5358401491
50  1.4  200  1780  1.21883333333  -4.71340289456  11.2060660476
50  1.4  200  1780  1.219  -5.02452851068  10.7651011247
50  1.4  200  1780  1.21916666667  -5.31656127409  10.2629399538
50  1.4  200  1780  1.21933333333  -5.58795064854  9.7116739506
50  1.4  200  1780  1.2195  -5.83706771971  9.12764846738
50  1.4  200  1780  1.21966666667  -6.0625610254  8.52252348314
50  1.4  200  1780  1.21983333333  -6.26850909605  7.77248853278
50  1.4  200  1780  1.22  -6.44827737315  7.02837676073
50  1.4  200  1780  1.22016666667  -6.60073582407  6.30380729845
50  1.4  200  1780  1.22033333333  -6.72517156017  5.60446429167
50  1.4  200  1780  1.2205  -6.82181056871  4.91489394053
50  1.4  200  1780  1.22066666667  -6.89178284883  4.19942837895
50  1.4  200  1780  1.22083333333  -6.93446214593  3.46978391471
50  1.4  200  1780  1.221  -6.9482146388  2.76606091369
50  1.4  200  1780  1.22116666667  -6.93219911435  2.11102488126
50  1.4  200  1780  1.22133333333  -6.89423476858  1.31025879819
50  1.4  200  1780  1.2215  -6.82878213854  0.511430910899
50  1.4  200  1780  1.22166666667  -6.73071753453  -0.145603338126
50  1.4  200  1780  1.22183333333  -6.61239604622  -0.962240001577
50  1.4  200  1780  1.222  -6.45881768403  -1.54239564595
50  1.4  200  1780  1.22216666667  -6.28229429317  -2.18110649848
50  1.4  200  1780  1.22233333333  -6.08336494354  -2.87184914223
50  1.4  200  1780  1.2225  -5.86654841427  -3.70673340679
50  1.4  200  1780  1.22266666667  -5.62853784959  -4.57673608359
50  1.4  200  1780  1.22283333333  -5.36784616638  -5.4167930566
50  1.4  200  1780  1.223  -5.08445986906  -6.19711391055
50  1.4  200  1780  1.22316666667  -4.77824506744  -6.88281099977
50  1.4  200  1780  1.22333333333  -4.45998934914  -7.7144872727
50  1.4  200  1780  1.2235  -4.11943499507  -8.39641176592
50  1.4  200  1780  1.22366666667  -3.76087573592  -9.00081607836
50  1.4  200  1780  1.22383333333  -3.3950330797  -9.76169843824
50  1.4  200  1780  1.224  -3.01282787246  -10.4087726092
50  1.4  200  1780  1.22416666667  -2.61751098763  -10.9837439808
50  1.4  200  1780  1.22433333333  -2.21686042142  -11.6422770748
50  1.4  200  1780  1.2245  -1.80836140167  -12.2777356567
50  1.4  200  1780  1.22466666667  -1.39291714528  -12.8696047324
50  1.4  200  1780  1.22483333333  -0.974668322358  -13.4790764409
50  1.4  200  1780  1.225  -0.557224139342  -14.1534931393
50  1.4  200  1780  1.22516666667  -0.145348952955  -14.969362352
50  1.4  200  1780  1.22533333333  0.270707920489  -15.6345095773
50  1.4  200  1780  1.2255  0.689985450799  -16.1290134954
50  1.4  200  1780  1.22566666667  1.10883430758  -16.5015862166
50  1.4  200  1780  1.22583333333  1.5245201575  -16.7782231045
50  1.4  200  1780  1.226  1.93464695172  -16.9770227775
50  1.4  200  1780  1.22616666667  2.33751528158  -17.0992536339
50  1.4  200  1780  1.22633333333  2.73158276459  -17.1432253934
50  1.4  200  1780  1.2265  3.11518275483  -17.1115951361
50  1.4  200  1780  1.22666666667  3.48672879422  -17.0063308222
50  1.4  200  1780  1.22683333333  3.8449719068  -16.8223272804
50  1.4  200  1780  1.227  4.1884788575  -16.560803783
50  1.4  200  1780  1.22716666667  4.51581289901  -16.2248519344
50  1.4  200  1780  1.22733333333  4.82555339221  -15.819069134
50  1.4  200  1780  1.2275  5.11666882959  -15.3402080442
50  1.4  200  1780  1.22766666667  5.38718616276  -14.8110918895
50  1.4  200  1780  1.22783333333  5.64373616131  -14.0382700506
50  1.4  200  1780  1.228  5.8743862023  -13.30216399
50  1.4  200  1780  1.22816666667  6.08260471965  -12.4944596935
50  1.4  200  1780  1.22833333333  6.26631813907  -11.6501413066
50  1.4  200  1780  1.2285  6.43369662833  -10.5466028701
50  1.4  200  1780  1.22866666667  6.56730572203  -9.61425658044
50  1.4  200  1780  1.22883333333  6.67835560574  -8.55864999984
50  1.4  200  1780  1.229  6.76576311706  -7.40032956593
50  1.4  200  1780  1.22916666667  6.83482768721  -6.00049916615
50  1.4  200  1780  1.22933333333  6.87929593363  -4.51659602508
50  1.4  200  1780  1.2295  6.89689892979  -3.00764956901
50  1.4  200  1780  1.22966666667  6.8870877358  -1.49179343078
50  1.4  200  1780  1.22983333333  6.84988153718  0.0244938146423
50  1.4  200  1780  1.23  6.78446214106  1.51071634408
50  1.4  200  1780  1.23016666667  6.69497972147  3.05986535278
50  1.4  200  1780  1.23033333333  6.57468685641  4.48547262454
50  1.4  200  1780  1.2305  6.4278994803  5.87947825165
50  1.4  200  1780  1.23066666667  6.25219117282  7.16003536606
50  1.4  200  1780  1.23083333333  6.05084161074  8.38778059706
50  1.4  200  1780  1.231  5.82689934804  9.61511814425
50  1.4  200  1780  1.23116666667  5.57263514607  10.6184331408
50  1.4  200  1780  1.23133333333  5.29533981972  11.5534646574
50  1.4  200  1780  1.2315  5.00055326017  12.5294390951
50  1.4  200  1780  1.23166666667  4.67757627091  13.2411950856
50  1.4  200  1780  1.23183333333  4.33590354022  13.8947128126
50  1.4  200  1780  1.232  3.98125080333  14.5983427905
50  1.4  200  1780  1.23216666667  3.6043604081  15.0786125796
50  1.4  200  1780  1.23233333333  3.21291750901  15.4910493775
50  1.4  200  1780  1.2325  2.80396672045  15.7197195943
50  1.4  200  1780  1.23266666667  2.38766983092  15.9808360761
50  1.4  200  1780  1.23283333333  1.96731220457  16.3150860505
50  1.4  200  1780  1.233  1.53725619186  16.5358165155
50  1.4  200  1780  1.23316666667  1.09987404012  16.659301672
50  1.4  200  1780  1.23333333333  0.657876531895  16.7100639101
50  1.4  200  1780  1.2335  0.213304511427  16.6954335372
50  1.4  200  1780  1.23366666667  -0.23109156298  16.6407650581
50  1.4  200  1780  1.23383333333  -0.67906599372  16.4063677052
50  1.4  200  1780  1.234  -1.13238661268  15.9033576671
50  1.4  200  1780  1.23416666667  -1.57977002777  15.3748763997
50  1.4  200  1780  1.23433333333  -2.01801464299  14.8594834193
50  1.4  200  1780  1.2345  -2.45011151651  14.2393092667
50  1.4  200  1780  1.23466666667  -2.8693941031  13.6428173953
50  1.4  200  1780  1.23483333333  -3.27347934836  13.0908616605
50  1.4  200  1780  1.235  -3.66119855846  12.5747988106
50  1.4  200  1780  1.23516666667  -4.03231099498  12.0639144405
50  1.4  200  1780  1.23533333333  -4.38546081631  11.5574620292
50  1.4  200  1780  1.2355  -4.71968434258  11.0465172679
50  1.4  200  1780  1.23566666667  -5.03492033457  10.5011487981
50  1.4  200  1780  1.23583333333  -5.3294900172  9.93454987872
50  1.4  200  1780  1.236  -5.60316966647  9.32511089528
50  1.4  200  1780  1.23616666667  -5.85229469499  8.74088329528
50  1.4  200  1780  1.23633333333  -6.07622011067  8.17558271723
50  1.4  200  1780  1.2365  -6.27540594764  7.59730850255
50  1.4  200  1780  1.23666666667  -6.45418372179  6.87835550548
50  1.4  200  1780  1.23683333333  -6.59741645714  6.38811921835
50  1.4  200  1780  1.237  -6.72358865641  5.6446700474
50  1.4  200  1780  1.23716666667  -6.82718184534  4.77846351406
50  1.4  200  1780  1.23733333333  -6.88695494833  4.32205705151
50  1.4  200  1780  1.2375  -6.93981911408  3.33371692368
50  1.4  200  1780  1.23766666667  -6.94168430914  2.93193128696
50  1.4  200  1780  1.23783333333  -6.93129586619  2.13396738439
50  1.4  200  1780  1.238  -6.88538694399  1.53499354278
50  1.4  200  1780  1.23816666667  -6.8150606743  0.859956102555
50  1.4  200  1780  1.23833333333  -6.71930755209  0.144210215661
50  1.4  200  1780  1.2385  -6.60312926866  -0.726863851403
50  1.4  200  1780  1.23866666667  -6.46046772341  -1.5843066462
50  1.4  200  1780  1.23883333333  -6.29089006968  -2.39943922186
50  1.4  200  1780  1.239  -6.09559097703  -3.18239039285
50  1.4  200  1780  1.23916666667  -5.87598956379  -3.94653860456
50  1.4  200  1780  1.23933333333  -5.63329652545  -4.69760645046
50  1.4  200  1780  1.2395  -5.36882889056  -5.44175425094
50  1.4  200  1780  1.23966666667  -5.08382415274  -6.18096671606
50  1.4  200  1780  1.23983333333  -4.77947650802  -6.91408959056
50  1.4  200  1780  1.24  -4.45702783799  -7.63926488955
50  1.4  200  1780  1.24016666667  -4.11780371932  -8.35497736191
50  1.4  200  1780  1.24033333333  -3.76322630971  -9.06052065254
50  1.4  200  1780  1.2405  -3.39478773802  -9.75546675969
50  1.4  200  1780  1.24066666667  -3.01402826782  -10.4392626515
50  1.4  200  1780  1.24083333333  -2.62255828129  -11.1119452398
50  1.4  200  1780  1.241  -2.22206484734  -11.7744694933
50  1.4  200  1780  1.24116666667  -1.81432379633  -12.4291804812
50  1.4  200  1780  1.24133333333  -1.40140601765  -13.0852220905
50  1.4  200  1780  1.2415  -0.984516056304  -13.7292088832
50  1.4  200  1780  1.24166666667  -0.567754782488  -14.4209714752
50  1.4  200  1780  1.24183333333  -0.157600012347  -15.2805392606
50  1.4  200  1780  1.242  0.260604247911  -15.8911428608
50  1.4  200  1780  1.24216666667  0.681277524328  -16.3501948277
50  1.4  200  1780  1.24233333333  1.10145227683  -16.6890897978
50  1.4  200  1780  1.2425  1.51970325373  -16.9005724601
50  1.4  200  1780  1.24266666667  1.9313061345  -17.0618795349
50  1.4  200  1780  1.24283333333  2.33457249005  -17.1740005388
50  1.4  200  1780  1.243  2.72830766574  -17.2264129041
50  1.4  200  1780  1.24316666667  3.11387479157  -17.1448174029
50  1.4  200  1780  1.24333333333  3.48446970354  -17.0637117256
50  1.4  200  1780  1.2435  3.84106751435  -16.9214988487
50  1.4  200  1780  1.24366666667  4.18277540342  -16.7056715166
50  1.4  200  1780  1.24383333333  4.50879698467  -16.4030561586
50  1.4  200  1780  1.244  4.82081637627  -15.9393893388
50  1.4  200  1780  1.24416666667  5.11408015008  -15.4059605037
50  1.4  200  1780  1.24433333333  5.3872778847  -14.8087621522
50  1.4  200  1780  1.2445  5.64045752687  -14.1215473654
50  1.4  200  1780  1.24466666667  5.87198028437  -13.3632743053
50  1.4  200  1780  1.24483333333  6.08074102739  -12.5417974768
50  1.4  200  1780  1.245  6.27042427725  -11.5458453966
50  1.4  200  1780  1.24516666667  6.43364178298  -10.5479959421
50  1.4  200  1780  1.24533333333  6.57460942683  -9.42874247855
50  1.4  200  1780  1.2455  6.68951077261  -8.27530876122
50  1.4  200  1780  1.24566666667  6.7818849694  -6.9908345165
50  1.4  200  1780  1.24583333333  6.84563032248  -5.7261122305
50  1.4  200  1780  1.246  6.88919301433  -4.2652101751
50  1.4  200  1780  1.24616666667  6.90148512856  -2.89116012024
50  1.4  200  1780  1.24633333333  6.88331170071  -1.58770472195
50  1.4  200  1780  1.2465  6.8383293625  -0.268931422234
50  1.4  200  1780  1.24666666667  6.76765482476  1.08381050996
50  1.4  200  1780  1.24683333333  6.67942187883  2.6646961498
50  1.4  200  1780  1.247  6.56279683282  4.18346602528
50  1.4  200  1780  1.24716666667  6.42089370173  5.70153147607
50  1.4  200  1780  1.24733333333  6.24912160262  7.08206828302
50  1.4  200  1780  1.2475  6.0500566508  8.36784261468
50  1.4  200  1780  1.24766666667  5.82409921404  9.54399474046
50  1.4  200  1780  1.24783333333  5.57238048055  10.6119646365
50  1.4  200  1780  1.248  5.29666042976  11.5870081523
50  1.4  200  1780  1.24816666667  4.99952014239  12.5031979035
50  1.4  200  1780  1.24833333333  4.67865799873  13.2686709723
50  1.4  200  1780  1.2485  4.33691179643  13.9203225204
50  1.4  200  1780  1.24866666667  3.98016952197  14.5708782441
50  1.4  200  1780  1.24883333333  3.60404524688  15.0706074848
50  1.4  200  1780  1.249  3.20935683925  15.4006083658
50  1.4  200  1780  1.24916666667  2.80412348991  15.7237015388
50  1.4  200  1780  1.24933333333  2.39001025367  16.0402828139
50  1.4  200  1780  1.2495  1.96879922176  16.3528562871
50  1.4  200  1780  1.24966666667  1.53664201422  16.5202164033
50  1.4  200  1780  1.24983333333  1.09642706279  16.5717484479
50  1.4  200  1780  1.25  0.653718638132  16.6044534085
50  1.4  200  1780  1.25016666667  0.211534480454  16.6504747505
50  1.4  200  1780  1.25033333333  -0.23468509141  16.549489436
50  1.4  200  1780  1.2505  -0.680663026731  16.3658030667
50  1.4  200  1780  1.25066666667  -1.13321383123  15.882346316
50  1.4  200  1780  1.25083333333  -1.58125556864  15.3371436616
50  1.4  200  1780  1.251  -2.019417332  14.8238551185
50  1.4  200  1780  1.25116666667  -2.44607312156  14.3418844984
50  1.4  200  1780  1.25133333333  -2.86427201282  13.7729184883
50  1.4  200  1780  1.2515  -3.26997299189  13.179923115
50  1.4  200  1780  1.25166666667  -3.66043573027  12.5941746467
50  1.4  200  1780  1.25183333333  -4.03218666691  12.0670723735
50  1.4  200  1780  1.252  -4.38538996794  11.5592615778
50  1.4  200  1780  1.25216666667  -4.72199843833  10.9877392358
50  1.4  200  1780  1.25233333333  -5.03508561276  10.4969507318
50  1.4  200  1780  1.2525  -5.3259514382  10.0244297855
50  1.4  200  1780  1.25266666667  -5.60197752809  9.35539120997
50  1.4  200  1780  1.25283333333  -5.85314931316  8.71917599372
50  1.4  200  1780  1.253  -6.07304253956  8.25629302356
50  1.4  200  1780  1.25316666667  -6.27659881485  7.56700967534
50  1.4  200  1780  1.25333333333  -6.45324395608  6.90222555447
50  1.4  200  1780  1.2535  -6.60007920315  6.32048546977
50  1.4  200  1780  1.25366666667  -6.7270643434  5.55638759781
50  1.4  200  1780  1.25383333333  -6.82264331349  4.89374222306
50  1.4  200  1780  1.254  -6.88855675555  4.2813711483
50  1.4  200  1780  1.25416666667  -6.93431430356  3.4735391109
50  1.4  200  1780  1.25433333333  -6.94254091491  2.91017350053
50  1.4  200  1780  1.2545  -6.9236257054  2.32878946859
50  1.4  200  1780  1.25466666667  -6.87989282455  1.67454417658
50  1.4  200  1780  1.25483333333  -6.81172847091  0.944594068724
50  1.4  200  1780  1.255  -6.72293035235  0.0521910892546
50  1.4  200  1780  1.25516666667  -6.60691584487  -0.823042887273
50  1.4  200  1780  1.25533333333  -6.46310305952  -1.65124418345
50  1.4  200  1780  1.2555  -6.29303684274  -2.45396725756
50  1.4  200  1780  1.25566666667  -6.09958712918  -3.28389265758
50  1.4  200  1780  1.25583333333  -5.8791841258  -4.0276804796
50  1.4  200  1780  1.256  -5.63126085419  -4.64590040033
50  1.4  200  1780  1.25616666667  -5.36652312699  -5.38318785621
50  1.4  200  1780  1.25633333333  -5.07728039575  -6.01475528849
50  1.4  200  1780  1.2565  -4.77127034227  -6.7056529805
50  1.4  200  1780  1.25666666667  -4.44683116677  -7.38026944037
50  1.4  200  1780  1.25683333333  -4.10633964946  -8.06378998742
50  1.4  200  1780  1.257  -3.75536710776  -8.86089692298
50  1.4  200  1780  1.25716666667  -3.39094511006  -9.65786400937
50  1.4  200  1780  1.25733333333  -3.01476790654  -10.4580494748
50  1.4  200  1780  1.2575  -2.62468433626  -11.165947036
50  1.4  200  1780  1.25766666667  -2.22121891431  -11.7529827942
50  1.4  200  1780  1.25783333333  -1.81376815825  -12.4150672738
50  1.4  200  1780  1.258  -1.40132024477  -13.0830434593
50  1.4  200  1780  1.25816666667  -0.983930659936  -13.7143398154
50  1.4  200  1780  1.25833333333  -0.568851683356  -14.4488327572
50  1.4  200  1780  1.2585  -0.156563714094  -15.2542172849
50  1.4  200  1780  1.25866666667  0.261673447514  -15.8639851909
50  1.4  200  1780  1.25883333333  0.681590495343  -16.3422453639
50  1.4  200  1780  1.259  1.10162689045  -16.6846546119
50  1.4  200  1780  1.25916666667  1.52015309883  -16.8891463948
50  1.4  200  1780  1.25933333333  1.93216397831  -17.0400903022
50  1.4  200  1780  1.2595  2.33609673791  -17.1352846431
50  1.4  200  1780  1.25966666667  2.7303347881  -17.1749239963
50  1.4  200  1780  1.25983333333  3.11336302801  -17.1578161974
50  1.4  200  1780  1.26  3.48403046472  -17.0748683915
50  1.4  200  1780  1.26016666667  3.84263076278  -16.8817923385
50  1.4  200  1780  1.26033333333  4.18658211998  -16.6089809161
50  1.4  200  1780  1.2605  4.51427890555  -16.2638153684
50  1.4  200  1780  1.26066666667  4.82450582967  -15.8456772224
50  1.4  200  1780  1.26083333333  5.11659105779  -15.3421834479
50  1.4  200  1780  1.261  5.389196525  -14.7600286885
50  1.4  200  1780  1.26116666667  5.64096208485  -14.1087315929
50  1.4  200  1780  1.26133333333  5.87181015256  -13.3675956532
50  1.4  200  1780  1.2615  6.08405516918  -12.4576182753
50  1.4  200  1780  1.26166666667  6.26878961378  -11.5873658488
50  1.4  200  1780  1.26183333333  6.43179626518  -10.5948720943
50  1.4  200  1780  1.262  6.57569412701  -9.40119109413
50  1.4  200  1780  1.26216666667  6.69092190536  -8.23946598956
50  1.4  200  1780  1.26233333333  6.78036940529  -7.02932984468
50  1.4  200  1780  1.2625  6.84862212164  -5.65012053182
50  1.4  200  1780  1.26266666667  6.88662533805  -4.33042915278
50  1.4  200  1780  1.26283333333  6.90168139635  -2.88617491846
50  1.4  200  1780  1.263  6.8929932736  -1.34179277066
50  1.4  200  1780  1.26316666667  6.85234178719  0.086984164934
50  1.4  200  1780  1.26333333333  6.78706391668  1.57680144488
50  1.4  200  1780  1.2635  6.69627276077  3.09270855101
50  1.4  200  1780  1.26366666667  6.57371177888  4.46070565525
50  1.4  200  1780  1.26383333333  6.42577283554  5.82546147487
50  1.4  200  1780  1.264  6.25504480593  7.23251764711
50  1.4  200  1780  1.26416666667  6.05208122027  8.41926667926
50  1.4  200  1780  1.26433333333  5.81776081118  9.38299930789
50  1.4  200  1780  1.2645  5.56290085676  10.3711821924
50  1.4  200  1780  1.26466666667  5.28526929874  11.2976734245
50  1.4  200  1780  1.26483333333  4.98532738424  12.1427018466
50  1.4  200  1780  1.265  4.66844831632  13.0093450391
50  1.4  200  1780  1.26516666667  4.33179317165  13.7903094511
50  1.4  200  1780  1.26533333333  3.97529671006  14.4471088216
50  1.4  200  1780  1.2655  3.60139895775  15.0033917408
50  1.4  200  1780  1.26566666667  3.21077982037  15.4367520862
50  1.4  200  1780  1.26583333333  2.80634497716  15.7801273148
50  1.4  200  1780  1.266  2.39288452122  16.1132892098
50  1.4  200  1780  1.26616666667  1.96799255667  16.3323669938
50  1.4  200  1780  1.26633333333  1.53455279813  16.4671503146
50  1.4  200  1780  1.2665  1.09745232664  16.5977901497
50  1.4  200  1780  1.26666666667  0.656756488313  16.6816148031
50  1.4  200  1780  1.26683333333  0.213861372289  16.7095778031
50  1.4  200  1780  1.267  -0.231001119217  16.6430623297
50  1.4  200  1780  1.26716666667  -0.682044515739  16.3307132459
50  1.4  200  1780  1.26733333333  -1.14052283054  15.6966977334
50  1.4  200  1780  1.2675  -1.59157185306  15.0751100372
50  1.4  200  1780  1.26766666667  -2.03132147288  14.5214899401
50  1.4  200  1780  1.26783333333  -2.4609746534  13.9633855898
50  1.4  200  1780  1.268  -2.87168550432  13.5846158043
50  1.4  200  1780  1.26816666667  -3.27739448695  12.9914171403
50  1.4  200  1780  1.26833333333  -3.65956309386  12.6163396114
50  1.4  200  1780  1.2685  -4.02500316205  12.2495333971
50  1.4  200  1780  1.26866666667  -4.3774132317  11.7618706783
50  1.4  200  1780  1.26883333333  -4.71071440302  11.2743537328
50  1.4  200  1780  1.269  -5.0230924512  10.8015770356
50  1.4  200  1780  1.26916666667  -5.31883930563  10.2050779527
50  1.4  200  1780  1.26933333333  -5.59596382269  9.50813932715
50  1.4  200  1780  1.2695  -5.84951749673  8.81142413106
50  1.4  200  1780  1.26966666667  -6.07511390722  8.20368028493
50  1.4  200  1780  1.26983333333  -6.27712560326  7.55362924965
50  1.4  200  1780  1.27  -6.4545334285  6.86947295506
50  1.4  200  1780  1.27016666667  -6.59966969662  6.33088693568
50  1.4  200  1780  1.27033333333  -6.72581902037  5.58801880273
50  1.4  200  1780  1.2705  -6.82709869216  4.78057560475
50  1.4  200  1780  1.27066666667  -6.87676259305  4.58094287568
50  1.4  200  1780  1.27083333333  -6.91554137841  3.95037140985
50  1.4  200  1780  1.271  -6.93115131024  3.19946945907
50  1.4  200  1780  1.27116666667  -6.91926831565  2.43946716819
50  1.4  200  1780  1.27133333333  -6.87940488589  1.68693781852
50  1.4  200  1780  1.2715  -6.81743904143  0.799545577463
50  1.4  200  1780  1.27166666667  -6.72781885378  -0.0719768470534
50  1.4  200  1780  1.27183333333  -6.60993688768  -0.899777374558
50  1.4  200  1780  1.272  -6.4637195722  -1.66690360556
50  1.4  200  1780  1.27216666667  -6.29214360615  -2.43127904827
50  1.4  200  1780  1.27233333333  -6.09693223327  -3.21645830149
50  1.4  200  1780  1.2725  -5.87769170028  -3.9897728713
50  1.4  200  1780  1.27266666667  -5.63158880655  -4.65423039027
50  1.4  200  1780  1.27283333333  -5.37288130687  -5.54468562521
50  1.4  200  1780  1.273  -5.08146682879  -6.12109068778
50  1.4  200  1780  1.27316666667  -4.78269298542  -6.99578811642
50  1.4  200  1780  1.27333333333  -4.45443465321  -7.57339799599
50  1.4  200  1780  1.2735  -4.11116621279  -8.18638469606
50  1.4  200  1780  1.27366666667  -3.75594959044  -8.8756919833
50  1.4  200  1780  1.27383333333  -3.38635571441  -9.54129336008
50  1.4  200  1780  1.274  -3.00395935367  -10.1835122319
50  1.4  200  1780  1.27416666667  -2.61200999115  -10.8440186703
50  1.4  200  1780  1.27433333333  -2.21183929456  -11.5147404526
50  1.4  200  1780  1.2745  -1.80804771453  -12.2697680033
50  1.4  200  1780  1.27466666667  -1.39793639146  -12.9970935854
50  1.4  200  1780  1.27483333333  -0.983186725901  -13.6954438909
50  1.4  200  1780  1.275  -0.567144467057  -14.4054694632
50  1.4  200  1780  1.27516666667  -0.156139814353  -15.2434502315
50  1.4  200  1780  1.27533333333  0.260246101942  -15.9002397684
50  1.4  200  1780  1.2755  0.68043949124  -16.3714808681
50  1.4  200  1780  1.27566666667  1.10154105647  -16.686834795
50  1.4  200  1780  1.27583333333  1.5190772532  -16.9164728736
50  1.4  200  1780  1.276  1.93054316805  -17.0812588827
50  1.4  200  1780  1.27616666667  2.33547620689  -17.151046131
50  1.4  200  1780  1.27633333333  2.73085687126  -17.161663084
50  1.4  200  1780  1.2765  3.11311295729  -17.1641679936
50  1.4  200  1780  1.27666666667  3.48340996011  -17.0906292086
50  1.4  200  1780  1.27683333333  3.84126991224  -16.9163579422
50  1.4  200  1780  1.277  4.1840009017  -16.6745438605
50  1.4  200  1780  1.27716666667  4.51011876135  -16.3694830311
50  1.4  200  1780  1.27733333333  4.82123654891  -15.9287169538
50  1.4  200  1780  1.2775  5.11415075837  -15.4041670531
50  1.4  200  1780  1.27766666667  5.38742718475  -14.804969931
50  1.4  200  1780  1.27783333333  5.63978316001  -14.1386762836
50  1.4  200  1780  1.278  5.87046528337  -13.4017553307
50  1.4  200  1780  1.27816666667  6.08016662798  -12.5563872218
50  1.4  200  1780  1.27833333333  6.26847260869  -11.5954177781
50  1.4  200  1780  1.2785  6.43458032787  -10.5241569018
50  1.4  200  1780  1.27866666667  6.57256273885  -9.48072835328
50  1.4  200  1780  1.27883333333  6.69084444393  -8.24143350984
50  1.4  200  1780  1.279  6.77429099771  -7.18372139732
50  1.4  200  1780  1.27916666667  6.83393124386  -6.02326882745
50  1.4  200  1780  1.27933333333  6.8697583113  -4.75885163209
50  1.4  200  1780  1.2795  6.88891801833  -3.21036472017
50  1.4  200  1780  1.27966666667  6.88189226428  -1.62375840734
50  1.4  200  1780  1.27983333333  6.84638401269  -0.0643433075996
50  1.4  200  1780  1.28  6.78160119908  1.43804841777
50  1.4  200  1780  1.28016666667  6.69309490678  3.01199105982
50  1.4  200  1780  1.28033333333  6.57240702044  4.42756479079
50  1.4  200  1780  1.2805  6.41597798964  5.57667238882
50  1.4  200  1780  1.28066666667  6.2397134724  6.84310177546
50  1.4  200  1780  1.28083333333  6.035647233  8.00184340259
50  1.4  200  1780  1.281  5.80540452227  9.06914956959
50  1.4  200  1780  1.28116666667  5.56006712537  10.2992054151
50  1.4  200  1780  1.28133333333  5.28500421338  11.2909402564
50  1.4  200  1780  1.2815  4.9948779614  12.3852865065
50  1.4  200  1780  1.28166666667  4.67343068694  13.1358972529
50  1.4  200  1780  1.28183333333  4.33356482262  13.8353093857
50  1.4  200  1780  1.282  3.97277306204  14.3830081619
50  1.4  200  1780  1.28216666667  3.59423049884  14.8213128846
50  1.4  200  1780  1.28233333333  3.20953049476  15.4050192156
50  1.4  200  1780  1.2825  2.80701396869  15.7971196998
50  1.4  200  1780  1.28266666667  2.39130858286  16.0732603755
50  1.4  200  1780  1.28283333333  1.96666388762  16.2986187998
50  1.4  200  1780  1.283  1.53467628057  16.4702867686
50  1.4  200  1780  1.28316666667  1.09670334415  16.5787659945
50  1.4  200  1780  1.28333333333  0.654504547563  16.6244155081
50  1.4  200  1780  1.2835  0.21002098326  16.6120319218
50  1.4  200  1780  1.28366666667  -0.234829950585  16.5458100129
50  1.4  200  1780  1.28383333333  -0.684543964111  16.2672272572
50  1.4  200  1780  1.284  -1.14084783018  15.6884427426
50  1.4  200  1780  1.28416666667  -1.59084236596  15.0936390096
50  1.4  200  1780  1.28433333333  -2.03062930878  14.5390709082
50  1.4  200  1780  1.2845  -2.45891368115  14.0157342849
50  1.4  200  1780  1.28466666667  -2.87482246696  13.5049369531
50  1.4  200  1780  1.28483333333  -3.27640719492  13.0164943579
50  1.4  200  1780  1.285  -3.66088426204  12.5827819396
50  1.4  200  1780  1.28516666667  -4.03271168913  12.0537368091
50  1.4  200  1780  1.28533333333  -4.3898938539  11.4448628744
50  1.4  200  1780  1.2855  -4.71716698601  11.1104581248
50  1.4  200  1780  1.28566666667  -5.03482262112  10.5036307196
50  1.4  200  1780  1.28583333333  -5.33761550256  9.72816255062
50  1.4  200  1780  1.286  -5.59472848719  9.53951684904
50  1.4  200  1780  1.28616666667  -5.84971925651  8.80629943261
50  1.4  200  1780  1.28633333333  -6.07104809285  8.30695196999
50  1.4  200  1780  1.2865  -6.26669994574  7.81844095069
50  1.4  200  1780  1.28666666667  -6.43865832512  7.27270058074
50  1.4  200  1780  1.28683333333  -6.586725356  6.65967318748
50  1.4  200  1780  1.287  -6.71555621934  5.8486939489
50  1.4  200  1780  1.28716666667  -6.8171525946  5.03320648278
50  1.4  200  1780  1.28733333333  -6.8899936322  4.24487448131
50  1.4  200  1780  1.2875  -6.93349569041  3.494331885
50  1.4  200  1780  1.28766666667  -6.9479968788  2.77159201767
50  1.4  200  1780  1.28783333333  -6.93503225839  2.03906302259
50  1.4  200  1780  1.288  -6.9013683896  1.12906482422
50  1.4  200  1780  1.28816666667  -6.82002282547  0.733917462759
50  1.4  200  1780  1.28833333333  -6.73209985915  -0.180714383633
50  1.4  200  1780  1.2885  -6.60715724938  -0.829174561891
50  1.4  200  1780  1.28866666667  -6.45577110096  -1.46501243597
50  1.4  200  1780  1.28883333333  -6.2830383988  -2.20000678161
50  1.4  200  1780  1.289  -6.08515664566  -2.91735837621
50  1.4  200  1780  1.28916666667  -5.86261371899  -3.60679214673
50  1.4  200  1780  1.28933333333  -5.62447070417  -4.47343058979
50  1.4  200  1780  1.2895  -5.36784300442  -5.41671274285
50  1.4  200  1780  1.28966666667  -5.08360449737  -6.1753874696
50  1.4  200  1780  1.28983333333  -4.77969080864  -6.91953282627
50  1.4  200  1780  1.29  -4.45475550394  -7.58154760447
50  1.4  200  1780  1.29016666667  -4.11842446275  -8.37074424486
50  1.4  200  1780  1.29033333333  -3.76677492153  -9.15065539292
50  1.4  200  1780  1.2905  -3.39355445054  -9.72414125763
50  1.4  200  1780  1.29066666667  -3.01359148911  -10.4281684722
50  1.4  200  1780  1.29083333333  -2.62099795237  -11.0723128852
50  1.4  200  1780  1.291  -2.22111570758  -11.7503613433
50  1.4  200  1780  1.29116666667  -1.81418997429  -12.4257814014
50  1.4  200  1780  1.29133333333  -1.40253587666  -13.1139205093
50  1.4  200  1780  1.2915  -0.986575609458  -13.7815215333
50  1.4  200  1780  1.29166666667  -0.567085599136  -14.403974218
50  1.4  200  1780  1.29183333333  -0.157427268316  -15.2761515622
50  1.4  200  1780  1.292  0.26134803256  -15.8722507307
50  1.4  200  1780  1.29216666667  0.679082870543  -16.4059390338
50  1.4  200  1780  1.29233333333  1.10299180718  -16.6499857269
50  1.4  200  1780  1.2925  1.52088362706  -16.8705909776
50  1.4  200  1780  1.29266666667  1.9315173685  -17.0565141912
50  1.4  200  1780  1.29283333333  2.33513105228  -17.1598130581
50  1.4  200  1780  1.293  2.73008962303  -17.1811511889
50  1.4  200  1780  1.29316666667  3.1150411681  -17.1151914391
50  1.4  200  1780  1.29333333333  3.48667341671  -17.0077374109
50  1.4  200  1780  1.2935  3.8441482721  -16.8432476018
50  1.4  200  1780  1.29366666667  4.1877653818  -16.5789260658
50  1.4  200  1780  1.29383333333  4.51519135756  -16.2406390874
50  1.4  200  1780  1.294  4.82278471426  -15.8893935539
50  1.4  200  1780  1.29416666667  5.11873683171  -15.2876807903
50  1.4  200  1780  1.29433333333  5.38741718402  -14.8052239496
50  1.4  200  1780  1.2945  5.6435059124  -14.0441183731
50  1.4  200  1780  1.29466666667  5.87424059933  -13.3058623053
50  1.4  200  1780  1.29483333333  6.07732576073  -12.62854525
50  1.4  200  1780  1.295  6.25965935317  -11.8192744682
50  1.4  200  1780  1.29516666667  6.42016376443  -10.8903376133
50  1.4  200  1780  1.29533333333  6.56291265432  -9.72584050048
50  1.4  200  1780  1.2955  6.68225968768  -8.45948631845
50  1.4  200  1780  1.29566666667  6.77631517285  -7.1323073489
50  1.4  200  1780  1.29583333333  6.84443886353  -5.75637528784
50  1.4  200  1780  1.296  6.88635281425  -4.33735125728
50  1.4  200  1780  1.29616666667  6.90183714266  -2.88221896199
50  1.4  200  1780  1.29633333333  6.89065101526  -1.40128613248
50  1.4  200  1780  1.2965  6.85254341861  0.0921056027966
50  1.4  200  1780  1.29666666667  6.78728234914  1.58234962928
50  1.4  200  1780  1.29683333333  6.69470276891  3.05283075789
50  1.4  200  1780  1.297  6.57464412666  4.48438728894
50  1.4  200  1780  1.29716666667  6.42722426786  5.86232785567
50  1.4  200  1780  1.29733333333  6.25275598808  7.17438167355
50  1.4  200  1780  1.2975  6.05172442804  8.4102041564
50  1.4  200  1780  1.29766666667  5.82478888109  9.56151228358
50  1.4  200  1780  1.29783333333  5.57279804468  10.6225707656
50  1.4  200  1780  1.298  5.29677796949  11.5899936615
50  1.4  200  1780  1.29816666667  4.99791829787  12.4625110526
50  1.4  200  1780  1.29833333333  4.67756393895  13.2408818537
50  1.4  200  1780  1.2985  4.33718465467  13.9272531198
50  1.4  200  1780  1.29866666667  3.97835642382  14.5248255509
50  1.4  200  1780  1.29883333333  3.60274410018  15.0375583585
50  1.4  200  1780  1.299  3.21208483435  15.4698994412
50  1.4  200  1780  1.29916666667  2.80816319393  15.8263100207
50  1.4  200  1780  1.29933333333  2.39280445712  16.1112555817
50  1.4  200  1780  1.2995  1.96785861781  16.3289649467
50  1.4  200  1780  1.29966666667  1.53518566376  16.4832251018
50  1.4  200  1780  1.29983333333  1.09665615955  16.5775675055
50  1.4  200  1780  1.3  0.654129265765  16.6148833504
50  1.4  200  1780  1.30016666667  0.209467969341  16.5979853682
50  1.4  200  1780  1.30033333333  -0.235487623658  16.5291051169
50  1.4  200  1780  1.3005  -0.685642973558  16.2393124173
50  1.4  200  1780  1.30066666667  -1.14276780348  15.6396754208
50  1.4  200  1780  1.30083333333  -1.5923682235  15.054882228
50  1.4  200  1780  1.301  -2.03167118122  14.5126073481
50  1.4  200  1780  1.30116666667  -2.45931955063  14.0054252
50  1.4  200  1780  1.30133333333  -2.87427593363  13.5188188998
50  1.4  200  1780  1.3015  -3.27550054225  13.0395233358
50  1.4  200  1780  1.30166666667  -3.66189320435  12.5571548048
50  1.4  200  1780  1.30183333333  -4.03224657597  12.0655506835
50  1.4  200  1780  1.302  -4.38531905978  11.561062645
50  1.4  200  1780  1.30216666667  -4.71986339915  11.0419692309
50  1.4  200  1780  1.30233333333  -5.03472239816  10.5061763828
50  1.4  200  1780  1.3025  -5.32876666605  9.95292299801
50  1.4  200  1780  1.30266666667  -5.60085799724  9.38382729357
50  1.4  200  1780  1.30283333333  -5.85020573139  8.79394297075
50  1.4  200  1780  1.303  -6.07596756459  8.18199738779
50  1.4  200  1780  1.30316666667  -6.27823914662  7.52534524829
50  1.4  200  1780  1.30333333333  -6.45727054628  6.79995016321
50  1.4  200  1780  1.3035  -6.60902094893  6.09336512697
50  1.4  200  1780  1.30366666667  -6.7184102015  5.77620280211
50  1.4  200  1780  1.30383333333  -6.8187193619  4.99341059327
50  1.4  200  1780  1.304  -6.89205133603  4.19260880394
50  1.4  200  1780  1.30416666667  -6.93066045565  3.56634684777
50  1.4  200  1780  1.30433333333  -6.95038575551  2.71091454915
50  1.4  200  1780  1.3045  -6.93586767538  2.01784343111
50  1.4  200  1780  1.30466666667  -6.88831717252  1.46056573809
50  1.4  200  1780  1.30483333333  -6.81610747626  0.833367332713
50  1.4  200  1780  1.305  -6.71802511485  0.176784121721
50  1.4  200  1780  1.30516666667  -6.60058633626  -0.662273368551
50  1.4  200  1780  1.30533333333  -6.45881770984  -1.54239630148
50  1.4  200  1780  1.3055  -6.29075022051  -2.39588705307
50  1.4  200  1780  1.30566666667  -6.09627231544  -3.19969638862
50  1.4  200  1780  1.30583333333  -5.8755104923  -3.93437018875
50  1.4  200  1780  1.306  -5.63509644874  -4.74332450185
50  1.4  200  1780  1.30616666667  -5.36771497714  -5.41346084991
50  1.4  200  1780  1.30633333333  -5.08496146033  -6.20985432879
50  1.4  200  1780  1.3065  -4.78265080667  -6.99471677637
50  1.4  200  1780  1.30666666667  -4.45475216249  -7.58146273164
50  1.4  200  1780  1.30683333333  -4.1181900829  -8.36479099676
50  1.4  200  1780  1.307  -3.75974555689  -8.97210953108
50  1.4  200  1780  1.30716666667  -3.38769460103  -9.57530108008
50  1.4  200  1780  1.30733333333  -3.00419998614  -10.1896242967
50  1.4  200  1780  1.3075  -2.61489414696  -10.9172762277
50  1.4  200  1780  1.30766666667  -2.21871443533  -11.689369028
50  1.4  200  1780  1.30783333333  -1.81377685756  -12.4152882363
50  1.4  200  1780  1.308  -1.39981780461  -13.0448814793
50  1.4  200  1780  1.30816666667  -0.985114908308  -13.7444197241
50  1.4  200  1780  1.30833333333  -0.569703428931  -14.4704670948
50  1.4  200  1780  1.3085  -0.154761619635  -15.2084440857
50  1.4  200  1780  1.30866666667  0.259993215799  -15.9066630765
50  1.4  200  1780  1.30883333333  0.684820937129  -16.2601921426
50  1.4  200  1780  1.309  1.10564435988  -16.5826108881
50  1.4  200  1780  1.30916666667  1.52169701502  -16.8499309235
50  1.4  200  1780  1.30933333333  1.93220386114  -17.0390772783
50  1.4  200  1780  1.3095  2.33611838159  -17.1347348937
50  1.4  200  1780  1.30966666667  2.73102731602  -17.1573337872
50  1.4  200  1780  1.30983333333  3.11533818339  -17.1076472508
50  1.4  200  1780  1.31  3.48675562939  -17.0056492089
50  1.4  200  1780  1.31016666667  3.84431174105  -16.8390954905
50  1.4  200  1780  1.31033333333  4.18806012148  -16.5714396779
50  1.4  200  1780  1.3105  4.51449717074  -16.2582714327
50  1.4  200  1780  1.31066666667  4.82337882526  -15.8743031345
50  1.4  200  1780  1.31083333333  5.11648687744  -15.3448296288
50  1.4  200  1780  1.311  5.38890443344  -14.7674478143
50  1.4  200  1780  1.31116666667  5.6405058502  -14.1203199529
50  1.4  200  1780  1.31133333333  5.87209312364  -13.3604081878
50  1.4  200  1780  1.3115  6.07985399408  -12.5643281228
50  1.4  200  1780  1.31166666667  6.27181967475  -11.5104023002
50  1.4  200  1780  1.31183333333  6.434022228  -10.5383326386
50  1.4  200  1780  1.312  6.56579804385  -9.65255160618
50  1.4  200  1780  1.31216666667  6.67728377639  -8.58587446543
50  1.4  200  1780  1.31233333333  6.76641350202  -7.38380978794
50  1.4  200  1780  1.3125  6.82955537122  -6.13441599239
50  1.4  200  1780  1.31266666667  6.87341183363  -4.66605216488
50  1.4  200  1780  1.31283333333  6.89268552469  -3.11467005839
50  1.4  200  1780  1.313  6.88391723323  -1.57232419613
50  1.4  200  1780  1.31316666667  6.84705255618  -0.0473623027485
50  1.4  200  1780  1.31333333333  6.78402471504  1.49960572305
50  1.4  200  1780  1.3135  6.69249553527  2.99676702331
50  1.4  200  1780  1.31366666667  6.57050740531  4.3793145666
50  1.4  200  1780  1.31383333333  6.42918310082  5.91208221279
50  1.4  200  1780  1.314  6.25156754336  7.14419517774
50  1.4  200  1780  1.31416666667  6.05357799983  8.45728487999
50  1.4  200  1780  1.31433333333  5.82244379131  9.50194700315
50  1.4  200  1780  1.3145  5.57572682191  10.6969617072
50  1.4  200  1780  1.31466666667  5.29922684316  11.6521950528
50  1.4  200  1780  1.31483333333  4.99444232031  12.3742212228
50  1.4  200  1780  1.315  4.67086572538  13.0707472291
50  1.4  200  1780  1.31516666667  4.329069124  13.7211186408
50  1.4  200  1780  1.31533333333  3.97245382621  14.3748995718
50  1.4  200  1780  1.3155  3.59936817231  14.9518097906
50  1.4  200  1780  1.31566666667  3.21061268286  15.4325067934
50  1.4  200  1780  1.31583333333  2.80789488075  15.819494866
50  1.4  200  1780  1.316  2.39291807604  16.1141415021
50  1.4  200  1780  1.31616666667  1.96795834018  16.3314978949
50  1.4  200  1780  1.31633333333  1.53519868647  16.4835558786
50  1.4  200  1780  1.3165  1.09662564826  16.5767925187
50  1.4  200  1780  1.31666666667  0.654099307173  16.6141224022
50  1.4  200  1780  1.31683333333  0.209451955605  16.5975786193
50  1.4  200  1780  1.317  -0.235494420784  16.5289324699
50  1.4  200  1780  1.31716666667  -0.685643305932  16.239303975
50  1.4  200  1780  1.31733333333  -1.14305102847  15.6324815059
50  1.4  200  1780  1.3175  -1.59330004466  15.0312139705
50  1.4  200  1780  1.31766666667  -2.03243186605  14.4932859536
50  1.4  200  1780  1.31783333333  -2.45977329626  13.9939000609
50  1.4  200  1780  1.318  -2.87450555154  13.5129866047
50  1.4  200  1780  1.31816666667  -3.27561294656  13.0366682662
50  1.4  200  1780  1.31833333333  -3.66193487442  12.5560963853
50  1.4  200  1780  1.3185  -4.03226335944  12.0651243834
50  1.4  200  1780  1.31866666667  -4.38529629121  11.5616409668
50  1.4  200  1780  1.31883333333  -4.71980048955  11.0435671347
50  1.4  200  1780  1.319  -5.03471318553  10.5064103835
50  1.4  200  1780  1.31916666667  -5.32886682258  9.95037902226
50  1.4  200  1780  1.31933333333  -5.60095685991  9.38131618193
50  1.4  200  1780  1.3195  -5.8501196146  8.79613033708
50  1.4  200  1780  1.31966666667  -6.07583086202  8.18546963299
50  1.4  200  1780  1.31983333333  -6.27887218002  7.50926620004
50  1.4  200  1780  1.32  -6.45527750297  6.85057346331
50  1.4  200  1780  1.32016666667  -6.60419061599  6.21605558374
50  1.4  200  1780  1.32033333333  -6.72665545792  5.56677328894
50  1.4  200  1780  1.3205  -6.81655710667  5.04833187628
50  1.4  200  1780  1.32066666667  -6.89189555197  4.19656571901
50  1.4  200  1780  1.32083333333  -6.92989616155  3.58575991814
50  1.4  200  1780  1.321  -6.93878373166  3.00560595498
50  1.4  200  1780  1.32116666667  -6.92415887759  2.31524689495
50  1.4  200  1780  1.32133333333  -6.88188501235  1.62394260632
50  1.4  200  1780  1.3215  -6.81289664304  0.914922496607
50  1.4  200  1780  1.32166666667  -6.72270863385  0.0578227390205
50  1.4  200  1780  1.32183333333  -6.60668255598  -0.817117349413
50  1.4  200  1780  1.322  -6.46300019104  -1.64863132396
50  1.4  200  1780  1.32216666667  -6.2921030072  -2.43024783482
50  1.4  200  1780  1.32233333333  -6.09699647477  -3.21809003567
50  1.4  200  1780  1.3225  -5.87830503656  -4.005351613
50  1.4  200  1780  1.32266666667  -5.63113584379  -4.64272513611
50  1.4  200  1780  1.32283333333  -5.36190381203  -5.2658572561
50  1.4  200  1780  1.323  -5.07545452287  -5.96837811743
50  1.4  200  1780  1.32316666667  -4.76990516793  -6.67097755233
50  1.4  200  1780  1.32333333333  -4.4496502757  -7.45187480731
50  1.4  200  1780  1.3235  -4.1135734236  -8.24752785047
50  1.4  200  1780  1.32366666667  -3.76317958591  -9.05933386812
50  1.4  200  1780  1.32383333333  -3.39640584634  -9.79656671096
50  1.4  200  1780  1.324  -3.01205637848  -10.3891766621
50  1.4  200  1780  1.32416666667  -2.62279296344  -11.1179061663
50  1.4  200  1780  1.32433333333  -2.22661488374  -11.8900404178
50  1.4  200  1780  1.3245  -1.8114307299  -12.3556965937
50  1.4  200  1780  1.32466666667  -1.40166460444  -13.0917901949
50  1.4  200  1780  1.32483333333  -0.983522865169  -13.7039818283
50  1.4  200  1780  1.325  -0.558535627579  -14.1868049405
50  1.4  200  1780  1.32516666667  -0.146408490015  -14.9962745933
50  1.4  200  1780  1.32533333333  0.270322015162  -15.6443115726
50  1.4  200  1780  1.3255  0.6899164439  -16.1307662706
50  1.4  200  1780  1.32566666667  1.1089011283  -16.4998889705
50  1.4  200  1780  1.32583333333  1.52374386707  -16.7979408814
50  1.4  200  1780  1.326  1.9337401434  -17.0000557089
50  1.4  200  1780  1.32616666667  2.33682781935  -17.1167151744
50  1.4  200  1780  1.32633333333  2.73118852982  -17.1532389565
50  1.4  200  1780  1.3265  3.11498537255  -17.116608646
50  1.4  200  1780  1.32666666667  3.48649236429  -17.0123361426
50  1.4  200  1780  1.32683333333  3.84453263079  -16.8334848911
50  1.4  200  1780  1.327  4.18828937891  -16.5656165393
50  1.4  200  1780  1.32716666667  4.51572093019  -16.2271879425
50  1.4  200  1780  1.32733333333  4.82519299163  -15.8282233086
50  1.4  200  1780  1.3275  5.11580392531  -15.3621766129
50  1.4  200  1780  1.32766666667  5.38854792167  -14.7765032131
50  1.4  200  1780  1.32783333333  5.64029653448  -14.1256365722
50  1.4  200  1780  1.328  5.87567361938  -13.2694635962
50  1.4  200  1780  1.32816666667  6.08457620689  -12.4443839174
50  1.4  200  1780  1.32833333333  6.27052701346  -11.5432358969
50  1.4  200  1780  1.3285  6.43232803804  -10.5813650635
50  1.4  200  1780  1.32866666667  6.57161893071  -9.50470108002
50  1.4  200  1780  1.32883333333  6.69036537435  -8.2536018771
50  1.4  200  1780  1.329  6.78220244963  -6.98277051848
50  1.4  200  1780  1.32916666667  6.84877518971  -5.64623260269
50  1.4  200  1780  1.32933333333  6.88528193554  -4.36455157644
50  1.4  200  1780  1.3295  6.90476942191  -2.80773906922
50  1.4  200  1780  1.32966666667  6.89254419001  -1.35319949387
50  1.4  200  1780  1.32983333333  6.84467233534  -0.107819912098
50  1.4  200  1780  1.33  6.77274090312  1.2129969004
50  1.4  200  1780  1.33016666667  6.67569130595  2.56993959856
50  1.4  200  1780  1.33033333333  6.55288019689  3.93158347276
50  1.4  200  1780  1.3305  6.40399985323  5.2724277242
50  1.4  200  1780  1.33066666667  6.22903499485  6.57186844555
50  1.4  200  1780  1.33083333333  6.03395804998  7.95893815372
50  1.4  200  1780  1.331  5.81326210877  9.26873226665
50  1.4  200  1780  1.33116666667  5.5660956331  10.4523295114
50  1.4  200  1780  1.33133333333  5.29336522325  11.5033099071
50  1.4  200  1780  1.3315  4.99621660905  12.4192881568
50  1.4  200  1780  1.33166666667  4.67662448662  13.2170197647
50  1.4  200  1780  1.33183333333  4.33659230924  13.9122075459
50  1.4  200  1780  1.332  3.97796466237  14.5148748102
50  1.4  200  1780  1.33216666667  3.60249474998  15.0312248635
50  1.4  200  1780  1.33233333333  3.21193722441  15.4661501487
50  1.4  200  1780  1.3325  2.80808134166  15.8242309732
50  1.4  200  1780  1.33266666667  2.39276067645  16.1101435527
50  1.4  200  1780  1.33283333333  1.96783547702  16.3283771706
50  1.4  200  1780  1.333  1.53517262681  16.4828939631
50  1.4  200  1780  1.33316666667  1.09664800831  16.577360464
50  1.4  200  1780  1.33333333333  0.654125513707  16.6147880481
50  1.4  200  1780  1.3335  0.209466247306  16.5979416285
50  1.4  200  1780  1.33366666667  -0.235490218124  16.5290392174
50  1.4  200  1780  1.33383333333  -0.68564337955  16.2393021051
50  1.4  200  1780  1.334  -1.14305184073  15.6324608748
50  1.4  200  1780  1.33416666667  -1.59330009005  15.0312128176
50  1.4  200  1780  1.33433333333  -2.03243209071  14.4932802472
50  1.4  200  1780  1.3345  -2.45977444552  13.9938708697
50  1.4  200  1780  1.33466666667  -2.87450697461  13.5129504589
50  1.4  200  1780  1.33483333333  -3.27561430523  13.036633756
50  1.4  200  1780  1.335  -3.66194136264  12.5559315844
50  1.4  200  1780  1.33516666667  -4.03226271075  12.0651408601
50  1.4  200  1780  1.33533333333  -4.38530123048  11.5615155094
50  1.4  200  1780  1.3355  -4.71984292716  11.0424892196
50  1.4  200  1780  1.33566666667  -5.03468042423  10.5072425206
50  1.4  200  1780  1.33583333333  -5.32872156778  9.95406849398
50  1.4  200  1780  1.336  -5.60106514791  9.37856566654
50  1.4  200  1780  1.33616666667  -5.85083452612  8.77797158442
50  1.4  200  1780  1.33633333333  -6.07679061386  8.1610919362
50  1.4  200  1780  1.3365  -6.27967887987  7.48877602368
50  1.4  200  1780  1.33666666667  -6.45307991963  6.90639208033
50  1.4  200  1780  1.33683333333  -6.60142514561  6.28629853124
50  1.4  200  1780  1.337  -6.72649213324  5.57092173581
50  1.4  200  1780  1.33716666667  -6.82167803631  4.91826026344
50  1.4  200  1780  1.33733333333  -6.88765969648  4.30415644865
50  1.4  200  1780  1.3375  -6.93317070159  3.50258660107
50  1.4  200  1780  1.33766666667  -6.95065794361  2.70400097139
50  1.4  200  1780  1.33783333333  -6.93088690471  2.14435500597
50  1.4  200  1780  1.338  -6.89512044927  1.28776250859
50  1.4  200  1780  1.33816666667  -6.8245399479  0.6191825531
50  1.4  200  1780  1.33833333333  -6.72389471747  0.0276962152182
50  1.4  200  1780  1.3385  -6.6011535876  -0.676681552629
50  1.4  200  1780  1.33866666667  -6.45306022989  -1.39615631076
50  1.4  200  1780  1.33883333333  -6.28397317862  -2.22375018903
50  1.4  200  1780  1.339  -6.09167438728  -3.0829090134
50  1.4  200  1780  1.33916666667  -5.87531084326  -3.92929910319
50  1.4  200  1780  1.33933333333  -5.63326120631  -4.69670934427
50  1.4  200  1780  1.3395  -5.37088041388  -5.49386294306
50  1.4  200  1780  1.33966666667  -5.08561822104  -6.22653605094
50  1.4  200  1780  1.33983333333  -4.78068965448  -6.94490351058
50  1.4  200  1780  1.34  -4.45687630314  -7.63541590417
50  1.4  200  1780  1.34016666667  -4.11490431166  -8.28133240733
50  1.4  200  1780  1.34033333333  -3.76344536133  -9.06608456374
50  1.4  200  1780  1.3405  -3.39874296848  -9.85592961341
50  1.4  200  1780  1.34066666667  -3.01243088007  -10.3986890026
50  1.4  200  1780  1.34083333333  -2.62201454898  -11.098134439
50  1.4  200  1780  1.341  -2.21861004018  -11.6867173914
50  1.4  200  1780  1.34116666667  -1.80735664879  -12.2522149336
50  1.4  200  1780  1.34133333333  -1.39207551671  -12.8482273666
50  1.4  200  1780  1.3415  -0.97512464191  -13.4906669575
50  1.4  200  1780  1.34166666667  -0.561474171943  -14.2614439673
50  1.4  200  1780  1.34183333333  -0.152946034914  -15.1623282337
50  1.4  200  1780  1.342  0.261593972178  -15.8660038644
50  1.4  200  1780  1.34216666667  0.681510059673  -16.34428843
50  1.4  200  1780  1.34233333333  1.10188025993  -16.678219027
50  1.4  200  1780  1.3425  1.51802934698  -16.9430896916
50  1.4  200  1780  1.34266666667  1.93254486289  -17.0304158338
50  1.4  200  1780  1.34283333333  2.3350057239  -17.1629963991
50  1.4  200  1780  1.343  2.7266288079  -17.2690558932
50  1.4  200  1780  1.34316666667  3.1099798762  -17.2437482533
50  1.4  200  1780  1.34333333333  3.483425798  -17.0902269262
50  1.4  200  1780  1.3435  3.84562239119  -16.8058049768
50  1.4  200  1780  1.34366666667  4.18934791449  -16.5387297354
50  1.4  200  1780  1.34383333333  4.51522131263  -16.2398782284
50  1.4  200  1780  1.344  4.82323061068  -15.8780677847
50  1.4  200  1780  1.34416666667  5.11580414481  -15.3621710376
50  1.4  200  1780  1.34433333333  5.39143948861  -14.7030574129
50  1.4  200  1780  1.3445  5.6434596591  -14.0452932069
50  1.4  200  1780  1.34466666667  5.87381391986  -13.3166999639
50  1.4  200  1780  1.34483333333  6.0827361819  -12.4911205522
50  1.4  200  1780  1.345  6.26905661214  -11.5805840906
50  1.4  200  1780  1.34516666667  6.43288524783  -10.567211935
50  1.4  200  1780  1.34533333333  6.57359645301  -9.45447201371
50  1.4  200  1780  1.3455  6.69006882821  -8.26113414906
50  1.4  200  1780  1.34566666667  6.78078232528  -7.01884167698
50  1.4  200  1780  1.34583333333  6.84861930297  -5.65019212588
50  1.4  200  1780  1.346  6.88927176153  -4.26320999639
50  1.4  200  1780  1.34616666667  6.9038832647  -2.83024746217
50  1.4  200  1780  1.34633333333  6.89200358698  -1.36693081073
50  1.4  200  1780  1.3465  6.85321858165  0.109254744066
50  1.4  200  1780  1.34666666667  6.78755748549  1.58933809263
50  1.4  200  1780  1.34683333333  6.69496650262  3.05952959412
50  1.4  200  1780  1.347  6.57493461914  4.49176579772
50  1.4  200  1780  1.34716666667  6.42726153945  5.86327455418
50  1.4  200  1780  1.34733333333  6.25242209232  7.16590072141
50  1.4  200  1780  1.3475  6.04924758072  8.34729223471
50  1.4  200  1780  1.34766666667  5.82655244032  9.60630668819
50  1.4  200  1780  1.34783333333  5.57416802911  10.65736837
50  1.4  200  1780  1.348  5.29712264709  11.5987484725
50  1.4  200  1780  1.34816666667  4.99639208431  12.4237452283
50  1.4  200  1780  1.34833333333  4.67632442069  13.2093980901
50  1.4  200  1780  1.3485  4.34073551459  14.0174449617
50  1.4  200  1780  1.34866666667  3.98044835677  14.577960648
50  1.4  200  1780  1.34883333333  3.59926836574  14.9492747038
50  1.4  200  1780  1.349  3.20640323402  15.3255867929
50  1.4  200  1780  1.34916666667  2.80435538193  15.7295915961
50  1.4  200  1780  1.34933333333  2.39393779302  16.1400423134
50  1.4  200  1780  1.3495  1.96959352231  16.3730315209
50  1.4  200  1780  1.34966666667  1.53557809789  16.4931929285
50  1.4  200  1780  1.34983333333  1.09552129933  16.5487420559
50  1.4  200  1780  1.35  0.654432836984  16.6225940594
50  1.4  200  1780  1.35016666667  0.212052113221  16.6636226228
50  1.4  200  1780  1.35033333333  -0.233665441189  16.5753885516
50  1.4  200  1780  1.3505  -0.684046731013  16.2798569779
50  1.4  200  1780  1.35066666667  -1.14140192856  15.6743686438
50  1.4  200  1780  1.35083333333  -1.59190220795  15.0667190231
50  1.4  200  1780  1.351  -2.03075867072  14.5357851151
50  1.4  200  1780  1.35116666667  -2.45867128283  14.0218912023
50  1.4  200  1780  1.35133333333  -2.87537996824  13.4907764208
50  1.4  200  1780  1.3515  -3.276283752  13.019629808
50  1.4  200  1780  1.35166666667  -3.66323096722  12.5231756282
50  1.4  200  1780  1.35183333333  -4.02898853685  12.1483048772
50  1.4  200  1780  1.352  -4.38536337963  11.5599369209
50  1.4  200  1780  1.35216666667  -4.72143062949  11.0021615802
50  1.4  200  1780  1.35233333333  -5.03231994262  10.5671987536
50  1.4  200  1780  1.3525  -5.32830306189  9.96469854381
50  1.4  200  1780  1.35266666667  -5.60288916731  9.33223557387
50  1.4  200  1780  1.35283333333  -5.84853755307  8.83631469988
50  1.4  200  1780  1.353  -6.07837806945  8.12077056442
50  1.4  200  1780  1.35316666667  -6.27091360946  7.71141389218
50  1.4  200  1780  1.35333333333  -6.44059620789  7.22347835851
50  1.4  200  1780  1.3535  -6.58861843739  6.61158892006
50  1.4  200  1780  1.35366666667  -6.71151247047  5.95140517005
50  1.4  200  1780  1.35383333333  -6.81342603564  5.12786108048
50  1.4  200  1780  1.354  -6.8870395369  4.31990850198
50  1.4  200  1780  1.35416666667  -6.93165365686  3.54111953712
50  1.4  200  1780  1.35433333333  -6.94739141383  2.78697082784
50  1.4  200  1780  1.3545  -6.93441678597  2.05469602204
50  1.4  200  1780  1.35466666667  -6.89458579149  1.3013428163
50  1.4  200  1780  1.35483333333  -6.82535553106  0.598466740977
50  1.4  200  1780  1.355  -6.73250857068  -0.19109565651
50  1.4  200  1780  1.35516666667  -6.61350574603  -0.990426376623
50  1.4  200  1780  1.35533333333  -6.46291044381  -1.64635174456
50  1.4  200  1780  1.3555  -6.29143381525  -2.41325035946
50  1.4  200  1780  1.35566666667  -6.09726638028  -3.22494563559
50  1.4  200  1780  1.35583333333  -5.8746294428  -3.91199153139
50  1.4  200  1780  1.356  -5.63466558079  -4.73238045592
50  1.4  200  1780  1.35616666667  -5.37199301579  -5.52212303165
50  1.4  200  1780  1.35633333333  -5.08113156018  -6.11257486507
50  1.4  200  1780  1.3565  -4.77915526724  -6.9059300747
50  1.4  200  1780  1.35666666667  -4.45975829631  -7.70861853074
50  1.4  200  1780  1.35683333333  -4.11562740954  -8.2996990935
50  1.4  200  1780  1.357  -3.76641342029  -9.14147326131
50  1.4  200  1780  1.35716666667  -3.390412039  -9.6443240045
50  1.4  200  1780  1.35733333333  -3.00452371888  -10.1978471083
50  1.4  200  1780  1.3575  -2.61292147641  -10.8671703958
50  1.4  200  1780  1.35766666667  -2.21397060704  -11.5688757896
50  1.4  200  1780  1.35783333333  -1.80815244242  -12.2724280919
50  1.4  200  1780  1.358  -1.39735528791  -12.9823335551
50  1.4  200  1780  1.35816666667  -0.984544271835  -13.7299255576
50  1.4  200  1780  1.35833333333  -0.568024891391  -14.4278322413
50  1.4  200  1780  1.3585  -0.154913216291  -15.2122946407
50  1.4  200  1780  1.35866666667  0.261656153668  -15.8644244546
50  1.4  200  1780  1.35883333333  0.681179515744  -16.3526842457
50  1.4  200  1780  1.359  1.10006058526  -16.7244387635
50  1.4  200  1780  1.35916666667  1.52059329126  -16.877965507
50  1.4  200  1780  1.35933333333  1.93245365784  -17.0327324421
50  1.4  200  1780  1.3595  2.33562360323  -17.147302264
50  1.4  200  1780  1.35966666667  2.72960884135  -17.1933630436
50  1.4  200  1780  1.35983333333  3.11305748578  -17.1655769701
50  1.4  200  1780  1.36  3.48547951355  -17.0380625512
50  1.4  200  1780  1.36016666667  3.84404059253  -16.8459826628
50  1.4  200  1780  1.36033333333  4.18678872013  -16.6037332721
50  1.4  200  1780  1.3605  4.51318164391  -16.2916858142
50  1.4  200  1780  1.36066666667  4.82444900621  -15.8471205384
50  1.4  200  1780  1.36083333333  5.11767029996  -15.3147706967
50  1.4  200  1780  1.361  5.38967680663  -14.7478295351
50  1.4  200  1780  1.36116666667  5.64190268074  -14.0848404571
50  1.4  200  1780  1.36133333333  5.87367822756  -13.3201465483
50  1.4  200  1780  1.3615  6.08214357961  -12.5061726503
50  1.4  200  1780  1.36166666667  6.26737505428  -11.6232956601
50  1.4  200  1780  1.36183333333  6.435197578  -10.5084787486
50  1.4  200  1780  1.362  6.5750598095  -9.41730275867
50  1.4  200  1780  1.36216666667  6.69062082259  -8.24711349185
50  1.4  200  1780  1.36233333333  6.78172794468  -6.99482294423
50  1.4  200  1780  1.3625  6.84778901451  -5.67128145275
50  1.4  200  1780  1.36266666667  6.88837328634  -4.28603126619
50  1.4  200  1780  1.36283333333  6.90304494302  -2.851540833
50  1.4  200  1780  1.363  6.8913654659  -1.38313908621
50  1.4  200  1780  1.36316666667  6.85300165273  0.10374474944
50  1.4  200  1780  1.36333333333  6.78757033986  1.58966459367
50  1.4  200  1780  1.3635  6.69482125081  3.05584019817
50  1.4  200  1780  1.36366666667  6.57467454119  4.485159818
50  1.4  200  1780  1.36383333333  6.42722127783  5.86225190883
50  1.4  200  1780  1.364  6.25274126031  7.17400758835
50  1.4  200  1780  1.36416666667  6.05164173764  8.40810382047
50  1.4  200  1780  1.36433333333  5.82462786539  9.55742248474
50  1.4  200  1780  1.3645  5.57250584882  10.6151489907
50  1.4  200  1780  1.36466666667  5.29632758846  11.5785539832
50  1.4  200  1780  1.36483333333  4.99817342432  12.4689912645
50  1.4  200  1780  1.365  4.67589785783  13.1985633935
50  1.4  200  1780  1.36516666667  4.33824838672  13.9542719138
50  1.4  200  1780  1.36533333333  3.97875054016  14.5348361062
50  1.4  200  1780  1.3655  3.59840095499  14.9272424708
50  1.4  200  1780  1.36566666667  3.20647999478  15.327536516
50  1.4  200  1780  1.36583333333  2.80713500519  15.8001940267
50  1.4  200  1780  1.366  2.39156736144  16.0798333514
50  1.4  200  1780  1.36616666667  1.96637141389  16.2911899671
50  1.4  200  1780  1.36633333333  1.5339188219  16.4510473185
50  1.4  200  1780  1.3665  1.09648245287  16.573155356
50  1.4  200  1780  1.36666666667  0.655690155383  16.6545299467
50  1.4  200  1780  1.36683333333  0.212526309658  16.6756672123
50  1.4  200  1780  1.367  -0.231527072543  16.6297031152
50  1.4  200  1780  1.36716666667  -0.682038263345  16.3308720567
50  1.4  200  1780  1.36733333333  -1.1393463674  15.7265798972
50  1.4  200  1780  1.3675  -1.59024465545  15.1088208565
50  1.4  200  1780  1.36766666667  -2.03050187487  14.5423077294
50  1.4  200  1780  1.36783333333  -2.45884775538  14.0174087995
50  1.4  200  1780  1.368  -2.87441785309  13.5152141454
50  1.4  200  1780  1.36816666667  -3.27517305794  13.0478414372
50  1.4  200  1780  1.36833333333  -3.66229458494  12.546959738
50  1.4  200  1780  1.3685  -4.0333517689  12.0374787831
50  1.4  200  1780  1.36866666667  -4.38484345374  11.5731430385
50  1.4  200  1780  1.36883333333  -4.7205219055  11.0252431695
50  1.4  200  1780  1.369  -5.0354589177  10.4874687866
50  1.4  200  1780  1.36916666667  -5.32768673122  9.98035334275
50  1.4  200  1780  1.36933333333  -5.60055937196  9.3914123759
50  1.4  200  1780  1.3695  -5.85164597135  8.75736087563
50  1.4  200  1780  1.36966666667  -6.07989225289  8.0823103049
50  1.4  200  1780  1.36983333333  -6.2727625998  7.66444953753
50  1.4  200  1780  1.37  -6.44337460686  7.15290702453
50  1.4  200  1780  1.37016666667  -6.59162804604  6.53514486026
50  1.4  200  1780  1.37033333333  -6.71386613442  5.89162210587
50  1.4  200  1780  1.3705  -6.81299726984  5.13875173169
50  1.4  200  1780  1.37066666667  -6.88594093142  4.34781308116
50  1.4  200  1780  1.37083333333  -6.9325715861  3.51780413449
50  1.4  200  1780  1.371  -6.94610487169  2.81964899828
50  1.4  200  1780  1.37116666667  -6.93652948056  2.00103357953
50  1.4  200  1780  1.37133333333  -6.88580446757  1.52438844376
50  1.4  200  1780  1.3715  -6.81568977411  0.843976967319
50  1.4  200  1780  1.37166666667  -6.72070109117  0.108814323113
50  1.4  200  1780  1.37183333333  -6.59927849112  -0.629054102083
50  1.4  200  1780  1.372  -6.45518393108  -1.45009832107
50  1.4  200  1780  1.37216666667  -6.28688680817  -2.29775637951
50  1.4  200  1780  1.37233333333  -6.09463164837  -3.15802344488
50  1.4  200  1780  1.3725  -5.8772047303  -3.97740383381
50  1.4  200  1780  1.37266666667  -5.63179417242  -4.65944668341
50  1.4  200  1780  1.37283333333  -5.36901293417  -5.44642895846
50  1.4  200  1780  1.373  -5.08618455242  -6.24092086804
50  1.4  200  1780  1.37316666667  -4.77841842246  -6.88721421725
50  1.4  200  1780  1.37333333333  -4.45742799294  -7.64942882523
50  1.4  200  1780  1.3735  -4.12024976007  -8.41710679696
50  1.4  200  1780  1.37366666667  -3.76282317509  -9.05028103316
50  1.4  200  1780  1.37383333333  -3.39787931428  -9.83399279664
50  1.4  200  1780  1.374  -3.01090208249  -10.3598575439
50  1.4  200  1780  1.37416666667  -2.61626344394  -10.9520563711
50  1.4  200  1780  1.37433333333  -2.21601490923  -11.6208010652
50  1.4  200  1780  1.3745  -1.80745631615  -12.2547464845
50  1.4  200  1780  1.37466666667  -1.39279310525  -12.8664541155
50  1.4  200  1780  1.37483333333  -0.974976274789  -13.4868984327
50  1.4  200  1780  1.375  -0.557534188998  -14.1613684005
50  1.4  200  1780  1.37516666667  -0.145563361506  -14.9748083292
50  1.4  200  1780  1.37533333333  0.270616166581  -15.6368401266
50  1.4  200  1780  1.3755  0.689997460759  -16.1287084424
50  1.4  200  1780  1.37566666667  1.1088557327  -16.5010420185
50  1.4  200  1780  1.37583333333  1.52383464071  -16.795635231
50  1.4  200  1780  1.376  1.93381083247  -16.9982602066
50  1.4  200  1780  1.37616666667  2.33689889984  -17.1149097301
50  1.4  200  1780  1.37633333333  2.73120658503  -17.1527803543
50  1.4  200  1780  1.3765  3.11523172649  -17.110351256
50  1.4  200  1780  1.37666666667  3.48700758147  -16.9992496261
50  1.4  200  1780  1.37683333333  3.84445064316  -16.8355673769
50  1.4  200  1780  1.377  4.18919931608  -16.5425041352
50  1.4  200  1780  1.37716666667  4.51618697081  -16.2153505108
50  1.4  200  1780  1.37733333333  4.82583189831  -15.811995079
50  1.4  200  1780  1.3775  5.11614183382  -15.3535937366
50  1.4  200  1780  1.37766666667  5.38501105251  -14.8663396897
50  1.4  200  1780  1.37783333333  5.64345582951  -14.0453904785
50  1.4  200  1780  1.378  5.86883176744  -13.4432466353
50  1.4  200  1780  1.37816666667  6.07334817344  -12.7295759672
50  1.4  200  1780  1.37833333333  6.25635282207  -11.9032603582
50  1.4  200  1780  1.3785  6.42385446296  -10.7965938706
50  1.4  200  1780  1.37866666667  6.56749392626  -9.60947619296
50  1.4  200  1780  1.37883333333  6.68562798635  -8.37393153227
50  1.4  200  1780  1.379  6.77833450579  -7.08101629218
50  1.4  200  1780  1.37916666667  6.84444518229  -5.75621479119
50  1.4  200  1780  1.37933333333  6.88582063487  -4.35086861353
50  1.4  200  1780  1.3795  6.90255207905  -2.86405957765
50  1.4  200  1780  1.37966666667  6.89118057822  -1.38783523343
50  1.4  200  1780  1.37983333333  6.85382634243  0.124691868025
50  1.4  200  1780  1.38  6.7854823141  1.53662873923
50  1.4  200  1780  1.38016666667  6.69609558316  3.08820823982
50  1.4  200  1780  1.38033333333  6.5756662027  4.51034802032
50  1.4  200  1780  1.3805  6.41948168169  5.66566616689
50  1.4  200  1780  1.38066666667  6.23951442795  6.83804604644
50  1.4  200  1780  1.38083333333  6.03529370205  7.99286371631
50  1.4  200  1780  1.381  5.80682077454  9.10512237737
50  1.4  200  1780  1.38116666667  5.55928706886  10.2793919795
50  1.4  200  1780  1.38133333333  5.28820086601  11.3721352331
50  1.4  200  1780  1.3815  4.9931782979  12.3421150536
50  1.4  200  1780  1.38166666667  4.67540681068  13.1860907959
50  1.4  200  1780  1.38183333333  4.33625579159  13.9036599975
50  1.4  200  1780  1.382  3.97788031343  14.512732347
50  1.4  200  1780  1.38216666667  3.60242727729  15.0295110572
50  1.4  200  1780  1.38233333333  3.21185793555  15.4641362117
50  1.4  200  1780  1.3825  2.80801337452  15.8225046077
50  1.4  200  1780  1.38266666667  2.39271691402  16.1090319868
50  1.4  200  1780  1.38283333333  1.96781295989  16.3278052356
50  1.4  200  1780  1.383  1.53516273439  16.4826426957
50  1.4  200  1780  1.38316666667  1.09664377367  16.5772529043
50  1.4  200  1780  1.38333333333  0.654123338631  16.6147328012
50  1.4  200  1780  1.3835  0.209464848025  16.5979060868
50  1.4  200  1780  1.38366666667  -0.235491155901  16.5290153979
50  1.4  200  1780  1.38383333333  -0.685643970379  16.239287098
50  1.4  200  1780  1.384  -1.14305212818  15.6324535735
50  1.4  200  1780  1.38416666667  -1.59330020224  15.0312099681
50  1.4  200  1780  1.38433333333  -2.03243212447  14.4932793897
50  1.4  200  1780  1.3845  -2.45977444989  13.9938707587
50  1.4  200  1780  1.38466666667  -2.87450697091  13.5129505528
50  1.4  200  1780  1.38483333333  -3.27561430109  13.0366338611
50  1.4  200  1780  1.385  -3.66194135991  12.5559316538
50  1.4  200  1780  1.38516666667  -4.03226270932  12.0651408963
50  1.4  200  1780  1.38533333333  -4.38530122986  11.5615155251
50  1.4  200  1780  1.3855  -4.71984292694  11.042489225
50  1.4  200  1780  1.38566666667  -5.03468042416  10.5072425224
50  1.4  200  1780  1.38583333333  -5.32872156775  9.9540684949
50  1.4  200  1780  1.386  -5.60106514789  9.37856566722
50  1.4  200  1780  1.38616666667  -5.8508345261  8.77797158488
50  1.4  200  1780  1.38633333333  -6.07679061385  8.16109193651
50  1.4  200  1780  1.3865  -6.27868269205  7.5140791945
50  1.4  200  1780  1.38666666667  -6.45302608241  6.90775954557
50  1.4  200  1780  1.38683333333  -6.60116160918  6.29299235658
50  1.4  200  1780  1.387  -6.72424905938  5.62789581187
50  1.4  200  1780  1.38716666667  -6.82151610384  4.92237334812
50  1.4  200  1780  1.38733333333  -6.88991919734  4.24676512684
50  1.4  200  1780  1.3875  -6.93332417565  3.49868835976
50  1.4  200  1780  1.38766666667  -6.95168542781  2.67790287292
50  1.4  200  1780  1.38783333333  -6.93426686236  2.05850408158
50  1.4  200  1780  1.388  -6.88587873912  1.52250194654
50  1.4  200  1780  1.38816666667  -6.81512535398  0.858313238772
50  1.4  200  1780  1.38833333333  -6.71945124351  0.14056045376
50  1.4  200  1780  1.3885  -6.60265788953  -0.714890821554
50  1.4  200  1780  1.38866666667  -6.45978301306  -1.56691500338
50  1.4  200  1780  1.38883333333  -6.29083456527  -2.39802940985
50  1.4  200  1780  1.389  -6.09656495353  -3.20712939609
50  1.4  200  1780  1.38916666667  -5.87452360446  -3.90930323756
50  1.4  200  1780  1.38933333333  -5.63338659646  -4.69989425396
50  1.4  200  1780  1.3895  -5.37224290142  -5.52847012662
50  1.4  200  1780  1.38966666667  -5.08332833615  -6.16837297468
50  1.4  200  1780  1.38983333333  -4.77441164765  -6.78544213722
50  1.4  200  1780  1.39  -4.44873331608  -7.42858403307
50  1.4  200  1780  1.39016666667  -4.10776826508  -8.10007682425
50  1.4  200  1780  1.39033333333  -3.75588040845  -8.87393476051
50  1.4  200  1780  1.3905  -3.39036168261  -9.64304495228
50  1.4  200  1780  1.39066666667  -3.0125630944  -10.4020472464
50  1.4  200  1780  1.39083333333  -2.62365889015  -11.1399007048
50  1.4  200  1780  1.391  -2.22315722898  -11.8022159868
50  1.4  200  1780  1.39116666667  -1.81590314038  -12.46929582
50  1.4  200  1780  1.39133333333  -1.40294923843  -13.1244198983
50  1.4  200  1780  1.3915  -0.983809215237  -13.71125512
50  1.4  200  1780  1.39166666667  -0.568146571864  -14.4309229253
50  1.4  200  1780  1.39183333333  -0.153617985159  -15.17939577
50  1.4  200  1780  1.392  0.261713088961  -15.8629782982
50  1.4  200  1780  1.39216666667  0.68150373648  -16.344449039
50  1.4  200  1780  1.39233333333  1.10151994925  -16.6873709183
50  1.4  200  1780  1.3925  1.51763115733  -16.9532037087
50  1.4  200  1780  1.39266666667  1.93245939938  -17.0325866071
50  1.4  200  1780  1.39283333333  2.3360708254  -17.135942821
50  1.4  200  1780  1.393  2.72798525036  -17.2346022549
50  1.4  200  1780  1.39316666667  3.11416039439  -17.1375630913
50  1.4  200  1780  1.39333333333  3.484339964  -17.0670071098
50  1.4  200  1780  1.3935  3.84041538705  -16.938062882
50  1.4  200  1780  1.39366666667  4.18222317722  -16.7196980621
50  1.4  200  1780  1.39383333333  4.50890710707  -16.4002590498
50  1.4  200  1780  1.394  4.8215647894  -15.9203796454
50  1.4  200  1780  1.39416666667  5.11468040008  -15.3907141537
50  1.4  200  1780  1.39433333333  5.38739214463  -14.80585995
50  1.4  200  1780  1.3945  5.63888036295  -14.1616073291
50  1.4  200  1780  1.39466666667  5.87274795522  -13.3437754657
50  1.4  200  1780  1.39483333333  6.08183136502  -12.514102901
50  1.4  200  1780  1.395  6.26547467564  -11.6715652776
50  1.4  200  1780  1.39516666667  6.4346654454  -10.5219949165
50  1.4  200  1780  1.39533333333  6.57312411101  -9.46646950048
50  1.4  200  1780  1.3955  6.68120885618  -8.48617743879
50  1.4  200  1780  1.39566666667  6.76943430634  -7.30708135816
50  1.4  200  1780  1.39583333333  6.83147277074  -6.08571404453
50  1.4  200  1780  1.396  6.86804113739  -4.80246784939
50  1.4  200  1780  1.39616666667  6.88758651454  -3.24418491626
50  1.4  200  1780  1.39633333333  6.87873763882  -1.70388589406
50  1.4  200  1780  1.3965  6.84283983422  -0.154365440517
50  1.4  200  1780  1.39666666667  6.78464923457  1.51546851918
50  1.4  200  1780  1.39683333333  6.69325019336  3.01593533875
50  1.4  200  1780  1.397  6.57403569242  4.46893305903
50  1.4  200  1780  1.39716666667  6.42698434513  5.85623381839
50  1.4  200  1780  1.39733333333  6.25264130821  7.17146880505
50  1.4  200  1780  1.3975  6.05218232989  8.42183486343
50  1.4  200  1780  1.39766666667  5.82558600603  9.58175925704
50  1.4  200  1780  1.39783333333  5.57284396114  10.6237370437
50  1.4  200  1780  1.398  5.29728974005  11.6029926338
50  1.4  200  1780  1.39816666667  4.99666467062  12.4306689207
50  1.4  200  1780  1.39833333333  4.67439457511  13.1603800122
50  1.4  200  1780  1.3985  4.33882480643  13.9689129745
50  1.4  200  1780  1.39866666667  3.97683113733  14.4860832742
50  1.4  200  1780  1.39883333333  3.60075327338  14.9869913577
50  1.4  200  1780  1.399  3.20973318629  15.4101675806
50  1.4  200  1780  1.39916666667  2.80578857916  15.7659948058
50  1.4  200  1780  1.39933333333  2.39237634176  16.1003814515
50  1.4  200  1780  1.3995  1.96782987112  16.3282347808
50  1.4  200  1780  1.39966666667  1.53511544436  16.4814415288
50  1.4  200  1780  1.39983333333  1.09768321938  16.6036548254
50  1.4  200  1780  1.4  0.653179494336  16.5907591561
50  1.4  200  1780  1.40016666667  0.210745048076  16.6304231681
50  1.4  200  1780  1.40033333333  -0.234365878543  16.5575974428
50  1.4  200  1780  1.4005  -0.684280205314  16.2739267307
50  1.4  200  1780  1.40066666667  -1.14229126615  15.6517794691
50  1.4  200  1780  1.40083333333  -1.59350245942  15.0260726358
50  1.4  200  1780  1.401  -2.02956527064  14.5660974769
50  1.4  200  1780  1.40116666667  -2.45852110578  14.0257056991
50  1.4  200  1780  1.40133333333  -2.8756184061  13.4847200991
50  1.4  200  1780  1.4015  -3.27324295436  13.096866068
50  1.4  200  1780  1.40166666667  -3.66421004764  12.4983069855
50  1.4  200  1780  1.40183333333  -4.03041579382  12.1120525502
50  1.4  200  1780  1.402  -4.38830731209  11.4851610363
50  1.4  200  1780  1.40216666667  -4.71755366876  11.1006363828
50  1.4  200  1780  1.40233333333  -5.02763593806  10.6861724692
50  1.4  200  1780  1.4025  -5.32230527202  10.1170424063
50  1.4  200  1780  1.40266666667  -5.59365501336  9.56678308418
50  1.4  200  1780  1.40283333333  -5.83803556245  9.10306526178
50  1.4  200  1780  1.403  -6.05992986837  8.58935487182
50  1.4  200  1780  1.40316666667  -6.26059615646  7.97347719842
50  1.4  200  1780  1.40333333333  -6.43719308653  7.309917641
50  1.4  200  1780  1.4035  -6.59334074732  6.49164224781
50  1.4  200  1780  1.40366666667  -6.72120297125  5.70526645044
50  1.4  200  1780  1.40383333333  -6.82051160032  4.94788773739
50  1.4  200  1780  1.404  -6.89139425797  4.20929858669
50  1.4  200  1780  1.40416666667  -6.93390037122  3.48405299245
50  1.4  200  1780  1.40433333333  -6.94830078065  2.76387291057
50  1.4  200  1780  1.4045  -6.93464828046  2.04881606203
50  1.4  200  1780  1.40466666667  -6.89368922623  1.32411557395
50  1.4  200  1780  1.40483333333  -6.82656466218  0.56775481051
50  1.4  200  1780  1.405  -6.7318183629  -0.173564378823
50  1.4  200  1780  1.40516666667  -6.610856269  -0.923129660009
50  1.4  200  1780  1.40533333333  -6.46566332905  -1.71627502957
50  1.4  200  1780  1.4055  -6.2934657  -2.46486023209
50  1.4  200  1780  1.40566666667  -6.098026353  -3.24424894266
50  1.4  200  1780  1.40583333333  -5.8715568057  -3.83394654899
50  1.4  200  1780  1.406  -5.62473679445  -4.48018928291
50  1.4  200  1780  1.40616666667  -5.35919416792  -5.19703229585
50  1.4  200  1780  1.40633333333  -5.07350290244  -5.91880695849
50  1.4  200  1780  1.4065  -4.77193775738  -6.72260532437
50  1.4  200  1780  1.40666666667  -4.45315113577  -7.54079665308
50  1.4  200  1780  1.40683333333  -4.11725376098  -8.34100842014
50  1.4  200  1780  1.407  -3.7648479304  -9.10170981826
50  1.4  200  1780  1.40716666667  -3.39509066466  -9.76316109622
50  1.4  200  1780  1.40733333333  -3.01243114487  -10.3986957285
50  1.4  200  1780  1.4075  -2.62349932825  -11.1358478324
50  1.4  200  1780  1.40766666667  -2.22082671257  -11.7430208701
50  1.4  200  1780  1.40783333333  -1.81511425277  -12.4492580747
50  1.4  200  1780  1.408  -1.40019081926  -13.0543560514
50  1.4  200  1780  1.40816666667  -0.986377128283  -13.7764801114
50  1.4  200  1780  1.40833333333  -0.566431157757  -14.387351407
50  1.4  200  1780  1.4085  -0.150608413165  -15.1029526413
50  1.4  200  1780  1.40866666667  0.266485640563  -15.7417554874
50  1.4  200  1780  1.40883333333  0.688711234219  -16.1613785965
50  1.4  200  1780  1.409  1.10800644372  -16.5226139587
50  1.4  200  1780  1.40916666667  1.52274867927  -16.8232186515
50  1.4  200  1780  1.40933333333  1.93224438957  -17.0380478561
50  1.4  200  1780  1.4095  2.33643030164  -17.1268121244
50  1.4  200  1780  1.40966666667  2.73169872432  -17.1402800162
50  1.4  200  1780  1.40983333333  3.11589410978  -17.0935267204
50  1.4  200  1780  1.41  3.4870458464  -16.9982776968
50  1.4  200  1780  1.41016666667  3.8440783399  -16.8450238798
50  1.4  200  1780  1.41033333333  4.18827082774  -16.5660877388
50  1.4  200  1780  1.4105  4.51484494576  -16.2494379469
50  1.4  200  1780  1.41066666667  4.82149442353  -15.9221669385
50  1.4  200  1780  1.41083333333  5.11847124104  -15.2944267933
50  1.4  200  1780  1.411  5.38901681571  -14.7645933045
50  1.4  200  1780  1.41116666667  5.63299874204  -14.3110005002
50  1.4  200  1780  1.41133333333  5.86647007525  -13.503233617
50  1.4  200  1780  1.4115  6.07254055632  -12.7500894419
50  1.4  200  1780  1.41166666667  6.2554443082  -11.9263366107
50  1.4  200  1780  1.41183333333  6.41605736487  -10.994640162
50  1.4  200  1780  1.412  6.56287548234  -9.72678466865
50  1.4  200  1780  1.41216666667  6.68045677589  -8.50528027811
50  1.4  200  1780  1.41233333333  6.77710193922  -7.11232348309
50  1.4  200  1780  1.4125  6.84502526238  -5.74148075695
50  1.4  200  1780  1.41266666667  6.88619054359  -4.34147293203
50  1.4  200  1780  1.41283333333  6.89890813184  -2.9566158369
50  1.4  200  1780  1.413  6.89203500868  -1.36613269952
50  1.4  200  1780  1.41316666667  6.85256455  0.0926423401919
50  1.4  200  1780  1.41333333333  6.78830831875  1.60840925742
50  1.4  200  1780  1.4135  6.69287876241  3.00650099263
50  1.4  200  1780  1.41366666667  6.57610081969  4.52138729184
50  1.4  200  1780  1.41383333333  6.42621181411  5.83661153046
50  1.4  200  1780  1.414  6.24316072755  6.93066205625
50  1.4  200  1780  1.41416666667  6.04072566799  8.13083565113
50  1.4  200  1780  1.41433333333  5.81055023624  9.19985070437
50  1.4  200  1780  1.4145  5.55489860802  10.1679250744
50  1.4  200  1780  1.41466666667  5.285792691  11.3109675878
50  1.4  200  1780  1.41483333333  4.98849701176  12.2232103855
50  1.4  200  1780  1.415  4.6750028259  13.1758295823
50  1.4  200  1780  1.41516666667  4.33256532363  13.8099221114
50  1.4  200  1780  1.41533333333  3.97576601779  14.459029238
50  1.4  200  1780  1.4155  3.59819950954  14.9221257562
50  1.4  200  1780  1.41566666667  3.20396532384  15.2636638743
50  1.4  200  1780  1.41583333333  2.80545456447  15.7575108326
50  1.4  200  1780  1.416  2.38993232847  16.038303514
50  1.4  200  1780  1.41616666667  1.96344424701  16.2168399285
50  1.4  200  1780  1.41633333333  1.53553162105  16.4920124168
50  1.4  200  1780  1.4165  1.09738752139  16.5961440963
50  1.4  200  1780  1.41666666667  0.654256059724  16.618103917
50  1.4  200  1780  1.41683333333  0.209570866355  16.6005989524
50  1.4  200  1780  1.417  -0.23005033486  16.6672122523
50  1.4  200  1780  1.41716666667  -0.678825598925  16.4124737329
50  1.4  200  1780  1.41733333333  -1.13363740941  15.8715874302
50  1.4  200  1780  1.4175  -1.58215740208  15.3142370922
50  1.4  200  1780  1.41766666667  -2.01883447907  14.8386595828
50  1.4  200  1780  1.41783333333  -2.44399692737  14.3946198309
50  1.4  200  1780  1.418  -2.86341552993  13.7946731537
50  1.4  200  1780  1.41816666667  -3.27022293896  13.1735744592
50  1.4  200  1780  1.41833333333  -3.65939382677  12.6206389956
50  1.4  200  1780  1.4185  -4.03513025148  11.9923053256
50  1.4  200  1780  1.41866666667  -4.38312016314  11.6169146197
50  1.4  200  1780  1.41883333333  -4.71276242611  11.2223339463
50  1.4  200  1780  1.419  -5.02726070331  10.695703432
50  1.4  200  1780  1.41916666667  -5.32066935935  10.1585945882
50  1.4  200  1780  1.41933333333  -5.58908796129  9.68278620678
50  1.4  200  1780  1.4195  -5.83542459945  9.16938372186
50  1.4  200  1780  1.41966666667  -6.06060972358  8.57208654946
50  1.4  200  1780  1.41983333333  -6.26747846298  7.79866661273
50  1.4  200  1780  1.42  -6.44811237495  7.03256771511
50  1.4  200  1780  1.42016666667  -6.60069822106  6.30476241493
50  1.4  200  1780  1.42033333333  -6.72542589743  5.5980041253
50  1.4  200  1780  1.4205  -6.8232730478  4.87774697163
50  1.4  200  1780  1.42066666667  -6.88947017097  4.25817039643
50  1.4  200  1780  1.42083333333  -6.93202666209  3.5316452042
50  1.4  200  1780  1.421  -6.94765640369  2.78024008543
50  1.4  200  1780  1.42116666667  -6.93693893675  1.99063339212
50  1.4  200  1780  1.42133333333  -6.89780017947  1.21969736164
50  1.4  200  1780  1.4215  -6.82496652537  0.608347485299
50  1.4  200  1780  1.42166666667  -6.72913509059  -0.105409262148
50  1.4  200  1780  1.42183333333  -6.61122606823  -0.932522560586
50  1.4  200  1780  1.422  -6.46327008295  -1.6554865786
50  1.4  200  1780  1.42216666667  -6.29646516261  -2.54104658228
50  1.4  200  1780  1.42233333333  -6.09227667426  -3.09820710271
50  1.4  200  1780  1.4225  -5.86777623508  -3.73792005543
50  1.4  200  1780  1.42266666667  -5.6238216103  -4.45694360567
50  1.4  200  1780  1.42283333333  -5.35842519089  -5.17750027921
50  1.4  200  1780  1.423  -5.07225495457  -5.88710908246
50  1.4  200  1780  1.42316666667  -4.7672579599  -6.60373846834
50  1.4  200  1780  1.42333333333  -4.44488078133  -7.3307296502
50  1.4  200  1780  1.4235  -4.11050613823  -8.16961880226
50  1.4  200  1780  1.42366666667  -3.75979664876  -8.97340726454
50  1.4  200  1780  1.42383333333  -3.39365152009  -9.72660682418
50  1.4  200  1780  1.424  -3.01413020153  -10.4418517677
50  1.4  200  1780  1.42416666667  -2.62288604331  -11.1202703949
50  1.4  200  1780  1.42433333333  -2.22455159574  -11.8376329025
50  1.4  200  1780  1.4245  -1.81233357884  -12.3786289568
50  1.4  200  1780  1.42466666667  -1.39986094671  -13.0459772886
50  1.4  200  1780  1.42483333333  -0.984150580052  -13.7199257864
50  1.4  200  1780  1.425  -0.568503938646  -14.4400000416
50  1.4  200  1780  1.42516666667  -0.158361945403  -15.2998923602
50  1.4  200  1780  1.42533333333  0.261701065902  -15.8632836839
50  1.4  200  1780  1.4255  0.681703120359  -16.3393846885
50  1.4  200  1780  1.42566666667  1.10286080642  -16.6533131462
50  1.4  200  1780  1.42583333333  1.52053748432  -16.8793830032
50  1.4  200  1780  1.426  1.93317705729  -17.014358096
50  1.4  200  1780  1.42616666667  2.33706996153  -17.1105647633
50  1.4  200  1780  1.42633333333  2.73087544971  -17.1611911913
50  1.4  200  1780  1.4265  3.11460024656  -17.1263908462
50  1.4  200  1780  1.42666666667  3.48635812723  -17.0157457638
50  1.4  200  1780  1.42683333333  3.84447830803  -16.8348646892
50  1.4  200  1780  1.427  4.18778070776  -16.5785367863
50  1.4  200  1780  1.42716666667  4.51476908652  -16.2513647717
50  1.4  200  1780  1.42733333333  4.82370716412  -15.8659633273
50  1.4  200  1780  1.4275  5.11590469044  -15.3596171785
50  1.4  200  1780  1.42766666667  5.38862418049  -14.7745662392
50  1.4  200  1780  1.42783333333  5.64115495889  -14.1038325921
50  1.4  200  1780  1.428  5.87361962384  -13.3216350827
50  1.4  200  1780  1.42816666667  6.08294361038  -12.4858518688
50  1.4  200  1780  1.42833333333  6.26455428909  -11.6949430959
50  1.4  200  1780  1.4285  6.43589968272  -10.4906452888
50  1.4  200  1780  1.42866666667  6.5756250936  -9.40294454276
50  1.4  200  1780  1.42883333333  6.6910859593  -8.23529901946
50  1.4  200  1780  1.429  6.78200831091  -6.98770164199
50  1.4  200  1780  1.42916666667  6.84796756517  -5.66674626615
50  1.4  200  1780  1.42933333333  6.88849253299  -4.28300240115
50  1.4  200  1780  1.4295  6.90311646071  -2.8497242835
50  1.4  200  1780  1.42966666667  6.89140893148  -1.38203506051
50  1.4  200  1780  1.42983333333  6.85302902085  0.104439899665
50  1.4  200  1780  1.43  6.78758932329  1.59014677279
50  1.4  200  1780  1.43016666667  6.69483542449  3.05620020948
50  1.4  200  1780  1.43033333333  6.57468674429  4.48546977657
50  1.4  200  1780  1.4305  6.42723777337  5.86267089562
50  1.4  200  1780  1.43066666667  6.25273774204  7.17391822434
50  1.4  200  1780  1.43083333333  6.05166792266  8.40876891998
50  1.4  200  1780  1.431  5.82470851915  9.55947109047
50  1.4  200  1780  1.43116666667  5.57271604737  10.6204880339
50  1.4  200  1780  1.43133333333  5.29670926036  11.5882484497
50  1.4  200  1780  1.4315  4.99786749852  12.4612207491
50  1.4  200  1780  1.43166666667  4.67753186434  13.2400671588
50  1.4  200  1780  1.43183333333  4.3371710303  13.9269070609
50  1.4  200  1780  1.432  3.97836012331  14.524919518
50  1.4  200  1780  1.43216666667  3.60275287229  15.0377811702
50  1.4  200  1780  1.43233333333  3.21209131744  15.4700641118
50  1.4  200  1780  1.4325  2.80816639195  15.8263912506
50  1.4  200  1780  1.43266666667  2.39280546195  16.1112811044
50  1.4  200  1780  1.43283333333  1.96785829429  16.3289567294
50  1.4  200  1780  1.433  1.53518504064  16.4832092743
50  1.4  200  1780  1.43316666667  1.09665575158  16.5775571433
50  1.4  200  1780  1.43333333333  0.65412838066  16.6148608688
50  1.4  200  1780  1.4335  0.209466099661  16.5979378783
50  1.4  200  1780  1.43366666667  -0.235497648829  16.5288504775
50  1.4  200  1780  1.43383333333  -0.685672021505  16.2385745994
50  1.4  200  1780  1.434  -1.14303380946  15.632918869
50  1.4  200  1780  1.43416666667  -1.59323359294  15.0329018443
50  1.4  200  1780  1.43433333333  -2.03239134742  14.4943151268
50  1.4  200  1780  1.4345  -2.45982560733  13.9925713599
50  1.4  200  1780  1.43466666667  -2.87457339805  13.5112633034
50  1.4  200  1780  1.43483333333  -3.27569771489  13.0345151507
50  1.4  200  1780  1.435  -3.66204011728  12.5534232166
50  1.4  200  1780  1.43516666667  -4.03244827451  12.0604275406
50  1.4  200  1780  1.43533333333  -4.38548812269  11.5567684472
50  1.4  200  1780  1.4355  -4.71989092939  11.0412699629
50  1.4  200  1780  1.43566666667  -5.03492467812  10.5010384719
50  1.4  200  1780  1.43583333333  -5.32980862137  9.92645733294
50  1.4  200  1780  1.436  -5.60201708466  9.35438647308
50  1.4  200  1780  1.43616666667  -5.85224165518  8.74223050626
50  1.4  200  1780  1.43633333333  -6.08472992344  7.95943347306
50  1.4  200  1780  1.4365  -6.27176537994  7.68977892189
50  1.4  200  1780  1.43666666667  -6.44971962768  6.99174349587
50  1.4  200  1780  1.43683333333  -6.59475373291  6.45575241378
50  1.4  200  1780  1.437  -6.71455915873  5.87401928838
50  1.4  200  1780  1.43716666667  -6.80898104002  5.24076396919
50  1.4  200  1780  1.43733333333  -6.87616361912  4.59615681353
50  1.4  200  1780  1.4375  -6.91703923901  3.91232575046
50  1.4  200  1780  1.43766666667  -6.93726261408  3.04424234154
50  1.4  200  1780  1.43783333333  -6.92970132115  2.17446882849
50  1.4  200  1780  1.438  -6.89231287075  1.35907500295
50  1.4  200  1780  1.43816666667  -6.82691075861  0.558963961016
50  1.4  200  1780  1.43833333333  -6.73418755039  -0.233741740983
50  1.4  200  1780  1.4385  -6.61152570675  -0.940133378995
50  1.4  200  1780  1.43866666667  -6.46394470201  -1.67262190267
50  1.4  200  1780  1.43883333333  -6.29294052515  -2.45152079082
50  1.4  200  1780  1.439  -6.09347991847  -3.12876950557
50  1.4  200  1780  1.43916666667  -5.87462013516  -3.9117551174
50  1.4  200  1780  1.43933333333  -5.63275384301  -4.68382231653
50  1.4  200  1780  1.4395  -5.36890467475  -5.44367916928
50  1.4  200  1780  1.43966666667  -5.08461013747  -6.2009307282
50  1.4  200  1780  1.43983333333  -4.78057325671  -6.94194700735
50  1.4  200  1780  1.44  -4.45880101603  -7.68430361169
50  1.4  200  1780  1.44016666667  -4.11988716459  -8.40789687171
50  1.4  200  1780  1.44033333333  -3.76557057612  -9.1200650194
50  1.4  200  1780  1.4405  -3.39490855581  -9.75853553158
50  1.4  200  1780  1.44066666667  -3.01150649812  -10.375209701
50  1.4  200  1780  1.44083333333  -2.62107528887  -11.0742772322
50  1.4  200  1780  1.441  -2.22065573147  -11.7386779502
50  1.4  200  1780  1.44116666667  -1.81594748951  -12.4704222879
50  1.4  200  1780  1.44133333333  -1.39992162225  -13.0475184473
50  1.4  200  1780  1.4415  -0.987368975642  -13.8016730343
50  1.4  200  1780  1.44166666667  -0.565849592631  -14.3725796528
50  1.4  200  1780  1.44183333333  -0.15034820806  -15.0963434317
50  1.4  200  1780  1.442  0.266932426996  -15.7304071121
50  1.4  200  1780  1.44216666667  0.688767478173  -16.15995
50  1.4  200  1780  1.44233333333  1.10824539171  -16.5165446799
50  1.4  200  1780  1.4425  1.52361081696  -16.8013203543
50  1.4  200  1780  1.44266666667  1.9343548301  -16.9844426666
50  1.4  200  1780  1.44283333333  2.33661527307  -17.1221138502
50  1.4  200  1780  1.443  2.72704657743  -17.2584445473
50  1.4  200  1780  1.44316666667  3.11717053447  -17.0611055333
50  1.4  200  1780  1.44333333333  3.48731786635  -16.9913683902
50  1.4  200  1780  1.4435  3.84033661349  -16.9400637305
50  1.4  200  1780  1.44366666667  4.18612026749  -16.6207119692
50  1.4  200  1780  1.44383333333  4.51100319946  -16.3470183031
50  1.4  200  1780  1.444  4.81832481464  -16.0026750041
50  1.4  200  1780  1.44416666667  5.10728208895  -15.5786312562
50  1.4  200  1780  1.44433333333  5.38411295192  -14.8891514447
50  1.4  200  1780  1.4445  5.63815488279  -14.1800345251
50  1.4  200  1780  1.44466666667  5.87063063206  -13.3975554741
50  1.4  200  1780  1.44483333333  6.0808676288  -12.5385818009
50  1.4  200  1780  1.445  6.26851127635  -11.5944356197
50  1.4  200  1780  1.44516666667  6.43237617076  -10.5801424925
50  1.4  200  1780  1.44533333333  6.57223567438  -9.4890357909
50  1.4  200  1780  1.4455  6.68909718802  -8.28581380995
50  1.4  200  1780  1.44566666667  6.78125080545  -7.00694228085
50  1.4  200  1780  1.44583333333  6.84722738539  -5.68554683236
50  1.4  200  1780  1.446  6.88880568149  -4.27504842936
50  1.4  200  1780  1.44616666667  6.90104992541  -2.9022142802
50  1.4  200  1780  1.44633333333  6.89267613011  -1.34984821541
50  1.4  200  1780  1.4465  6.85400179623  0.129148394558
50  1.4  200  1780  1.44666666667  6.78837074743  1.60999494588
50  1.4  200  1780  1.44683333333  6.6953622114  3.06958059714
50  1.4  200  1780  1.447  6.57490479881  4.49100836155
50  1.4  200  1780  1.44716666667  6.42748721516  5.86900671722
50  1.4  200  1780  1.44733333333  6.2527734103  7.1748241981
50  1.4  200  1780  1.4475  6.05206550967  8.41886762984
50  1.4  200  1780  1.44766666667  5.82507979985  9.56890162011
50  1.4  200  1780  1.44783333333  5.57146429004  10.5886933976
50  1.4  200  1780  1.448  5.29743814285  11.6067620648
50  1.4  200  1780  1.44816666667  4.99870972184  12.4826132215
50  1.4  200  1780  1.44833333333  4.67851971071  13.2651584566
50  1.4  200  1780  1.4485  4.33768459514  13.9399516077
50  1.4  200  1780  1.44866666667  3.97987763387  14.5634642862
50  1.4  200  1780  1.44883333333  3.60263772952  15.0348565438
50  1.4  200  1780  1.449  3.21037676538  15.4265144893
50  1.4  200  1780  1.44916666667  2.80627388071  15.7783214651
50  1.4  200  1780  1.44933333333  2.39126453059  16.0721414477
50  1.4  200  1780  1.4495  1.96683158777  16.3028783837
50  1.4  200  1780  1.44966666667  1.53475566934  16.4723032435
50  1.4  200  1780  1.44983333333  1.09666318765  16.5777460194
50  1.4  200  1780  1.45  0.654691208118  16.6291566862
50  1.4  200  1780  1.45016666667  0.210212327342  16.6168920614
50  1.4  200  1780  1.45033333333  -0.235048247064  16.5402652823
50  1.4  200  1780  1.4505  -0.685339330626  16.2470249477
50  1.4  200  1780  1.45066666667  -1.14280415036  15.6387522101
50  1.4  200  1780  1.45083333333  -1.59252371826  15.0509326611
50  1.4  200  1780  1.451  -2.03161128837  14.5141286266
50  1.4  200  1780  1.45116666667  -2.45687216332  14.0675888378
50  1.4  200  1780  1.45133333333  -2.87311275806  13.5483635592
50  1.4  200  1780  1.4515  -3.27638612739  13.0170294731
50  1.4  200  1780  1.45166666667  -3.66404819549  12.50241803
50  1.4  200  1780  1.45183333333  -4.03163645268  12.0810478151
50  1.4  200  1780  1.452  -4.38436640176  11.5852601588
50  1.4  200  1780  1.45216666667  -4.72207417553  10.9858155109
50  1.4  200  1780  1.45233333333  -5.03222844334  10.5695228352
50  1.4  200  1780  1.4525  -5.32937314904  9.93751833018
50  1.4  200  1780  1.45266666667  -5.60199358375  9.35498339624
50  1.4  200  1780  1.45283333333  -5.8434332858  8.96596308857
50  1.4  200  1780  1.453  -6.06481957944  8.46515621049
50  1.4  200  1780  1.45316666667  -6.26398911929  7.88729594244
50  1.4  200  1780  1.45333333333  -6.43906197853  7.26244778428
50  1.4  200  1780  1.4535  -6.58852719988  6.61390635291
50  1.4  200  1780  1.45366666667  -6.71154844342  5.95049145722
50  1.4  200  1780  1.45383333333  -6.81332903906  5.1303247934
50  1.4  200  1780  1.454  -6.88715427852  4.3169940647
50  1.4  200  1780  1.45416666667  -6.93166496035  3.5408324286
50  1.4  200  1780  1.45433333333  -6.9473472765  2.78809191611
50  1.4  200  1780  1.4545  -6.93423692399  2.05926451641
50  1.4  200  1780  1.45466666667  -6.89374049683  1.32281330071
50  1.4  200  1780  1.45483333333  -6.82824880516  0.524977578714
50  1.4  200  1780  1.455  -6.73629360068  -0.287235418308
50  1.4  200  1780  1.45516666667  -6.60642164164  -0.810490125165
50  1.4  200  1780  1.45533333333  -6.46190885286  -1.62091133428
50  1.4  200  1780  1.4555  -6.29135798406  -2.41132424723
50  1.4  200  1780  1.45566666667  -6.09570773932  -3.18535615523
50  1.4  200  1780  1.45583333333  -5.87605402999  -3.94817604617
50  1.4  200  1780  1.456  -5.63333420552  -4.69856352406
50  1.4  200  1780  1.45616666667  -5.36877043066  -5.4402693695
50  1.4  200  1780  1.45633333333  -5.08409233922  -6.18777865262
50  1.4  200  1780  1.4565  -4.78074382731  -6.94627950039
50  1.4  200  1780  1.45666666667  -4.45878591085  -7.68391994004
50  1.4  200  1780  1.45683333333  -4.11755035223  -8.34854183784
50  1.4  200  1780  1.457  -3.76154471425  -9.01780812786
50  1.4  200  1780  1.45716666667  -3.39408212473  -9.73754418212
50  1.4  200  1780  1.45733333333  -3.01671414496  -10.5074839307
50  1.4  200  1780  1.4575  -2.62108464825  -11.0745149606
50  1.4  200  1780  1.45766666667  -2.22205979019  -11.7743410416
50  1.4  200  1780  1.45783333333  -1.81718969908  -12.5019744109
50  1.4  200  1780  1.458  -1.39908063369  -13.0261573379
50  1.4  200  1780  1.45816666667  -0.984091743381  -13.7184313349
50  1.4  200  1780  1.45833333333  -0.56370541621  -14.3181175717
50  1.4  200  1780  1.4585  -0.148821557833  -15.0575665159
50  1.4  200  1780  1.45866666667  0.269350527425  -15.6689873612
50  1.4  200  1780  1.45883333333  0.689436290874  -16.1429621574
50  1.4  200  1780  1.459  1.10825867177  -16.5162073662
50  1.4  200  1780  1.45916666667  1.52326883692  -16.8100066473
50  1.4  200  1780  1.45933333333  1.93370871356  -17.0008540267
50  1.4  200  1780  1.4595  2.33662596673  -17.1218422312
50  1.4  200  1780  1.45966666667  2.72975976308  -17.1895296317
50  1.4  200  1780  1.45983333333  3.11588847379  -17.0936698746
50  1.4  200  1780  1.46  3.48557644906  -17.0356003894
50  1.4  200  1780  1.46016666667  3.84172670754  -16.9047553417
50  1.4  200  1780  1.46033333333  4.18346608628  -16.6881281719
50  1.4  200  1780  1.4605  4.51185746599  -16.3253199332
50  1.4  200  1780  1.46066666667  4.82304400185  -15.8828076492
50  1.4  200  1780  1.46083333333  5.11532154419  -15.3744290934
50  1.4  200  1780  1.461  5.38709136863  -14.8134996603
50  1.4  200  1780  1.46116666667  5.64146998717  -14.0958308738
50  1.4  200  1780  1.46133333333  5.87257512562  -13.3481653375
50  1.4  200  1780  1.4615  6.08047799556  -12.5484784852
50  1.4  200  1780  1.46166666667  6.26763615114  -11.6166637999
50  1.4  200  1780  1.46183333333  6.43523578673  -10.5075082468
50  1.4  200  1780  1.462  6.57482937757  -9.42315572975
50  1.4  200  1780  1.46216666667  6.68299701387  -8.44075823332
50  1.4  200  1780  1.46233333333  6.76873358639  -7.32487964496
50  1.4  200  1780  1.4625  6.83083180258  -6.10199463574
50  1.4  200  1780  1.46266666667  6.87450897195  -4.63818485162
50  1.4  200  1780  1.46283333333  6.89326196277  -3.1000285312
50  1.4  200  1780  1.463  6.88493874196  -1.54637787443
50  1.4  200  1780  1.46316666667  6.84891083868  -0.000161927293736
50  1.4  200  1780  1.46333333333  6.78504013497  1.52539738928
50  1.4  200  1780  1.4635  6.69334839151  3.0184295718
50  1.4  200  1780  1.46366666667  6.57394588076  4.46665184304
50  1.4  200  1780  1.46383333333  6.42704294047  5.85772213997
50  1.4  200  1780  1.464  6.25277978665  7.17498615737
50  1.4  200  1780  1.46416666667  6.05177133102  8.4113954921
50  1.4  200  1780  1.46433333333  5.82480694553  9.5619711204
50  1.4  200  1780  1.4645  5.57279405347  10.6224693888
50  1.4  200  1780  1.46466666667  5.29676792641  11.5897385672
50  1.4  200  1780  1.46483333333  4.99791070545  12.4623182052
50  1.4  200  1780  1.465  4.67756019831  13.2407868416
50  1.4  200  1780  1.46516666667  4.33718334846  13.9272199419
50  1.4  200  1780  1.46533333333  3.97835607473  14.5248166841
50  1.4  200  1780  1.4655  3.60274395478  15.0375546653
50  1.4  200  1780  1.46566666667  3.21208468617  15.4698956774
50  1.4  200  1780  1.46583333333  2.80816305158  15.826306405
50  1.4  200  1780  1.466  2.39280435363  16.1112529529
50  1.4  200  1780  1.46616666667  1.9678585586  16.3289634428
50  1.4  200  1780  1.46633333333  1.53518563567  16.4832243883
50  1.4  200  1780  1.4665  1.0966561475  16.5775671996
50  1.4  200  1780  1.46666666667  0.65412926022  16.6148832096
50  1.4  200  1780  1.46683333333  0.209467966144  16.597985287
50  1.4  200  1780  1.467  -0.235487625776  16.5291050631
50  1.4  200  1780  1.46716666667  -0.685642974959  16.2393123817
50  1.4  200  1780  1.46733333333  -1.14304943109  15.6325220794
50  1.4  200  1780  1.4675  -1.59329913693  15.0312370271
50  1.4  200  1780  1.46766666667  -2.03243154309  14.4932941567
50  1.4  200  1780  1.46783333333  -2.45977904534  13.9937540343
50  1.4  200  1780  1.468  -2.87450913497  13.5128955857
50  1.4  200  1780  1.46816666667  -3.2756122549  13.0366858343
50  1.4  200  1780  1.46833333333  -3.66194829089  12.5557556069
50  1.4  200  1780  1.4685  -4.03231327023  12.0638566493
50  1.4  200  1780  1.46866666667  -4.38533785179  11.5605853279
50  1.4  200  1780  1.46883333333  -4.7197609344  11.0445718355
50  1.4  200  1780  1.469  -5.03457267812  10.5099792717
50  1.4  200  1780  1.46916666667  -5.32868765149  9.95492996781
50  1.4  200  1780  1.46933333333  -5.60096449247  9.38112231482
50  1.4  200  1780  1.4695  -5.85069030037  8.7816349186
50  1.4  200  1780  1.46966666667  -6.07632318349  8.17296466767
50  1.4  200  1780  1.46983333333  -6.2767773619  7.56247458031
50  1.4  200  1780  1.47  -6.45289159229  6.91117559466
50  1.4  200  1780  1.47016666667  -6.60600388431  6.16999856823
50  1.4  200  1780  1.47033333333  -6.72170560127  5.69249964787
50  1.4  200  1780  1.4705  -6.8222550012  4.90360535512
50  1.4  200  1780  1.47066666667  -6.89307470814  4.16661515251
50  1.4  200  1780  1.47083333333  -6.93030356088  3.57541197512
50  1.4  200  1780  1.471  -6.94757233258  2.78237549161
50  1.4  200  1780  1.47116666667  -6.93801709575  1.96324815351
50  1.4  200  1780  1.47133333333  -6.89177885898  1.37263890212
50  1.4  200  1780  1.4715  -6.82677378311  0.562443138686
50  1.4  200  1780  1.47166666667  -6.73282552007  -0.199146170972
50  1.4  200  1780  1.47183333333  -6.60807551349  -0.852498470249
50  1.4  200  1780  1.472  -6.46168562574  -1.61524136544
50  1.4  200  1780  1.47216666667  -6.29321276326  -2.4584356389
50  1.4  200  1780  1.47233333333  -6.09478650389  -3.16195677532
50  1.4  200  1780  1.4725  -5.86891117618  -3.76674755939
50  1.4  200  1780  1.47266666667  -5.62417420005  -4.46589938515
50  1.4  200  1780  1.47283333333  -5.35852756185  -5.18010050164
50  1.4  200  1780  1.473  -5.07639398178  -5.99224037377
50  1.4  200  1780  1.47316666667  -4.77581342545  -6.82104729322
50  1.4  200  1780  1.47333333333  -4.45677549861  -7.63285546931
50  1.4  200  1780  1.4735  -4.11668896878  -8.32666269817
50  1.4  200  1780  1.47366666667  -3.76444420341  -9.09145515266
50  1.4  200  1780  1.47383333333  -3.39397735793  -9.73488310551
50  1.4  200  1780  1.474  -3.01372380466  -10.4315292871
50  1.4  200  1780  1.47416666667  -2.62256994978  -11.1122416195
50  1.4  200  1780  1.47433333333  -2.2236918166  -11.8157945124
50  1.4  200  1780  1.4745  -1.81851135314  -12.5355444241
50  1.4  200  1780  1.47466666667  -1.40228843813  -13.1076355708
50  1.4  200  1780  1.47483333333  -0.980503778695  -13.6272970319
50  1.4  200  1780  1.475  -0.559984409325  -14.2236039968
50  1.4  200  1780  1.47516666667  -0.146254338972  -14.9923591568
50  1.4  200  1780  1.47533333333  0.270456577723  -15.6408936836
50  1.4  200  1780  1.4755  0.689886171912  -16.1315351791
50  1.4  200  1780  1.47566666667  1.10869236102  -16.5051916593
50  1.4  200  1780  1.47583333333  1.52433279928  -16.7829820032
50  1.4  200  1780  1.476  1.93463418182  -16.9773471331
50  1.4  200  1780  1.47616666667  2.33736201445  -17.1031466191
50  1.4  200  1780  1.47633333333  2.73140324781  -17.1477851197
50  1.4  200  1780  1.4765  3.11508667027  -17.114035684
50  1.4  200  1780  1.47666666667  3.48661856563  -17.0091306285
50  1.4  200  1780  1.47683333333  3.84463025868  -16.8310051427
50  1.4  200  1780  1.477  4.18766631353  -16.5814424
50  1.4  200  1780  1.47716666667  4.51543536353  -16.2344413356
50  1.4  200  1780  1.47733333333  4.82502461242  -15.8325001407
50  1.4  200  1780  1.4775  5.1167233618  -15.3388229261
50  1.4  200  1780  1.47766666667  5.3879986108  -14.7904557093
50  1.4  200  1780  1.47783333333  5.64140068344  -14.0975911887
50  1.4  200  1780  1.478  5.87311540348  -13.3344422799
50  1.4  200  1780  1.47816666667  6.08178525059  -12.5152742076
50  1.4  200  1780  1.47833333333  6.26688604391  -11.6357165236
50  1.4  200  1780  1.4785  6.43529729086  -10.505946042
50  1.4  200  1780  1.47866666667  6.57352345178  -9.45632624479
50  1.4  200  1780  1.47883333333  6.68062652903  -8.50096854822
50  1.4  200  1780  1.479  6.76783028305  -7.34782354969
50  1.4  200  1780  1.47916666667  6.83113748747  -6.09423023954
50  1.4  200  1780  1.47933333333  6.87562879921  -4.60974123933
50  1.4  200  1780  1.4795  6.89415196041  -3.07742259121
50  1.4  200  1780  1.47966666667  6.88541536033  -1.5342717678
50  1.4  200  1780  1.47983333333  6.8488990771  -0.000460671493796
50  1.4  200  1780  1.48  6.78252073741  1.46140469144
50  1.4  200  1780  1.48016666667  6.69476113743  3.05431331811
50  1.4  200  1780  1.48033333333  6.57405672188  4.46946720746
50  1.4  200  1780  1.4805  6.41570185655  5.56965860842
50  1.4  200  1780  1.48066666667  6.23479822421  6.71825447134
50  1.4  200  1780  1.48083333333  6.0378718666  8.05834909583
50  1.4  200  1780  1.481  5.80896824722  9.15966818332
50  1.4  200  1780  1.48116666667  5.55485574614  10.1668363827
50  1.4  200  1780  1.48133333333  5.27829457804  11.1205155187
50  1.4  200  1780  1.4815  4.98085783363  12.0291752611
50  1.4  200  1780  1.48166666667  4.66272226518  12.86390334
50  1.4  200  1780  1.48183333333  4.32439363568  13.6023612375
50  1.4  200  1780  1.482  3.96983636907  14.3084161605
50  1.4  200  1780  1.48216666667  3.59777280827  14.9112875439
50  1.4  200  1780  1.48233333333  3.20970442193  15.4094369658
50  1.4  200  1780  1.4825  2.80707660988  15.7987107859
50  1.4  200  1780  1.48266666667  2.3915655793  16.079788085
50  1.4  200  1780  1.48283333333  1.96864821507  16.3490207171
50  1.4  200  1780  1.483  1.53071600108  16.3696956697
50  1.4  200  1780  1.48316666667  1.09882979174  16.6327777632
50  1.4  200  1780  1.48333333333  0.655987561118  16.6620840524
50  1.4  200  1780  1.4835  0.212141041913  16.6658814116
50  1.4  200  1780  1.48366666667  -0.231937980919  16.6192660424
50  1.4  200  1780  1.48383333333  -0.679713934888  16.3899099995
50  1.4  200  1780  1.484  -1.13255934955  15.8989701506
50  1.4  200  1780  1.48416666667  -1.57985912926  15.3726132217
50  1.4  200  1780  1.48433333333  -2.01819751389  14.8548384984
50  1.4  200  1780  1.4845  -2.45038613336  14.2323339988
50  1.4  200  1780  1.48466666667  -2.86961030305  13.6373259165
50  1.4  200  1780  1.48483333333  -3.27320908933  13.0977262398
50  1.4  200  1780  1.485  -3.66081356858  12.5845775535
50  1.4  200  1780  1.48516666667  -4.03189513585  12.0744772626
50  1.4  200  1780  1.48533333333  -4.38548703658  11.5567960344
50  1.4  200  1780  1.4855  -4.72011436993  11.035594573
50  1.4  200  1780  1.48566666667  -5.03476749081  10.5050310295
50  1.4  200  1780  1.48583333333  -5.32872685775  9.95393412896
50  1.4  200  1780  1.486  -5.60113764767  9.37672417283
50  1.4  200  1780  1.48616666667  -5.85030690862  8.7913730689
50  1.4  200  1780  1.48633333333  -6.07607829081  8.17918494178
50  1.4  200  1780  1.4865  -6.28010347666  7.47799126527
50  1.4  200  1780  1.48666666667  -6.44998681456  6.98495694898
50  1.4  200  1780  1.48683333333  -6.60193628257  6.27331565251
50  1.4  200  1780  1.487  -6.72821308837  5.52720947552
50  1.4  200  1780  1.48716666667  -6.82015203638  4.95702066171
50  1.4  200  1780  1.48733333333  -6.89151804199  4.20615447266
50  1.4  200  1780  1.4875  -6.92797748944  3.63449418971
50  1.4  200  1780  1.48766666667  -6.93786134452  3.02903458838
50  1.4  200  1780  1.48783333333  -6.9214386856  2.38433977149
50  1.4  200  1780  1.488  -6.87886053225  1.70076440102
50  1.4  200  1780  1.48816666667  -6.81570647043  0.843552880821
50  1.4  200  1780  1.48833333333  -6.72719354574  -0.0560940229632
50  1.4  200  1780  1.4885  -6.61002275497  -0.901958403706
50  1.4  200  1780  1.48866666667  -6.46524496362  -1.70564854749
50  1.4  200  1780  1.48883333333  -6.29090780601  -2.39988972474
50  1.4  200  1780  1.489  -6.09536310272  -3.17660238558
50  1.4  200  1780  1.48916666667  -5.87623669495  -3.95281573603
50  1.4  200  1780  1.48933333333  -5.63531517096  -4.74888004621
50  1.4  200  1780  1.4895  -5.37172888405  -5.51541408551
50  1.4  200  1780  1.48966666667  -5.08382031079  -6.18086913047
50  1.4  200  1780  1.48983333333  -4.77722075895  -6.85679356422
50  1.4  200  1780  1.49  -4.4567545346  -7.63232298323
50  1.4  200  1780  1.49016666667  -4.11990091633  -8.40824616594
50  1.4  200  1780  1.49033333333  -3.76131570335  -9.01199125103
50  1.4  200  1780  1.4905  -3.39647863007  -9.79841541773
50  1.4  200  1780  1.49066666667  -3.0129338936  -10.4114655463
50  1.4  200  1780  1.49083333333  -2.61717810079  -10.975288655
50  1.4  200  1780  1.491  -2.21576206564  -11.614378838
50  1.4  200  1780  1.49116666667  -1.80701081341  -12.2434307149
50  1.4  200  1780  1.49133333333  -1.39273234936  -12.8649109159
50  1.4  200  1780  1.4915  -0.978222804312  -13.5693602825
50  1.4  200  1780  1.49166666667  -0.564215447916  -14.3310723771
50  1.4  200  1780  1.49183333333  -0.155081879926  -15.2165786971
50  1.4  200  1780  1.492  0.260907914365  -15.8834297329
50  1.4  200  1780  1.49216666667  0.681259330979  -16.3506569388
50  1.4  200  1780  1.49233333333  1.10082184388  -16.7051027946
50  1.4  200  1780  1.4925  1.52024833607  -16.8867273687
50  1.4  200  1780  1.49266666667  1.93189685865  -17.0468751415
50  1.4  200  1780  1.49283333333  2.33504875709  -17.1619033559
50  1.4  200  1780  1.493  2.72915305735  -17.2049399572
50  1.4  200  1780  1.49316666667  3.11282767825  -17.1714140813
50  1.4  200  1780  1.49333333333  3.48592871687  -17.0266527869
50  1.4  200  1780  1.4935  3.8442748985  -16.8400312912
50  1.4  200  1780  1.49366666667  4.18725397487  -16.5919158018
50  1.4  200  1780  1.49383333333  4.51447650896  -16.2587962418
50  1.4  200  1780  1.494  4.8235416066  -15.8701684884
50  1.4  200  1780  1.49416666667  5.11760261365  -15.316489929
50  1.4  200  1780  1.49433333333  5.38874554073  -14.7714836891
50  1.4  200  1780  1.4945  5.63714255925  -14.2057475429
50  1.4  200  1780  1.49466666667  5.86464607466  -13.5495632319
50  1.4  200  1780  1.49483333333  6.07092267915  -12.7911835219
50  1.4  200  1780  1.495  6.2601350454  -11.8071918857
50  1.4  200  1780  1.49516666667  6.42684277531  -10.7206907369
50  1.4  200  1780  1.49533333333  6.56916088241  -9.56713550694
50  1.4  200  1780  1.4955  6.68631845099  -8.3563937305
50  1.4  200  1780  1.49566666667  6.78015629702  -7.03474279487
50  1.4  200  1780  1.49583333333  6.84690790678  -5.69366158926
50  1.4  200  1780  1.496  6.88746896327  -4.30900107208
50  1.4  200  1780  1.49616666667  6.90127509159  -2.8964950593
50  1.4  200  1780  1.49633333333  6.89186827889  -1.37036763623
50  1.4  200  1780  1.4965  6.85243445169  0.0893378431405
50  1.4  200  1780  1.49666666667  6.78819985711  1.60565433177
50  1.4  200  1780  1.49683333333  6.69524965334  3.06672162234
50  1.4  200  1780  1.497  6.57507985886  4.4954548867
50  1.4  200  1780  1.49716666667  6.42743258065  5.86761900067
50  1.4  200  1780  1.49733333333  6.2526763512  7.17235889683
50  1.4  200  1780  1.4975  6.05213757892  8.42069818874
50  1.4  200  1780  1.49766666667  5.82533830078  9.57546754367
50  1.4  200  1780  1.49783333333  5.57183076559  10.5980018766
50  1.4  200  1780  1.498  5.29933417873  11.6549213762
50  1.4  200  1780  1.49816666667  4.99792859789  12.4627726732
50  1.4  200  1780  1.49833333333  4.67519844552  13.1807983207
50  1.4  200  1780  1.4985  4.33192230417  13.7935894171
50  1.4  200  1780  1.49866666667  3.97055649437  14.326707343
50  1.4  200  1780  1.49883333333  3.59839226239  14.9270216788
50  1.4  200  1780  1.499  3.20784080273  15.3621010381
50  1.4  200  1780  1.49916666667  2.80840992784  15.8325770621
50  1.4  200  1780  1.49933333333  2.39212934511  16.0941077366
50  1.4  200  1780  1.4995  1.96215355339  16.1840563105
50  1.4  200  1780  1.49966666667  1.53835361479  16.5636910578
50  1.4  200  1780  1.49983333333  1.09933984737  16.6457331763
50  1.4  200  1780  1.5  0.655486484431  16.6493567045
50  1.4  200  1780  1.50016666667  0.211117684654  16.6398881372
50  1.4  200  1780  1.50033333333  -0.230351059823  16.6595738383
50  1.4  200  1780  1.5005  -0.67860620404  16.418046363
50  1.4  200  1780  1.50066666667  -1.13313264736  15.8844083862
50  1.4  200  1780  1.50083333333  -1.58097702115  15.3442187677
50  1.4  200  1780  1.501  -2.01846520272  14.8480392023
50  1.4  200  1780  1.50116666667  -2.44881100343  14.272342299
50  1.4  200  1780  1.50133333333  -2.86825465042  13.6717594934
50  1.4  200  1780  1.5015  -3.27387302364  13.0808623085
50  1.4  200  1780  1.50166666667  -3.66071154086  12.5871690577
50  1.4  200  1780  1.50183333333  -4.03228654037  12.0645355877
50  1.4  200  1780  1.502  -4.38801089595  11.4926900064
50  1.4  200  1780  1.50216666667  -4.71791426839  11.0914771523
50  1.4  200  1780  1.50233333333  -5.02743121679  10.6913723895
50  1.4  200  1780  1.5025  -5.32035471247  10.1665866188
50  1.4  200  1780  1.50266666667  -5.58997798222  9.66017967517
50  1.4  200  1780  1.50283333333  -5.83732776013  9.12104344076
50  1.4  200  1780  1.503  -6.06690068081  8.41229623569
50  1.4  200  1780  1.50316666667  -6.27336303099  7.6491985854
50  1.4  200  1780  1.50333333333  -6.4507391913  6.96584657978
50  1.4  200  1780  1.5035  -6.60211639015  6.26874092
50  1.4  200  1780  1.50366666667  -6.7280180593  5.53216321396
50  1.4  200  1780  1.50383333333  -6.82315468377  4.88075341787
50  1.4  200  1780  1.504  -6.8921074836  4.19118265571
50  1.4  200  1780  1.50416666667  -6.93178966518  3.53766492572
50  1.4  200  1780  1.50433333333  -6.94527620734  2.84069707264
50  1.4  200  1780  1.5045  -6.93813500434  1.96025327537
50  1.4  200  1780  1.50466666667  -6.88886143437  1.44674148717
50  1.4  200  1780  1.50483333333  -6.83014581765  0.476793461596
50  1.4  200  1780  1.505  -6.72692126654  -0.0491781313546
50  1.4  200  1780  1.50516666667  -6.60154535213  -0.686632371532
50  1.4  200  1780  1.50533333333  -6.45623936073  -1.47690623407
50  1.4  200  1780  1.5055  -6.2839097815  -2.22213990221
50  1.4  200  1780  1.50566666667  -6.08360803217  -2.87802359343
50  1.4  200  1780  1.50583333333  -5.8606387751  -3.55662857177
50  1.4  200  1780  1.506  -5.61837373216  -4.31856750082
50  1.4  200  1780  1.50616666667  -5.35523958408  -5.09658586632
50  1.4  200  1780  1.50633333333  -5.07605919156  -5.98373670214
50  1.4  200  1780  1.5065  -4.77556476365  -6.81473128356
50  1.4  200  1780  1.50666666667  -4.45578162776  -7.60761114969
50  1.4  200  1780  1.50683333333  -4.1179477881  -8.35863670887
50  1.4  200  1780  1.507  -3.76317117532  -9.05912023899
50  1.4  200  1780  1.50716666667  -3.39509015397  -9.7631481248
50  1.4  200  1780  1.50733333333  -3.01619572433  -10.4943160466
50  1.4  200  1780  1.5075  -2.62113623262  -11.0758252036
50  1.4  200  1780  1.50766666667  -2.22372220337  -11.8165663364
50  1.4  200  1780  1.50783333333  -1.81279832039  -12.3904333921
50  1.4  200  1780  1.508  -1.40019662934  -13.0545036273
50  1.4  200  1780  1.50816666667  -0.984271805555  -13.7230049141
50  1.4  200  1780  1.50833333333  -0.567638885429  -14.4180276899
50  1.4  200  1780  1.5085  -0.156957069403  -15.2642085098
50  1.4  200  1780  1.50866666667  0.26020521396  -15.9012783232
50  1.4  200  1780  1.50883333333  0.679870678031  -16.3859287237
50  1.4  200  1780  1.509  1.10315921485  -16.6457335721
50  1.4  200  1780  1.50916666667  1.51825856585  -16.9372675323
50  1.4  200  1780  1.50933333333  1.93262566606  -17.0283634333
50  1.4  200  1780  1.5095  2.33616592927  -17.1335271825
50  1.4  200  1780  1.50966666667  2.72922457437  -17.203123425
50  1.4  200  1780  1.50983333333  3.11216775667  -17.1881760893
50  1.4  200  1780  1.51  3.48359813534  -17.0858495577
50  1.4  200  1780  1.51016666667  3.84142402401  -16.9124435034
50  1.4  200  1780  1.51033333333  4.18562791878  -16.6332176264
50  1.4  200  1780  1.5105  4.51338719452  -16.2864648285
50  1.4  200  1780  1.51066666667  4.82379482968  -15.8637366222
50  1.4  200  1780  1.51083333333  5.11576228788  -15.3632342035
50  1.4  200  1780  1.511  5.38868075158  -14.7731293335
50  1.4  200  1780  1.51116666667  5.64119161006  -14.1029016525
50  1.4  200  1780  1.51133333333  5.87354062658  -13.3236416131
50  1.4  200  1780  1.5115  6.08310299417  -12.4818035205
50  1.4  200  1780  1.51166666667  6.27011649595  -11.5536630417
50  1.4  200  1780  1.51183333333  6.43385589712  -10.5425574431
50  1.4  200  1780  1.512  6.57259553033  -9.47989544969
50  1.4  200  1780  1.51216666667  6.69126874694  -8.23065621335
50  1.4  200  1780  1.51233333333  6.78258898148  -6.97295260966
50  1.4  200  1780  1.5125  6.84829417431  -5.65845039397
50  1.4  200  1780  1.51266666667  6.88678498805  -4.32637404278
50  1.4  200  1780  1.51283333333  6.89838405508  -2.96992738662
50  1.4  200  1780  1.513  6.89392048169  -1.31824168507
50  1.4  200  1780  1.51316666667  6.85479225231  0.149225978863
50  1.4  200  1780  1.51333333333  6.78856447221  1.61491555539
50  1.4  200  1780  1.5135  6.69553500841  3.07396964106
50  1.4  200  1780  1.51366666667  6.57499264574  4.49323967346
50  1.4  200  1780  1.51383333333  6.42736841877  5.86598928883
50  1.4  200  1780  1.514  6.25278268466  7.17505976678
50  1.4  200  1780  1.51416666667  6.05292838835  8.44078474829
50  1.4  200  1780  1.51433333333  5.82576594947  9.58632982038
50  1.4  200  1780  1.5145  5.57400943406  10.6533400558
50  1.4  200  1780  1.51466666667  5.2969046864  11.5932122711
50  1.4  200  1780  1.51483333333  4.99984144379  12.5113589592
50  1.4  200  1780  1.515  4.67932500872  13.2856130259
50  1.4  200  1780  1.51516666667  4.33452676799  13.8597427981
50  1.4  200  1780  1.51533333333  3.97347549127  14.4008498643
50  1.4  200  1780  1.5155  3.59708943545  14.8939298743
50  1.4  200  1780  1.51566666667  3.20813783429  15.3696456398
50  1.4  200  1780  1.51583333333  2.80600660702  15.7715327133
50  1.4  200  1780  1.516  2.39220069047  16.0959199086
50  1.4  200  1780  1.51616666667  1.96819104928  16.3374087061
50  1.4  200  1780  1.51633333333  1.53581619739  16.4992406559
50  1.4  200  1780  1.5165  1.09683243173  16.582044819
50  1.4  200  1780  1.51666666667  0.653204882428  16.5914040136
50  1.4  200  1780  1.51683333333  0.208021141401  16.5612359385
50  1.4  200  1780  1.517  -0.235036614909  16.5405607391
50  1.4  200  1780  1.51716666667  -0.685269616772  16.2487956796
50  1.4  200  1780  1.51733333333  -1.14602386965  15.55697134
50  1.4  200  1780  1.5175  -1.59278208006  15.0443702715
50  1.4  200  1780  1.51766666667  -2.02875898707  14.5865770798
50  1.4  200  1780  1.51783333333  -2.45914960493  14.0097418209
50  1.4  200  1780  1.518  -2.8710422008  13.6009557137
50  1.4  200  1780  1.51816666667  -3.27637516897  13.0173078171
50  1.4  200  1780  1.51833333333  -3.65964409649  12.6142821447
50  1.4  200  1780  1.5185  -4.0246083083  12.2595626823
50  1.4  200  1780  1.51866666667  -4.37658673476  11.7828637006
50  1.4  200  1780  1.51883333333  -4.70954388882  11.3040847933
50  1.4  200  1780  1.519  -5.02284962775  10.8077447513
50  1.4  200  1780  1.51916666667  -5.32042740994  10.1647401031
50  1.4  200  1780  1.51933333333  -5.59707344162  9.47995500648
50  1.4  200  1780  1.5195  -5.84867984869  8.83270039116
50  1.4  200  1780  1.51966666667  -6.07526495517  8.19984366691
50  1.4  200  1780  1.51983333333  -6.27863384615  7.51531988024
50  1.4  200  1780  1.52  -6.45080897964  6.96407395606
50  1.4  200  1780  1.52016666667  -6.60379157251  6.22619128796
50  1.4  200  1780  1.52033333333  -6.72353580141  5.64601256419
50  1.4  200  1780  1.5205  -6.81379033884  5.11860777907
50  1.4  200  1780  1.52066666667  -6.88255902257  4.43371356587
50  1.4  200  1780  1.52083333333  -6.92429366105  3.72806343079
50  1.4  200  1780  1.521  -6.93467676553  3.10992289474
50  1.4  200  1780  1.52116666667  -6.91868318855  2.45432939641
50  1.4  200  1780  1.52133333333  -6.87765348216  1.73142347325
50  1.4  200  1780  1.5215  -6.81664043523  0.819830174906
50  1.4  200  1780  1.52166666667  -6.72789157355  -0.073823929435
50  1.4  200  1780  1.52183333333  -6.60951445609  -0.88904761209
50  1.4  200  1780  1.522  -6.46500836624  -1.69963897414
50  1.4  200  1780  1.52216666667  -6.29172904978  -2.4207493165
50  1.4  200  1780  1.52233333333  -6.09893642167  -3.26736468689
50  1.4  200  1780  1.5225  -5.87441398924  -3.90651901089
50  1.4  200  1780  1.52266666667  -5.62592820561  -4.51045112643
50  1.4  200  1780  1.52283333333  -5.36006005689  -5.21902587557
50  1.4  200  1780  1.523  -5.07348339107  -5.91831136973
50  1.4  200  1780  1.52316666667  -4.76810414538  -6.62523157956
50  1.4  200  1780  1.52333333333  -4.44974561361  -7.4542963903
50  1.4  200  1780  1.5235  -4.11505482521  -8.28515545157
50  1.4  200  1780  1.52366666667  -3.76141290456  -9.01446016173
50  1.4  200  1780  1.52383333333  -3.39561114518  -9.77638130163
50  1.4  200  1780  1.524  -3.02071751528  -10.6091695368
50  1.4  200  1780  1.52416666667  -2.61876915281  -11.0157013763
50  1.4  200  1780  1.52433333333  -2.22308864491  -11.8004739516
50  1.4  200  1780  1.5245  -1.80798077795  -12.2680678142
50  1.4  200  1780  1.52466666667  -1.3935189395  -12.8848903055
50  1.4  200  1780  1.52483333333  -0.977547383345  -13.55220459
50  1.4  200  1780  1.525  -0.560741802224  -14.2428417765
50  1.4  200  1780  1.52516666667  -0.14689759498  -15.0086978594
50  1.4  200  1780  1.52533333333  0.270862157074  -15.6305919681
50  1.4  200  1780  1.5255  0.690834908939  -16.1074372586
50  1.4  200  1780  1.52566666667  1.10931187199  -16.4894560806
50  1.4  200  1780  1.52583333333  1.52470570249  -16.7735102617
50  1.4  200  1780  1.526  1.93468809778  -16.9759776676
50  1.4  200  1780  1.52616666667  2.33736087033  -17.1031756797
50  1.4  200  1780  1.52633333333  2.7308786373  -17.1611102266
50  1.4  200  1780  1.5265  3.11454228491  -17.1278630721
50  1.4  200  1780  1.52666666667  3.48628027392  -17.0177232379
50  1.4  200  1780  1.52683333333  3.84450131401  -16.8342803373
50  1.4  200  1780  1.527  4.18785279352  -16.576705808
50  1.4  200  1780  1.52716666667  4.51530140138  -16.2378439744
50  1.4  200  1780  1.52733333333  4.82532827794  -15.8247870362
50  1.4  200  1780  1.5275  5.11693965731  -15.33332902
50  1.4  200  1780  1.52766666667  5.3890419286  -14.7639554371
50  1.4  200  1780  1.52783333333  5.64118797415  -14.1029940045
50  1.4  200  1780  1.528  5.86748349218  -13.4774928271
50  1.4  200  1780  1.52816666667  6.08595673073  -12.4093186119
50  1.4  200  1780  1.52833333333  6.27204505783  -11.50467757
50  1.4  200  1780  1.5285  6.42751354709  -10.7036531338
50  1.4  200  1780  1.52866666667  6.56156927036  -9.75996245283
50  1.4  200  1780  1.52883333333  6.6738829809  -8.67225467069
50  1.4  200  1780  1.529  6.77042499627  -7.28191783381
50  1.4  200  1780  1.52916666667  6.8405299192  -5.85566247365
50  1.4  200  1780  1.52933333333  6.88351182055  -4.40951249716
50  1.4  200  1780  1.5295  6.89852624619  -2.96631573247
50  1.4  200  1780  1.52966666667  6.88874256874  -1.449760674
50  1.4  200  1780  1.52983333333  6.85165821506  0.0696214327029
50  1.4  200  1780  1.53  6.78695737538  1.57409529585
50  1.4  200  1780  1.53016666667  6.69415118095  3.03882042355
50  1.4  200  1780  1.53033333333  6.57269086918  4.43477454873
50  1.4  200  1780  1.5305  6.42918565455  5.91214707755
50  1.4  200  1780  1.53066666667  6.25450424561  7.21878741481
50  1.4  200  1780  1.53083333333  6.04536069195  8.24856525992
50  1.4  200  1780  1.531  5.81351228941  9.27508685484
50  1.4  200  1780  1.53116666667  5.55889808623  10.2695118209
50  1.4  200  1780  1.53133333333  5.28612311024  11.3193602365
50  1.4  200  1780  1.5315  4.99120042326  12.2918770378
50  1.4  200  1780  1.53166666667  4.67395862801  13.149306956
50  1.4  200  1780  1.53183333333  4.33564139968  13.8880544431
50  1.4  200  1780  1.532  3.97805578759  14.5171893907
50  1.4  200  1780  1.53216666667  3.60318710878  15.0488107769
50  1.4  200  1780  1.53233333333  3.21301122953  15.4934298789
50  1.4  200  1780  1.5325  2.80920684342  15.8528187178
50  1.4  200  1780  1.53266666667  2.39319271371  16.121117299
50  1.4  200  1780  1.53283333333  1.96709568237  16.3095863867
50  1.4  200  1780  1.533  1.53420011368  16.4581921295
50  1.4  200  1780  1.53316666667  1.09644979443  16.5723258315
50  1.4  200  1780  1.53333333333  0.656234900926  16.6683664835
50  1.4  200  1780  1.5335  0.210067400969  16.6132109316
50  1.4  200  1780  1.53366666667  -0.233807771677  16.5717733572
50  1.4  200  1780  1.53383333333  -0.680712804465  16.3645387122
50  1.4  200  1780  1.534  -1.13350532719  15.8749423186
50  1.4  200  1780  1.53416666667  -1.5805765094  15.3543917663
50  1.4  200  1780  1.53433333333  -2.01856098701  14.8456062812
50  1.4  200  1780  1.5345  -2.45017925672  14.2375886653
50  1.4  200  1780  1.53466666667  -2.8693874315  13.6429868539
50  1.4  200  1780  1.53483333333  -3.27364981869  13.0865317141
50  1.4  200  1780  1.535  -3.66136349603  12.5706093963
50  1.4  200  1780  1.53516666667  -4.0321672706  12.06756504
50  1.4  200  1780  1.53533333333  -4.38610399045  11.541125406
50  1.4  200  1780  1.5355  -4.71940227505  11.053681783
50  1.4  200  1780  1.53566666667  -5.03566875399  10.4821389446
50  1.4  200  1780  1.53583333333  -5.33317582277  9.84093041733
50  1.4  200  1780  1.536  -5.60072234424  9.38727287994
50  1.4  200  1780  1.53616666667  -5.84996302548  8.80010770064
50  1.4  200  1780  1.53633333333  -6.07703344291  8.15492407843
50  1.4  200  1780  1.5365  -6.27224046656  7.67771172195
50  1.4  200  1780  1.53666666667  -6.44295430221  7.16358276264
50  1.4  200  1780  1.53683333333  -6.5912403069  6.54499343464
50  1.4  200  1780  1.537  -6.71330908508  5.90577115904
50  1.4  200  1780  1.53716666667  -6.81352089485  5.12545165639
50  1.4  200  1780  1.53733333333  -6.88687452655  4.32409976471
50  1.4  200  1780  1.5375  -6.93358682359  3.49201710221
50  1.4  200  1780  1.53766666667  -6.94761795628  2.78121664978
50  1.4  200  1780  1.53783333333  -6.92746825818  2.23118862777
50  1.4  200  1780  1.538  -6.88373687675  1.57690525076
50  1.4  200  1780  1.53816666667  -6.81388616045  0.889788754331
50  1.4  200  1780  1.53833333333  -6.71788171222  0.18042654857
50  1.4  200  1780  1.5385  -6.60148602877  -0.685125558312
50  1.4  200  1780  1.53866666667  -6.45973922764  -1.56580285369
50  1.4  200  1780  1.53883333333  -6.29255254955  -2.44166621065
50  1.4  200  1780  1.539  -6.09642931211  -3.20368410401
50  1.4  200  1780  1.53916666667  -5.87563567049  -3.93754971473
50  1.4  200  1780  1.53933333333  -5.6335939679  -4.70516148857
50  1.4  200  1780  1.5395  -5.37261910923  -5.53802580507
50  1.4  200  1780  1.53966666667  -5.08019734718  -6.08884585473
50  1.4  200  1780  1.53983333333  -4.77739303536  -6.86116938507
50  1.4  200  1780  1.54  -4.45616450998  -7.617336358
50  1.4  200  1780  1.54016666667  -4.11808404529  -8.36209764154
50  1.4  200  1780  1.54033333333  -3.76363567905  -9.0709186338
50  1.4  200  1780  1.5405  -3.39453977633  -9.74916853266
50  1.4  200  1780  1.54066666667  -3.01431912683  -10.4466504703
50  1.4  200  1780  1.54083333333  -2.62446302137  -11.1603256378
50  1.4  200  1780  1.541  -2.22123382248  -11.7533614617
50  1.4  200  1780  1.54116666667  -1.80969173391  -12.3115260956
50  1.4  200  1780  1.54133333333  -1.39503066125  -12.923288038
50  1.4  200  1780  1.5415  -0.977517807723  -13.5514533692
50  1.4  200  1780  1.54166666667  -0.559317706881  -14.2066697547
50  1.4  200  1780  1.54183333333  -0.146314488189  -14.9938869469
50  1.4  200  1780  1.542  0.27044051279  -15.6413017329
50  1.4  200  1780  1.54216666667  0.689906855384  -16.1310098189
50  1.4  200  1780  1.54233333333  1.10882731166  -16.5017639129
50  1.4  200  1780  1.5425  1.52446043881  -16.7797399592
50  1.4  200  1780  1.54266666667  1.93440584272  -16.9831469462
50  1.4  200  1780  1.54283333333  2.33730869045  -17.1045010487
50  1.4  200  1780  1.543  2.73141785345  -17.1474141363
50  1.4  200  1780  1.54316666667  3.11501692031  -17.1158073329
50  1.4  200  1780  1.54333333333  3.48689567632  -17.0020920171
50  1.4  200  1780  1.5435  3.84517146125  -16.8172585975
50  1.4  200  1780  1.54366666667  4.1871103764  -16.5955632029
50  1.4  200  1780  1.54383333333  4.516624073  -16.2042481153
50  1.4  200  1780  1.544  4.8254601669  -15.8214370567
50  1.4  200  1780  1.54416666667  5.11421708973  -15.4024822365
50  1.4  200  1780  1.54433333333  5.39081621184  -14.7188886428
50  1.4  200  1780  1.5445  5.64199549898  -14.0824828739
50  1.4  200  1780  1.54466666667  5.86585460455  -13.5188665728
50  1.4  200  1780  1.54483333333  6.07064339631  -12.7982773061
50  1.4  200  1780  1.545  6.25901619691  -11.8356106373
50  1.4  200  1780  1.54516666667  6.41987327229  -10.8977161137
50  1.4  200  1780  1.54533333333  6.55731979877  -9.86789903138
50  1.4  200  1780  1.5455  6.67093233082  -8.74720118283
50  1.4  200  1780  1.54566666667  6.76672106505  -7.37599768684
50  1.4  200  1780  1.54583333333  6.83786692496  -5.92330252745
50  1.4  200  1780  1.546  6.88196043019  -4.44891781231
50  1.4  200  1780  1.54616666667  6.89849112202  -2.96720788638
50  1.4  200  1780  1.54633333333  6.88894322019  -1.44466412722
50  1.4  200  1780  1.5465  6.85054178661  0.0412641499975
50  1.4  200  1780  1.54666666667  6.78725267888  1.58159600461
50  1.4  200  1780  1.54683333333  6.69047090303  2.94534136459
50  1.4  200  1780  1.547  6.56679216346  4.28494742348
50  1.4  200  1780  1.54716666667  6.41330600695  5.5088040285
50  1.4  200  1780  1.54733333333  6.23415417609  6.7018956492
50  1.4  200  1780  1.5475  6.03063556763  7.87454710212
50  1.4  200  1780  1.54766666667  5.81169111252  9.22882896201
50  1.4  200  1780  1.54783333333  5.56442342421  10.4098554056
50  1.4  200  1780  1.548  5.29218623932  11.4733637152
50  1.4  200  1780  1.54816666667  4.99552520057  12.4017263814
50  1.4  200  1780  1.54833333333  4.67637383339  13.2106531727
50  1.4  200  1780  1.5485  4.33680606133  13.9176368489
50  1.4  200  1780  1.54866666667  3.97975561651  14.5603650452
50  1.4  200  1780  1.54883333333  3.60358906946  15.0590205783
50  1.4  200  1780  1.549  3.21320091924  15.4982479975
50  1.4  200  1780  1.54916666667  2.80745421506  15.8083019576
50  1.4  200  1780  1.54933333333  2.39243824105  16.1019536934
50  1.4  200  1780  1.5495  1.97022147605  16.388981546
50  1.4  200  1780  1.54966666667  1.53638835404  16.5137734348
50  1.4  200  1780  1.54983333333  1.09690555482  16.5839021455
50  1.4  200  1780  1.55  0.655895782408  16.6597528732
50  1.4  200  1780  1.55016666667  0.213159673046  16.6917546423
50  1.4  200  1780  1.55033333333  -0.230787226484  16.6484952051
50  1.4  200  1780  1.5505  -0.678867018956  16.4114216642
50  1.4  200  1780  1.55066666667  -1.13224855686  15.906864285
50  1.4  200  1780  1.55083333333  -1.5797677241  15.3749349128
50  1.4  200  1780  1.551  -2.0181570198  14.8558670484
50  1.4  200  1780  1.55116666667  -2.45026724009  14.2353538878
50  1.4  200  1780  1.55133333333  -2.86948516649  13.640504385
50  1.4  200  1780  1.5515  -3.27335331576  13.0940628886
50  1.4  200  1780  1.55166666667  -3.66105191783  12.5785234826
50  1.4  200  1780  1.55183333333  -4.03220127307  12.0667013771
50  1.4  200  1780  1.552  -4.38652754168  11.5303672048
50  1.4  200  1780  1.55216666667  -4.71901477164  11.0635243696
50  1.4  200  1780  1.55233333333  -5.03555823737  10.484946067
50  1.4  200  1780  1.5525  -5.33743439799  9.73276260682
50  1.4  200  1780  1.55266666667  -5.59550861566  9.51970158575
50  1.4  200  1780  1.55283333333  -5.84088118346  9.03078648801
50  1.4  200  1780  1.553  -6.06577527265  8.44088160293
50  1.4  200  1780  1.55316666667  -6.26428694922  7.87973106239
50  1.4  200  1780  1.55333333333  -6.43859386146  7.27433795764
50  1.4  200  1780  1.5535  -6.58808543293  6.62512723327
50  1.4  200  1780  1.55366666667  -6.71700579803  5.81187465017
50  1.4  200  1780  1.55383333333  -6.81768292503  5.01973608984
50  1.4  200  1780  1.554  -6.88957834593  4.25542275254
50  1.4  200  1780  1.55416666667  -6.93310092715  3.5043588719
50  1.4  200  1780  1.55433333333  -6.9484627364  2.75975923458
50  1.4  200  1780  1.5545  -6.9356231262  2.02405498016
50  1.4  200  1780  1.55466666667  -6.89543069959  1.27988215048
50  1.4  200  1780  1.55483333333  -6.82776567874  0.537248989798
50  1.4  200  1780  1.555  -6.7282966356  -0.0841125053746
50  1.4  200  1780  1.55516666667  -6.61459282735  -1.01803824212
50  1.4  200  1780  1.55533333333  -6.46171706407  -1.61603989913
50  1.4  200  1780  1.5555  -6.28421709902  -2.22994576705
50  1.4  200  1780  1.55566666667  -6.08620931459  -2.94409616701
50  1.4  200  1780  1.55583333333  -5.86501411368  -3.66776217178
50  1.4  200  1780  1.556  -5.6254028044  -4.49710593564
50  1.4  200  1780  1.55616666667  -5.3647813522  -5.33894677659
50  1.4  200  1780  1.55633333333  -5.08353682404  -6.17366856707
50  1.4  200  1780  1.5565  -4.7785372086  -6.89023138538
50  1.4  200  1780  1.55666666667  -4.45805151952  -7.66526640029
50  1.4  200  1780  1.55683333333  -4.11716518261  -8.33875852945
50  1.4  200  1780  1.557  -3.75779576274  -8.92258475971
50  1.4  200  1780  1.55716666667  -3.38794444729  -9.58164717507
50  1.4  200  1780  1.55733333333  -3.00593884771  -10.2337913805
50  1.4  200  1780  1.5575  -2.61299171815  -10.868954536
50  1.4  200  1780  1.55766666667  -2.21520770796  -11.6002981528
50  1.4  200  1780  1.55783333333  -1.81116849981  -12.3490359495
50  1.4  200  1780  1.558  -1.40048064991  -13.06171775
50  1.4  200  1780  1.55816666667  -0.983954752451  -13.7149517653
50  1.4  200  1780  1.55833333333  -0.567753625563  -14.4209420893
50  1.4  200  1780  1.5585  -0.157386570482  -15.2751178372
50  1.4  200  1780  1.55866666667  0.259810197925  -15.9113117305
50  1.4  200  1780  1.55883333333  0.682788847324  -16.3118072236
50  1.4  200  1780  1.559  1.10320127974  -16.6446651238
50  1.4  200  1780  1.55916666667  1.52447915367  -16.7792646016
50  1.4  200  1780  1.55933333333  1.93476521206  -16.9740189648
50  1.4  200  1780  1.5595  2.33688935874  -17.115152074
50  1.4  200  1780  1.55966666667  2.73017760069  -17.1789165564
50  1.4  200  1780  1.55983333333  3.11322441803  -17.161336891
50  1.4  200  1780  1.56  3.48590984894  -17.0271320324
50  1.4  200  1780  1.56016666667  3.84442376742  -16.8362500208
50  1.4  200  1780  1.56033333333  4.18739247126  -16.5883979936
50  1.4  200  1780  1.5605  4.51414808093  -16.2671383136
50  1.4  200  1780  1.56066666667  4.82541247029  -15.8226485508
50  1.4  200  1780  1.56083333333  5.11652163625  -15.3439467549
50  1.4  200  1780  1.561  5.3849428148  -14.8680729275
50  1.4  200  1780  1.56116666667  5.64329464275  -14.049484622
50  1.4  200  1780  1.56133333333  5.87302781686  -13.3366669802
50  1.4  200  1780  1.5615  6.07331301243  -12.7304690568
50  1.4  200  1780  1.56166666667  6.26127690429  -11.7781886698
50  1.4  200  1780  1.56183333333  6.42131610481  -10.8610681676
50  1.4  200  1780  1.562  6.55805653825  -9.84918584852
50  1.4  200  1780  1.56216666667  6.67145685565  -8.73387825225
50  1.4  200  1780  1.56233333333  6.76104086396  -7.52027479453
50  1.4  200  1780  1.5625  6.82613865558  -6.22120056959
50  1.4  200  1780  1.56266666667  6.87175615491  -4.70810640444
50  1.4  200  1780  1.56283333333  6.89136754664  -3.14814670099
50  1.4  200  1780  1.563  6.88394122697  -1.57171475507
50  1.4  200  1780  1.56316666667  6.8472908738  -0.0413090353295
50  1.4  200  1780  1.56333333333  6.77809917969  1.34909712529
50  1.4  200  1780  1.5635  6.69614004681  3.08933761649
50  1.4  200  1780  1.56366666667  6.57579864519  4.51371205957
50  1.4  200  1780  1.56383333333  6.41822848498  5.63383497061
50  1.4  200  1780  1.564  6.23711011156  6.77697641008
50  1.4  200  1780  1.56416666667  6.03705775579  8.03767068136
50  1.4  200  1780  1.56433333333  5.80804941119  9.13632974829
50  1.4  200  1780  1.5645  5.55467370056  10.1622124248
50  1.4  200  1780  1.56466666667  5.27872679887  11.1314939277
50  1.4  200  1780  1.56483333333  4.98577672742  12.1541151632
50  1.4  200  1780  1.565  4.67054613382  13.0626296036
50  1.4  200  1780  1.56516666667  4.33209652555  13.79801464
50  1.4  200  1780  1.56533333333  3.97544091334  14.4507715849
50  1.4  200  1780  1.5655  3.60222020593  15.0242514447
50  1.4  200  1780  1.56566666667  3.21399700049  15.5184684613
50  1.4  200  1780  1.56583333333  2.80789891095  15.8195972332
50  1.4  200  1780  1.566  2.39366849945  16.1332022569
50  1.4  200  1780  1.56616666667  1.96822964103  16.3383889366
50  1.4  200  1780  1.56633333333  1.53493723088  16.4769149065
50  1.4  200  1780  1.5665  1.09664805629  16.5773616828
50  1.4  200  1780  1.56666666667  0.655334185284  16.6454883062
50  1.4  200  1780  1.56683333333  0.212003430934  16.6623860927
50  1.4  200  1780  1.567  -0.233827449573  16.5712735386
50  1.4  200  1780  1.56716666667  -0.684771132662  16.261457176
50  1.4  200  1780  1.56733333333  -1.14033404785  15.7014928138
50  1.4  200  1780  1.5675  -1.59070948908  15.0970140824
50  1.4  200  1780  1.56766666667  -2.03720701973  14.37199705
50  1.4  200  1780  1.56783333333  -2.45565239186  14.0985710328
50  1.4  200  1780  1.568  -2.87607893126  13.4730227599
50  1.4  200  1780  1.56816666667  -3.27245349248  13.1169183998
50  1.4  200  1780  1.56833333333  -3.65433413034  12.7491552849
50  1.4  200  1780  1.5685  -4.02365185881  12.2838564993
50  1.4  200  1780  1.56866666667  -4.37534167197  11.8144882955
50  1.4  200  1780  1.56883333333  -4.70816497126  11.3391092992
50  1.4  200  1780  1.569  -5.02573536463  10.7344470345
50  1.4  200  1780  1.56916666667  -5.32415313852  10.0701065972
50  1.4  200  1780  1.56933333333  -5.60053550743  9.39201853478
50  1.4  200  1780  1.5695  -5.84981779968  8.80379643609
50  1.4  200  1780  1.56966666667  -6.07618728853  8.17641639961
50  1.4  200  1780  1.56983333333  -6.27808443984  7.52927480047
50  1.4  200  1780  1.57  -6.45349682002  6.89580281028
50  1.4  200  1780  1.57016666667  -6.59920861028  6.34259852863
50  1.4  200  1780  1.57033333333  -6.72493246333  5.61053735139
50  1.4  200  1780  1.5705  -6.82069366714  4.94326324016
50  1.4  200  1780  1.57066666667  -6.89051613831  4.23160282619
50  1.4  200  1780  1.57083333333  -6.93280155586  3.51196290262
50  1.4  200  1780  1.571  -6.94790243149  2.7739909793
50  1.4  200  1780  1.57116666667  -6.9367177319  1.99625199546
50  1.4  200  1780  1.57133333333  -6.89261130549  1.35149476073
50  1.4  200  1780  1.5715  -6.82522813318  0.601702646972
50  1.4  200  1780  1.57166666667  -6.7345336551  -0.242532800773
50  1.4  200  1780  1.57183333333  -6.61095151568  -0.925548925794
50  1.4  200  1780  1.572  -6.46228745974  -1.63052794915
50  1.4  200  1780  1.57216666667  -6.29467884376  -2.49567408351
50  1.4  200  1780  1.57233333333  -6.09327262536  -3.12350426054
50  1.4  200  1780  1.5725  -5.87459963606  -3.91123444017
50  1.4  200  1780  1.57266666667  -5.63367147216  -4.7071300969
50  1.4  200  1780  1.57283333333  -5.37033690026  -5.48005769718
50  1.4  200  1780  1.573  -5.08269897155  -6.15238711383
50  1.4  200  1780  1.57316666667  -4.78204256633  -6.97926747173
50  1.4  200  1780  1.57333333333  -4.45586454506  -7.60971724904
50  1.4  200  1780  1.5735  -4.12071680275  -8.42896968092
50  1.4  200  1780  1.57366666667  -3.76134493342  -9.01273369485
50  1.4  200  1780  1.57383333333  -3.39380533286  -9.73051366858
50  1.4  200  1780  1.574  -3.00882974478  -10.3072201661
50  1.4  200  1780  1.57416666667  -2.6152783869  -10.9270359224
50  1.4  200  1780  1.57433333333  -2.21378053757  -11.564048025
50  1.4  200  1780  1.5745  -1.80559239807  -12.2074029653
50  1.4  200  1780  1.57466666667  -1.39227135239  -12.8532015928
50  1.4  200  1780  1.57483333333  -0.978883093535  -13.5861316288
50  1.4  200  1780  1.575  -0.564511043145  -14.3385804959
50  1.4  200  1780  1.57516666667  -0.154644251502  -15.2054629351
50  1.4  200  1780  1.57533333333  0.260937955756  -15.8826666816
50  1.4  200  1780  1.5755  0.684288692982  -16.2737111439
50  1.4  200  1780  1.57566666667  1.10549713817  -16.5863503197
50  1.4  200  1780  1.57583333333  1.52249020991  -16.8297837732
50  1.4  200  1780  1.576  1.93333840401  -17.0102598893
50  1.4  200  1780  1.57616666667  2.33678141517  -17.1178938408
50  1.4  200  1780  1.57633333333  2.73120708095  -17.1527677579
50  1.4  200  1780  1.5765  3.11500324048  -17.1161548006
50  1.4  200  1780  1.57666666667  3.48665225921  -17.0082748115
50  1.4  200  1780  1.57683333333  3.84474406386  -16.8281144912
50  1.4  200  1780  1.577  4.18818217873  -16.5683394238
50  1.4  200  1780  1.57716666667  4.51558591752  -16.2306172642
50  1.4  200  1780  1.57733333333  4.82570834627  -15.8151333008
50  1.4  200  1780  1.5775  5.11748096407  -15.3195798284
50  1.4  200  1780  1.57766666667  5.3899475742  -14.7409520389
50  1.4  200  1780  1.57783333333  5.64223036562  -14.0765172612
50  1.4  200  1780  1.578  5.87351338105  -13.3243336497
50  1.4  200  1780  1.57816666667  6.08304005968  -12.4834020567
50  1.4  200  1780  1.57833333333  6.27011417807  -11.5537219158
50  1.4  200  1780  1.5785  6.43410291427  -10.5362832074
50  1.4  200  1780  1.57866666667  6.57442698657  -9.4333764613
50  1.4  200  1780  1.57883333333  6.6905551986  -8.24878034131
50  1.4  200  1780  1.579  6.78199462809  -6.98804918579
50  1.4  200  1780  1.57916666667  6.84828225947  -5.65875303077
50  1.4  200  1780  1.57933333333  6.88897811216  -4.27066869027
50  1.4  200  1780  1.5795  6.9036406118  -2.83641084601
50  1.4  200  1780  1.57966666667  6.89187407041  -1.37022053176
50  1.4  200  1780  1.57983333333  6.8533328647  0.112157533558
50  1.4  200  1780  1.58  6.78772502687  1.59359364368
50  1.4  200  1780  1.58016666667  6.69484636449  3.05647808555
50  1.4  200  1780  1.58033333333  6.5746212693  4.48380671199
50  1.4  200  1780  1.5805  6.42713047352  5.8599454795
50  1.4  200  1780  1.58066666667  6.25263609354  7.1713363522
50  1.4  200  1780  1.58083333333  6.05160283805  8.40711577088
50  1.4  200  1780  1.581  5.82468035888  9.55875581941
50  1.4  200  1780  1.58116666667  5.57269175627  10.6198710398
50  1.4  200  1780  1.58133333333  5.2966845703  11.5876213221
50  1.4  200  1780  1.5815  4.99787528884  12.4614186234
50  1.4  200  1780  1.58166666667  4.6775740276  13.2411381054
50  1.4  200  1780  1.58183333333  4.33723418272  13.9285111322
50  1.4  200  1780  1.582  3.97820210607  14.5209058802
50  1.4  200  1780  1.58216666667  3.60164961501  15.0097584351
50  1.4  200  1780  1.58233333333  3.21033108541  15.4253542182
50  1.4  200  1780  1.5825  2.80687638428  15.7936250558
50  1.4  200  1780  1.58266666667  2.39173779376  16.0841623324
50  1.4  200  1780  1.58283333333  1.96919509897  16.3629115681
50  1.4  200  1780  1.583  1.53652605664  16.517271081
50  1.4  200  1780  1.58316666667  1.09686317214  16.5828256254
50  1.4  200  1780  1.58333333333  0.654716211246  16.6297917656
50  1.4  200  1780  1.5835  0.211817967856  16.6576753305
50  1.4  200  1780  1.58366666667  -0.230912050148  16.645324684
50  1.4  200  1780  1.58383333333  -0.681031599331  16.3564413226
50  1.4  200  1780  1.584  -1.13978682389  15.7153923025
50  1.4  200  1780  1.58416666667  -1.59041251459  15.1045572345
50  1.4  200  1780  1.58433333333  -2.03195843655  14.5053110628
50  1.4  200  1780  1.5845  -2.46927326782  13.7526007833
50  1.4  200  1780  1.58466666667  -2.86784341515  13.6822048691
50  1.4  200  1780  1.58483333333  -3.27168024899  13.1365587845
50  1.4  200  1780  1.585  -3.65396080216  12.7586378207
50  1.4  200  1780  1.58516666667  -4.02215635164  12.3218423814
50  1.4  200  1780  1.58533333333  -4.37401225763  11.8482554197
50  1.4  200  1780  1.5855  -4.71253289328  11.2281640802
50  1.4  200  1780  1.58566666667  -5.03095288762  10.6019219505
50  1.4  200  1780  1.58583333333  -5.32716603261  9.99357908744
50  1.4  200  1780  1.586  -5.60038641164  9.39580556793
50  1.4  200  1780  1.58616666667  -5.85015276142  8.79528840799
50  1.4  200  1780  1.58633333333  -6.07579209798  8.18645423965
50  1.4  200  1780  1.5865  -6.27681788572  7.56144527515
50  1.4  200  1780  1.58666666667  -6.45235901949  6.92470294385
50  1.4  200  1780  1.58683333333  -6.60196777555  6.2725157309
50  1.4  200  1780  1.587  -6.72525793931  5.60227026149
50  1.4  200  1780  1.58716666667  -6.82186020073  4.91363328716
50  1.4  200  1780  1.58733333333  -6.89133538335  4.21079400201
50  1.4  200  1780  1.5875  -6.93497162844  3.45684305897
50  1.4  200  1780  1.58766666667  -6.95165626188  2.67864368748
50  1.4  200  1780  1.58783333333  -6.94114912951  1.88369449608
50  1.4  200  1780  1.588  -6.88599178198  1.51963065773
50  1.4  200  1780  1.58816666667  -6.8215440697  0.695277859391
50  1.4  200  1780  1.58833333333  -6.72681152194  -0.046390618521
50  1.4  200  1780  1.5885  -6.59922331104  -0.627652527895
50  1.4  200  1780  1.58866666667  -6.44988640314  -1.31554111145
50  1.4  200  1780  1.58883333333  -6.27811688073  -2.07500022269
50  1.4  200  1780  1.589  -6.08789040591  -2.98679588664
50  1.4  200  1780  1.58916666667  -5.87193812189  -3.84363198022
50  1.4  200  1780  1.58933333333  -5.63183193692  -4.66040590164
50  1.4  200  1780  1.5895  -5.36943344149  -5.45710984455
50  1.4  200  1780  1.58966666667  -5.08592763232  -6.23439509733
50  1.4  200  1780  1.58983333333  -4.78185994512  -6.97462889281
50  1.4  200  1780  1.59  -4.45786281502  -7.66047330601
50  1.4  200  1780  1.59016666667  -4.11984213882  -8.40675321721
50  1.4  200  1780  1.59033333333  -3.75862816212  -8.94372770376
50  1.4  200  1780  1.5905  -3.39433200842  -9.74389122791
50  1.4  200  1780  1.59066666667  -3.01461557452  -10.4541802416
50  1.4  200  1780  1.59083333333  -2.61801044891  -10.9964302972
50  1.4  200  1780  1.591  -2.21393732061  -11.5680303144
50  1.4  200  1780  1.59116666667  -1.80511850258  -12.1953660199
50  1.4  200  1780  1.59133333333  -1.39238185345  -12.8560083199
50  1.4  200  1780  1.5915  -0.979127977196  -13.5923516738
50  1.4  200  1780  1.59166666667  -0.56418963985  -14.3304168522
50  1.4  200  1780  1.59183333333  -0.154635512115  -15.2052409547
50  1.4  200  1780  1.592  0.26030716858  -15.8986886758
50  1.4  200  1780  1.59216666667  0.683135174606  -16.3030105106
50  1.4  200  1780  1.59233333333  1.10461437641  -16.6087724683
50  1.4  200  1780  1.5925  1.52269524252  -16.824575945
50  1.4  200  1780  1.59266666667  1.93430845815  -16.9856205141
50  1.4  200  1780  1.59283333333  2.33731348563  -17.104379251
50  1.4  200  1780  1.593  2.73081073476  -17.1628349512
50  1.4  200  1780  1.59316666667  3.1134784252  -17.1548851086
50  1.4  200  1780  1.59333333333  3.48541943441  -17.0395885614
50  1.4  200  1780  1.5935  3.84398114792  -16.847492556
50  1.4  200  1780  1.59366666667  4.18731260045  -16.590426712
50  1.4  200  1780  1.59383333333  4.51446726107  -16.2590311381
50  1.4  200  1780  1.594  4.82472826326  -15.8400274092
50  1.4  200  1780  1.59416666667  5.11589236249  -15.3599303084
50  1.4  200  1780  1.59433333333  5.38347582253  -14.9053345312
50  1.4  200  1780  1.5945  5.64539950845  -13.9960210334
50  1.4  200  1780  1.59466666667  5.87504946694  -13.2853170681
50  1.4  200  1780  1.59483333333  6.07566254496  -12.6707909304
50  1.4  200  1780  1.595  6.25855224188  -11.8473950952
50  1.4  200  1780  1.59516666667  6.42095301312  -10.8702906966
50  1.4  200  1780  1.59533333333  6.56507552817  -9.67090350456
50  1.4  200  1780  1.5955  6.68363883437  -8.42445599271
50  1.4  200  1780  1.59566666667  6.77619318353  -7.13540587757
50  1.4  200  1780  1.59583333333  6.8450687222  -5.74037687741
50  1.4  200  1780  1.596  6.88493473752  -4.37337040626
50  1.4  200  1780  1.59616666667  6.90292532109  -2.85457923007
50  1.4  200  1780  1.59633333333  6.89142340779  -1.38166736232
50  1.4  200  1780  1.5965  6.85263375696  0.0944001969515
50  1.4  200  1780  1.59666666667  6.78469243731  1.51656586872
50  1.4  200  1780  1.59683333333  6.6960011089  3.0858085937
50  1.4  200  1780  1.597  6.57575083916  4.5124977862
50  1.4  200  1780  1.59716666667  6.41945742151  5.66504995852
50  1.4  200  1780  1.59733333333  6.2393939702  6.83498641955
50  1.4  200  1780  1.5975  6.0351177871  7.98839547668
50  1.4  200  1780  1.59766666667  5.81172941525  9.2298018512
50  1.4  200  1780  1.59783333333  5.5645496631  10.4130618733
50  1.4  200  1780  1.598  5.29232231666  11.4768200796
50  1.4  200  1780  1.59816666667  4.9958816506  12.410780212
50  1.4  200  1780  1.59833333333  4.67638611721  13.2109651816
50  1.4  200  1780  1.5985  4.33525578895  13.8782599304
50  1.4  200  1780  1.59866666667  3.97506273288  14.4411658012
50  1.4  200  1780  1.59883333333  3.60090782551  14.9909169819
50  1.4  200  1780  1.599  3.2090449761  15.3926870417
50  1.4  200  1780  1.59916666667  2.79623919248  15.5234403841
50  1.4  200  1780  1.59933333333  2.40179697021  16.3396654141
50  1.4  200  1780  1.5995  1.97317878851  16.4640972824
50  1.4  200  1780  1.59966666667  1.53698269104  16.5288695946
50  1.4  200  1780  1.59983333333  1.09937574817  16.6466450565
50  1.4  200  1780  1.6  0.658329638521  16.7215728184
50  1.4  200  1780  1.60016666667  0.214165352603  16.7172989031
50  1.4  200  1780  1.60033333333  -0.230414582661  16.6579603582
50  1.4  200  1780  1.6005  -0.67891448627  16.4102159944
50  1.4  200  1780  1.60066666667  -1.13226511211  15.9064437816
50  1.4  200  1780  1.60083333333  -1.57966461431  15.3775539016
50  1.4  200  1780  1.601  -2.01803494701  14.8589676973
50  1.4  200  1780  1.60116666667  -2.45036701961  14.232819488
50  1.4  200  1780  1.60133333333  -2.86975495202  13.6336518327
50  1.4  200  1780  1.6015  -3.27404840353  13.0764076591
50  1.4  200  1780  1.60166666667  -3.66051841534  12.5920744459
50  1.4  200  1780  1.60183333333  -4.03328588142  12.0391523251
50  1.4  200  1780  1.602  -4.39559453027  11.3000656946
50  1.4  200  1780  1.60216666667  -4.71440220439  11.1806835778
50  1.4  200  1780  1.60233333333  -5.03176491537  10.5812964456
50  1.4  200  1780  1.6025  -5.32445740471  10.062378236
50  1.4  200  1780  1.60266666667  -5.59378569103  9.56346387143
50  1.4  200  1780  1.60283333333  -5.83591283839  9.15698245285
50  1.4  200  1780  1.603  -6.05908720293  8.610758574
50  1.4  200  1780  1.60316666667  -6.26045402018  7.97708745979
50  1.4  200  1780  1.60333333333  -6.44301128839  7.16213531368
50  1.4  200  1780  1.6035  -6.59794566768  6.37467727067
50  1.4  200  1780  1.60366666667  -6.72431240439  5.62628684846
50  1.4  200  1780  1.60383333333  -6.8249023771  4.83636200735
50  1.4  200  1780  1.604  -6.8900593056  4.24320637681
50  1.4  200  1780  1.60416666667  -6.93148321925  3.54544865252
50  1.4  200  1780  1.60433333333  -6.9490050029  2.7459856655
50  1.4  200  1780  1.6045  -6.93363843078  2.07446624374
50  1.4  200  1780  1.60466666667  -6.89334151949  1.33294732506
50  1.4  200  1780  1.60483333333  -6.83600008102  0.328095171973
50  1.4  200  1780  1.605  -6.7292670897  -0.108762039627
50  1.4  200  1780  1.60516666667  -6.60381854544  -0.744371481651
50  1.4  200  1780  1.60533333333  -6.45331342271  -1.40258740843
50  1.4  200  1780  1.6055  -6.27818232658  -2.07666254718
50  1.4  200  1780  1.60566666667  -6.08514194281  -2.91698492389
50  1.4  200  1780  1.60583333333  -5.87098570735  -3.81944065097
50  1.4  200  1780  1.606  -5.63621392639  -4.77170843415
50  1.4  200  1780  1.60616666667  -5.36869836972  -5.43843902156
50  1.4  200  1780  1.60633333333  -5.07828363406  -6.04023754168
50  1.4  200  1780  1.6065  -4.771188332  -6.70356991958
50  1.4  200  1780  1.60666666667  -4.44677160955  -7.37875668717
50  1.4  200  1780  1.60683333333  -4.10640862384  -8.06554193666
50  1.4  200  1780  1.607  -3.75105761753  -8.75143587131
50  1.4  200  1780  1.60716666667  -3.38682812041  -9.55329247227
50  1.4  200  1780  1.60733333333  -3.01038058217  -10.346611436
50  1.4  200  1780  1.6075  -2.62202005551  -11.0982743049
50  1.4  200  1780  1.60766666667  -2.2227222642  -11.7911678814
50  1.4  200  1780  1.60783333333  -1.8144844325  -12.4332606399
50  1.4  200  1780  1.608  -1.4011887857  -13.079704399
50  1.4  200  1780  1.60816666667  -0.986722265961  -13.7852466084
50  1.4  200  1780  1.60833333333  -0.569641917274  -14.4689046987
50  1.4  200  1780  1.6085  -0.153383484452  -15.173439452
50  1.4  200  1780  1.60866666667  0.262117560589  -15.8527047188
50  1.4  200  1780  1.60883333333  0.681869952824  -16.3351471439
50  1.4  200  1780  1.609  1.1021571483  -16.6711860624
50  1.4  200  1780  1.60916666667  1.51910218444  -16.9158396203
50  1.4  200  1780  1.60933333333  1.9310167788  -17.0692291697
50  1.4  200  1780  1.6095  2.33463747548  -17.1723499088
50  1.4  200  1780  1.60966666667  2.72950279556  -17.1960566067
50  1.4  200  1780  1.60983333333  3.11304498889  -17.1658943911
50  1.4  200  1780  1.61  3.48410668033  -17.0729325152
50  1.4  200  1780  1.61016666667  3.84293465325  -16.8740735206
50  1.4  200  1780  1.61033333333  4.18677899432  -16.6039803078
50  1.4  200  1780  1.6105  4.51432009714  -16.262769102
50  1.4  200  1780  1.61066666667  4.82345964929  -15.8722502041
50  1.4  200  1780  1.61083333333  5.11541309292  -15.3721037556
50  1.4  200  1780  1.611  5.3890174764  -14.764576523
50  1.4  200  1780  1.61116666667  5.64184443244  -14.086319964
50  1.4  200  1780  1.61133333333  5.87177358187  -13.3685245489
50  1.4  200  1780  1.6115  6.08273809734  -12.4910719
50  1.4  200  1780  1.61166666667  6.26868271532  -11.5900810696
50  1.4  200  1780  1.61183333333  6.43361982535  -10.5485536659
50  1.4  200  1780  1.612  6.57404053154  -9.44319241907
50  1.4  200  1780  1.61216666667  6.6898931079  -8.26559744486
50  1.4  200  1780  1.61233333333  6.78109964749  -7.0107816929
50  1.4  200  1780  1.6125  6.84735945313  -5.68219231176
50  1.4  200  1780  1.61266666667  6.88734183347  -4.31223016894
50  1.4  200  1780  1.61283333333  6.90471377318  -2.80915254686
50  1.4  200  1780  1.613  6.89194185829  -1.36849871958
50  1.4  200  1780  1.61316666667  6.85124776706  0.0591960535917
50  1.4  200  1780  1.61333333333  6.78912198735  1.6290764399
50  1.4  200  1780  1.6135  6.69480331962  3.05538474578
50  1.4  200  1780  1.61366666667  6.57389075369  4.46525161545
50  1.4  200  1780  1.61383333333  6.42907682028  5.90938268713
50  1.4  200  1780  1.614  6.25287368821  7.17737125683
50  1.4  200  1780  1.61416666667  6.04931970261  8.34912413067
50  1.4  200  1780  1.61433333333  5.82659984179  9.60751068533
50  1.4  200  1780  1.6145  5.57313792353  10.6312036882
50  1.4  200  1780  1.61466666667  5.29785941293  11.6174623249
50  1.4  200  1780  1.61483333333  5.00050242907  12.5281479852
50  1.4  200  1780  1.615  4.67891345646  13.2751595985
50  1.4  200  1780  1.61516666667  4.3382717104  13.9548643352
50  1.4  200  1780  1.61533333333  3.98115519283  14.5959142839
50  1.4  200  1780  1.6155  3.60351291468  15.0570862468
50  1.4  200  1780  1.61566666667  3.21005018087  15.4182192429
50  1.4  200  1780  1.61583333333  2.80747932112  15.8089396513
50  1.4  200  1780  1.616  2.39166964711  16.0824314073
50  1.4  200  1780  1.61616666667  1.96572512788  16.2747743024
50  1.4  200  1780  1.61633333333  1.53299275219  16.4275251479
50  1.4  200  1780  1.6165  1.09647648648  16.5730038097
50  1.4  200  1780  1.61666666667  0.656388593511  16.6722702752
50  1.4  200  1780  1.61683333333  0.213029633911  16.6884516483
50  1.4  200  1780  1.617  -0.231186712539  16.6383482593
50  1.4  200  1780  1.61716666667  -0.681888252285  16.3346823376
50  1.4  200  1780  1.61733333333  -1.1392666749  15.7286040868
50  1.4  200  1780  1.6175  -1.59028637647  15.1077611425
50  1.4  200  1780  1.61766666667  -2.03098782471  14.5299646036
50  1.4  200  1780  1.61783333333  -2.45933615607  14.0050034218
50  1.4  200  1780  1.618  -2.87380679101  13.5307351222
50  1.4  200  1780  1.61816666667  -3.27556814297  13.0378062774
50  1.4  200  1780  1.61833333333  -3.66334605287  12.5202524526
50  1.4  200  1780  1.6185  -4.03303596448  12.0455002153
50  1.4  200  1780  1.61866666667  -4.38609380548  11.5413841044
50  1.4  200  1780  1.61883333333  -4.71747929426  11.1025254951
50  1.4  200  1780  1.619  -5.03479571982  10.5043140126
50  1.4  200  1780  1.61916666667  -5.33100242297  9.89613477217
50  1.4  200  1780  1.61933333333  -5.59869400336  9.43879273833
50  1.4  200  1780  1.6195  -5.85028390076  8.79195746854
50  1.4  200  1780  1.61966666667  -6.07975769593  8.08572805175
50  1.4  200  1780  1.61983333333  -6.27376566474  7.63897168807
50  1.4  200  1780  1.62  -6.4532784815  6.90134860874
50  1.4  200  1780  1.62016666667  -6.6000955852  6.32006936567
50  1.4  200  1780  1.62033333333  -6.71769333719  5.79441115551
50  1.4  200  1780  1.6205  -6.81454339185  5.09948023272
50  1.4  200  1780  1.62066666667  -6.88165081161  4.4567821242
50  1.4  200  1780  1.62083333333  -6.91965477071  3.84589124528
50  1.4  200  1780  1.621  -6.93169386234  3.18568863582
50  1.4  200  1780  1.62116666667  -6.91813326945  2.46829734149
50  1.4  200  1780  1.62133333333  -6.88417594979  1.56575279549
50  1.4  200  1780  1.6215  -6.82215033642  0.679878684738
50  1.4  200  1780  1.62166666667  -6.73082098905  -0.148231082911
50  1.4  200  1780  1.62183333333  -6.61347353787  -0.989608289502
50  1.4  200  1780  1.622  -6.47010535367  -1.82910245485
50  1.4  200  1780  1.62216666667  -6.28721337865  -2.30605126984
50  1.4  200  1780  1.62233333333  -6.08677208853  -2.95839062507
50  1.4  200  1780  1.6225  -5.86643284564  -3.70379796351
50  1.4  200  1780  1.62266666667  -5.62310322747  -4.43869668169
50  1.4  200  1780  1.62283333333  -5.35708372818  -5.14342712627
50  1.4  200  1780  1.623  -5.0711806227  -5.85982105292
50  1.4  200  1780  1.62316666667  -4.77101698285  -6.69921765115
50  1.4  200  1780  1.62333333333  -4.45319962435  -7.54202826289
50  1.4  200  1780  1.6235  -4.11618881532  -8.31395880024
50  1.4  200  1780  1.62366666667  -3.76513016868  -9.10887867057
50  1.4  200  1780  1.62383333333  -3.40004123373  -9.88890555061
50  1.4  200  1780  1.624  -3.01166231644  -10.3791674863
50  1.4  200  1780  1.62416666667  -2.6167078954  -10.9633454381
50  1.4  200  1780  1.62433333333  -2.21620201554  -11.6255535654
50  1.4  200  1780  1.6245  -1.80694037497  -12.2416415785
50  1.4  200  1780  1.62466666667  -1.3924428142  -12.8575567229
50  1.4  200  1780  1.62483333333  -0.97480182811  -13.482467487
50  1.4  200  1780  1.625  -0.557222814874  -14.1534594978
50  1.4  200  1780  1.62516666667  -0.145251320087  -14.9668824772
50  1.4  200  1780  1.62533333333  0.270838183419  -15.6312008989
50  1.4  200  1780  1.6255  0.69006111472  -16.1270916317
50  1.4  200  1780  1.62566666667  1.10884158363  -16.5014014049
50  1.4  200  1780  1.62583333333  1.52385631108  -16.7950848035
50  1.4  200  1780  1.626  1.93386914349  -16.9967791066
50  1.4  200  1780  1.62616666667  2.33690621868  -17.1147238315
50  1.4  200  1780  1.62633333333  2.73071525247  -17.1652602013
50  1.4  200  1780  1.6265  3.11482163834  -17.1207674949
50  1.4  200  1780  1.62666666667  3.48557087358  -17.0357420067
50  1.4  200  1780  1.62683333333  3.84097046837  -16.9239638166
50  1.4  200  1780  1.627  4.18988413936  -16.5251096238
50  1.4  200  1780  1.62716666667  4.51666812201  -16.2031292702
50  1.4  200  1780  1.62733333333  4.8221802599  -15.9047466946
50  1.4  200  1780  1.6275  5.11002553455  -15.508947738
50  1.4  200  1780  1.62766666667  5.38090724184  -14.9705764809
50  1.4  200  1780  1.62783333333  5.63177229733  -14.3421521958
50  1.4  200  1780  1.628  5.86564214472  -13.5242630524
50  1.4  200  1780  1.62816666667  6.07741918727  -12.6261722159
50  1.4  200  1780  1.62833333333  6.2659220136  -11.6602028934
50  1.4  200  1780  1.6285  6.43108622506  -10.6129071132
50  1.4  200  1780  1.62866666667  6.57273568817  -9.4763354405
50  1.4  200  1780  1.62883333333  6.68792097404  -8.315689645
50  1.4  200  1780  1.629  6.77791504603  -7.09167056998
50  1.4  200  1780  1.62916666667  6.84620166074  -5.7116002387
50  1.4  200  1780  1.62933333333  6.88960593673  -4.25472194623
50  1.4  200  1780  1.6295  6.90411811155  -2.82428235237
50  1.4  200  1780  1.62966666667  6.89385686105  -1.31985764937
50  1.4  200  1780  1.62983333333  6.85319342716  0.10861582002
50  1.4  200  1780  1.63  6.789136849  1.62945392577
50  1.4  200  1780  1.63016666667  6.69454447187  3.04881001293
50  1.4  200  1780  1.63033333333  6.57312532405  4.44580970246
50  1.4  200  1780  1.6305  6.42953173632  5.92093755444
50  1.4  200  1780  1.63066666667  6.25310256991  7.18318485211
50  1.4  200  1780  1.63083333333  6.05005757525  8.36786609569
50  1.4  200  1780  1.631  5.82710199486  9.62026537329
50  1.4  200  1780  1.63116666667  5.57278648691  10.6222771981
50  1.4  200  1780  1.63133333333  5.29542627016  11.5556604986
50  1.4  200  1780  1.6315  4.99280999114  12.3327600619
50  1.4  200  1780  1.63166666667  4.67159105492  13.0891705996
50  1.4  200  1780  1.63183333333  4.33030043757  13.7523940055
50  1.4  200  1780  1.632  3.97098968137  14.3377102929
50  1.4  200  1780  1.63216666667  3.59708225397  14.8937474648
50  1.4  200  1780  1.63233333333  3.20885863857  15.3879540685
50  1.4  200  1780  1.6325  2.80708800626  15.799000254
50  1.4  200  1780  1.63266666667  2.39229351382  16.0982776218
50  1.4  200  1780  1.63283333333  1.96717353004  16.3115637174
50  1.4  200  1780  1.633  1.53680400732  16.5243310282
50  1.4  200  1780  1.63316666667  1.09680208838  16.5812740979
50  1.4  200  1780  1.63333333333  0.653529448989  16.5996480043
50  1.4  200  1780  1.6335  0.211454186262  16.648435278
50  1.4  200  1780  1.63366666667  -0.231810421266  16.6225060576
50  1.4  200  1780  1.63383333333  -0.679020329842  16.4075275676
50  1.4  200  1780  1.634  -1.13208002404  15.9111450186
50  1.4  200  1780  1.63416666667  -1.57979128959  15.3743363493
50  1.4  200  1780  1.63433333333  -2.01809199782  14.8575186066
50  1.4  200  1780  1.6345  -2.45001880666  14.2416640969
50  1.4  200  1780  1.63466666667  -2.86977232253  13.6332106218
50  1.4  200  1780  1.63483333333  -3.27452070458  13.0644112126
50  1.4  200  1780  1.635  -3.66075345547  12.5861044266
50  1.4  200  1780  1.63516666667  -4.03143923208  12.0860572182
50  1.4  200  1780  1.63533333333  -4.38647225266  11.531771546
50  1.4  200  1780  1.6355  -4.72207108361  10.9858940457
50  1.4  200  1780  1.63566666667  -5.03923717492  10.3915010532
50  1.4  200  1780  1.63583333333  -5.32833386185  9.96391622458
50  1.4  200  1780  1.636  -5.601317966  9.37214408724
50  1.4  200  1780  1.63616666667  -5.84450010476  8.93886588701
50  1.4  200  1780  1.63633333333  -6.07501282113  8.20624787175
50  1.4  200  1780  1.6365  -6.27444385903  7.62174555315
50  1.4  200  1780  1.63666666667  -6.44418546357  7.13231126418
50  1.4  200  1780  1.63683333333  -6.59224805358  6.51939666877
50  1.4  200  1780  1.637  -6.71402164951  5.88767202266
50  1.4  200  1780  1.63716666667  -6.80844036712  5.25449706075
50  1.4  200  1780  1.63733333333  -6.88186308844  4.45139029291
50  1.4  200  1780  1.6375  -6.92875540904  3.61473503183
50  1.4  200  1780  1.63766666667  -6.94638217334  2.81260553637
50  1.4  200  1780  1.63783333333  -6.93391118945  2.06753817368
50  1.4  200  1780  1.638  -6.89437759934  1.30663089677
50  1.4  200  1780  1.63816666667  -6.82848795684  0.518903126023
50  1.4  200  1780  1.63833333333  -6.73240649168  -0.188502849793
50  1.4  200  1780  1.6385  -6.60779882961  -0.845470699604
50  1.4  200  1780  1.63866666667  -6.4661083996  -1.72757982144
50  1.4  200  1780  1.63883333333  -6.2904654969  -2.38865507323
50  1.4  200  1780  1.639  -6.09679081386  -3.21286624846
50  1.4  200  1780  1.63916666667  -5.87937926967  -4.03263713404
50  1.4  200  1780  1.63933333333  -5.63068491271  -4.6312714869
50  1.4  200  1780  1.6395  -5.36905984216  -5.44762042154
50  1.4  200  1780  1.63966666667  -5.08507228295  -6.21266922334
50  1.4  200  1780  1.63983333333  -4.77797946908  -6.87606480137
50  1.4  200  1780  1.64  -4.45907001151  -7.69113609687
50  1.4  200  1780  1.64016666667  -4.12025897794  -8.41734093083
50  1.4  200  1780  1.64033333333  -3.75846651384  -8.93962183755
50  1.4  200  1780  1.6405  -3.38622134072  -9.53788026822
50  1.4  200  1780  1.64066666667  -3.00397845864  -10.1839974981
50  1.4  200  1780  1.64083333333  -2.61219473417  -10.8487111428
50  1.4  200  1780  1.641  -2.21210386366  -11.5214605077
50  1.4  200  1780  1.64116666667  -1.80470587069  -12.1848851698
50  1.4  200  1780  1.64133333333  -1.39505608769  -12.9239338695
50  1.4  200  1780  1.6415  -0.981590377734  -13.6548966475
50  1.4  200  1780  1.64166666667  -0.566507022065  -14.3892783604
50  1.4  200  1780  1.64183333333  -0.155925799593  -15.2380142566
50  1.4  200  1780  1.642  0.260919080277  -15.8831461187
50  1.4  200  1780  1.64216666667  0.680703549667  -16.3647737841
50  1.4  200  1780  1.64233333333  1.10263838961  -16.6589625331
50  1.4  200  1780  1.6425  1.51924725604  -16.9121548015
50  1.4  200  1780  1.64266666667  1.92964751275  -17.1040085273
50  1.4  200  1780  1.64283333333  2.33661704404  -17.1220688675
50  1.4  200  1780  1.643  2.73029649314  -17.1758966883
50  1.4  200  1780  1.64316666667  3.11323675971  -17.1610234123
50  1.4  200  1780  1.64333333333  3.48439847244  -17.0655209955
50  1.4  200  1780  1.6435  3.84161583023  -16.9075716252
50  1.4  200  1780  1.64366666667  4.18567701673  -16.6319705386
50  1.4  200  1780  1.64383333333  4.51355979734  -16.282080717
50  1.4  200  1780  1.644  4.8241100875  -15.8557290735
50  1.4  200  1780  1.64416666667  5.11553697787  -15.3689570778
50  1.4  200  1780  1.64433333333  5.38772137688  -14.7974974507
50  1.4  200  1780  1.6445  5.63936211443  -14.1493708415
50  1.4  200  1780  1.64466666667  5.87202525492  -13.3621320533
50  1.4  200  1780  1.64483333333  6.08197127781  -12.5105491162
50  1.4  200  1780  1.645  6.26975378569  -11.5628758822
50  1.4  200  1780  1.64516666667  6.43352572279  -10.550943871
50  1.4  200  1780  1.64533333333  6.5734258885  -9.45880435213
50  1.4  200  1780  1.6455  6.68957638853  -8.27364211689
50  1.4  200  1780  1.64566666667  6.78117448424  -7.00888083939
50  1.4  200  1780  1.64583333333  6.84760441014  -5.67597040392
50  1.4  200  1780  1.646  6.88755924243  -4.30670798145
50  1.4  200  1780  1.64616666667  6.90218594141  -2.87335947379
50  1.4  200  1780  1.64633333333  6.89121026629  -1.38708115622
50  1.4  200  1780  1.6465  6.8526535067  0.0949018403593
50  1.4  200  1780  1.64666666667  6.78685771097  1.57156381974
50  1.4  200  1780  1.64683333333  6.69457452603  3.04957338858
50  1.4  200  1780  1.647  6.5739358748  4.46639769156
50  1.4  200  1780  1.64716666667  6.42707489117  5.85853368771
50  1.4  200  1780  1.64733333333  6.25250294555  7.1679543934
50  1.4  200  1780  1.6475  6.05131827896  8.39988796995
50  1.4  200  1780  1.64766666667  5.82494775992  9.56554780603
50  1.4  200  1780  1.64783333333  5.5734562548  10.6392893026
50  1.4  200  1780  1.648  5.30124867539  11.7035495914
50  1.4  200  1780  1.64816666667  4.99845991181  12.4762680468
50  1.4  200  1780  1.64833333333  4.67677148158  13.2207534366
50  1.4  200  1780  1.6485  4.34011677559  14.001728991
50  1.4  200  1780  1.64866666667  3.97889923487  14.5386129517
50  1.4  200  1780  1.64883333333  3.60243370744  15.029674383
50  1.4  200  1780  1.649  3.20819067501  15.370987794
50  1.4  200  1780  1.64916666667  2.80507600463  15.7478954126
50  1.4  200  1780  1.64933333333  2.39206936429  16.0925842237
50  1.4  200  1780  1.6495  1.96874429521  16.3514611526
50  1.4  200  1780  1.64966666667  1.53656425748  16.5182413822
50  1.4  200  1780  1.64983333333  1.09828486265  16.6189365642
50  1.4  200  1780  1.65  0.656066485732  16.6640887376
50  1.4  200  1780  1.65016666667  0.211358106995  16.6459948646
50  1.4  200  1780  1.65033333333  -0.234044941072  16.5657492545
50  1.4  200  1780  1.6505  -0.684781296814  16.2611990065
50  1.4  200  1780  1.65066666667  -1.14196487256  15.6600698662
50  1.4  200  1780  1.65083333333  -1.59192524322  15.0661339273
50  1.4  200  1780  1.651  -2.02901004895  14.580200108
50  1.4  200  1780  1.65116666667  -2.4593069988  14.0057440165
50  1.4  200  1780  1.65133333333  -2.87294518837  13.5526198294
50  1.4  200  1780  1.6515  -3.27968171136  12.9333216403
50  1.4  200  1780  1.65166666667  -3.65412393205  12.7544943213
50  1.4  200  1780  1.65183333333  -4.02240536614  12.3155174132
50  1.4  200  1780  1.652  -4.37390102362  11.8510807636
50  1.4  200  1780  1.65216666667  -4.70764700378  11.3522656733
50  1.4  200  1780  1.65233333333  -5.02714282363  10.6986975757
50  1.4  200  1780  1.6525  -5.32504404008  10.0474776977
50  1.4  200  1780  1.65266666667  -5.60036809179  9.39627089216
50  1.4  200  1780  1.65283333333  -5.85149736525  8.76113547068
50  1.4  200  1780  1.653  -6.07750633557  8.14291260478
50  1.4  200  1780  1.65316666667  -6.27875436929  7.5122585924
50  1.4  200  1780  1.65333333333  -6.45066173398  6.96781399573
50  1.4  200  1780  1.6535  -6.60036388901  6.31325444883
50  1.4  200  1780  1.65366666667  -6.717435424  5.80096215048
50  1.4  200  1780  1.65383333333  -6.81097104864  5.19021775018
50  1.4  200  1780  1.654  -6.87873151391  4.5309322858
50  1.4  200  1780  1.65416666667  -6.92410996569  3.73272929287
50  1.4  200  1780  1.65433333333  -6.94329528135  2.89101259298
50  1.4  200  1780  1.6545  -6.93411115716  2.06245899382
50  1.4  200  1780  1.65466666667  -6.89383595882  1.32038856608
50  1.4  200  1780  1.65483333333  -6.82599156329  0.58231152212
50  1.4  200  1780  1.655  -6.7353409448  -0.263037959022
50  1.4  200  1780  1.65516666667  -6.61035121634  -0.910301322604
50  1.4  200  1780  1.65533333333  -6.46335268642  -1.65758470673
50  1.4  200  1780  1.6555  -6.29291552236  -2.45088572006
50  1.4  200  1780  1.65566666667  -6.10253687427  -3.35881618284
50  1.4  200  1780  1.65583333333  -5.86976837014  -3.78852028573
50  1.4  200  1780  1.656  -5.62410263855  -4.4640817231
50  1.4  200  1780  1.65616666667  -5.3592215499  -5.19772779805
50  1.4  200  1780  1.65633333333  -5.07327460857  -5.91300829411
50  1.4  200  1780  1.6565  -4.76800627542  -6.62274568248
50  1.4  200  1780  1.65666666667  -4.44889041895  -7.43257444579
50  1.4  200  1780  1.65683333333  -4.11415107671  -8.26220023952
50  1.4  200  1780  1.657  -3.76279758504  -9.04963104595
50  1.4  200  1780  1.65716666667  -3.39461427424  -9.75106077955
50  1.4  200  1780  1.65733333333  -3.01643031549  -10.5002746623
50  1.4  200  1780  1.6575  -2.62488394957  -11.1710172142
50  1.4  200  1780  1.65766666667  -2.21752554189  -11.6591711348
50  1.4  200  1780  1.65783333333  -1.80657457236  -12.2323501922
50  1.4  200  1780  1.658  -1.39232945865  -12.854677492
50  1.4  200  1780  1.65816666667  -0.978624162557  -13.579554782
50  1.4  200  1780  1.65833333333  -0.564516347451  -14.3387152252
50  1.4  200  1780  1.6585  -0.156226663754  -15.2456562063
50  1.4  200  1780  1.65866666667  0.262021925328  -15.8551338544
50  1.4  200  1780  1.65883333333  0.684833891434  -16.2598631032
50  1.4  200  1780  1.659  1.10549167338  -16.5864891254
50  1.4  200  1780  1.65916666667  1.5219573418  -16.8433186233
50  1.4  200  1780  1.65933333333  1.93303416609  -17.0179875326
50  1.4  200  1780  1.6595  2.33681091371  -17.1171445778
50  1.4  200  1780  1.65966666667  2.73169489094  -17.140377384
50  1.4  200  1780  1.65983333333  3.11538039759  -17.1065750101
50  1.4  200  1780  1.66  3.48652834381  -17.0114222626
50  1.4  200  1780  1.66016666667  3.84463479301  -16.8308899707
50  1.4  200  1780  1.66033333333  4.18744351804  -16.5871014053
50  1.4  200  1780  1.6605  4.51375996894  -16.2769963583
50  1.4  200  1780  1.66066666667  4.82470363153  -15.8406530551
50  1.4  200  1780  1.66083333333  5.1192707189  -15.2741200555
50  1.4  200  1780  1.661  5.39101886745  -14.7137411904
50  1.4  200  1780  1.66116666667  5.64222352922  -14.0766909059
50  1.4  200  1780  1.66133333333  5.8709571572  -13.3892617354
50  1.4  200  1780  1.6615  6.08145411461  -12.5236850615
50  1.4  200  1780  1.66166666667  6.27014547128  -11.5529270684
50  1.4  200  1780  1.66183333333  6.43329674281  -10.5567599624
50  1.4  200  1780  1.662  6.57179305726  -9.50027826574
50  1.4  200  1780  1.66216666667  6.69193448229  -8.21374653541
50  1.4  200  1780  1.66233333333  6.78084741921  -7.01718829119
50  1.4  200  1780  1.6625  6.84476356325  -5.74812791494
50  1.4  200  1780  1.66266666667  6.89040879111  -4.23432944494
50  1.4  200  1780  1.66283333333  6.90230413321  -2.87035740217
50  1.4  200  1780  1.663  6.88999702181  -1.41789756599
50  1.4  200  1780  1.66316666667  6.85571486129  0.172660247029
50  1.4  200  1780  1.66333333333  6.78746683057  1.58703545751
50  1.4  200  1780  1.6635  6.69203627699  2.98510186303
50  1.4  200  1780  1.66366666667  6.57745663822  4.55582508252
50  1.4  200  1780  1.66383333333  6.42634574446  5.84001336143
50  1.4  200  1780  1.664  6.25238165754  7.1648736779
50  1.4  200  1780  1.66416666667  6.05439101016  8.47793534234
50  1.4  200  1780  1.66433333333  5.8234311241  9.52702525614
50  1.4  200  1780  1.6645  5.5714229041  10.5876421948
50  1.4  200  1780  1.66466666667  5.29161198156  11.458777568
50  1.4  200  1780  1.66483333333  4.99058329249  12.2762019161
50  1.4  200  1780  1.665  4.66885396638  13.0196485505
50  1.4  200  1780  1.66516666667  4.32793682455  13.6923582347
50  1.4  200  1780  1.66533333333  3.96956893156  14.3016232477
50  1.4  200  1780  1.6655  3.5972937255  14.8991188417
50  1.4  200  1780  1.66566666667  3.20937071086  15.4009607047
50  1.4  200  1780  1.66583333333  2.80682790895  15.7923937824
50  1.4  200  1780  1.666  2.39189261277  16.0880947351
50  1.4  200  1780  1.66616666667  1.96731498684  16.31515672
50  1.4  200  1780  1.66633333333  1.53337414311  16.4372124771
50  1.4  200  1780  1.6665  1.09413309355  16.5134816293
50  1.4  200  1780  1.66666666667  0.65402809906  16.6123137161
50  1.4  200  1780  1.66683333333  0.211629116526  16.6528785067
50  1.4  200  1780  1.667  -0.23199400465  16.6178430397
50  1.4  200  1780  1.66716666667  -0.682926317707  16.3083154759
50  1.4  200  1780  1.66733333333  -1.14125184459  15.6781807767
50  1.4  200  1780  1.6675  -1.58991174281  15.1172768375
50  1.4  200  1780  1.66766666667  -2.03259387395  14.4891709529
50  1.4  200  1780  1.66783333333  -2.45493259268  14.1168539319
50  1.4  200  1780  1.668  -2.8652252149  13.7487071555
50  1.4  200  1780  1.66816666667  -3.26305521468  13.3556346561
50  1.4  200  1780  1.66833333333  -3.65300891669  12.7828157116
50  1.4  200  1780  1.6685  -4.02826845896  12.1665948555
50  1.4  200  1780  1.66866666667  -4.38368580887  11.6025472182
50  1.4  200  1780  1.66883333333  -4.72131410812  11.0051212231
50  1.4  200  1780  1.669  -5.03708881934  10.4460692847
50  1.4  200  1780  1.66916666667  -5.32796248635  9.9733491625
50  1.4  200  1780  1.66933333333  -5.59955140956  9.41701462068
50  1.4  200  1780  1.6695  -5.85293781291  8.72454810012
50  1.4  200  1780  1.66966666667  -6.07396422566  8.23288219649
50  1.4  200  1780  1.66983333333  -6.27130998465  7.70134596233
50  1.4  200  1780  1.67  -6.44570819797  7.09363381028
50  1.4  200  1780  1.67016666667  -6.58949884128  6.58922666119
50  1.4  200  1780  1.67033333333  -6.70964689122  5.9987908832
50  1.4  200  1780  1.6705  -6.80554964851  5.32792131336
50  1.4  200  1780  1.67066666667  -6.8808709091  4.47659164794
50  1.4  200  1780  1.67083333333  -6.92860042208  3.61867170066
50  1.4  200  1780  1.671  -6.94722263205  2.79125788506
50  1.4  200  1780  1.67116666667  -6.93284980763  2.09449727182
50  1.4  200  1780  1.67133333333  -6.89750911881  1.22709030239
50  1.4  200  1780  1.6715  -6.82779169804  0.536588099676
50  1.4  200  1780  1.67166666667  -6.72353133573  0.0369261113646
50  1.4  200  1780  1.67183333333  -6.59934146242  -0.630653573082
50  1.4  200  1780  1.672  -6.45147098529  -1.35578949806
50  1.4  200  1780  1.67216666667  -6.28429516853  -2.23192873258
50  1.4  200  1780  1.67233333333  -6.0920839799  -3.09331266599
50  1.4  200  1780  1.6725  -5.87489866839  -3.91882986134
50  1.4  200  1780  1.67266666667  -5.63365819415  -4.70679283527
50  1.4  200  1780  1.67283333333  -5.36991197395  -5.46926456883
50  1.4  200  1780  1.673  -5.08447752065  -6.19756226087
50  1.4  200  1780  1.67316666667  -4.77996308707  -6.92644869848
50  1.4  200  1780  1.67333333333  -4.45861067061  -7.67946883796
50  1.4  200  1780  1.6735  -4.11790300911  -8.35749932244
50  1.4  200  1780  1.67366666667  -3.76246956107  -9.04129923724
50  1.4  200  1780  1.67383333333  -3.39539263575  -9.7708311619
50  1.4  200  1780  1.674  -3.01408169497  -10.4406197011
50  1.4  200  1780  1.67416666667  -2.62313446895  -11.1265804064
50  1.4  200  1780  1.67433333333  -2.22274247366  -11.7916812017
50  1.4  200  1780  1.6745  -1.81503270719  -12.4471868171
50  1.4  200  1780  1.67466666667  -1.40143457065  -13.0859473368
50  1.4  200  1780  1.67483333333  -0.984404727878  -13.7263811411
50  1.4  200  1780  1.675  -0.567732725417  -14.4204112256
50  1.4  200  1780  1.67516666667  -0.155058873467  -15.215994333
50  1.4  200  1780  1.67533333333  0.26184736024  -15.8595678077
50  1.4  200  1780  1.6755  0.681504389822  -16.3444324442
50  1.4  200  1780  1.67566666667  1.10138620267  -16.6907680813
50  1.4  200  1780  1.67583333333  1.51837670555  -16.934266784
50  1.4  200  1780  1.676  1.93022344443  -17.0893798628
50  1.4  200  1780  1.67616666667  2.33659756228  -17.122563704
50  1.4  200  1780  1.67633333333  2.730481182  -17.1712055911
50  1.4  200  1780  1.6765  3.11252007935  -17.1792270933
50  1.4  200  1780  1.67666666667  3.48616942285  -17.020538855
50  1.4  200  1780  1.67683333333  3.84398702061  -16.8473433896
50  1.4  200  1780  1.677  4.18386438419  -16.6780114051
50  1.4  200  1780  1.67716666667  4.50872819482  -16.404803421
50  1.4  200  1780  1.67733333333  4.81974270053  -15.9666607026
50  1.4  200  1780  1.6775  5.11129070138  -15.4768125006
50  1.4  200  1780  1.67766666667  5.38217360758  -14.9384107911
50  1.4  200  1780  1.67783333333  5.63592829464  -14.236589864
50  1.4  200  1780  1.678  5.86874447821  -13.4454637818
50  1.4  200  1780  1.67816666667  6.07928246409  -12.5788449846
50  1.4  200  1780  1.67833333333  6.26694096436  -11.6343215442
50  1.4  200  1780  1.6785  6.43149110432  -10.6026231801
50  1.4  200  1780  1.67866666667  6.57105241758  -9.5190905135
50  1.4  200  1780  1.67883333333  6.68988487586  -8.26580653883
50  1.4  200  1780  1.679  6.78336655891  -6.95320214275
50  1.4  200  1780  1.67916666667  6.84729472972  -5.68383628639
50  1.4  200  1780  1.67933333333  6.88987269126  -4.24794638126
50  1.4  200  1780  1.6795  6.90275065801  -2.85901567222
50  1.4  200  1780  1.67966666667  6.88952361969  -1.42992197985
50  1.4  200  1780  1.67983333333  6.85484570369  0.150583643816
50  1.4  200  1780  1.68  6.78733618894  1.58371716012
50  1.4  200  1780  1.68016666667  6.69392976052  3.03319634479
50  1.4  200  1780  1.68033333333  6.57597378896  4.51816071114
50  1.4  200  1780  1.6805  6.42683925173  5.85254844587
50  1.4  200  1780  1.68066666667  6.25088976461  7.12697959753
50  1.4  200  1780  1.68083333333  6.05300496099  8.44272969334
50  1.4  200  1780  1.681  5.82605290381  9.5936184608
50  1.4  200  1780  1.68116666667  5.57302350983  10.6282975804
50  1.4  200  1780  1.68133333333  5.29958484078  11.6612881923
50  1.4  200  1780  1.6815  4.99616767665  12.4180452736
50  1.4  200  1780  1.68166666667  4.68098820085  13.3278581062
50  1.4  200  1780  1.68183333333  4.33500774692  13.871959663
50  1.4  200  1780  1.682  3.97280138497  14.3837275642
50  1.4  200  1780  1.68216666667  3.59734061163  14.9003097495
50  1.4  200  1780  1.68233333333  3.20768460081  15.3581335092
50  1.4  200  1780  1.6825  2.80423715514  15.7265886355
50  1.4  200  1780  1.68266666667  2.38956455264  16.0289620078
50  1.4  200  1780  1.68283333333  1.96548894617  16.2687752872
50  1.4  200  1780  1.683  1.5339058393  16.4507175604
50  1.4  200  1780  1.68316666667  1.09627265131  16.5678263962
50  1.4  200  1780  1.68333333333  0.654276836456  16.618631646
50  1.4  200  1780  1.6835  0.209844690743  16.6075540918
50  1.4  200  1780  1.68366666667  -0.234965719098  16.5423614927
50  1.4  200  1780  1.68383333333  -0.684945486769  16.2570285817
50  1.4  200  1780  1.684  -1.14525352251  15.5765381575
50  1.4  200  1780  1.68416666667  -1.59363978984  15.0225844431
50  1.4  200  1780  1.68433333333  -2.0347511904  14.4343751151
50  1.4  200  1780  1.6845  -2.45625019977  14.0833867118
50  1.4  200  1780  1.68466666667  -2.87638810261  13.4651698078
50  1.4  200  1780  1.68483333333  -3.27906663099  12.9489446817
50  1.4  200  1780  1.685  -3.65796754934  12.6568664421
50  1.4  200  1780  1.68516666667  -4.02236414264  12.3165644901
50  1.4  200  1780  1.68533333333  -4.37237597732  11.8898169396
50  1.4  200  1780  1.6855  -4.70612845754  11.390836748
50  1.4  200  1780  1.68566666667  -5.02536548973  10.7438418569
50  1.4  200  1780  1.68583333333  -5.32417023163  10.0696724324
50  1.4  200  1780  1.686  -5.60026197161  9.39896634467
50  1.4  200  1780  1.68616666667  -5.85194797722  8.7496899265
50  1.4  200  1780  1.68633333333  -6.07365941949  8.24062427322
50  1.4  200  1780  1.6865  -6.27671638929  7.56402328459
50  1.4  200  1780  1.68666666667  -6.45557781312  6.8429455857
50  1.4  200  1780  1.68683333333  -6.6013132238  6.28914134519
50  1.4  200  1780  1.687  -6.7285393939  5.51892131492
50  1.4  200  1780  1.68716666667  -6.82557050078  4.81939166582
50  1.4  200  1780  1.68733333333  -6.88514759204  4.36796390147
50  1.4  200  1780  1.6875  -6.93218301776  3.52767377036
50  1.4  200  1780  1.68766666667  -6.94786035867  2.77505962885
50  1.4  200  1780  1.68783333333  -6.92637714838  2.25890281687
50  1.4  200  1780  1.688  -6.8822550775  1.61454295149
50  1.4  200  1780  1.68816666667  -6.81309251315  0.909947395841
50  1.4  200  1780  1.68833333333  -6.7234717208  0.0384403304273
50  1.4  200  1780  1.6885  -6.60672281344  -0.818139888994
50  1.4  200  1780  1.68866666667  -6.46291174441  -1.64638477959
50  1.4  200  1780  1.68883333333  -6.29353022104  -2.46649906632
50  1.4  200  1780  1.689  -6.09624148564  -3.19891331163
50  1.4  200  1780  1.68916666667  -5.88237352928  -4.10869132793
50  1.4  200  1780  1.68933333333  -5.63263009059  -4.68067900489
50  1.4  200  1780  1.6895  -5.36586960865  -5.36658849024
50  1.4  200  1780  1.68966666667  -5.07872940213  -6.05156005065
50  1.4  200  1780  1.68983333333  -4.7738942379  -6.77229992949
50  1.4  200  1780  1.69  -4.44683000791  -7.38024000552
50  1.4  200  1780  1.69016666667  -4.10548356331  -8.04204539919
50  1.4  200  1780  1.69033333333  -3.75025330506  -8.73100633444
50  1.4  200  1780  1.6905  -3.38613812966  -9.53576670743
50  1.4  200  1780  1.69066666667  -3.01008897562  -10.3392046295
50  1.4  200  1780  1.69083333333  -2.62165605246  -11.0890286274
50  1.4  200  1780  1.691  -2.22279608214  -11.7930428571
50  1.4  200  1780  1.69116666667  -1.81646437504  -12.4835511802
50  1.4  200  1780  1.69133333333  -1.40363561165  -13.1418537782
50  1.4  200  1780  1.6915  -0.98181083312  -13.6604962143
50  1.4  200  1780  1.69166666667  -0.567276426047  -14.4088212216
50  1.4  200  1780  1.69183333333  -0.154800907686  -15.2094420022
50  1.4  200  1780  1.692  0.265268216316  -15.7726780633
50  1.4  200  1780  1.69216666667  0.686106115716  -16.2275486065
50  1.4  200  1780  1.69233333333  1.10606127506  -16.5720212427
50  1.4  200  1780  1.6925  1.52312774357  -16.8135904184
50  1.4  200  1780  1.69266666667  1.93440787589  -16.9830953036
50  1.4  200  1780  1.69283333333  2.33748148892  -17.1001119675
50  1.4  200  1780  1.693  2.73097433999  -17.1586793782
50  1.4  200  1780  1.69316666667  3.11457188271  -17.127111288
50  1.4  200  1780  1.69333333333  3.48632181395  -17.0166681212
50  1.4  200  1780  1.6935  3.84450323859  -16.834231453
50  1.4  200  1780  1.69366666667  4.18782249998  -16.5774752641
50  1.4  200  1780  1.69383333333  4.51495642198  -16.246606451
50  1.4  200  1780  1.694  4.82492997249  -15.8349039947
50  1.4  200  1780  1.69416666667  5.1151738217  -15.3781812444
50  1.4  200  1780  1.69433333333  5.38761725257  -14.8001422083
50  1.4  200  1780  1.6945  5.64201383072  -14.0820172478
50  1.4  200  1780  1.69466666667  5.87452260162  -13.2986994471
50  1.4  200  1780  1.69483333333  6.08334309497  -12.4757049603
50  1.4  200  1780  1.695  6.27000961392  -11.5563778453
50  1.4  200  1780  1.69516666667  6.43352827867  -10.5508789517
50  1.4  200  1780  1.69533333333  6.5735019595  -9.45687214888
50  1.4  200  1780  1.6955  6.68970954851  -8.27025985357
50  1.4  200  1780  1.69566666667  6.78117682518  -7.0088213796
50  1.4  200  1780  1.69583333333  6.84735320354  -5.68235105156
50  1.4  200  1780  1.696  6.88805148147  -4.29420510972
50  1.4  200  1780  1.69616666667  6.90316165504  -2.84857634762
50  1.4  200  1780  1.69633333333  6.89082139643  -1.39695845076
50  1.4  200  1780  1.6965  6.85189773805  0.0757053165961
50  1.4  200  1780  1.69666666667  6.78719227303  1.58006169603
50  1.4  200  1780  1.69683333333  6.69486797171  3.05702690899
50  1.4  200  1780  1.697  6.57542672854  4.50426537668
50  1.4  200  1780  1.69716666667  6.42740316951  5.86687195749
50  1.4  200  1780  1.69733333333  6.25215099177  7.15901476728
50  1.4  200  1780  1.6975  6.05378813604  8.46262233978
50  1.4  200  1780  1.69766666667  5.82618233047  9.59690589801
50  1.4  200  1780  1.69783333333  5.57222983043  10.6081381235
50  1.4  200  1780  1.698  5.29923566648  11.6524191651
50  1.4  200  1780  1.69816666667  4.99863654234  12.4807544622
50  1.4  200  1780  1.69833333333  4.6757110102  13.1938174636
50  1.4  200  1780  1.6985  4.3400681161  14.0004930402
50  1.4  200  1780  1.69866666667  3.97768700802  14.5078223898
50  1.4  200  1780  1.69883333333  3.59979651572  14.9626897131
50  1.4  200  1780  1.699  3.21111552777  15.4452790541
50  1.4  200  1780  1.69916666667  2.80635113578  15.7802837439
50  1.4  200  1780  1.69933333333  2.39023173285  16.0459083853
50  1.4  200  1780  1.6995  1.96541034098  16.2667787153
50  1.4  200  1780  1.69966666667  1.53407102122  16.4549131811
50  1.4  200  1780  1.69983333333  1.09728519603  16.5935450322
50  1.4  200  1780  1.7  0.65551959077  16.6501976055
50  1.4  200  1780  1.70016666667  0.210662881638  16.6283361406
50  1.4  200  1780  1.70033333333  -0.235159800761  16.5374318184
50  1.4  200  1780  1.7005  -0.684411726205  16.2705861
50  1.4  200  1780  1.70066666667  -1.13536585738  15.8276848516
50  1.4  200  1780  1.70083333333  -1.58163354065  15.3275431725
50  1.4  200  1780  1.701  -2.01925833058  14.8278937545
50  1.4  200  1780  1.70116666667  -2.45035239302  14.2331910034
50  1.4  200  1780  1.70133333333  -2.86929590576  13.6453116076
50  1.4  200  1780  1.7015  -3.27354168829  13.0892782263
50  1.4  200  1780  1.70166666667  -3.66134956474  12.5709632511
50  1.4  200  1780  1.70183333333  -4.0323737261  12.0623210702
50  1.4  200  1780  1.702  -4.38636681449  11.5344496755
50  1.4  200  1780  1.70216666667  -4.7219453374  10.9890879993
50  1.4  200  1780  1.70233333333  -5.03606015356  10.4721973957
50  1.4  200  1780  1.7025  -5.32864014855  9.95613654239
50  1.4  200  1780  1.70266666667  -5.6064274688  9.24236271618
50  1.4  200  1780  1.70283333333  -5.84362041861  8.96120991527
50  1.4  200  1780  1.703  -6.07486214395  8.21007507187
50  1.4  200  1780  1.70316666667  -6.27362450426  7.64255716427
50  1.4  200  1780  1.70333333333  -6.4437637006  7.14302404368
50  1.4  200  1780  1.7035  -6.59206996194  6.52392019656
50  1.4  200  1780  1.70366666667  -6.71375726026  5.89438750944
50  1.4  200  1780  1.70383333333  -6.80851744598  5.25253925762
50  1.4  200  1780  1.704  -6.88187320152  4.45113342067
50  1.4  200  1780  1.70416666667  -6.9288695863  3.61183492944
50  1.4  200  1780  1.70433333333  -6.94592843438  2.82413050602
50  1.4  200  1780  1.7045  -6.93383054354  2.06958657974
50  1.4  200  1780  1.70466666667  -6.89538834536  1.28095794789
50  1.4  200  1780  1.70483333333  -6.82503988363  0.606484185617
50  1.4  200  1780  1.705  -6.72453667176  0.011390576125
50  1.4  200  1780  1.70516666667  -6.60159244552  -0.687828543619
50  1.4  200  1780  1.70533333333  -6.45285742169  -1.39100498248
50  1.4  200  1780  1.7055  -6.27953559445  -2.11103555113
50  1.4  200  1780  1.70566666667  -6.08256401926  -2.85150566562
50  1.4  200  1780  1.70583333333  -5.86756253676  -3.73249211789
50  1.4  200  1780  1.706  -5.62920694989  -4.59373123123
50  1.4  200  1780  1.70616666667  -5.36780995511  -5.41587329035
50  1.4  200  1780  1.70633333333  -5.08467592  -6.20260160449
50  1.4  200  1780  1.7065  -4.78152304994  -6.96607175537
50  1.4  200  1780  1.70666666667  -4.4575519868  -7.65257826927
50  1.4  200  1780  1.70683333333  -4.11581966181  -8.30458230119
50  1.4  200  1780  1.707  -3.76439876179  -9.09030093546
50  1.4  200  1780  1.70716666667  -3.39340238152  -9.72027870455
50  1.4  200  1780  1.70733333333  -3.01492021467  -10.4619181013
50  1.4  200  1780  1.7075  -2.62572173098  -11.1922968619
50  1.4  200  1780  1.70766666667  -2.22048017277  -11.7342187591
50  1.4  200  1780  1.70783333333  -1.81411457468  -12.4238662513
50  1.4  200  1780  1.708  -1.40291270268  -13.1234918903
50  1.4  200  1780  1.70816666667  -0.984769334905  -13.7356421596
50  1.4  200  1780  1.70833333333  -0.565433182236  -14.3620028288
50  1.4  200  1780  1.7085  -0.155930200119  -15.23812603
50  1.4  200  1780  1.70866666667  0.261437114784  -15.8699880423
50  1.4  200  1780  1.70883333333  0.681495156271  -16.3446669763
50  1.4  200  1780  1.709  1.10214351807  -16.6715322703
50  1.4  200  1780  1.70916666667  1.5203337212  -16.8845585865
50  1.4  200  1780  1.70933333333  1.93196597147  -17.045119676
50  1.4  200  1780  1.7095  2.33573533476  -17.1444642832
50  1.4  200  1780  1.70966666667  2.73002089936  -17.1828967703
50  1.4  200  1780  1.70983333333  3.11319771572  -17.1620151296
50  1.4  200  1780  1.71  3.48522876002  -17.0444316908
50  1.4  200  1780  1.71016666667  3.84381489279  -16.8517154361
50  1.4  200  1780  1.71033333333  4.18741139411  -16.5879173531
50  1.4  200  1780  1.7105  4.51481823126  -16.2501164955
50  1.4  200  1780  1.71066666667  4.82509136863  -15.8308045327
50  1.4  200  1780  1.71083333333  5.11710540902  -15.3291189265
50  1.4  200  1780  1.711  5.38973854301  -14.7462614311
50  1.4  200  1780  1.71116666667  5.64105914006  -14.1062663904
50  1.4  200  1780  1.71133333333  5.87389136546  -13.3147328456
50  1.4  200  1780  1.7115  6.08200733396  -12.50963329
50  1.4  200  1780  1.71166666667  6.27047615369  -11.544527735
50  1.4  200  1780  1.71183333333  6.43318042589  -10.5597144121
50  1.4  200  1780  1.712  6.57423400358  -9.43827822904
50  1.4  200  1780  1.71216666667  6.68804686458  -8.31249202522
50  1.4  200  1780  1.71233333333  6.78204808787  -6.98669130738
50  1.4  200  1780  1.7125  6.84647741427  -5.70459609894
50  1.4  200  1780  1.71266666667  6.8778871181  -4.55237993939
50  1.4  200  1780  1.71283333333  6.88964183235  -3.19197984407
50  1.4  200  1780  1.713  6.87342622117  -1.83879590247
50  1.4  200  1780  1.71316666667  6.83116568828  -0.450888747391
50  1.4  200  1780  1.71333333333  6.77032835518  1.15171818271
50  1.4  200  1780  1.7135  6.68061909855  2.69510553056
50  1.4  200  1780  1.71366666667  6.56783976019  4.31155638038
50  1.4  200  1780  1.71383333333  6.42109213498  5.7065716805
50  1.4  200  1780  1.714  6.25145448617  7.14132352507
50  1.4  200  1780  1.71416666667  6.04350471293  8.20142339283
50  1.4  200  1780  1.71433333333  5.81069042505  9.2034115001
50  1.4  200  1780  1.7145  5.55426822866  10.1519134385
50  1.4  200  1780  1.71466666667  5.28813912188  11.3705669321
50  1.4  200  1780  1.71483333333  4.99186683694  12.3088039452
50  1.4  200  1780  1.715  4.66829110942  13.0053519838
50  1.4  200  1780  1.71516666667  4.32796899439  13.6931753486
50  1.4  200  1780  1.71533333333  3.97018019899  14.3171494403
50  1.4  200  1780  1.7155  3.59528231052  14.8480289012
50  1.4  200  1780  1.71566666667  3.20550524928  15.3027779805
50  1.4  200  1780  1.71583333333  2.80259647839  15.6849154462
50  1.4  200  1780  1.716  2.38946007056  16.0263081631
50  1.4  200  1780  1.71616666667  1.96637159987  16.291194691
50  1.4  200  1780  1.71633333333  1.53461297199  16.4686787306
50  1.4  200  1780  1.7165  1.09644574335  16.5722229342
50  1.4  200  1780  1.71666666667  0.654517631791  16.6247478475
50  1.4  200  1780  1.71683333333  0.210346882576  16.6203097644
50  1.4  200  1780  1.717  -0.235756779432  16.5222685602
50  1.4  200  1780  1.71716666667  -0.690582234591  16.113855187
50  1.4  200  1780  1.71733333333  -1.13983870483  15.7140745265
50  1.4  200  1780  1.7175  -1.59130931805  15.0817784265
50  1.4  200  1780  1.71766666667  -2.02660282562  14.6413435806
50  1.4  200  1780  1.71783333333  -2.45086971653  14.2200509861
50  1.4  200  1780  1.718  -2.86258280463  13.8158243763
50  1.4  200  1780  1.71816666667  -3.26527438256  13.2992677917
50  1.4  200  1780  1.71833333333  -3.65611229378  12.7039899334
50  1.4  200  1780  1.7185  -4.03039050327  12.11269493
50  1.4  200  1780  1.71866666667  -4.38485494312  11.5728512082
50  1.4  200  1780  1.71883333333  -4.72075452065  11.0193347449
50  1.4  200  1780  1.719  -5.03803778037  10.4219656746
50  1.4  200  1780  1.71916666667  -5.3252753253  10.041603053
50  1.4  200  1780  1.71933333333  -5.60195029539  9.35608292075
50  1.4  200  1780  1.7195  -5.8478016171  8.85500747353
50  1.4  200  1780  1.71966666667  -6.06793889553  8.38592558183
50  1.4  200  1780  1.71983333333  -6.26789750113  7.78802304385
50  1.4  200  1780  1.72  -6.44222240422  7.18217297164
50  1.4  200  1780  1.72016666667  -6.58922134755  6.59627500196
50  1.4  200  1780  1.72033333333  -6.7148136879  5.86755424736
50  1.4  200  1780  1.7205  -6.81651098978  5.04950324513
50  1.4  200  1780  1.72066666667  -6.88916204865  4.26599670339
50  1.4  200  1780  1.72083333333  -6.93828421335  3.37270340227
50  1.4  200  1780  1.721  -6.94418642112  2.86837764285
50  1.4  200  1780  1.72116666667  -6.92595217122  2.26969723664
50  1.4  200  1780  1.72133333333  -6.88397616116  1.57082742656
50  1.4  200  1780  1.7215  -6.81427477791  0.879917870906
50  1.4  200  1780  1.72166666667  -6.71817614615  0.172947926539
50  1.4  200  1780  1.72183333333  -6.59681718419  -0.566536905843
50  1.4  200  1780  1.722  -6.45566739198  -1.46237822785
50  1.4  200  1780  1.72216666667  -6.28860921873  -2.34150560774
50  1.4  200  1780  1.72233333333  -6.09450701887  -3.15485785572
50  1.4  200  1780  1.7225  -5.87545965185  -3.93307884121
50  1.4  200  1780  1.72266666667  -5.63418592613  -4.7201972277
50  1.4  200  1780  1.72283333333  -5.37007613591  -5.47343428273
50  1.4  200  1780  1.723  -5.08706589155  -6.26330688179
50  1.4  200  1780  1.72316666667  -4.77604955301  -6.82704493327
50  1.4  200  1780  1.72333333333  -4.45937314037  -7.69883556983
50  1.4  200  1780  1.7235  -4.11484888142  -8.27992447913
50  1.4  200  1780  1.72366666667  -3.75683615827  -8.89821080605
50  1.4  200  1780  1.72383333333  -3.38795990365  -9.5820397667
50  1.4  200  1780  1.724  -3.00636438657  -10.2446000677
50  1.4  200  1780  1.72416666667  -2.61348285232  -10.8814293439
50  1.4  200  1780  1.72433333333  -2.21415022607  -11.5734381131
50  1.4  200  1780  1.7245  -1.81010619282  -12.322053352
50  1.4  200  1780  1.72466666667  -1.39980048169  -13.0444414771
50  1.4  200  1780  1.72483333333  -0.984999045835  -13.7414768172
50  1.4  200  1780  1.725  -0.566646213586  -14.3928138251
50  1.4  200  1780  1.72516666667  -0.157226596909  -15.2710545084
50  1.4  200  1780  1.72533333333  0.260528856647  -15.893057799
50  1.4  200  1780  1.7255  0.681081428649  -16.355175658
50  1.4  200  1780  1.72566666667  1.10205874425  -16.6736855253
50  1.4  200  1780  1.72583333333  1.51840443031  -16.933562575
50  1.4  200  1780  1.726  1.92737477117  -17.1617361635
50  1.4  200  1780  1.72616666667  2.33787894106  -17.090016683
50  1.4  200  1780  1.72633333333  2.73181924366  -17.1372188249
50  1.4  200  1780  1.7265  3.11346465584  -17.1552348506
50  1.4  200  1780  1.72666666667  3.48341674873  -17.0904567777
50  1.4  200  1780  1.72683333333  3.84128585933  -16.915952886
50  1.4  200  1780  1.727  4.18416191251  -16.6704541859
50  1.4  200  1780  1.72716666667  4.51030398649  -16.3647783125
50  1.4  200  1780  1.72733333333  4.82125144284  -15.9283386478
50  1.4  200  1780  1.7275  5.11408218802  -15.4059087401
50  1.4  200  1780  1.72766666667  5.38738565928  -14.8060246779
50  1.4  200  1780  1.72783333333  5.63928128255  -14.1514239712
50  1.4  200  1780  1.728  5.87064517424  -13.3971861027
50  1.4  200  1780  1.72816666667  6.08269109298  -12.4922658108
50  1.4  200  1780  1.72833333333  6.26791859282  -11.6094897812
50  1.4  200  1780  1.7285  6.43022491815  -10.6347843088
50  1.4  200  1780  1.72866666667  6.57543644109  -9.40773631651
50  1.4  200  1780  1.72883333333  6.69056128136  -8.24862583907
50  1.4  200  1780  1.729  6.78030863222  -7.03087348085
50  1.4  200  1780  1.72916666667  6.84868236472  -5.64859035745
50  1.4  200  1780  1.72933333333  6.88666588335  -4.32939930213
50  1.4  200  1780  1.7295  6.89952304998  -2.9409969161
50  1.4  200  1780  1.72966666667  6.89206383034  -1.36540062946
50  1.4  200  1780  1.72983333333  6.85505039059  0.155782691149
50  1.4  200  1780  1.73  6.7881454201  1.60427163168
50  1.4  200  1780  1.73016666667  6.69360585599  3.02496916969
50  1.4  200  1780  1.73033333333  6.57579281066  4.51356386243
50  1.4  200  1780  1.7305  6.42733330242  5.8650973335
50  1.4  200  1780  1.73066666667  6.2521796576  7.15974287943
50  1.4  200  1780  1.73083333333  6.05395414181  8.46683888629
50  1.4  200  1780  1.731  5.8243349673  9.54998287348
50  1.4  200  1780  1.73116666667  5.57526116039  10.6851339046
50  1.4  200  1780  1.73133333333  5.2927941064  11.4888035391
50  1.4  200  1780  1.7315  4.98948985127  12.2484285092
50  1.4  200  1780  1.73166666667  4.66700378759  12.9726540093
50  1.4  200  1780  1.73183333333  4.32679304918  13.6633063403
50  1.4  200  1780  1.732  3.96933785981  14.2957540251
50  1.4  200  1780  1.73216666667  3.59699221703  14.8914605264
50  1.4  200  1780  1.73233333333  3.20882593297  15.3871233462
50  1.4  200  1780  1.7325  2.80601622467  15.7717770016
50  1.4  200  1780  1.73266666667  2.39232572093  16.0990956825
50  1.4  200  1780  1.73283333333  1.96778440936  16.327080052
50  1.4  200  1780  1.733  1.53418135186  16.4577155795
50  1.4  200  1780  1.73316666667  1.09587383375  16.5576964303
50  1.4  200  1780  1.73333333333  0.655110865146  16.6398159747
50  1.4  200  1780  1.7335  0.212879709803  16.6846435759
50  1.4  200  1780  1.73366666667  -0.230284899544  16.6612543094
50  1.4  200  1780  1.73383333333  -0.678225293639  16.4277214872
50  1.4  200  1780  1.734  -1.13165066487  15.9220507414
50  1.4  200  1780  1.73416666667  -1.57939448719  15.3844151304
50  1.4  200  1780  1.73433333333  -2.01819364668  14.8549367257
50  1.4  200  1780  1.7345  -2.45021125881  14.2367758123
50  1.4  200  1780  1.73466666667  -2.869185829  13.6481075575
50  1.4  200  1780  1.73483333333  -3.2734256002  13.0922268638
50  1.4  200  1780  1.735  -3.66166346066  12.5629902946
50  1.4  200  1780  1.73516666667  -4.03230430093  12.0640844694
50  1.4  200  1780  1.73533333333  -4.38465742271  11.5778682267
50  1.4  200  1780  1.7355  -4.72334882438  10.95343943
50  1.4  200  1780  1.73566666667  -5.03279242046  10.5551978164
50  1.4  200  1780  1.73583333333  -5.32906452849  9.94535729206
50  1.4  200  1780  1.736  -5.6021825105  9.35018465683
50  1.4  200  1780  1.73616666667  -5.84842074399  8.83928165069
50  1.4  200  1780  1.73633333333  -6.07723422347  8.14982425222
50  1.4  200  1780  1.7365  -6.27104487055  7.70807986045
50  1.4  200  1780  1.73666666667  -6.44140155418  7.20302256257
50  1.4  200  1780  1.73683333333  -6.58871159581  6.60922269623
50  1.4  200  1780  1.737  -6.71133307919  5.95596170876
50  1.4  200  1780  1.73716666667  -6.81324733172  5.13240016001
50  1.4  200  1780  1.73733333333  -6.88684685593  4.32480259863
50  1.4  200  1780  1.7375  -6.93159613644  3.54258055586
50  1.4  200  1780  1.73766666667  -6.946695115  2.80465681825
50  1.4  200  1780  1.73783333333  -6.93570528432  2.02196816387
50  1.4  200  1780  1.738  -6.89659030759  1.25042810735
50  1.4  200  1780  1.73816666667  -6.82462298606  0.617073384
50  1.4  200  1780  1.73833333333  -6.73126815166  -0.159589013365
50  1.4  200  1780  1.7385  -6.61348557707  -0.989914085159
50  1.4  200  1780  1.73866666667  -6.46193580649  -1.62159595638
50  1.4  200  1780  1.73883333333  -6.29311990511  -2.45607704179
50  1.4  200  1780  1.739  -6.09969923508  -3.28674014734
50  1.4  200  1780  1.73916666667  -5.87330152346  -3.87826238027
50  1.4  200  1780  1.73933333333  -5.63329868484  -4.69766129882
50  1.4  200  1780  1.7395  -5.36975468786  -5.46526950213
50  1.4  200  1780  1.73966666667  -5.08271453636  -6.15278246001
50  1.4  200  1780  1.73983333333  -4.78258543118  -6.99305623874
50  1.4  200  1780  1.74  -4.45463823967  -7.57856909214
50  1.4  200  1780  1.74016666667  -4.11897815656  -8.38480806778
50  1.4  200  1780  1.74033333333  -3.75980145913  -8.97352944801
50  1.4  200  1780  1.7405  -3.38673643087  -9.55096355812
50  1.4  200  1780  1.74066666667  -3.00360926353  -10.1746199424
50  1.4  200  1780  1.74083333333  -2.61207530993  -10.8456777673
50  1.4  200  1780  1.741  -2.2156477066  -11.6114741184
50  1.4  200  1780  1.74116666667  -1.81105930455  -12.3462623898
50  1.4  200  1780  1.74133333333  -1.39985341306  -13.045785934
50  1.4  200  1780  1.7415  -0.984558749007  -13.7302932778
50  1.4  200  1780  1.74166666667  -0.568706162904  -14.4451365377
50  1.4  200  1780  1.74183333333  -0.157042690326  -15.2663832812
50  1.4  200  1780  1.742  0.260292180412  -15.8990693753
50  1.4  200  1780  1.74216666667  0.682042052781  -16.330775805
50  1.4  200  1780  1.74233333333  1.10191937712  -16.6772254504
50  1.4  200  1780  1.7425  1.51802152742  -16.9432883085
50  1.4  200  1780  1.74266666667  1.93242103068  -17.0335611719
50  1.4  200  1780  1.74283333333  2.33608685019  -17.1355357912
50  1.4  200  1780  1.743  2.72980508766  -17.1883783875
50  1.4  200  1780  1.74316666667  3.11275683728  -17.173213442
50  1.4  200  1780  1.74333333333  3.48368646536  -17.0836059753
50  1.4  200  1780  1.7435  3.84284680535  -16.8763048572
50  1.4  200  1780  1.74366666667  4.18682711492  -16.6027580446
50  1.4  200  1780  1.74383333333  4.51424186295  -16.2647562503
50  1.4  200  1780  1.744  4.82430638372  -15.8507431495
50  1.4  200  1780  1.74416666667  5.11620410216  -15.3520121208
50  1.4  200  1780  1.74433333333  5.38800704273  -14.7902415382
50  1.4  200  1780  1.7445  5.6387159256  -14.1657840378
50  1.4  200  1780  1.74466666667  5.87527721521  -13.279532262
50  1.4  200  1780  1.74483333333  6.08204398471  -12.5087023608
50  1.4  200  1780  1.745  6.27124564857  -11.5249825651
50  1.4  200  1780  1.74516666667  6.43245116944  -10.5782375259
50  1.4  200  1780  1.74533333333  6.57032559857  -9.53755171636
50  1.4  200  1780  1.7455  6.69214427795  -8.20841772581
50  1.4  200  1780  1.74566666667  6.78176288421  -6.99393548016
50  1.4  200  1780  1.74583333333  6.84491915228  -5.74417595335
50  1.4  200  1780  1.746  6.89042871836  -4.23382329277
50  1.4  200  1780  1.74616666667  6.90274356321  -2.85919588021
50  1.4  200  1780  1.74633333333  6.8818995844  -1.62357247634
50  1.4  200  1780  1.7465  6.83929948951  -0.244290196293
50  1.4  200  1780  1.74666666667  6.76914363076  1.12162618238
50  1.4  200  1780  1.74683333333  6.67232850578  2.48452447431
50  1.4  200  1780  1.747  6.55776782465  4.05572921771
50  1.4  200  1780  1.74716666667  6.4141339927  5.52983486661
50  1.4  200  1780  1.74733333333  6.24172506754  6.89419629199
50  1.4  200  1780  1.7475  6.04497592338  8.2387921382
50  1.4  200  1780  1.74766666667  5.82378966915  9.5361323003
50  1.4  200  1780  1.74783333333  5.57253972185  10.6160093656
50  1.4  200  1780  1.748  5.29699003139  11.5953800337
50  1.4  200  1780  1.74816666667  5.00075124884  12.5344680073
50  1.4  200  1780  1.74833333333  4.677454601  13.2381046699
50  1.4  200  1780  1.7485  4.34011803456  14.0017609689
50  1.4  200  1780  1.74866666667  3.97724615457  14.4966247121
50  1.4  200  1780  1.74883333333  3.59886190213  14.9389505281
50  1.4  200  1780  1.749  3.20735261213  15.3497009969
50  1.4  200  1780  1.74916666667  2.80407694549  15.7225193105
50  1.4  200  1780  1.74933333333  2.39112743431  16.0686592022
50  1.4  200  1780  1.7495  1.96707122504  16.3089651704
50  1.4  200  1780  1.74966666667  1.53378830408  16.4477321658
50  1.4  200  1780  1.74983333333  1.09634625639  16.5696959655
50  1.4  200  1780  1.75  0.654423428075  16.6223550731
50  1.4  200  1780  1.75016666667  0.206881772301  16.5322959634
50  1.4  200  1780  1.75033333333  -0.231947311444  16.6190290471
50  1.4  200  1780  1.7505  -0.679743718423  16.3891534977
50  1.4  200  1780  1.75066666667  -1.13323464868  15.8818175528
50  1.4  200  1780  1.75083333333  -1.5807509891  15.3499599818
50  1.4  200  1780  1.751  -2.01853839671  14.8461800747
50  1.4  200  1780  1.75116666667  -2.44933623312  14.2590014648
50  1.4  200  1780  1.75133333333  -2.86895451175  13.6539830155
50  1.4  200  1780  1.7515  -3.27436927285  13.0682575784
50  1.4  200  1780  1.75166666667  -3.66214862223  12.5506671907
50  1.4  200  1780  1.75183333333  -4.03074688974  12.1036427137
50  1.4  200  1780  1.752  -4.38549902376  11.5564915599
50  1.4  200  1780  1.75216666667  -4.72265144633  10.9711528326
50  1.4  200  1780  1.75233333333  -5.03352501536  10.5365899059
50  1.4  200  1780  1.7525  -5.32228067242  10.1176672362
50  1.4  200  1780  1.75266666667  -5.59145553768  9.62264976657
50  1.4  200  1780  1.75283333333  -5.83860574223  9.08858269536
50  1.4  200  1780  1.753  -6.06693382914  8.41145426811
50  1.4  200  1780  1.75316666667  -6.27223535895  7.67784145515
50  1.4  200  1780  1.75333333333  -6.4518921684  6.93656096152
50  1.4  200  1780  1.7535  -6.60429056491  6.21351688097
50  1.4  200  1780  1.75366666667  -6.72282523763  5.66406088435
50  1.4  200  1780  1.75383333333  -6.82305729003  4.88322721883
50  1.4  200  1780  1.754  -6.89345260618  4.15701654229
50  1.4  200  1780  1.75416666667  -6.92981878641  3.58772524653
50  1.4  200  1780  1.75433333333  -6.94852393881  2.75820469332
50  1.4  200  1780  1.7545  -6.9298257104  2.17130934147
50  1.4  200  1780  1.75466666667  -6.88348111899  1.58340149776
50  1.4  200  1780  1.75483333333  -6.8122318779  0.931807531136
50  1.4  200  1780  1.755  -6.71676399785  0.208816493442
50  1.4  200  1780  1.75516666667  -6.6019413847  -0.696691598848
50  1.4  200  1780  1.75533333333  -6.46039954924  -1.58257502234
50  1.4  200  1780  1.7555  -6.29145815883  -2.41386868636
50  1.4  200  1780  1.75566666667  -6.09507684196  -3.16933136212
50  1.4  200  1780  1.75583333333  -5.87625293468  -3.95322822518
50  1.4  200  1780  1.756  -5.63299013363  -4.6898240981
50  1.4  200  1780  1.75616666667  -5.3717529735  -5.51602595747
50  1.4  200  1780  1.75633333333  -5.08663049922  -6.25224791667
50  1.4  200  1780  1.7565  -4.77400321558  -6.77506796268
50  1.4  200  1780  1.75666666667  -4.44748506626  -7.39687848763
50  1.4  200  1780  1.75683333333  -4.10682527586  -8.0761248979
50  1.4  200  1780  1.757  -3.75613773898  -8.88047095619
50  1.4  200  1780  1.75716666667  -3.39133816289  -9.66784755129
50  1.4  200  1780  1.75733333333  -3.01314921717  -10.4169347649
50  1.4  200  1780  1.7575  -2.62276153549  -11.1171078964
50  1.4  200  1780  1.75766666667  -2.2233971615  -11.8083102729
50  1.4  200  1780  1.75783333333  -1.81625663258  -12.4782745219
50  1.4  200  1780  1.758  -1.4030859507  -13.12789239
50  1.4  200  1780  1.75816666667  -0.991510917651  -13.9068783614
50  1.4  200  1780  1.75833333333  -0.564601549203  -14.3408793497
50  1.4  200  1780  1.7585  -0.149363573196  -15.0713337061
50  1.4  200  1780  1.75866666667  0.270428355267  -15.641610534
50  1.4  200  1780  1.75883333333  0.69003271338  -16.1278130258
50  1.4  200  1780  1.759  1.10868707533  -16.5053259157
50  1.4  200  1780  1.75916666667  1.52419824414  -16.7863997039
50  1.4  200  1780  1.75933333333  1.93447153762  -16.9814782958
50  1.4  200  1780  1.7595  2.3372954188  -17.1048381484
50  1.4  200  1780  1.75966666667  2.7315134376  -17.144986299
50  1.4  200  1780  1.75983333333  3.11507977039  -17.1142109409
50  1.4  200  1780  1.76  3.48664874914  -17.0083639674
50  1.4  200  1780  1.76016666667  3.84469984851  -16.829237561
50  1.4  200  1780  1.76033333333  4.18763603027  -16.5822115947
50  1.4  200  1780  1.7605  4.51485999839  -16.2490556103
50  1.4  200  1780  1.76066666667  4.82433895002  -15.8499159656
50  1.4  200  1780  1.76083333333  5.11597577164  -15.357811716
50  1.4  200  1780  1.761  5.38866592872  -14.7735058341
50  1.4  200  1780  1.76116666667  5.64155047757  -14.0937864177
50  1.4  200  1780  1.76133333333  5.87178902451  -13.3681323058
50  1.4  200  1780  1.7615  6.08183985712  -12.5138872016
50  1.4  200  1780  1.76166666667  6.27029264321  -11.5491889013
50  1.4  200  1780  1.76183333333  6.43446937228  -10.5269751739
50  1.4  200  1780  1.762  6.57298303242  -9.47005289674
50  1.4  200  1780  1.76216666667  6.68814315231  -8.31004631697
50  1.4  200  1780  1.76233333333  6.78121664515  -7.00780995247
50  1.4  200  1780  1.7625  6.84839366693  -5.6559232814
50  1.4  200  1780  1.76266666667  6.8909452598  -4.22070314014
50  1.4  200  1780  1.76283333333  6.90495486638  -2.8030287797
50  1.4  200  1780  1.763  6.89273244908  -1.34841771358
50  1.4  200  1780  1.76316666667  6.85432008669  0.137232972107
50  1.4  200  1780  1.76333333333  6.787388956  1.58505744343
50  1.4  200  1780  1.7635  6.6946056497  3.05036392991
50  1.4  200  1780  1.76366666667  6.57287847369  4.43953970342
50  1.4  200  1780  1.76383333333  6.42873419214  5.90067993251
50  1.4  200  1780  1.764  6.25255729512  7.16933487237
50  1.4  200  1780  1.76416666667  6.05087126299  8.38853376418
50  1.4  200  1780  1.76433333333  5.82735559122  9.62670672086
50  1.4  200  1780  1.7645  5.57270827922  10.6202907228
50  1.4  200  1780  1.76466666667  5.29677406197  11.5898944104
50  1.4  200  1780  1.76483333333  4.99947965262  12.5021694635
50  1.4  200  1780  1.765  4.67621580894  13.2066393517
50  1.4  200  1780  1.76516666667  4.33645269261  13.9086612835
50  1.4  200  1780  1.76533333333  3.97166706379  14.3549158063
50  1.4  200  1780  1.7655  3.60103080357  14.9940406245
50  1.4  200  1780  1.76566666667  3.2107160279  15.4351317575
50  1.4  200  1780  1.76583333333  2.80628521315  15.7786093091
50  1.4  200  1780  1.766  2.39067536585  16.0571766633
50  1.4  200  1780  1.76616666667  1.96597322722  16.2810760257
50  1.4  200  1780  1.76633333333  1.53418123863  16.4577127034
50  1.4  200  1780  1.7665  1.097047516  16.5875079594
50  1.4  200  1780  1.76666666667  0.655294584083  16.6444824357
50  1.4  200  1780  1.76683333333  0.210544749644  16.6253355879
50  1.4  200  1780  1.767  -0.234938441971  16.5430543317
50  1.4  200  1780  1.76716666667  -0.684474351315  16.2689954222
50  1.4  200  1780  1.76733333333  -1.13556224903  15.8226965038
50  1.4  200  1780  1.7675  -1.58162273233  15.3278177037
50  1.4  200  1780  1.76766666667  -2.01909547413  14.8320303083
50  1.4  200  1780  1.76783333333  -2.45046206283  14.23040539
50  1.4  200  1780  1.768  -2.86965053144  13.6363041153
50  1.4  200  1780  1.76816666667  -3.27401243608  13.0773212325
50  1.4  200  1780  1.76833333333  -3.66114185029  12.576239198
50  1.4  200  1780  1.7685  -4.03196947641  12.0725890123
50  1.4  200  1780  1.76866666667  -4.38587820658  11.5468603164
50  1.4  200  1780  1.76883333333  -4.72022405473  11.0328085792
50  1.4  200  1780  1.769  -5.03469534536  10.5068635239
50  1.4  200  1780  1.76916666667  -5.32988511567  9.92451437758
50  1.4  200  1780  1.76933333333  -5.59899025911  9.43126784217
50  1.4  200  1780  1.7695  -5.85394156751  8.69905273329
50  1.4  200  1780  1.76966666667  -6.07665127566  8.16463112668
50  1.4  200  1780  1.76983333333  -6.2688409397  7.7640597042
50  1.4  200  1780  1.77  -6.44066647199  7.22169365032
50  1.4  200  1780  1.77016666667  -6.58877983225  6.6074894906
50  1.4  200  1780  1.77033333333  -6.71161704509  5.94874897479
50  1.4  200  1780  1.7705  -6.81345887764  5.12702689364
50  1.4  200  1780  1.77066666667  -6.88705295964  4.31956756428
50  1.4  200  1780  1.77083333333  -6.93181384834  3.53705067349
50  1.4  200  1780  1.771  -6.94807196058  2.76968494042
50  1.4  200  1780  1.77116666667  -6.93491041961  2.04215772752
50  1.4  200  1780  1.77133333333  -6.89433567153  1.30769586327
50  1.4  200  1780  1.7715  -6.82735286775  0.547734389072
50  1.4  200  1780  1.77166666667  -6.73164755388  -0.169225829795
50  1.4  200  1780  1.77183333333  -6.61042143901  -0.912084978385
50  1.4  200  1780  1.772  -6.46812790915  -1.77887536408
50  1.4  200  1780  1.77216666667  -6.28836981002  -2.33542462658
50  1.4  200  1780  1.77233333333  -6.0997443109  -3.28788507321
50  1.4  200  1780  1.7725  -5.87219579987  -3.85017700099
50  1.4  200  1780  1.77266666667  -5.62511599287  -4.48982092287
50  1.4  200  1780  1.77283333333  -5.35977938132  -5.21189671603
50  1.4  200  1780  1.773  -5.07381131042  -5.92664052112
50  1.4  200  1780  1.77316666667  -4.76817477018  -6.62702544954
50  1.4  200  1780  1.77333333333  -4.44890481816  -7.43294018565
50  1.4  200  1780  1.7735  -4.11420450129  -8.26355722388
50  1.4  200  1780  1.77366666667  -3.76309372984  -9.05715312399
50  1.4  200  1780  1.77383333333  -3.39536216007  -9.77005707975
50  1.4  200  1780  1.774  -3.01563872839  -10.4801683497
50  1.4  200  1780  1.77416666667  -2.62751724007  -11.2379027928
50  1.4  200  1780  1.77433333333  -2.21777937791  -11.6656185696
50  1.4  200  1780  1.7745  -1.81507512644  -12.4482642659
50  1.4  200  1780  1.77466666667  -1.39486584047  -12.9191015901
50  1.4  200  1780  1.77483333333  -0.977209057043  -13.5436111019
50  1.4  200  1780  1.775  -0.560259466685  -14.2305904538
50  1.4  200  1780  1.77516666667  -0.147616148103  -15.0269491087
50  1.4  200  1780  1.77533333333  0.270448847618  -15.6410900283
50  1.4  200  1780  1.7755  0.690299969042  -16.121024732
50  1.4  200  1780  1.77566666667  1.10904238625  -16.4963010183
50  1.4  200  1780  1.77583333333  1.52392259028  -16.793401312
50  1.4  200  1780  1.776  1.93384723396  -16.9973356087
50  1.4  200  1780  1.77616666667  2.33639420622  -17.127728948
50  1.4  200  1780  1.77633333333  2.73058371016  -17.1686013758
50  1.4  200  1780  1.7765  3.1145856399  -17.1267618554
50  1.4  200  1780  1.77666666667  3.48644185662  -17.0136190373
50  1.4  200  1780  1.77683333333  3.84543634011  -16.8105306743
50  1.4  200  1780  1.777  4.1877905403  -16.5782870398
50  1.4  200  1780  1.77716666667  4.51625332197  -16.2136651913
50  1.4  200  1780  1.77733333333  4.82407053945  -15.8567335939
50  1.4  200  1780  1.7775  5.11772666426  -15.3133390435
50  1.4  200  1780  1.77766666667  5.38204074924  -14.9417853929
50  1.4  200  1780  1.77783333333  5.63866482539  -14.167081983
50  1.4  200  1780  1.778  5.86568081356  -13.523280864
50  1.4  200  1780  1.77816666667  6.07052051831  -12.8013984074
50  1.4  200  1780  1.77833333333  6.25366001921  -11.9716575508
50  1.4  200  1780  1.7785  6.42397689519  -10.793484092
50  1.4  200  1780  1.77866666667  6.56773716684  -9.60329788244
50  1.4  200  1780  1.77883333333  6.68421833446  -8.40973669033
50  1.4  200  1780  1.779  6.77928256274  -7.05693564559
50  1.4  200  1780  1.77916666667  6.84648781173  -5.70433200336
50  1.4  200  1780  1.77933333333  6.88705640971  -4.31947993249
50  1.4  200  1780  1.7795  6.89938749516  -2.94444000847
50  1.4  200  1780  1.77966666667  6.89243271654  -1.35603092009
50  1.4  200  1780  1.77983333333  6.8516972929  0.0706140098208
50  1.4  200  1780  1.78  6.7888392733  1.62189550304
50  1.4  200  1780  1.78016666667  6.69573062533  3.07893831076
50  1.4  200  1780  1.78033333333  6.5755201636  4.50663862716
50  1.4  200  1780  1.7805  6.42801140715  5.88232119365
50  1.4  200  1780  1.78066666667  6.25345168748  7.1920524383
50  1.4  200  1780  1.78083333333  6.0523419194  8.42588843714
50  1.4  200  1780  1.781  5.82515043257  9.57069569129
50  1.4  200  1780  1.78116666667  5.57297549904  10.6270781061
50  1.4  200  1780  1.78133333333  5.29647147687  11.582208749
50  1.4  200  1780  1.7815  4.99706878899  12.4409335273
50  1.4  200  1780  1.78166666667  4.67589756396  13.1985559292
50  1.4  200  1780  1.78183333333  4.33413746265  13.8498544425
50  1.4  200  1780  1.782  3.98107481675  14.5938727316
50  1.4  200  1780  1.78216666667  3.60300688229  15.0442330242
50  1.4  200  1780  1.78233333333  3.21401716479  15.5189806343
50  1.4  200  1780  1.7825  2.80826616129  15.8289253917
50  1.4  200  1780  1.78266666667  2.39164136591  16.0817130648
50  1.4  200  1780  1.78283333333  1.96647763929  16.2938880923
50  1.4  200  1780  1.783  1.53457387827  16.4676857503
50  1.4  200  1780  1.78316666667  1.09730311185  16.5940000939
50  1.4  200  1780  1.78333333333  0.654944305749  16.635585366
50  1.4  200  1780  1.7835  0.210243421299  16.6176818479
50  1.4  200  1780  1.78366666667  -0.23524267091  16.5353269167
50  1.4  200  1780  1.78383333333  -0.685020502679  16.2551231776
50  1.4  200  1780  1.784  -1.14129714793  15.6770300718
50  1.4  200  1780  1.78416666667  -1.59215225548  15.0603678157
50  1.4  200  1780  1.78433333333  -2.03127301579  14.5227207502
50  1.4  200  1780  1.7845  -2.4590382423  14.0125704316
50  1.4  200  1780  1.78466666667  -2.87929055439  13.3914475324
50  1.4  200  1780  1.78483333333  -3.26991166746  13.1814807553
50  1.4  200  1780  1.785  -3.65992887532  12.6070487623
50  1.4  200  1780  1.78516666667  -4.0274697086  12.1868831146
50  1.4  200  1780  1.78533333333  -4.3774419976  11.7611400245
50  1.4  200  1780  1.7855  -4.70812808766  11.3400461428
50  1.4  200  1780  1.78566666667  -5.02437542906  10.7689893978
50  1.4  200  1780  1.78583333333  -5.32335994102  10.0902538138
50  1.4  200  1780  1.786  -5.59980723934  9.41051654434
50  1.4  200  1780  1.78616666667  -5.84898564509  8.82493316276
50  1.4  200  1780  1.78633333333  -6.07825049049  8.12401106986
50  1.4  200  1780  1.7865  -6.2804910166  7.46814775092
50  1.4  200  1780  1.78666666667  -6.44859042921  7.02042513701
50  1.4  200  1780  1.78683333333  -6.58990813415  6.5788306225
50  1.4  200  1780  1.787  -6.7105832441  5.97500751996
50  1.4  200  1780  1.78716666667  -6.80723252806  5.28517617288
50  1.4  200  1780  1.78733333333  -6.8828683289  4.42585718509
50  1.4  200  1780  1.7875  -6.92884622963  3.61242818885
50  1.4  200  1780  1.78766666667  -6.9472280545  2.79112015485
50  1.4  200  1780  1.78783333333  -6.93471030416  2.04724066003
50  1.4  200  1780  1.788  -6.89242476854  1.35623279912
50  1.4  200  1780  1.78816666667  -6.82615914529  0.57805493951
50  1.4  200  1780  1.78833333333  -6.73048713369  -0.139751156974
50  1.4  200  1780  1.7885  -6.61893939065  -1.12844094992
50  1.4  200  1780  1.78866666667  -6.46179081624  -1.61791320414
50  1.4  200  1780  1.78883333333  -6.28275029717  -2.19268900019
50  1.4  200  1780  1.789  -6.08465259041  -2.9045553728
50  1.4  200  1780  1.78916666667  -5.86400506098  -3.6421322333
50  1.4  200  1780  1.78933333333  -5.62548156969  -4.49910657394
50  1.4  200  1780  1.7895  -5.3657410173  -5.36332227016
50  1.4  200  1780  1.78966666667  -5.08352802775  -6.17344514129
50  1.4  200  1780  1.78983333333  -4.7800027727  -6.92745671333
50  1.4  200  1780  1.79  -4.45664663685  -7.62958238053
50  1.4  200  1780  1.79016666667  -4.11820737979  -8.3652303377
50  1.4  200  1780  1.79033333333  -3.76571770474  -9.12380208642
50  1.4  200  1780  1.7905  -3.39202042252  -9.68517694592
50  1.4  200  1780  1.79066666667  -3.0149479947  -10.462623714
50  1.4  200  1780  1.79083333333  -2.62585387523  -11.1956533257
50  1.4  200  1780  1.791  -2.219623575  -11.7124611757
50  1.4  200  1780  1.79116666667  -1.8146105532  -12.4364641056
50  1.4  200  1780  1.79133333333  -1.39881468975  -13.0194023619
50  1.4  200  1780  1.7915  -0.979202487563  -13.5942442371
50  1.4  200  1780  1.79166666667  -0.559104510509  -14.2012545669
50  1.4  200  1780  1.79183333333  -0.14507063296  -14.9622930241
50  1.4  200  1780  1.792  0.271517279978  -15.6139518463
50  1.4  200  1780  1.79216666667  0.690579701959  -16.1139195159
50  1.4  200  1780  1.79233333333  1.10903681484  -16.4964425322
50  1.4  200  1780  1.7925  1.52449126098  -16.7789570762
50  1.4  200  1780  1.79266666667  1.93466890591  -16.9764651411
50  1.4  200  1780  1.79283333333  2.33744721589  -17.1009825025
50  1.4  200  1780  1.793  2.73152262551  -17.1447529261
50  1.4  200  1780  1.79316666667  3.11511555996  -17.1133018859
50  1.4  200  1780  1.79333333333  3.48664752865  -17.0083949678
50  1.4  200  1780  1.7935  3.84473367724  -16.8283783111
50  1.4  200  1780  1.79366666667  4.18804951272  -16.5717091404
50  1.4  200  1780  1.79383333333  4.51547477042  -16.2334404006
50  1.4  200  1780  1.794  4.82492604876  -15.8350036576
50  1.4  200  1780  1.79416666667  5.11585239387  -15.3609455113
50  1.4  200  1780  1.79433333333  5.39103042902  -14.7134475264
50  1.4  200  1780  1.7945  5.64185810104  -14.0859727815
50  1.4  200  1780  1.79466666667  5.87403984984  -13.3109613425
50  1.4  200  1780  1.79483333333  6.08125049906  -12.5288568964
50  1.4  200  1780  1.795  6.27030812427  -11.5487956824
50  1.4  200  1780  1.79516666667  6.43214769669  -10.5859457339
50  1.4  200  1780  1.79533333333  6.56466564597  -9.68131451241
50  1.4  200  1780  1.7955  6.67878254798  -8.54780566706
50  1.4  200  1780  1.79566666667  6.7661467774  -7.39058459326
50  1.4  200  1780  1.79583333333  6.82816876771  -6.16963572167
50  1.4  200  1780  1.796  6.87363543851  -4.66037260108
50  1.4  200  1780  1.79616666667  6.89268416285  -3.11470464932
50  1.4  200  1780  1.79633333333  6.88460283594  -1.5549098871
50  1.4  200  1780  1.7965  6.84883046915  -0.00220331348941
50  1.4  200  1780  1.79666666667  6.78476908761  1.5185127864
50  1.4  200  1780  1.79683333333  6.69202821424  2.98489706927
50  1.4  200  1780  1.797  6.57382801975  4.46365817332
50  1.4  200  1780  1.79716666667  6.42604597315  5.83239917006
50  1.4  200  1780  1.79733333333  6.25043127038  7.11533384408
50  1.4  200  1780  1.7975  6.05359242332  8.45765123669
50  1.4  200  1780  1.79766666667  5.82505024466  9.56815091822
50  1.4  200  1780  1.79783333333  5.57208501835  10.6044598967
50  1.4  200  1780  1.798  5.29970134825  11.6642474821
50  1.4  200  1780  1.79816666667  4.99871852302  12.4828367714
50  1.4  200  1780  1.79833333333  4.67695266266  13.225355436
50  1.4  200  1780  1.7985  4.34071664507  14.0169656758
50  1.4  200  1780  1.79866666667  3.97808488597  14.5179284898
50  1.4  200  1780  1.79883333333  3.59969234875  14.9600438723
50  1.4  200  1780  1.799  3.21004066697  15.4179775899
50  1.4  200  1780  1.79916666667  2.80662695529  15.7872895592
50  1.4  200  1780  1.79933333333  2.39135143528  16.0743488268
50  1.4  200  1780  1.7995  1.96710822375  16.3099049375
50  1.4  200  1780  1.79966666667  1.53509732808  16.4809813754
50  1.4  200  1780  1.79983333333  1.09643853454  16.5720398302
50  1.4  200  1780  1.8  0.653586317517  16.6010924649
50  1.4  200  1780  1.80016666667  0.210663984285  16.6283641478
50  1.4  200  1780  1.80033333333  -0.23525161704  16.5350996849
50  1.4  200  1780  1.8005  -0.683867743479  16.2844032613
50  1.4  200  1780  1.80066666667  -1.14214204767  15.6555696185
50  1.4  200  1780  1.80083333333  -1.58995732385  15.1161190793
50  1.4  200  1780  1.801  -2.02397595476  14.7080661003
50  1.4  200  1780  1.80116666667  -2.45157494515  14.2021381792
50  1.4  200  1780  1.80133333333  -2.86484186999  13.7584441163
50  1.4  200  1780  1.8015  -3.26345722229  13.3454236626
50  1.4  200  1780  1.80166666667  -3.65107276024  12.8319940853
50  1.4  200  1780  1.80183333333  -4.02622084649  12.2186042122
50  1.4  200  1780  1.802  -4.38423198663  11.5886743032
50  1.4  200  1780  1.80216666667  -4.71953330004  11.0503537482
50  1.4  200  1780  1.80233333333  -5.03454493555  10.510683933
50  1.4  200  1780  1.8025  -5.3312076296  9.89092252372
50  1.4  200  1780  1.80266666667  -5.60705811038  9.22634441986
50  1.4  200  1780  1.80283333333  -5.84477243675  8.9319486544
50  1.4  200  1780  1.803  -6.06621811397  8.42963343341
50  1.4  200  1780  1.80316666667  -6.26872288422  7.76705831325
50  1.4  200  1780  1.80333333333  -6.4433210003  7.15426863132
50  1.4  200  1780  1.8035  -6.58839658663  6.61722392942
50  1.4  200  1780  1.80366666667  -6.70950049619  6.0025093169
50  1.4  200  1780  1.80383333333  -6.80605009303  5.31521002272
50  1.4  200  1780  1.804  -6.88169997308  4.45553342294
50  1.4  200  1780  1.80416666667  -6.92869053613  3.61638280362
50  1.4  200  1780  1.80433333333  -6.94591447676  2.82448502946
50  1.4  200  1780  1.8045  -6.93422879155  2.05947108032
50  1.4  200  1780  1.80466666667  -6.89458599545  1.30133763567
50  1.4  200  1780  1.80483333333  -6.82740764352  0.546343084271
50  1.4  200  1780  1.805  -6.7328923859  -0.200844563127
50  1.4  200  1780  1.80516666667  -6.60855834916  -0.864762496138
50  1.4  200  1780  1.80533333333  -6.46739567733  -1.76027667572
50  1.4  200  1780  1.8055  -6.2948618798  -2.50032319906
50  1.4  200  1780  1.80566666667  -6.08889049416  -3.01219812817
50  1.4  200  1780  1.80583333333  -5.8647179351  -3.66023923571
50  1.4  200  1780  1.806  -5.62075156124  -4.37896435952
50  1.4  200  1780  1.80616666667  -5.35636435709  -5.12515510063
50  1.4  200  1780  1.80633333333  -5.07168276238  -5.87257540093
50  1.4  200  1780  1.8065  -4.76758480385  -6.61204030474
50  1.4  200  1780  1.80666666667  -4.44970811242  -7.45334385997
50  1.4  200  1780  1.80683333333  -4.1143687907  -8.26773017479
50  1.4  200  1780  1.807  -3.76217405024  -9.03379326221
50  1.4  200  1780  1.80716666667  -3.3951450789  -9.76454321809
50  1.4  200  1780  1.80733333333  -3.01450298985  -10.4513205909
50  1.4  200  1780  1.8075  -2.62248877428  -11.1101797616
50  1.4  200  1780  1.80766666667  -2.22487986532  -11.84597095
50  1.4  200  1780  1.80783333333  -1.81448012507  -12.433151231
50  1.4  200  1780  1.808  -1.39902521038  -13.0247495859
50  1.4  200  1780  1.80816666667  -0.984857388924  -13.7378787317
50  1.4  200  1780  1.80833333333  -0.568427957293  -14.4380701152
50  1.4  200  1780  1.8085  -0.154777235205  -15.2088407212
50  1.4  200  1780  1.80866666667  0.26127110971  -15.8742045711
50  1.4  200  1780  1.80883333333  0.681168150925  -16.3529729121
50  1.4  200  1780  1.809  1.10018836438  -16.7211931739
50  1.4  200  1780  1.80916666667  1.52027283899  -16.8861049945
50  1.4  200  1780  1.80933333333  1.93220226873  -17.0391177256
50  1.4  200  1780  1.8095  2.33551356302  -17.1500972853
50  1.4  200  1780  1.80966666667  2.72949314643  -17.1963016947
50  1.4  200  1780  1.80983333333  3.11297800451  -17.1675957943
50  1.4  200  1780  1.81  3.48549871502  -17.0375748341
50  1.4  200  1780  1.81016666667  3.84402291813  -16.8464315927
50  1.4  200  1780  1.81033333333  4.18689803599  -16.6009566493
50  1.4  200  1780  1.8105  4.514000056  -16.270898147
50  1.4  200  1780  1.81066666667  4.8242281255  -15.8527309084
50  1.4  200  1780  1.81083333333  5.11590851662  -15.3595199934
50  1.4  200  1780  1.811  5.38718055033  -14.8112344452
50  1.4  200  1780  1.81116666667  5.64150568657  -14.0949241091
50  1.4  200  1780  1.81133333333  5.87101752533  -13.387728385
50  1.4  200  1780  1.8115  6.08241187891  -12.4993578482
50  1.4  200  1780  1.81166666667  6.2702104729  -11.5512760272
50  1.4  200  1780  1.81183333333  6.43076247704  -10.6211303129
50  1.4  200  1780  1.812  6.57303163523  -9.46881838527
50  1.4  200  1780  1.81216666667  6.68171134708  -8.47341416985
50  1.4  200  1780  1.81233333333  6.76940149749  -7.30791470294
50  1.4  200  1780  1.8125  6.83213737322  -6.06883314148
50  1.4  200  1780  1.81266666667  6.86967481739  -4.76097237745
50  1.4  200  1780  1.81283333333  6.8884190652  -3.22303812959
50  1.4  200  1780  1.813  6.88137373417  -1.63692907206
50  1.4  200  1780  1.81316666667  6.84577766181  -0.0797446197426
50  1.4  200  1780  1.81333333333  6.78097695291  1.42219256495
50  1.4  200  1780  1.8135  6.69311159334  3.01241489827
50  1.4  200  1780  1.81366666667  6.57317764355  4.44713861789
50  1.4  200  1780  1.81383333333  6.41625872524  5.58380307306
50  1.4  200  1780  1.814  6.23727074153  6.78105641123
50  1.4  200  1780  1.81416666667  6.03500332924  7.98548824692
50  1.4  200  1780  1.81433333333  5.80754770076  9.12358630335
50  1.4  200  1780  1.8145  5.55520056071  10.1755946727
50  1.4  200  1780  1.81466666667  5.27939069531  11.1483568972
50  1.4  200  1780  1.81483333333  4.98534727838  12.1432071576
50  1.4  200  1780  1.815  4.66972934843  13.0418832548
50  1.4  200  1780  1.81516666667  4.33232449004  13.8038049383
50  1.4  200  1780  1.81533333333  3.97576993153  14.4591286468
50  1.4  200  1780  1.8155  3.60268878682  15.0361533992
50  1.4  200  1780  1.81566666667  3.21243466979  15.4787852615
50  1.4  200  1780  1.81583333333  2.80929276594  15.85500115
50  1.4  200  1780  1.816  2.38715109021  15.967660062
50  1.4  200  1780  1.81616666667  1.96795566655  16.3314299848
50  1.4  200  1780  1.81633333333  1.53955364445  16.5941718111
50  1.4  200  1780  1.8165  1.09701688997  16.5867300582
50  1.4  200  1780  1.81666666667  0.656566996196  16.6768017034
50  1.4  200  1780  1.81683333333  0.213445141834  16.6990055495
50  1.4  200  1780  1.817  -0.230402778822  16.6582601757
50  1.4  200  1780  1.81716666667  -0.680889544243  16.3600495218
50  1.4  200  1780  1.81733333333  -1.13901442853  15.7350111446
50  1.4  200  1780  1.8175  -1.59032454114  15.1067917599
50  1.4  200  1780  1.81766666667  -2.03076024331  14.5357451711
50  1.4  200  1780  1.81783333333  -2.46004088448  13.9871033202
50  1.4  200  1780  1.818  -2.87267636968  13.559447824
50  1.4  200  1780  1.81816666667  -3.27700667381  13.001267594
50  1.4  200  1780  1.81833333333  -3.66520235975  12.4731022579
50  1.4  200  1780  1.8185  -4.02938505301  12.1382333666
50  1.4  200  1780  1.81866666667  -4.38545490206  11.5576122511
50  1.4  200  1780  1.81883333333  -4.72252080662  10.9744710812
50  1.4  200  1780  1.819  -5.03259114675  10.5603101686
50  1.4  200  1780  1.81916666667  -5.31960677935  10.1855841203
50  1.4  200  1780  1.81933333333  -5.58706049047  9.73428396555
50  1.4  200  1780  1.8195  -5.83497777877  9.18073296724
50  1.4  200  1780  1.81966666667  -6.0607085201  8.56957711776
50  1.4  200  1780  1.81983333333  -6.26767830033  7.7935907441
50  1.4  200  1780  1.82  -6.4483825602  7.02570500973
50  1.4  200  1780  1.82016666667  -6.60221093541  6.26633947032
50  1.4  200  1780  1.82033333333  -6.72658710896  5.56850935252
50  1.4  200  1780  1.8205  -6.82224511659  4.90385642435
50  1.4  200  1780  1.82066666667  -6.89092391691  4.22124524954
50  1.4  200  1780  1.82083333333  -6.93615727891  3.42672753707
50  1.4  200  1780  1.821  -6.94510288297  2.84509951175
50  1.4  200  1780  1.82116666667  -6.9350903238  2.03758816108
50  1.4  200  1780  1.82133333333  -6.88978308212  1.42333163414
50  1.4  200  1780  1.8215  -6.82650540098  0.56926004489
50  1.4  200  1780  1.82166666667  -6.73434410427  -0.237718209493
50  1.4  200  1780  1.82183333333  -6.60535810285  -0.783476239846
50  1.4  200  1780  1.822  -6.45334993781  -1.40351489208
50  1.4  200  1780  1.82216666667  -6.27888758262  -2.0945760505
50  1.4  200  1780  1.82233333333  -6.08205227299  -2.83850731033
50  1.4  200  1780  1.8225  -5.86259680161  -3.60636244511
50  1.4  200  1780  1.82266666667  -5.62037398821  -4.36937400455
50  1.4  200  1780  1.82283333333  -5.36085467529  -5.2392091829
50  1.4  200  1780  1.823  -5.08013849559  -6.08735102435
50  1.4  200  1780  1.82316666667  -4.77858628797  -6.89147800133
50  1.4  200  1780  1.82333333333  -4.45702829207  -7.63927642319
50  1.4  200  1780  1.8235  -4.11813601099  -8.36341757024
50  1.4  200  1780  1.82366666667  -3.76438986947  -9.09007507045
50  1.4  200  1780  1.82383333333  -3.39364692451  -9.72649009656
50  1.4  200  1780  1.824  -3.01486547907  -10.4605278172
50  1.4  200  1780  1.82416666667  -2.6319247172  -11.349852712
50  1.4  200  1780  1.82433333333  -2.21857508132  -11.6858294363
50  1.4  200  1780  1.8245  -1.81121391662  -12.3501895365
50  1.4  200  1780  1.82466666667  -1.39624286273  -12.9540779555
50  1.4  200  1780  1.82483333333  -0.978376665546  -13.5732683579
50  1.4  200  1780  1.825  -0.559733261083  -14.2172248315
50  1.4  200  1780  1.82516666667  -0.14620492629  -14.9911040747
50  1.4  200  1780  1.82533333333  0.270969281148  -15.6278710166
50  1.4  200  1780  1.8255  0.690438780434  -16.1174989226
50  1.4  200  1780  1.82566666667  1.10914618791  -16.4936644564
50  1.4  200  1780  1.82583333333  1.52391593906  -16.7935702528
50  1.4  200  1780  1.826  1.93391845729  -16.9955265359
50  1.4  200  1780  1.82616666667  2.33675540247  -17.1185545632
50  1.4  200  1780  1.82633333333  2.73077347649  -17.1637813112
50  1.4  200  1780  1.8265  3.11431141224  -17.133727238
50  1.4  200  1780  1.82666666667  3.48633393564  -17.0163602301
50  1.4  200  1780  1.82683333333  3.84456072403  -16.8327713227
50  1.4  200  1780  1.827  4.18732780069  -16.590040626
50  1.4  200  1780  1.82716666667  4.51438963506  -16.2610028388
50  1.4  200  1780  1.82733333333  4.82363483891  -15.8678003876
50  1.4  200  1780  1.8275  5.11955150793  -15.2669880143
50  1.4  200  1780  1.82766666667  5.38814254441  -14.7867997956
50  1.4  200  1780  1.82783333333  5.64381351572  -14.0363052487
50  1.4  200  1780  1.828  5.87222473656  -13.3570652197
50  1.4  200  1780  1.82816666667  6.07554895057  -12.673676228
50  1.4  200  1780  1.82833333333  6.26042869682  -11.7997331397
50  1.4  200  1780  1.8285  6.42112099918  -10.8660238507
50  1.4  200  1780  1.82866666667  6.55859595439  -9.8354846785
50  1.4  200  1780  1.82883333333  6.67205376489  -8.71871675731
50  1.4  200  1780  1.829  6.76699151761  -7.36912819192
50  1.4  200  1780  1.82916666667  6.8378250485  -5.92436618949
50  1.4  200  1780  1.82933333333  6.88171292969  -4.45520432506
50  1.4  200  1780  1.8295  6.89854075521  -2.96594720325
50  1.4  200  1780  1.82966666667  6.88866022475  -1.45185221135
50  1.4  200  1780  1.82983333333  6.85109632684  0.0553494720016
50  1.4  200  1780  1.83  6.7849419209  1.52290275195
50  1.4  200  1780  1.83016666667  6.69519439811  3.06531813947
50  1.4  200  1780  1.83033333333  6.57396161387  4.46705146405
50  1.4  200  1780  1.8305  6.42547718562  5.81795196674
50  1.4  200  1780  1.83066666667  6.25349486195  7.19314907004
50  1.4  200  1780  1.83083333333  6.04968863955  8.35849512899
50  1.4  200  1780  1.831  5.82588390049  9.58932577638
50  1.4  200  1780  1.83116666667  5.56826921759  10.5075385573
50  1.4  200  1780  1.83133333333  5.28814112891  11.3706179108
50  1.4  200  1780  1.8315  4.98729910374  12.1927835217
50  1.4  200  1780  1.83166666667  4.67011271661  13.0516208063
50  1.4  200  1780  1.83183333333  4.33177368369  13.7898144569
50  1.4  200  1780  1.832  3.97320532101  14.3939875396
50  1.4  200  1780  1.83216666667  3.60340866137  15.0544382126
50  1.4  200  1780  1.83233333333  3.21070674149  15.4348958825
50  1.4  200  1780  1.8325  2.80523914612  15.7520392064
50  1.4  200  1780  1.83266666667  2.3897189838  16.0328845592
50  1.4  200  1780  1.83283333333  1.966049879  16.283022981
50  1.4  200  1780  1.833  1.53528468553  16.4857402546
50  1.4  200  1780  1.83316666667  1.09677395665  16.5805595518
50  1.4  200  1780  1.83333333333  0.653645683319  16.6026003563
50  1.4  200  1780  1.8335  0.209729148687  16.6046193236
50  1.4  200  1780  1.83366666667  -0.234021020028  16.566356849
50  1.4  200  1780  1.83383333333  -0.685207981791  16.2503612081
50  1.4  200  1780  1.834  -1.14010335819  15.7073523312
50  1.4  200  1780  1.83416666667  -1.59234800148  15.0553958675
50  1.4  200  1780  1.83433333333  -2.03228406134  14.4970401931
50  1.4  200  1780  1.8345  -2.45698574332  14.0647039056
50  1.4  200  1780  1.83466666667  -2.87510855556  13.4976703028
50  1.4  200  1780  1.83483333333  -3.27633131852  13.0184216184
50  1.4  200  1780  1.835  -3.66060449754  12.5898879581
50  1.4  200  1780  1.83516666667  -4.03576549546  11.9761701284
50  1.4  200  1780  1.83533333333  -4.3797462107  11.7026130117
50  1.4  200  1780  1.8355  -4.70883476208  11.3220966125
50  1.4  200  1780  1.83566666667  -5.02236637333  10.8200194134
50  1.4  200  1780  1.83583333333  -5.3164203368  10.2665197611
50  1.4  200  1780  1.836  -5.59251053007  9.59585295989
50  1.4  200  1780  1.83616666667  -5.84561272052  8.91060544667
50  1.4  200  1780  1.83633333333  -6.07558810555  8.19163564737
50  1.4  200  1780  1.8365  -6.27625857969  7.5756516484
50  1.4  200  1780  1.83666666667  -6.4523277103  6.92549819719
50  1.4  200  1780  1.83683333333  -6.60588330819  6.1730612019
50  1.4  200  1780  1.837  -6.72925808745  5.50066649897
50  1.4  200  1780  1.83716666667  -6.81841956664  5.00102539295
50  1.4  200  1780  1.83733333333  -6.88100182817  4.47326630368
50  1.4  200  1780  1.8375  -6.91890965534  3.86481717581
50  1.4  200  1780  1.83766666667  -6.9310246951  3.20268548374
50  1.4  200  1780  1.83783333333  -6.92278482565  2.35014781402
50  1.4  200  1780  1.838  -6.88837043002  1.45921299758
50  1.4  200  1780  1.83816666667  -6.82517842252  0.602965297748
50  1.4  200  1780  1.83833333333  -6.73389110437  -0.22621201211
50  1.4  200  1780  1.8385  -6.61500442969  -1.02849294172
50  1.4  200  1780  1.83866666667  -6.46041510759  -1.58297020441
50  1.4  200  1780  1.83883333333  -6.29274776304  -2.44662463331
50  1.4  200  1780  1.839  -6.09751000175  -3.23113362091
50  1.4  200  1780  1.83916666667  -5.86972787584  -3.78749173059
50  1.4  200  1780  1.83933333333  -5.62220346295  -4.41584266289
50  1.4  200  1780  1.8395  -5.35656136087  -5.13015899679
50  1.4  200  1780  1.83966666667  -5.07210211377  -5.8832269261
50  1.4  200  1780  1.83983333333  -4.77201391701  -6.7245397789
50  1.4  200  1780  1.84  -4.45374077032  -7.55577337071
50  1.4  200  1780  1.84016666667  -4.11794398504  -8.3585401111
50  1.4  200  1780  1.84033333333  -3.76392138683  -9.07817561148
50  1.4  200  1780  1.8405  -3.39479726047  -9.75570862979
50  1.4  200  1780  1.84066666667  -3.01591839548  -10.4872718939
50  1.4  200  1780  1.84083333333  -2.62048285355  -11.0592293753
50  1.4  200  1780  1.841  -2.22293073225  -11.79646297
50  1.4  200  1780  1.84116666667  -1.81273944385  -12.3889379281
50  1.4  200  1780  1.84133333333  -1.39637860373  -12.9575257769
50  1.4  200  1780  1.8415  -0.976175787795  -13.517366063
50  1.4  200  1780  1.84166666667  -0.559733411936  -14.2172286632
50  1.4  200  1780  1.84183333333  -0.151734963382  -15.1315670168
50  1.4  200  1780  1.842  0.261929679143  -15.8574769075
50  1.4  200  1780  1.84216666667  0.680693875586  -16.3650195057
50  1.4  200  1780  1.84233333333  1.10310864112  -16.6470181447
50  1.4  200  1780  1.8425  1.51824050952  -16.9377261632
50  1.4  200  1780  1.84266666667  1.93248259647  -17.0319974009
50  1.4  200  1780  1.84283333333  2.33270118805  -17.2215316095
50  1.4  200  1780  1.843  2.73241007585  -17.1222116874
50  1.4  200  1780  1.84316666667  3.11463541066  -17.125497678
50  1.4  200  1780  1.84333333333  3.48333002576  -17.0926595411
50  1.4  200  1780  1.8435  3.8397191351  -16.9557476815
50  1.4  200  1780  1.84366666667  4.18296729866  -16.7007973775
50  1.4  200  1780  1.84383333333  4.51305552487  -16.2948892378
50  1.4  200  1780  1.844  4.82374561034  -15.8649867934
50  1.4  200  1780  1.84416666667  5.11530212192  -15.3749224189
50  1.4  200  1780  1.84433333333  5.38827562335  -14.7834195905
50  1.4  200  1780  1.8445  5.64036077657  -14.124004823
50  1.4  200  1780  1.84466666667  5.86887303659  -13.442198399
50  1.4  200  1780  1.84483333333  6.08186286588  -12.5133027792
50  1.4  200  1780  1.845  6.26911424302  -11.579120266
50  1.4  200  1780  1.84516666667  6.42508801465  -10.7652616576
50  1.4  200  1780  1.84533333333  6.55891574788  -9.82736192391
50  1.4  200  1780  1.8455  6.67347926833  -8.68250897012
50  1.4  200  1780  1.84566666667  6.76423190182  -7.43922243302
50  1.4  200  1780  1.84583333333  6.83598970744  -5.97098385235
50  1.4  200  1780  1.846  6.880330824  -4.49030980964
50  1.4  200  1780  1.84616666667  6.89706029512  -3.00355088968
50  1.4  200  1780  1.84633333333  6.88662418305  -1.50356767073
50  1.4  200  1780  1.8465  6.85145411379  0.0644372603636
50  1.4  200  1780  1.84666666667  6.78680793785  1.57029958244
50  1.4  200  1780  1.84683333333  6.6944238705  3.0457467383
50  1.4  200  1780  1.847  6.57287390689  4.43942370662
50  1.4  200  1780  1.84716666667  6.4225280733  5.74304451381
50  1.4  200  1780  1.84733333333  6.2554079654  7.24174189751
50  1.4  200  1780  1.8475  6.05339245169  8.45257195723
50  1.4  200  1780  1.84766666667  5.81800208106  9.38912756288
50  1.4  200  1780  1.84783333333  5.56252077007  10.3615279904
50  1.4  200  1780  1.848  5.28507475183  11.2927319329
50  1.4  200  1780  1.84816666667  4.98918013421  12.2405616958
50  1.4  200  1780  1.84833333333  4.67214442612  13.103226228
50  1.4  200  1780  1.8485  4.33424863149  13.8526781309
50  1.4  200  1780  1.84866666667  3.97678555811  14.4849255621
50  1.4  200  1780  1.84883333333  3.59947051643  14.9544093312
50  1.4  200  1780  1.849  3.20927633013  15.398563434
50  1.4  200  1780  1.84916666667  2.80941272289  15.8580480565
50  1.4  200  1780  1.84933333333  2.39299254932  16.1160331236
50  1.4  200  1780  1.8495  1.96907085988  16.3597558954
50  1.4  200  1780  1.84966666667  1.53709490096  16.5317197267
50  1.4  200  1780  1.84983333333  1.09940647896  16.6474256187
50  1.4  200  1780  1.85  0.657331539467  16.6962211024
50  1.4  200  1780  1.85016666667  0.212974664378  16.6870554221
50  1.4  200  1780  1.85033333333  -0.232707457447  16.5997213386
50  1.4  200  1780  1.8505  -0.683374987249  16.2969192695
50  1.4  200  1780  1.85066666667  -1.14087896421  15.6876519382
50  1.4  200  1780  1.85083333333  -1.59123149772  15.0837550629
50  1.4  200  1780  1.851  -2.03114949806  14.5258581005
50  1.4  200  1780  1.85116666667  -2.4597167705  13.9953358152
50  1.4  200  1780  1.85133333333  -2.87630737721  13.4672202329
50  1.4  200  1780  1.8515  -3.27489728294  13.0548461222
50  1.4  200  1780  1.85166666667  -3.66266840993  12.5374645832
50  1.4  200  1780  1.85183333333  -4.03211332664  12.0689352164
50  1.4  200  1780  1.852  -4.38442667389  11.5837292467
50  1.4  200  1780  1.85216666667  -4.71964249297  11.047580248
50  1.4  200  1780  1.85233333333  -5.03558539349  10.4842563013
50  1.4  200  1780  1.8525  -5.33029192648  9.91418138304
50  1.4  200  1780  1.85266666667  -5.59874585751  9.43747564283
50  1.4  200  1780  1.85283333333  -5.84914708367  8.82083262281
50  1.4  200  1780  1.853  -6.07653309065  8.16763302586
50  1.4  200  1780  1.85316666667  -6.27800299317  7.5313435459
50  1.4  200  1780  1.85333333333  -6.45178131706  6.9393765854
50  1.4  200  1780  1.8535  -6.60140999183  6.28668343733
50  1.4  200  1780  1.85366666667  -6.72578262531  5.58894323725
50  1.4  200  1780  1.85383333333  -6.8213445134  4.92673174523
50  1.4  200  1780  1.854  -6.89032600855  4.23643212211
50  1.4  200  1780  1.85416666667  -6.93318924741  3.50211553712
50  1.4  200  1780  1.85433333333  -6.94594949708  2.82359551341
50  1.4  200  1780  1.8545  -6.93435443376  2.05627976804
50  1.4  200  1780  1.85466666667  -6.89563605145  1.27466621333
50  1.4  200  1780  1.85483333333  -6.82766531933  0.53979811877
50  1.4  200  1780  1.855  -6.73208776936  -0.18040730282
50  1.4  200  1780  1.85516666667  -6.61015174628  -0.90523478291
50  1.4  200  1780  1.85533333333  -6.46245591715  -1.6348067672
50  1.4  200  1780  1.8555  -6.29183672397  -2.4234842408
50  1.4  200  1780  1.85566666667  -6.09752116975  -3.23141728803
50  1.4  200  1780  1.85583333333  -5.87668159025  -3.96411607666
50  1.4  200  1780  1.856  -5.63148284167  -4.65153888247
50  1.4  200  1780  1.85616666667  -5.37000419059  -5.47160687152
50  1.4  200  1780  1.85633333333  -5.08642570223  -6.24704607309
50  1.4  200  1780  1.8565  -4.77742990159  -6.86210578715
50  1.4  200  1780  1.85666666667  -4.45685638168  -7.63490989917
50  1.4  200  1780  1.85683333333  -4.11683237325  -8.33030517168
50  1.4  200  1780  1.857  -3.7631468482  -9.05850233016
50  1.4  200  1780  1.85716666667  -3.39695760325  -9.81058133656
50  1.4  200  1780  1.85733333333  -3.01403485836  -10.4394300511
50  1.4  200  1780  1.8575  -2.61796609886  -10.9953038061
50  1.4  200  1780  1.85766666667  -2.21587253474  -11.6171847531
50  1.4  200  1780  1.85783333333  -1.8069630968  -12.2422187131
50  1.4  200  1780  1.858  -1.39174616131  -12.8398617394
50  1.4  200  1780  1.85816666667  -0.974156270199  -13.4660703161
50  1.4  200  1780  1.85833333333  -0.55717334144  -14.1522028726
50  1.4  200  1780  1.8585  -0.145315666036  -14.9685168643
50  1.4  200  1780  1.85866666667  0.270787447516  -15.6324895909
50  1.4  200  1780  1.85883333333  0.690048630608  -16.1274087282
50  1.4  200  1780  1.859  1.10895596009  -16.4984962429
50  1.4  200  1780  1.85916666667  1.5245499227  -16.7774670683
50  1.4  200  1780  1.85933333333  1.93443516727  -16.9824021025
50  1.4  200  1780  1.8595  2.3373064522  -17.1045579001
50  1.4  200  1780  1.85966666667  2.73139991308  -17.1478698217
50  1.4  200  1780  1.85983333333  3.11501960805  -17.1157390645
50  1.4  200  1780  1.86  3.48691288403  -17.0016549411
50  1.4  200  1780  1.86016666667  3.84514263129  -16.8179908784
50  1.4  200  1780  1.86033333333  4.18876584835  -16.5535142153
50  1.4  200  1780  1.8605  4.51424820096  -16.2645952651
50  1.4  200  1780  1.86066666667  4.82296982479  -15.8846917464
50  1.4  200  1780  1.86083333333  5.11726333736  -15.3251075468
50  1.4  200  1780  1.861  5.38889813469  -14.7676078024
50  1.4  200  1780  1.86116666667  5.641309532  -14.0999064352
50  1.4  200  1780  1.86133333333  5.87254214701  -13.3490029943
50  1.4  200  1780  1.8615  6.0817558581  -12.5160207766
50  1.4  200  1780  1.86166666667  6.27101359686  -11.5308766787
50  1.4  200  1780  1.86183333333  6.43312773751  -10.5610526971
50  1.4  200  1780  1.862  6.56365958059  -9.70686857306
50  1.4  200  1780  1.86216666667  6.67501979387  -8.64337962132
50  1.4  200  1780  1.86233333333  6.76485164078  -7.42348106346
50  1.4  200  1780  1.8625  6.83709593282  -5.94288572782
50  1.4  200  1780  1.86266666667  6.88120844822  -4.4680181543
50  1.4  200  1780  1.86283333333  6.89797098466  -2.98041937524
50  1.4  200  1780  1.863  6.88792674087  -1.4704827019
50  1.4  200  1780  1.86316666667  6.84871673793  -0.00509208632706
50  1.4  200  1780  1.86333333333  6.78409466217  1.50138238018
50  1.4  200  1780  1.8635  6.69505503709  3.06177836947
50  1.4  200  1780  1.86366666667  6.57312773371  4.44587090781
50  1.4  200  1780  1.86383333333  6.41757042139  5.61712015536
50  1.4  200  1780  1.864  6.23857538466  6.81419434686
50  1.4  200  1780  1.86416666667  6.03567504835  8.00254991242
50  1.4  200  1780  1.86433333333  5.81369203106  9.27965229284
50  1.4  200  1780  1.8645  5.56578783368  10.444511406
50  1.4  200  1780  1.86466666667  5.29214299727  11.4722653672
50  1.4  200  1780  1.86483333333  4.99467469854  12.3801236299
50  1.4  200  1780  1.865  4.67791089966  13.2496946559
50  1.4  200  1780  1.86516666667  4.33706322812  13.9241688854
50  1.4  200  1780  1.86533333333  3.97234538402  14.3721451402
50  1.4  200  1780  1.8655  3.59512959087  14.844149822
50  1.4  200  1780  1.86566666667  3.20702463293  15.3413703251
50  1.4  200  1780  1.86583333333  2.80862428862  15.838021826
50  1.4  200  1780  1.866  2.3939004668  16.1390942275
50  1.4  200  1780  1.86616666667  1.96610095896  16.2843204118
50  1.4  200  1780  1.86633333333  1.53528837804  16.4858340445
50  1.4  200  1780  1.8665  1.09665574041  16.5775568595
50  1.4  200  1780  1.86666666667  0.655231067588  16.6428691167
50  1.4  200  1780  1.86683333333  0.212854314846  16.683998544
50  1.4  200  1780  1.867  -0.230370910434  16.6590696328
50  1.4  200  1780  1.86716666667  -0.678257249725  16.4269098026
50  1.4  200  1780  1.86733333333  -1.13164084192  15.9223002444
50  1.4  200  1780  1.8675  -1.57946406711  15.3826478003
50  1.4  200  1780  1.86766666667  -2.01810997284  14.8570620412
50  1.4  200  1780  1.86783333333  -2.45014122583  14.23855465
50  1.4  200  1780  1.868  -2.86924868922  13.6465109078
50  1.4  200  1780  1.86816666667  -3.27353221073  13.0895189563
50  1.4  200  1780  1.86833333333  -3.66131482727  12.5718455828
50  1.4  200  1780  1.8685  -4.03199676438  12.071895898
50  1.4  200  1780  1.86866666667  -4.38552197248  11.5559086626
50  1.4  200  1780  1.86883333333  -4.72060857348  11.023041803
50  1.4  200  1780  1.869  -5.03393259519  10.5262373783
50  1.4  200  1780  1.86916666667  -5.32915179487  9.94314072588
50  1.4  200  1780  1.86933333333  -5.60303477011  9.3285372628
50  1.4  200  1780  1.8695  -5.84884356115  8.82854209479
50  1.4  200  1780  1.86966666667  -6.07628586753  8.17391249316
50  1.4  200  1780  1.86983333333  -6.28044193807  7.46939434554
50  1.4  200  1780  1.87  -6.45158200614  6.94443908299
50  1.4  200  1780  1.87016666667  -6.60449709853  6.20827092708
50  1.4  200  1780  1.87033333333  -6.72745986217  5.54634142107
50  1.4  200  1780  1.8705  -6.81404040947  5.11225598514
50  1.4  200  1780  1.87066666667  -6.87845067788  4.53806552107
50  1.4  200  1780  1.87083333333  -6.91887485609  3.86570107672
50  1.4  200  1780  1.871  -6.93325528928  3.14602839144
50  1.4  200  1780  1.87116666667  -6.92043804093  2.40975614613
50  1.4  200  1780  1.87133333333  -6.88475301284  1.55109539391
50  1.4  200  1780  1.8715  -6.82196854043  0.684496302762
50  1.4  200  1780  1.87166666667  -6.73084246081  -0.148776465704
50  1.4  200  1780  1.87183333333  -6.61113046771  -0.930094307306
50  1.4  200  1780  1.872  -6.46416591142  -1.67824062171
50  1.4  200  1780  1.87216666667  -6.29651851868  -2.54240182656
50  1.4  200  1780  1.87233333333  -6.09520345845  -3.17254742093
50  1.4  200  1780  1.8725  -5.86901382005  -3.76935471362
50  1.4  200  1780  1.87266666667  -5.62388523976  -4.45855979373
50  1.4  200  1780  1.87283333333  -5.35766129772  -5.15809739272
50  1.4  200  1780  1.873  -5.0716395091  -5.87147676764
50  1.4  200  1780  1.87316666667  -4.76685847299  -6.5935915008
50  1.4  200  1780  1.87333333333  -4.44881243846  -7.43059374138
50  1.4  200  1780  1.8735  -4.11408848547  -8.26061042214
50  1.4  200  1780  1.87366666667  -3.76253729804  -9.0430197561
50  1.4  200  1780  1.87383333333  -3.39477282605  -9.75508799566
50  1.4  200  1780  1.874  -3.01404531321  -10.4396956042
50  1.4  200  1780  1.87416666667  -2.6246489234  -11.1650475494
50  1.4  200  1780  1.87433333333  -2.22017802865  -11.7265442986
50  1.4  200  1780  1.8745  -1.81503719202  -12.4473007317
50  1.4  200  1780  1.87466666667  -1.4022718752  -13.1072148723
50  1.4  200  1780  1.87483333333  -0.982877645398  -13.6875932461
50  1.4  200  1780  1.875  -0.568496861036  -14.4398202703
50  1.4  200  1780  1.87516666667  -0.154878792019  -15.2114202642
50  1.4  200  1780  1.87533333333  0.26126033611  -15.8744782206
50  1.4  200  1780  1.8755  0.684381589676  -16.2713515679
50  1.4  200  1780  1.87566666667  1.10542939171  -16.5880710798
50  1.4  200  1780  1.87583333333  1.52243798986  -16.8311101626
50  1.4  200  1780  1.876  1.93339658576  -17.0087820729
50  1.4  200  1780  1.87616666667  2.33673281096  -17.1191283875
50  1.4  200  1780  1.87633333333  2.73104152292  -17.1569729317
50  1.4  200  1780  1.8765  3.11483524956  -17.12042177
50  1.4  200  1780  1.87666666667  3.48633726734  -17.0162756051
50  1.4  200  1780  1.87683333333  3.84507422382  -16.8197284281
50  1.4  200  1780  1.877  4.18728518036  -16.5911231824
50  1.4  200  1780  1.87716666667  4.51292361796  -16.2982396732
50  1.4  200  1780  1.87733333333  4.82415493482  -15.8545899515
50  1.4  200  1780  1.8775  5.11776351213  -15.3124031076
50  1.4  200  1780  1.87766666667  5.38939344834  -14.7550268356
50  1.4  200  1780  1.87783333333  5.64372129295  -14.0386477069
50  1.4  200  1780  1.878  5.87281389467  -13.3421006037
50  1.4  200  1780  1.87816666667  6.07777867225  -12.6170412973
50  1.4  200  1780  1.87833333333  6.27202196193  -11.5052642058
50  1.4  200  1780  1.8785  6.43475484324  -10.5197242116
50  1.4  200  1780  1.87866666667  6.56584643387  -9.65132249971
50  1.4  200  1780  1.87883333333  6.6754925372  -8.63137194085
50  1.4  200  1780  1.879  6.76426992635  -7.43825660998
50  1.4  200  1780  1.87916666667  6.82955712826  -6.13437136347
50  1.4  200  1780  1.87933333333  6.8749524462  -4.62692060575
50  1.4  200  1780  1.8795  6.89364858556  -3.0902083124
50  1.4  200  1780  1.87966666667  6.88426947331  -1.563377298
50  1.4  200  1780  1.87983333333  6.84869384754  -0.00567350240081
50  1.4  200  1780  1.88  6.78417078007  1.50331577491
50  1.4  200  1780  1.88016666667  6.69172276777  2.97713872876
50  1.4  200  1780  1.88033333333  6.57511425487  4.49632854526
50  1.4  200  1780  1.8805  6.4261798377  5.83579932952
50  1.4  200  1780  1.88066666667  6.25359571182  7.19571065667
50  1.4  200  1780  1.88083333333  6.0507761262  8.38611728981
50  1.4  200  1780  1.881  5.8264134353  9.60277596048
50  1.4  200  1780  1.88116666667  5.57141836642  10.5875269376
50  1.4  200  1780  1.88133333333  5.29937533887  11.6559668437
50  1.4  200  1780  1.8815  4.99460238698  12.3782869162
50  1.4  200  1780  1.88166666667  4.67018839418  13.0535430166
50  1.4  200  1780  1.88183333333  4.32822242657  13.6996125259
50  1.4  200  1780  1.882  3.97306181815  14.3903425671
50  1.4  200  1780  1.88216666667  3.60006443707  14.9694949155
50  1.4  200  1780  1.88233333333  3.2095215692  15.4047925065
50  1.4  200  1780  1.8825  2.80859724118  15.837334821
50  1.4  200  1780  1.88266666667  2.39193063274  16.0890604424
50  1.4  200  1780  1.88283333333  1.96593304267  16.2800553382
50  1.4  200  1780  1.883  1.53357671834  16.4423578881
50  1.4  200  1780  1.88316666667  1.09673082274  16.5794639506
50  1.4  200  1780  1.88333333333  0.656684442439  16.679784838
50  1.4  200  1780  1.8835  0.211497921173  16.6495461447
50  1.4  200  1780  1.88366666667  -0.234784787161  16.5469571639
50  1.4  200  1780  1.88383333333  -0.684587766136  16.2661146858
50  1.4  200  1780  1.884  -1.1425262299  15.6458113896
50  1.4  200  1780  1.88416666667  -1.59416082777  15.0093500797
50  1.4  200  1780  1.88433333333  -2.02991040702  14.5573310129
50  1.4  200  1780  1.8845  -2.46117916896  13.9581908945
50  1.4  200  1780  1.88466666667  -2.87248225151  13.5643784257
50  1.4  200  1780  1.88483333333  -3.27913002349  12.9473345121
50  1.4  200  1780  1.885  -3.65904171673  12.6295825905
50  1.4  200  1780  1.88516666667  -4.03073428084  12.1039629799
50  1.4  200  1780  1.88533333333  -4.37856777442  11.7325452932
50  1.4  200  1780  1.8855  -4.71027777765  11.285444017
50  1.4  200  1780  1.88566666667  -5.0235640174  10.7895992541
50  1.4  200  1780  1.88583333333  -5.32150294105  10.1374216131
50  1.4  200  1780  1.886  -5.59723383705  9.47588096241
50  1.4  200  1780  1.88616666667  -5.84866468513  8.83308554572
50  1.4  200  1780  1.88633333333  -6.07522160166  8.20094484611
50  1.4  200  1780  1.8865  -6.27658971612  7.56724078304
50  1.4  200  1780  1.88666666667  -6.45234748992  6.92499579496
50  1.4  200  1780  1.88683333333  -6.60205251947  6.27036323535
50  1.4  200  1780  1.887  -6.72532454648  5.60057843956
50  1.4  200  1780  1.88716666667  -6.82186835756  4.91342610369
50  1.4  200  1780  1.88733333333  -6.89106243431  4.21772690762
50  1.4  200  1780  1.8875  -6.93298722414  3.50724692815
50  1.4  200  1780  1.88766666667  -6.94797022547  2.77226901222
50  1.4  200  1780  1.88783333333  -6.93484175656  2.043901769
50  1.4  200  1780  1.888  -6.89373997757  1.32282648974
50  1.4  200  1780  1.88816666667  -6.82551992622  0.594291103901
50  1.4  200  1780  1.88833333333  -6.7315987807  -0.167986990952
50  1.4  200  1780  1.8885  -6.61155757086  -0.940942727248
50  1.4  200  1780  1.88866666667  -6.46703488241  -1.75111248485
50  1.4  200  1780  1.88883333333  -6.29037938064  -2.38646772038
50  1.4  200  1780  1.889  -6.09492669129  -3.16551753505
50  1.4  200  1780  1.88916666667  -5.8758946236  -3.94412712378
50  1.4  200  1780  1.88933333333  -5.63415675137  -4.71945618868
50  1.4  200  1780  1.8895  -5.36988373381  -5.46854726952
50  1.4  200  1780  1.88966666667  -5.08475178903  -6.2045286778
50  1.4  200  1780  1.88983333333  -4.78022623277  -6.93313259909
50  1.4  200  1780  1.89  -4.4591898013  -7.6941787575
50  1.4  200  1780  1.89016666667  -4.11562167864  -8.29955352847
50  1.4  200  1780  1.89033333333  -3.75642943951  -8.88788014945
50  1.4  200  1780  1.8905  -3.38649019567  -9.5447091839
50  1.4  200  1780  1.89066666667  -3.00507048684  -10.2117350146
50  1.4  200  1780  1.89083333333  -2.61663116045  -10.9613963703
50  1.4  200  1780  1.891  -2.2188485108  -11.6927745451
50  1.4  200  1780  1.89116666667  -1.81324468555  -12.4017710672
50  1.4  200  1780  1.89133333333  -1.40117961564  -13.0794714794
50  1.4  200  1780  1.8915  -0.985063180008  -13.7431058252
50  1.4  200  1780  1.89166666667  -0.569279733368  -14.4597052275
50  1.4  200  1780  1.89183333333  -0.156917302342  -15.2631984264
50  1.4  200  1780  1.892  0.260355880357  -15.8974513967
50  1.4  200  1780  1.89216666667  0.683220599319  -16.3008407229
50  1.4  200  1780  1.89233333333  1.10439998693  -16.6142179612
50  1.4  200  1780  1.8925  1.52214378786  -16.8385828933
50  1.4  200  1780  1.89266666667  1.93438517277  -16.9836719628
50  1.4  200  1780  1.89283333333  2.33781512729  -17.0916375527
50  1.4  200  1780  1.893  2.73141080061  -17.1475932785
50  1.4  200  1780  1.89316666667  3.11402164619  -17.1410872955
50  1.4  200  1780  1.89333333333  3.48441272478  -17.0651589861
50  1.4  200  1780  1.8935  3.8429612732  -16.8733973739
50  1.4  200  1780  1.89366666667  4.18676881353  -16.6042388998
50  1.4  200  1780  1.89383333333  4.51423514369  -16.2649269195
50  1.4  200  1780  1.894  4.8242050052  -15.853318164
50  1.4  200  1780  1.89416666667  5.11692887661  -15.3336028497
50  1.4  200  1780  1.89433333333  5.3897185052  -14.7467703915
50  1.4  200  1780  1.8945  5.64202967427  -14.0816148214
50  1.4  200  1780  1.89466666667  5.87321385005  -13.3319417371
50  1.4  200  1780  1.89483333333  6.08174367461  -12.5163302374
50  1.4  200  1780  1.895  6.27058807516  -11.5416849299
50  1.4  200  1780  1.89516666667  6.43458811516  -10.5239591047
50  1.4  200  1780  1.89533333333  6.57416584996  -9.44000933119
50  1.4  200  1780  1.8955  6.68937086326  -8.27886245895
50  1.4  200  1780  1.89566666667  6.78180375612  -6.9928973337
50  1.4  200  1780  1.89583333333  6.847635313  -5.67518547126
50  1.4  200  1780  1.896  6.88612319937  -4.34318347523
50  1.4  200  1780  1.89616666667  6.903892815  -2.8300048846
50  1.4  200  1780  1.89633333333  6.89135488299  -1.38340789219
50  1.4  200  1780  1.8965  6.84312483164  -0.147126506245
50  1.4  200  1780  1.89666666667  6.77215523322  1.19812088483
50  1.4  200  1780  1.89683333333  6.67623410208  2.5837266204
50  1.4  200  1780  1.897  6.55330515039  3.94237729166
50  1.4  200  1780  1.89716666667  6.40434416517  5.28117324724
50  1.4  200  1780  1.89733333333  6.22920208251  6.57611247207
50  1.4  200  1780  1.8975  6.03400675679  7.9601753067
50  1.4  200  1780  1.89766666667  5.81327937272  9.26917077103
50  1.4  200  1780  1.89783333333  5.56608314655  10.452012353
50  1.4  200  1780  1.898  5.29310756906  11.4967654907
50  1.4  200  1780  1.89816666667  4.99608211317  12.4158719612
50  1.4  200  1780  1.89833333333  4.67567663739  13.1929443941
50  1.4  200  1780  1.8985  4.33534653206  13.8805648054
50  1.4  200  1780  1.89866666667  3.9738552349  14.4104953525
50  1.4  200  1780  1.89883333333  3.60214737703  15.0224015905
50  1.4  200  1780  1.899  3.21394442131  15.5171329501
50  1.4  200  1780  1.89916666667  2.80829276645  15.8296011628
50  1.4  200  1780  1.89933333333  2.39221051182  16.0961693709
50  1.4  200  1780  1.8995  1.96725448851  16.3136200626
50  1.4  200  1780  1.89966666667  1.53587882499  16.500831397
50  1.4  200  1780  1.89983333333  1.0976677557  16.6032620479
50  1.4  200  1780  1.9  0.654784404265  16.6315238683
50  1.4  200  1780  1.90016666667  0.209426095998  16.5969217853
50  1.4  200  1780  1.90033333333  -0.234375471029  16.5573537936
50  1.4  200  1780  1.9005  -0.685227779627  16.2498583431
50  1.4  200  1780  1.90066666667  -1.14389208652  15.6111186317
50  1.4  200  1780  1.90083333333  -1.59027316269  15.1080967726
50  1.4  200  1780  1.901  -2.03222767284  14.4984724612
50  1.4  200  1780  1.90116666667  -2.45862524304  14.0230606127
50  1.4  200  1780  1.90133333333  -2.87176484331  13.5826005939
50  1.4  200  1780  1.9015  -3.27605389826  13.025468093
50  1.4  200  1780  1.90166666667  -3.66159035  12.5648473055
50  1.4  200  1780  1.90183333333  -4.03333796592  12.0378293786
50  1.4  200  1780  1.902  -4.38755524762  11.504263474
50  1.4  200  1780  1.90216666667  -4.71878747619  11.0692976742
50  1.4  200  1780  1.90233333333  -5.03341680137  10.5393385411
50  1.4  200  1780  1.9025  -5.32280804997  10.1042718464
50  1.4  200  1780  1.90266666667  -5.59210637292  9.60611855136
50  1.4  200  1780  1.90283333333  -5.83888006543  9.08161488608
50  1.4  200  1780  1.903  -6.0620138972  8.53642053946
50  1.4  200  1780  1.90316666667  -6.26183024  7.94213147658
50  1.4  200  1780  1.90333333333  -6.43749100127  7.30235060657
50  1.4  200  1780  1.9035  -6.59298738039  6.50061776789
50  1.4  200  1780  1.90366666667  -6.72132096901  5.70226930725
50  1.4  200  1780  1.90383333333  -6.82120443468  4.93028974482
50  1.4  200  1780  1.904  -6.89146893367  4.207401824
50  1.4  200  1780  1.90416666667  -6.93179942919  3.53741691995
50  1.4  200  1780  1.90433333333  -6.95058205321  2.70592858776
50  1.4  200  1780  1.9045  -6.9377125423  1.97098381135
50  1.4  200  1780  1.90466666667  -6.89053653195  1.40419400856
50  1.4  200  1780  1.90483333333  -6.8265207461  0.568870278767
50  1.4  200  1780  1.905  -6.7321905855  -0.183018832819
50  1.4  200  1780  1.90516666667  -6.60431508862  -0.756983678368
50  1.4  200  1780  1.90533333333  -6.45366137846  -1.41142548449
50  1.4  200  1780  1.9055  -6.27980505361  -2.11787981374
50  1.4  200  1780  1.90566666667  -6.08713727683  -2.96766640788
50  1.4  200  1780  1.90583333333  -5.87183810869  -3.8410916449
50  1.4  200  1780  1.906  -5.63254889169  -4.67861655287
50  1.4  200  1780  1.90616666667  -5.36995242412  -5.47029200335
50  1.4  200  1780  1.90633333333  -5.08374543546  -6.17896729713
50  1.4  200  1780  1.9065  -4.78017446902  -6.93181779995
50  1.4  200  1780  1.90666666667  -4.45779875497  -7.65884618081
50  1.4  200  1780  1.90683333333  -4.11566665602  -8.30069595404
50  1.4  200  1780  1.907  -3.76429315637  -9.08761855768
50  1.4  200  1780  1.90716666667  -3.39585749213  -9.78263851412
50  1.4  200  1780  1.90733333333  -3.01284877478  -10.4093035281
50  1.4  200  1780  1.9075  -2.62541827686  -11.1845891273
50  1.4  200  1780  1.90766666667  -2.21932796078  -11.7049525745
50  1.4  200  1780  1.90783333333  -1.80709979306  -12.2456907981
50  1.4  200  1780  1.908  -1.39179712867  -12.8411563104
50  1.4  200  1780  1.90816666667  -0.975011713551  -13.4877985772
50  1.4  200  1780  1.90833333333  -0.561396791962  -14.2594785158
50  1.4  200  1780  1.9085  -0.152762245301  -15.1576599776
50  1.4  200  1780  1.90866666667  0.26155571667  -15.8669755543
50  1.4  200  1780  1.90883333333  0.681069657835  -16.3554746366
50  1.4  200  1780  1.909  1.09949448351  -16.738817748
50  1.4  200  1780  1.90916666667  1.5185853275  -16.9289677865
50  1.4  200  1780  1.90933333333  1.93254495626  -17.0304134621
50  1.4  200  1780  1.9095  2.33561142329  -17.1476116344
50  1.4  200  1780  1.90966666667  2.73227297338  -17.1256940902
50  1.4  200  1780  1.90983333333  3.11458729289  -17.1267198693
50  1.4  200  1780  1.91  3.48424376494  -17.0694505659
50  1.4  200  1780  1.91016666667  3.84080608785  -16.9281390818
50  1.4  200  1780  1.91033333333  4.18314519759  -16.6962787447
50  1.4  200  1780  1.9105  4.51207575117  -16.3197754897
50  1.4  200  1780  1.91066666667  4.82310460109  -15.8812684284
50  1.4  200  1780  1.91083333333  5.11531511277  -15.3745924514
50  1.4  200  1780  1.911  5.38799442891  -14.7905619294
50  1.4  200  1780  1.91116666667  5.64089640009  -14.1103999856
50  1.4  200  1780  1.91133333333  5.8706988073  -13.3958238228
50  1.4  200  1780  1.9115  6.08083954452  -12.5392951416
50  1.4  200  1780  1.91166666667  6.26715654065  -11.6288459063
50  1.4  200  1780  1.91183333333  6.43267764825  -10.5724849644
50  1.4  200  1780  1.912  6.57545149452  -9.40735395917
50  1.4  200  1780  1.91216666667  6.6894101946  -8.27786344287
50  1.4  200  1780  1.91233333333  6.78046544555  -7.0268904221
50  1.4  200  1780  1.9125  6.8438817128  -5.77052691631
50  1.4  200  1780  1.91266666667  6.89108426714  -4.2171723537
50  1.4  200  1780  1.91283333333  6.90373644266  -2.83397674211
50  1.4  200  1780  1.913  6.89068898183  -1.40032178172
50  1.4  200  1780  1.91316666667  6.8549722687  0.153798395284
50  1.4  200  1780  1.91333333333  6.78810250692  1.6031816369
50  1.4  200  1780  1.9135  6.6938055678  3.03004184965
50  1.4  200  1780  1.91366666667  6.57621391129  4.52425981837
50  1.4  200  1780  1.91383333333  6.42607343036  5.83309658312
50  1.4  200  1780  1.914  6.25175213223  7.14888373512
50  1.4  200  1780  1.91416666667  6.05349480132  8.45517163772
50  1.4  200  1780  1.91433333333  5.82551213182  9.57988285226
50  1.4  200  1780  1.9145  5.57246886144  10.6142095112
50  1.4  200  1780  1.91466666667  5.29637470467  11.579750735
50  1.4  200  1780  1.91483333333  4.9986912779  12.4821447454
50  1.4  200  1780  1.915  4.6768273907  13.2221735283
50  1.4  200  1780  1.91516666667  4.33861444413  13.9635697721
50  1.4  200  1780  1.91533333333  3.98038251012  14.576288143
50  1.4  200  1780  1.9155  3.60474818867  15.0884622062
50  1.4  200  1780  1.91566666667  3.21301679102  15.4935711405
50  1.4  200  1780  1.91583333333  2.81019943306  15.8780304947
50  1.4  200  1780  1.916  2.39423173011  16.1475083155
50  1.4  200  1780  1.91616666667  1.96742499481  16.3179509225
50  1.4  200  1780  1.91633333333  1.53346617896  16.4395501878
50  1.4  200  1780  1.9165  1.10162652934  16.7038148981
50  1.4  200  1780  1.91666666667  0.658131074982  16.7165293045
50  1.4  200  1780  1.91683333333  0.21281054359  16.6828867541
50  1.4  200  1780  1.917  -0.231121140578  16.6400137871
50  1.4  200  1780  1.91716666667  -0.678577967331  16.4187635754
50  1.4  200  1780  1.91733333333  -1.13183102952  15.9174694793
50  1.4  200  1780  1.9175  -1.57950119798  15.3817046762
50  1.4  200  1780  1.91766666667  -2.01808469035  14.8577042164
50  1.4  200  1780  1.91783333333  -2.45035082644  14.2332307945
50  1.4  200  1780  1.918  -2.86938294362  13.6431008461
50  1.4  200  1780  1.91816666667  -3.27323122321  13.0971640393
50  1.4  200  1780  1.91833333333  -3.66110410948  12.5771978146
50  1.4  200  1780  1.9185  -4.03219154978  12.0669483488
50  1.4  200  1780  1.91866666667  -4.38553174913  11.5556603357
50  1.4  200  1780  1.91883333333  -4.7200386037  11.0375190355
50  1.4  200  1780  1.919  -5.03487588783  10.5022777452
50  1.4  200  1780  1.91916666667  -5.33015544793  9.91764793829
50  1.4  200  1780  1.91933333333  -5.59975614228  9.41181440955
50  1.4  200  1780  1.9195  -5.85016192606  8.79505562606
50  1.4  200  1780  1.91966666667  -6.07785020023  8.13417844246
50  1.4  200  1780  1.91983333333  -6.27623153002  7.57633870999
50  1.4  200  1780  1.92  -6.45229342161  6.92636912989
50  1.4  200  1780  1.92016666667  -6.59619451084  6.41915665451
50  1.4  200  1780  1.92033333333  -6.7162362262  5.8314217747
50  1.4  200  1780  1.9205  -6.8095393328  5.22658333245
50  1.4  200  1780  1.92066666667  -6.88084477258  4.47725551561
50  1.4  200  1780  1.92083333333  -6.92711155204  3.65648899967
50  1.4  200  1780  1.921  -6.94646750807  2.81043803418
50  1.4  200  1780  1.92116666667  -6.93325827303  2.08412225063
50  1.4  200  1780  1.92133333333  -6.89724007854  1.23392392505
50  1.4  200  1780  1.9215  -6.82412632804  0.629688497587
50  1.4  200  1780  1.92166666667  -6.73491487002  -0.25221565962
50  1.4  200  1780  1.92183333333  -6.60418326152  -0.753635270025
50  1.4  200  1780  1.922  -6.45229642683  -1.37675571321
50  1.4  200  1780  1.92216666667  -6.2794067229  -2.10776221378
50  1.4  200  1780  1.92233333333  -6.08306385507  -2.8642014953
50  1.4  200  1780  1.9225  -5.86837987115  -3.75325241138
50  1.4  200  1780  1.92266666667  -5.62955874499  -4.60266682671
50  1.4  200  1780  1.92283333333  -5.36756580345  -5.40967183832
50  1.4  200  1780  1.923  -5.0841203758  -6.18849078185
50  1.4  200  1780  1.92316666667  -4.78006058977  -6.92892526707
50  1.4  200  1780  1.92333333333  -4.45768406391  -7.65593302778
50  1.4  200  1780  1.9235  -4.11921727796  -8.39088175134
50  1.4  200  1780  1.92366666667  -3.76313447634  -9.05818808509
50  1.4  200  1780  1.92383333333  -3.39530603898  -9.76863160412
50  1.4  200  1780  1.924  -3.01482903647  -10.4596021751
50  1.4  200  1780  1.92416666667  -2.62289514217  -11.1205015061
50  1.4  200  1780  1.92433333333  -2.22050291685  -11.7347964587
50  1.4  200  1780  1.9245  -1.81683283819  -12.4929101442
50  1.4  200  1780  1.92466666667  -1.39973456293  -13.0427671406
50  1.4  200  1780  1.92483333333  -0.987092995722  -13.7946631443
50  1.4  200  1780  1.925  -0.565878086864  -14.3733034063
50  1.4  200  1780  1.92516666667  -0.154842677262  -15.2105029494
50  1.4  200  1780  1.92533333333  0.260683451294  -15.8891310949
50  1.4  200  1780  1.9255  0.680167166683  -16.3783979119
50  1.4  200  1780  1.92566666667  1.10085262727  -16.7043208965
50  1.4  200  1780  1.92583333333  1.51958275876  -16.9036330325
50  1.4  200  1780  1.926  1.9320598829  -17.0427343256
50  1.4  200  1780  1.92616666667  2.33633047918  -17.1293476149
50  1.4  200  1780  1.92633333333  2.73136963121  -17.1486389811
50  1.4  200  1780  1.9265  3.11513992085  -17.1126831194
50  1.4  200  1780  1.92666666667  3.4861971911  -17.0198335414
50  1.4  200  1780  1.92683333333  3.84393135866  -16.8487572031
50  1.4  200  1780  1.927  4.18641041855  -16.6133421323
50  1.4  200  1780  1.92716666667  4.51331912528  -16.2881937872
50  1.4  200  1780  1.92733333333  4.82388059676  -15.8615581384
50  1.4  200  1780  1.9275  5.11735174935  -15.3228618822
50  1.4  200  1780  1.92766666667  5.39007858467  -14.7376243729
50  1.4  200  1780  1.92783333333  5.64049876053  -14.1205000305
50  1.4  200  1780  1.928  5.87115966288  -13.3841180911
50  1.4  200  1780  1.92816666667  6.08260268675  -12.494511329
50  1.4  200  1780  1.92833333333  6.27071418853  -11.5384816501
50  1.4  200  1780  1.9285  6.43161923225  -10.5993687306
50  1.4  200  1780  1.92866666667  6.57261725221  -9.47934371406
50  1.4  200  1780  1.92883333333  6.69234515648  -8.20331541109
50  1.4  200  1780  1.929  6.78045358417  -7.02719170121
50  1.4  200  1780  1.92916666667  6.83847428948  -5.90787546861
50  1.4  200  1780  1.92933333333  6.87471924262  -4.63284397668
50  1.4  200  1780  1.9295  6.88611117972  -3.28165842073
50  1.4  200  1780  1.92966666667  6.87113287915  -1.89704678959
50  1.4  200  1780  1.92983333333  6.83659460457  -0.312994273651
50  1.4  200  1780  1.93  6.77594441191  1.29436602378
50  1.4  200  1780  1.93016666667  6.68706592632  2.85885495595
50  1.4  200  1780  1.93033333333  6.56969925308  4.35878749995
50  1.4  200  1780  1.9305  6.42407918106  5.78244265092
50  1.4  200  1780  1.93066666667  6.25086581405  7.1263712532
50  1.4  200  1780  1.93083333333  6.0492304393  8.3468568425
50  1.4  200  1780  1.931  5.8198346188  9.43567402156
50  1.4  200  1780  1.93116666667  5.57539064277  10.688422757
50  1.4  200  1780  1.93133333333  5.29719474411  11.6005797367
50  1.4  200  1780  1.9315  4.99323880628  12.3436519664
50  1.4  200  1780  1.93166666667  4.67552300104  13.1890420309
50  1.4  200  1780  1.93183333333  4.33950521954  13.9861954674
50  1.4  200  1780  1.932  3.98165869469  14.608703231
50  1.4  200  1780  1.93216666667  3.60383291341  15.0652142146
50  1.4  200  1780  1.93233333333  3.2162501266  15.5756978643
50  1.4  200  1780  1.9325  2.80802256458  15.8227380354
50  1.4  200  1780  1.93266666667  2.39615246744  16.1962950436
50  1.4  200  1780  1.93283333333  1.96771929651  16.3254261857
50  1.4  200  1780  1.933  1.53441563187  16.4636662916
50  1.4  200  1780  1.93316666667  1.09831068336  16.6195924103
50  1.4  200  1780  1.93333333333  0.657918894771  16.7111399272
50  1.4  200  1780  1.9335  0.213786117555  16.7076663328
50  1.4  200  1780  1.93366666667  -0.230920287356  16.6451154589
50  1.4  200  1780  1.93383333333  -0.681872665184  16.33507825
50  1.4  200  1780  1.934  -1.13942750919  15.7245188958
50  1.4  200  1780  1.93416666667  -1.59069855204  15.0972918832
50  1.4  200  1780  1.93433333333  -2.03067375903  14.5379418718
50  1.4  200  1780  1.9345  -2.45830496633  14.0311956413
50  1.4  200  1780  1.93466666667  -2.87405464329  13.5244396743
50  1.4  200  1780  1.93483333333  -3.27661035205  13.0113341669
50  1.4  200  1780  1.935  -3.66236545731  12.5451595797
50  1.4  200  1780  1.93516666667  -4.03275006818  12.0527619814
50  1.4  200  1780  1.93533333333  -4.3863361199  11.5352293181
50  1.4  200  1780  1.9355  -4.71781244886  11.0940633683
50  1.4  200  1780  1.93566666667  -5.03548183864  10.4868865945
50  1.4  200  1780  1.93583333333  -5.33174971105  9.87715365488
50  1.4  200  1780  1.936  -5.5988856747  9.43392428618
50  1.4  200  1780  1.93616666667  -5.85118211904  8.76914272441
50  1.4  200  1780  1.93633333333  -6.07649282165  8.16865585843
50  1.4  200  1780  1.9365  -6.27492120929  7.6096208566
50  1.4  200  1780  1.93666666667  -6.45530440086  6.84989025708
50  1.4  200  1780  1.93683333333  -6.59900319535  6.34781606791
50  1.4  200  1780  1.937  -6.71700724885  5.81183779932
50  1.4  200  1780  1.93716666667  -6.81153402356  5.17591818709
50  1.4  200  1780  1.93733333333  -6.87919502562  4.51915908842
50  1.4  200  1780  1.9375  -6.91951850335  3.84935243625
50  1.4  200  1780  1.93766666667  -6.9330103791  3.15224910998
50  1.4  200  1780  1.93783333333  -6.92531454855  2.28589285251
50  1.4  200  1780  1.938  -6.88984607073  1.42173172354
50  1.4  200  1780  1.93816666667  -6.82557471138  0.592899560766
50  1.4  200  1780  1.93833333333  -6.73101444871  -0.153144958409
50  1.4  200  1780  1.9385  -6.61138966317  -0.936677872123
50  1.4  200  1780  1.93866666667  -6.46584960173  -1.72100635555
50  1.4  200  1780  1.93883333333  -6.29182352466  -2.42314897827
50  1.4  200  1780  1.939  -6.09655071821  -3.20676781886
50  1.4  200  1780  1.93916666667  -5.87472620503  -3.91444929206
50  1.4  200  1780  1.93933333333  -5.63528693083  -4.74816274695
50  1.4  200  1780  1.9395  -5.36738365866  -5.40504536046
50  1.4  200  1780  1.93966666667  -5.08617645353  -6.24071515611
50  1.4  200  1780  1.93983333333  -4.77991411271  -6.92520474966
50  1.4  200  1780  1.94  -4.45014612383  -7.46446934977
50  1.4  200  1780  1.94016666667  -4.10869327516  -8.1235720801
50  1.4  200  1780  1.94033333333  -3.75329050376  -8.80815118147
50  1.4  200  1780  1.9405  -3.38860001774  -9.5982986645
50  1.4  200  1780  1.94066666667  -3.01090043212  -10.3598156246
50  1.4  200  1780  1.94083333333  -2.62157670281  -11.0870131463
50  1.4  200  1780  1.941  -2.22246275507  -11.7845763495
50  1.4  200  1780  1.94116666667  -1.81488259564  -12.4433739835
50  1.4  200  1780  1.94133333333  -1.40145903593  -13.0865687547
50  1.4  200  1780  1.9415  -0.984828996648  -13.7371575679
50  1.4  200  1780  1.94166666667  -0.568072361894  -14.4290379921
50  1.4  200  1780  1.94183333333  -0.156707411322  -15.2578671945
50  1.4  200  1780  1.942  0.261850424606  -15.8594899728
50  1.4  200  1780  1.94216666667  0.681229940032  -16.3514034688
50  1.4  200  1780  1.94233333333  1.09996573304  -16.72684801
50  1.4  200  1780  1.9425  1.52100158988  -16.8675947221
50  1.4  200  1780  1.94266666667  1.9317483159  -17.0506481273
50  1.4  200  1780  1.94283333333  2.33483444643  -17.1673468467
50  1.4  200  1780  1.943  2.72965638476  -17.1921554411
50  1.4  200  1780  1.94316666667  3.11361688263  -17.1513682901
50  1.4  200  1780  1.94333333333  3.484405264  -17.0653484898
50  1.4  200  1780  1.9435  3.84133420324  -16.9147249509
50  1.4  200  1780  1.94366666667  4.18327647679  -16.6929442531
50  1.4  200  1780  1.94383333333  4.51143264644  -16.3361103497
50  1.4  200  1780  1.944  4.82264172108  -15.8930255805
50  1.4  200  1780  1.94416666667  5.11524768982  -15.3763049943
50  1.4  200  1780  1.94433333333  5.38807055759  -14.7886282607
50  1.4  200  1780  1.9445  5.64065350194  -14.1165695986
50  1.4  200  1780  1.94466666667  5.87203006266  -13.3620099368
50  1.4  200  1780  1.94483333333  6.08321894676  -12.4788583248
50  1.4  200  1780  1.945  6.26953868321  -11.5683394854
50  1.4  200  1780  1.94516666667  6.42910160047  -10.6633165778
50  1.4  200  1780  1.94533333333  6.57581984522  -9.39799785139
50  1.4  200  1780  1.9455  6.68996687481  -8.2637237654
50  1.4  200  1780  1.94566666667  6.77236316789  -7.23268827478
50  1.4  200  1780  1.94583333333  6.8335023698  -6.03416222846
50  1.4  200  1780  1.946  6.87139724256  -4.71722277821
50  1.4  200  1780  1.94616666667  6.88987901778  -3.18595533406
50  1.4  200  1780  1.94633333333  6.8821892266  -1.61621556435
50  1.4  200  1780  1.9465  6.84642579655  -0.0632819973698
50  1.4  200  1780  1.94666666667  6.7822292796  1.45400166291
50  1.4  200  1780  1.94683333333  6.68590262464  2.8293070934
50  1.4  200  1780  1.947  6.57611422749  4.52172784978
50  1.4  200  1780  1.94716666667  6.41970490867  5.67133613224
50  1.4  200  1780  1.94733333333  6.23966491719  6.84186847295
50  1.4  200  1780  1.9475  6.03539301504  7.99538626638
50  1.4  200  1780  1.94766666667  5.80688561454  9.10676931316
50  1.4  200  1780  1.94783333333  5.55932651648  10.2803939492
50  1.4  200  1780  1.948  5.28822410047  11.3727253884
50  1.4  200  1780  1.94816666667  4.99319124587  12.342443932
50  1.4  200  1780  1.94833333333  4.67541376889  13.1862675343
50  1.4  200  1780  1.9485  4.3362597263  13.9037599392
50  1.4  200  1780  1.94866666667  3.97788264274  14.5127915116
50  1.4  200  1780  1.94883333333  3.60242870764  15.0295473881
50  1.4  200  1780  1.949  3.21185880761  15.464158362
50  1.4  200  1780  1.94916666667  2.80801388759  15.8225176397
50  1.4  200  1780  1.94933333333  2.39271720345  16.1090393385
50  1.4  200  1780  1.9495  1.96781311836  16.3278092607
50  1.4  200  1780  1.94966666667  1.53516282046  16.4826448819
50  1.4  200  1780  1.94983333333  1.09664382093  16.5772541046
50  1.4  200  1780  1.95  0.654123364962  16.61473347
50  1.4  200  1780  1.95016666667  0.209464862762  16.5979064611
50  1.4  200  1780  1.95033333333  -0.235491147745  16.529015605
50  1.4  200  1780  1.9505  -0.685643965803  16.2392872142
50  1.4  200  1780  1.95066666667  -1.14305212589  15.6324536315
50  1.4  200  1780  1.95083333333  -1.59330020117  15.0312099953
50  1.4  200  1780  1.951  -2.03243212405  14.4932794005
50  1.4  200  1780  1.95116666667  -2.45977444976  13.9938707621
50  1.4  200  1780  1.95133333333  -2.87450697089  13.5129505533
50  1.4  200  1780  1.9515  -3.2756143011  13.0366338608
50  1.4  200  1780  1.95166666667  -3.66194135992  12.5559316535
50  1.4  200  1780  1.95183333333  -4.03226270933  12.0651408961
50  1.4  200  1780  1.952  -4.38530122986  11.561515525
50  1.4  200  1780  1.95216666667  -4.71984292695  11.0424892249
50  1.4  200  1780  1.95233333333  -5.03468042416  10.5072425224
50  1.4  200  1780  1.9525  -5.32872156775  9.95406849489
50  1.4  200  1780  1.95266666667  -5.60106514789  9.37856566722
50  1.4  200  1780  1.95283333333  -5.85083452611  8.77797158488
50  1.4  200  1780  1.953  -6.07679061385  8.16109193651
50  1.4  200  1780  1.95316666667  -6.27868269205  7.5140791945
50  1.4  200  1780  1.95333333333  -6.45302608241  6.90775954557
50  1.4  200  1780  1.9535  -6.60116160918  6.29299235658
50  1.4  200  1780  1.95366666667  -6.72424905938  5.62789581188
50  1.4  200  1780  1.95383333333  -6.82151610384  4.92237334812
50  1.4  200  1780  1.954  -6.88991919734  4.24676512684
50  1.4  200  1780  1.95416666667  -6.93332417565  3.49868835976
50  1.4  200  1780  1.95433333333  -6.95168542781  2.67790287292
50  1.4  200  1780  1.9545  -6.93426686236  2.05850408158
50  1.4  200  1780  1.95466666667  -6.88587873912  1.52250194654
50  1.4  200  1780  1.95483333333  -6.81512535398  0.858313238773
50  1.4  200  1780  1.955  -6.71945124351  0.140560453757
50  1.4  200  1780  1.95516666667  -6.60265788953  -0.714890821551
50  1.4  200  1780  1.95533333333  -6.45978301306  -1.56691500339
50  1.4  200  1780  1.9555  -6.29083456527  -2.39802940985
50  1.4  200  1780  1.95566666667  -6.09656495353  -3.20712939609
50  1.4  200  1780  1.95583333333  -5.87452360446  -3.90930323756
50  1.4  200  1780  1.956  -5.63338659646  -4.69989425396
50  1.4  200  1780  1.95616666667  -5.37224290142  -5.52847012662
50  1.4  200  1780  1.95633333333  -5.08332833615  -6.16837297469
50  1.4  200  1780  1.9565  -4.77441164765  -6.78544213722
50  1.4  200  1780  1.95666666667  -4.44873331608  -7.42858403307
50  1.4  200  1780  1.95683333333  -4.10776826508  -8.10007682425
50  1.4  200  1780  1.957  -3.75588040845  -8.87393476051
50  1.4  200  1780  1.95716666667  -3.39036168261  -9.64304495228
50  1.4  200  1780  1.95733333333  -3.0125630944  -10.4020472464
50  1.4  200  1780  1.9575  -2.62365889015  -11.1399007048
50  1.4  200  1780  1.95766666667  -2.22315722898  -11.8022159868
50  1.4  200  1780  1.95783333333  -1.81590314038  -12.46929582
50  1.4  200  1780  1.958  -1.40294923843  -13.1244198983
50  1.4  200  1780  1.95816666667  -0.983809215237  -13.71125512
50  1.4  200  1780  1.95833333333  -0.568146571865  -14.4309229253
50  1.4  200  1780  1.9585  -0.153617985159  -15.17939577
50  1.4  200  1780  1.95866666667  0.261713088961  -15.8629782982
50  1.4  200  1780  1.95883333333  0.68150373648  -16.344449039
50  1.4  200  1780  1.959  1.10151994925  -16.6873709183
50  1.4  200  1780  1.95916666667  1.51763115733  -16.9532037087
50  1.4  200  1780  1.95933333333  1.93245939938  -17.0325866071
50  1.4  200  1780  1.9595  2.33607082539  -17.135942821
50  1.4  200  1780  1.95966666667  2.72798525036  -17.2346022549
50  1.4  200  1780  1.95983333333  3.11416039439  -17.1375630913
50  1.4  200  1780  1.96  3.484339964  -17.0670071098
50  1.4  200  1780  1.96016666667  3.84041538705  -16.938062882
50  1.4  200  1780  1.96033333333  4.18222317722  -16.7196980621
50  1.4  200  1780  1.9605  4.50890710707  -16.4002590498
50  1.4  200  1780  1.96066666667  4.8215647894  -15.9203796454
50  1.4  200  1780  1.96083333333  5.11468040008  -15.3907141537
50  1.4  200  1780  1.961  5.38739214463  -14.80585995
50  1.4  200  1780  1.96116666667  5.63888036295  -14.1616073291
50  1.4  200  1780  1.96133333333  5.87274795522  -13.3437754657
50  1.4  200  1780  1.9615  6.08183136502  -12.514102901
50  1.4  200  1780  1.96166666667  6.26547467564  -11.6715652777
50  1.4  200  1780  1.96183333333  6.4346654454  -10.5219949165
50  1.4  200  1780  1.962  6.57312411101  -9.46646950047
50  1.4  200  1780  1.96216666667  6.68120885618  -8.48617743879
50  1.4  200  1780  1.96233333333  6.76943430634  -7.30708135816
50  1.4  200  1780  1.9625  6.83147277074  -6.08571404452
50  1.4  200  1780  1.96266666667  6.86804113739  -4.80246784939
50  1.4  200  1780  1.96283333333  6.88758651454  -3.24418491626
50  1.4  200  1780  1.963  6.87873763882  -1.70388589406
50  1.4  200  1780  1.96316666667  6.84283983422  -0.154365440518
50  1.4  200  1780  1.96333333333  6.78464923457  1.51546851917
50  1.4  200  1780  1.9635  6.69325019336  3.01593533875
50  1.4  200  1780  1.96366666667  6.57403569242  4.46893305904
50  1.4  200  1780  1.96383333333  6.42698434513  5.85623381839
50  1.4  200  1780  1.964  6.25264130821  7.17146880505
50  1.4  200  1780  1.96416666667  6.05218232989  8.42183486343
50  1.4  200  1780  1.96433333333  5.82558600603  9.58175925704
50  1.4  200  1780  1.9645  5.57284396114  10.6237370437
50  1.4  200  1780  1.96466666667  5.29728974005  11.6029926338
50  1.4  200  1780  1.96483333333  4.99666467062  12.4306689207
50  1.4  200  1780  1.965  4.67439457511  13.1603800122
50  1.4  200  1780  1.96516666667  4.33882480643  13.9689129745
50  1.4  200  1780  1.96533333333  3.97683113733  14.4860832742
50  1.4  200  1780  1.9655  3.60075327338  14.9869913577
50  1.4  200  1780  1.96566666667  3.20973318629  15.4101675806
50  1.4  200  1780  1.96583333333  2.80578857916  15.7659948058
50  1.4  200  1780  1.966  2.39237634176  16.1003814515
50  1.4  200  1780  1.96616666667  1.96782987112  16.3282347808
50  1.4  200  1780  1.96633333333  1.53511544436  16.4814415288
50  1.4  200  1780  1.9665  1.09768321938  16.6036548254
50  1.4  200  1780  1.96666666667  0.653179494336  16.5907591561
50  1.4  200  1780  1.96683333333  0.210745048076  16.6304231681
50  1.4  200  1780  1.967  -0.234365878543  16.5575974428
50  1.4  200  1780  1.96716666667  -0.684280205314  16.2739267307
50  1.4  200  1780  1.96733333333  -1.14229126615  15.6517794691
50  1.4  200  1780  1.9675  -1.59350245942  15.0260726358
50  1.4  200  1780  1.96766666667  -2.02956527064  14.5660974769
50  1.4  200  1780  1.96783333333  -2.45852110578  14.0257056991
50  1.4  200  1780  1.968  -2.8756184061  13.4847200991
50  1.4  200  1780  1.96816666667  -3.27324295436  13.096866068
50  1.4  200  1780  1.96833333333  -3.66421004764  12.4983069855
50  1.4  200  1780  1.9685  -4.03041579382  12.1120525502
50  1.4  200  1780  1.96866666667  -4.38830731209  11.4851610363
50  1.4  200  1780  1.96883333333  -4.71755366876  11.1006363828
50  1.4  200  1780  1.969  -5.02763593806  10.6861724692
50  1.4  200  1780  1.96916666667  -5.32230527202  10.1170424063
50  1.4  200  1780  1.96933333333  -5.59365501336  9.56678308419
50  1.4  200  1780  1.9695  -5.83803556245  9.10306526178
50  1.4  200  1780  1.96966666667  -6.05992986837  8.58935487183
50  1.4  200  1780  1.96983333333  -6.26059615646  7.97347719842
50  1.4  200  1780  1.97  -6.43719308653  7.309917641
50  1.4  200  1780  1.97016666667  -6.59334074732  6.49164224781
50  1.4  200  1780  1.97033333333  -6.72120297125  5.70526645044
50  1.4  200  1780  1.9705  -6.82051160032  4.94788773739
50  1.4  200  1780  1.97066666667  -6.89139425797  4.2092985867
50  1.4  200  1780  1.97083333333  -6.93390037122  3.48405299245
50  1.4  200  1780  1.971  -6.94830078065  2.76387291057
50  1.4  200  1780  1.97116666667  -6.93464828046  2.04881606203
50  1.4  200  1780  1.97133333333  -6.89368922623  1.32411557395
50  1.4  200  1780  1.9715  -6.82656466218  0.56775481051
50  1.4  200  1780  1.97166666667  -6.7318183629  -0.173564378822
50  1.4  200  1780  1.97183333333  -6.610856269  -0.923129660008
50  1.4  200  1780  1.972  -6.46566332905  -1.71627502958
50  1.4  200  1780  1.97216666667  -6.2934657  -2.46486023209
50  1.4  200  1780  1.97233333333  -6.098026353  -3.24424894265
50  1.4  200  1780  1.9725  -5.8715568057  -3.83394654899
50  1.4  200  1780  1.97266666667  -5.62473679445  -4.48018928291
50  1.4  200  1780  1.97283333333  -5.35919416792  -5.19703229585
50  1.4  200  1780  1.973  -5.07350290244  -5.9188069585
50  1.4  200  1780  1.97316666667  -4.77193775738  -6.72260532436
50  1.4  200  1780  1.97333333333  -4.45315113577  -7.54079665307
50  1.4  200  1780  1.9735  -4.11725376098  -8.34100842013
50  1.4  200  1780  1.97366666667  -3.7648479304  -9.10170981826
50  1.4  200  1780  1.97383333333  -3.39509066466  -9.76316109622
50  1.4  200  1780  1.974  -3.01243114487  -10.3986957285
50  1.4  200  1780  1.97416666667  -2.62349932825  -11.1358478324
50  1.4  200  1780  1.97433333333  -2.22082671257  -11.7430208701
50  1.4  200  1780  1.9745  -1.81511425277  -12.4492580747
50  1.4  200  1780  1.97466666667  -1.40019081926  -13.0543560514
50  1.4  200  1780  1.97483333333  -0.986377128284  -13.7764801114
50  1.4  200  1780  1.975  -0.566431157757  -14.387351407
50  1.4  200  1780  1.97516666667  -0.150608413165  -15.1029526413
50  1.4  200  1780  1.97533333333  0.266485640563  -15.7417554875
50  1.4  200  1780  1.9755  0.688711234219  -16.1613785965
50  1.4  200  1780  1.97566666667  1.10800644372  -16.5226139587
50  1.4  200  1780  1.97583333333  1.52274867927  -16.8232186515
50  1.4  200  1780  1.976  1.93224438957  -17.0380478561
50  1.4  200  1780  1.97616666667  2.33643030164  -17.1268121244
50  1.4  200  1780  1.97633333333  2.73169872432  -17.1402800162
50  1.4  200  1780  1.9765  3.11589410978  -17.0935267204
50  1.4  200  1780  1.97666666667  3.4870458464  -16.9982776968
50  1.4  200  1780  1.97683333333  3.8440783399  -16.8450238798
50  1.4  200  1780  1.977  4.18827082774  -16.5660877388
50  1.4  200  1780  1.97716666667  4.51484494576  -16.2494379469
50  1.4  200  1780  1.97733333333  4.82149442353  -15.9221669385
50  1.4  200  1780  1.9775  5.11847124104  -15.2944267933
50  1.4  200  1780  1.97766666667  5.38901681571  -14.7645933045
50  1.4  200  1780  1.97783333333  5.63299874204  -14.3110005002
50  1.4  200  1780  1.978  5.86647007525  -13.503233617
50  1.4  200  1780  1.97816666667  6.07254055632  -12.7500894419
50  1.4  200  1780  1.97833333333  6.2554443082  -11.9263366107
50  1.4  200  1780  1.9785  6.41605736487  -10.994640162
50  1.4  200  1780  1.97866666667  6.56287548234  -9.72678466865
50  1.4  200  1780  1.97883333333  6.68045677589  -8.50528027811
50  1.4  200  1780  1.979  6.77710193922  -7.1123234831
50  1.4  200  1780  1.97916666667  6.84502526238  -5.74148075695
50  1.4  200  1780  1.97933333333  6.88619054359  -4.34147293203
50  1.4  200  1780  1.9795  6.89890813184  -2.9566158369
50  1.4  200  1780  1.97966666667  6.89203500868  -1.36613269952
50  1.4  200  1780  1.97983333333  6.85256455  0.0926423401908
50  1.4  200  1780  1.98  6.78830831875  1.60840925742
50  1.4  200  1780  1.98016666667  6.69287876241  3.00650099263
50  1.4  200  1780  1.98033333333  6.57610081969  4.52138729185
50  1.4  200  1780  1.9805  6.42621181411  5.83661153046
50  1.4  200  1780  1.98066666667  6.24316072755  6.93066205624
50  1.4  200  1780  1.98083333333  6.04072566799  8.13083565112
50  1.4  200  1780  1.981  5.81055023624  9.19985070437
50  1.4  200  1780  1.98116666667  5.55489860802  10.1679250744
50  1.4  200  1780  1.98133333333  5.285792691  11.3109675878
50  1.4  200  1780  1.9815  4.98849701176  12.2232103855
50  1.4  200  1780  1.98166666667  4.6750028259  13.1758295823
50  1.4  200  1780  1.98183333333  4.33256532363  13.8099221114
50  1.4  200  1780  1.982  3.97576601779  14.4590292379
50  1.4  200  1780  1.98216666667  3.59819950954  14.9221257562
50  1.4  200  1780  1.98233333333  3.20396532384  15.2636638743
50  1.4  200  1780  1.9825  2.80545456447  15.7575108326
50  1.4  200  1780  1.98266666667  2.38993232847  16.038303514
50  1.4  200  1780  1.98283333333  1.96344424701  16.2168399285
50  1.4  200  1780  1.983  1.53553162105  16.4920124168
50  1.4  200  1780  1.98316666667  1.09738752139  16.5961440963
50  1.4  200  1780  1.98333333333  0.654256059724  16.618103917
50  1.4  200  1780  1.9835  0.209570866356  16.6005989524
50  1.4  200  1780  1.98366666667  -0.230050334859  16.6672122523
50  1.4  200  1780  1.98383333333  -0.678825598925  16.4124737329
50  1.4  200  1780  1.984  -1.13363740941  15.8715874302
50  1.4  200  1780  1.98416666667  -1.58215740208  15.3142370922
50  1.4  200  1780  1.98433333333  -2.01883447907  14.8386595828
50  1.4  200  1780  1.9845  -2.44399692737  14.3946198309
50  1.4  200  1780  1.98466666667  -2.86341552993  13.7946731537
50  1.4  200  1780  1.98483333333  -3.27022293896  13.1735744592
50  1.4  200  1780  1.985  -3.65939382677  12.6206389956
50  1.4  200  1780  1.98516666667  -4.03513025148  11.9923053256
50  1.4  200  1780  1.98533333333  -4.38312016314  11.6169146197
50  1.4  200  1780  1.9855  -4.71276242611  11.2223339462
50  1.4  200  1780  1.98566666667  -5.02726070331  10.695703432
50  1.4  200  1780  1.98583333333  -5.32066935935  10.1585945882
50  1.4  200  1780  1.986  -5.58908796129  9.68278620678
50  1.4  200  1780  1.98616666667  -5.83542459945  9.16938372186
50  1.4  200  1780  1.98633333333  -6.06060972358  8.57208654946
50  1.4  200  1780  1.9865  -6.26747846298  7.79866661273
50  1.4  200  1780  1.98666666667  -6.44811237495  7.03256771511
50  1.4  200  1780  1.98683333333  -6.60069822106  6.30476241493
50  1.4  200  1780  1.987  -6.72542589743  5.5980041253
50  1.4  200  1780  1.98716666667  -6.8232730478  4.87774697163
50  1.4  200  1780  1.98733333333  -6.88947017097  4.25817039643
50  1.4  200  1780  1.9875  -6.93202666209  3.5316452042
50  1.4  200  1780  1.98766666667  -6.94765640369  2.78024008543
50  1.4  200  1780  1.98783333333  -6.93693893675  1.99063339212
50  1.4  200  1780  1.988  -6.89780017947  1.21969736164
50  1.4  200  1780  1.98816666667  -6.82496652537  0.608347485299
50  1.4  200  1780  1.98833333333  -6.72913509059  -0.105409262147
50  1.4  200  1780  1.9885  -6.61122606823  -0.932522560586
50  1.4  200  1780  1.98866666667  -6.46327008295  -1.65548657861
50  1.4  200  1780  1.98883333333  -6.29646516261  -2.54104658227
50  1.4  200  1780  1.989  -6.09227667426  -3.09820710271
50  1.4  200  1780  1.98916666667  -5.86777623508  -3.73792005543
50  1.4  200  1780  1.98933333333  -5.6238216103  -4.45694360567
50  1.4  200  1780  1.9895  -5.35842519089  -5.17750027921
50  1.4  200  1780  1.98966666667  -5.0759517769  -5.98100836969
50  1.4  200  1780  1.98983333333  -4.77544065989  -6.81157904811
50  1.4  200  1780  1.99  -4.45716805037  -7.64282628381
50  1.4  200  1780  1.99016666667  -4.11869131393  -8.37752226487
50  1.4  200  1780  1.99033333333  -3.76303786564  -9.05573417328
50  1.4  200  1780  1.9905  -3.39327926972  -9.7171516649
50  1.4  200  1780  1.99066666667  -3.01343674413  -10.4242379496
50  1.4  200  1780  1.99083333333  -2.62243924695  -11.1089217674
50  1.4  200  1780  1.991  -2.22426241485  -11.8302877079
50  1.4  200  1780  1.99116666667  -1.81954701255  -12.5618501732
50  1.4  200  1780  1.99133333333  -1.39789504356  -12.9960433485
50  1.4  200  1780  1.9915  -0.978769231673  -13.5832395375
50  1.4  200  1780  1.99166666667  -0.560812122245  -14.244627905
50  1.4  200  1780  1.99183333333  -0.147676609891  -15.0284848382
50  1.4  200  1780  1.992  0.269948051685  -15.653810245
50  1.4  200  1780  1.99216666667  0.689819558023  -16.1332271718
50  1.4  200  1780  1.99233333333  1.10876914948  -16.5032412324
50  1.4  200  1780  1.9925  1.52368728442  -16.7993780807
50  1.4  200  1780  1.99266666667  1.93374566371  -16.999915493
50  1.4  200  1780  1.99283333333  2.33684516476  -17.1162746011
50  1.4  200  1780  1.993  2.73106270212  -17.1564349802
50  1.4  200  1780  1.99316666667  3.11515049279  -17.1124145918
50  1.4  200  1780  1.99333333333  3.48642267115  -17.0141063484
50  1.4  200  1780  1.9935  3.84246994032  -16.885877229
50  1.4  200  1780  1.99366666667  4.19037955086  -16.5125261717
50  1.4  200  1780  1.99383333333  4.51628007322  -16.2129857095
50  1.4  200  1780  1.994  4.82029882231  -15.9525352094
50  1.4  200  1780  1.99416666667  5.10808230398  -15.5583057945
50  1.4  200  1780  1.99433333333  5.37969842369  -15.0012804619
50  1.4  200  1780  1.9945  5.63401237285  -14.2852542775
50  1.4  200  1780  1.99466666667  5.86635865517  -13.506063687
50  1.4  200  1780  1.99483333333  6.07779830292  -12.6165426784
50  1.4  200  1780  1.995  6.26639892597  -11.6480893192
50  1.4  200  1780  1.99516666667  6.43134218117  -10.6064058281
50  1.4  200  1780  1.99533333333  6.57258005125  -9.48028861843
50  1.4  200  1780  1.9955  6.68938575127  -8.27848430333
50  1.4  200  1780  1.99566666667  6.78097951773  -7.01383298877
50  1.4  200  1780  1.99583333333  6.84811777613  -5.66293090775
50  1.4  200  1780  1.996  6.88886499753  -4.27354180196
50  1.4  200  1780  1.99616666667  6.90268946936  -2.86056986392
50  1.4  200  1780  1.99633333333  6.88947659614  -1.43111637815
50  1.4  200  1780  1.9965  6.85454845944  0.143033639915
50  1.4  200  1780  1.99666666667  6.7887204878  1.61887835127
50  1.4  200  1780  1.99683333333  6.69567823448  3.07760758339
50  1.4  200  1780  1.997  6.57536752052  4.50276149293
50  1.4  200  1780  1.99716666667  6.42788298826  5.87905935375
50  1.4  200  1780  1.99733333333  6.25329534724  7.18808139618
50  1.4  200  1780  1.9975  6.05210278251  8.41981435996
50  1.4  200  1780  1.99766666667  5.82502433668  9.56749285564
50  1.4  200  1780  1.99783333333  5.57292798965  10.6258713677
50  1.4  200  1780  1.998  5.29683764445  11.5915094056
50  1.4  200  1780  1.99816666667  4.9978289155  12.4602407406
50  1.4  200  1780  1.99833333333  4.67735240505  13.2355088928
50  1.4  200  1780  1.9985  4.3369844248  13.9221672809
50  1.4  200  1780  1.99866666667  3.9786564974  14.5324474199
50  1.4  200  1780  1.99883333333  3.60234012938  15.0272975003
50  1.4  200  1780  1.999  3.21243360393  15.4787581886
50  1.4  200  1780  1.99916666667  2.8081457301  15.8258664395
50  1.4  200  1780  1.99933333333  2.39091318763  16.0632173365
50  1.4  200  1780  1.9995  1.97000890809  16.3835823199
50  1.4  200  1780  1.99966666667  1.53655121397  16.517910077
50  1.4  200  1780  1.99983333333  1.09662250977  16.5767128012
50  1.4  200  1780  2  0.654539538474  16.6253042772
50  1.4  200  1780  2.00016666667  0.214057735041  16.714565417
50  1.4  200  1780  2.00033333333  -0.2306683835  16.6515138169
50  1.4  200  1780  2.0005  -0.679503299554  16.3952601369
50  1.4  200  1780  2.00066666667  -1.13308504233  15.885617554
50  1.4  200  1780  2.00083333333  -1.58014514379  15.3653484528
50  1.4  200  1780  2.001  -2.01736105114  14.8760846523
50  1.4  200  1780  2.00116666667  -2.44493157384  14.3708798106
50  1.4  200  1780  2.00133333333  -2.86043295273  13.8704306146
50  1.4  200  1780  2.0015  -3.26226192125  13.375784309
50  1.4  200  1780  2.00166666667  -3.64899540172  12.8847589917
50  1.4  200  1780  2.00183333333  -4.01936766711  12.3926749685
50  1.4  200  1780  2.002  -4.37246253366  11.8876184086
50  1.4  200  1780  2.00216666667  -4.70702181439  11.3681454838
50  1.4  200  1780  2.00233333333  -5.02186988019  10.8326303392
50  1.4  200  1780  2.0025  -5.31585666789  10.2808369513
50  1.4  200  1780  2.00266666667  -5.58776665177  9.71634746871
50  1.4  200  1780  2.00283333333  -5.83692666141  9.13123134805
50  1.4  200  1780  2.003  -6.06234513943  8.52800698684
50  1.4  200  1780  2.00316666667  -6.26317239088  7.9080408441
50  1.4  200  1780  2.00333333333  -6.43870761832  7.2714485336
50  1.4  200  1780  2.0035  -6.58835643511  6.61824377811
50  1.4  200  1780  2.00366666667  -6.71156530789  5.95006309978
50  1.4  200  1780  2.00383333333  -6.80777836554  5.27131190101
50  1.4  200  1780  2.004  -6.87700227473  4.57485496099
50  1.4  200  1780  2.00416666667  -6.91887971492  3.86557766251
50  1.4  200  1780  2.00433333333  -6.93327297411  3.14557919679
50  1.4  200  1780  2.0045  -6.92020232515  2.41574332683
50  1.4  200  1780  2.00466666667  -6.87979515949  1.67702486892
50  1.4  200  1780  2.00483333333  -6.8122739436  0.930739062246
50  1.4  200  1780  2.005  -6.71782395827  0.181893498817
50  1.4  200  1780  2.00516666667  -6.59711732701  -0.574160533637
50  1.4  200  1780  2.00533333333  -6.45060107013  -1.33369365298
50  1.4  200  1780  2.0055  -6.27888530866  -2.09451829207
50  1.4  200  1780  2.00566666667  -6.08270818761  -2.85516754158
50  1.4  200  1780  2.00583333333  -5.86291736359  -3.61450471961
50  1.4  200  1780  2.006  -5.62044580939  -4.37119826235
50  1.4  200  1780  2.00616666667  -5.35631550748  -5.1239143206
50  1.4  200  1780  2.00633333333  -5.07162933663  -5.87121838678
50  1.4  200  1780  2.0065  -4.76754629961  -6.61106229685
50  1.4  200  1780  2.00666666667  -4.44537301195  -7.34323230813
50  1.4  200  1780  2.00683333333  -4.10645382784  -8.06669011822
50  1.4  200  1780  2.007  -3.75215319531  -8.77926354682
50  1.4  200  1780  2.00716666667  -3.38400270426  -9.4815269021
50  1.4  200  1780  2.00733333333  -3.00356855048  -10.173585831
50  1.4  200  1780  2.0075  -2.61242768578  -10.8546281138
50  1.4  200  1780  2.00766666667  -2.21225304678  -11.525249759
50  1.4  200  1780  2.00783333333  -1.80477620795  -12.1866717364
50  1.4  200  1780  2.008  -1.39182326893  -12.8418202731
50  1.4  200  1780  2.00816666667  -0.975461335846  -13.4992189835
50  1.4  200  1780  2.00833333333  -0.558385224751  -14.1829847086
50  1.4  200  1780  2.0085  -0.146106932056  -14.9886150211
50  1.4  200  1780  2.00866666667  0.270323060381  -15.6442850241
50  1.4  200  1780  2.00883333333  0.68981202553  -16.1334184972
50  1.4  200  1780  2.009  1.10876271067  -16.5034047782
50  1.4  200  1780  2.00916666667  1.52443035058  -16.7805042004
50  1.4  200  1780  2.00933333333  1.93458576562  -16.9785769046
50  1.4  200  1780  2.0095  2.33729455456  -17.1048601003
50  1.4  200  1780  2.00966666667  2.73083183411  -17.1622990276
50  1.4  200  1780  2.00983333333  3.11361646271  -17.1513789561
50  1.4  200  1780  2.01  3.48417623157  -17.0711659136
50  1.4  200  1780  2.01016666667  3.8411295164  -16.9199239966
50  1.4  200  1780  2.01033333333  4.18318174911  -16.6953503361
50  1.4  200  1780  2.0105  4.50911812  -16.3948993215
50  1.4  200  1780  2.01066666667  4.81780413668  -16.0159002244
50  1.4  200  1780  2.01083333333  5.10818328174  -15.5557409594
50  1.4  200  1780  2.011  5.3792735617  -15.0120719564
50  1.4  200  1780  2.01116666667  5.6301710586  -14.3828236595
50  1.4  200  1780  2.01133333333  5.8600465799  -13.666390399
50  1.4  200  1780  2.0115  6.06814293872  -12.8617889291
50  1.4  200  1780  2.01166666667  6.25377100288  -11.9688385656
50  1.4  200  1780  2.01183333333  6.41630699445  -10.9882995709
50  1.4  200  1780  2.012  6.55518354906  -9.92215977395
50  1.4  200  1780  2.01216666667  6.66988465261  -8.77381220943
50  1.4  200  1780  2.01233333333  6.75993650052  -7.54832562598
50  1.4  200  1780  2.0125  6.82490230654  -6.25260383515
50  1.4  200  1780  2.01266666667  6.86436994766  -4.89571606851
50  1.4  200  1780  2.01283333333  6.87795374506  -3.48885726118
50  1.4  200  1780  2.013  6.86529613882  -2.04529999414
50  1.4  200  1780  2.01316666667  6.82608110137  -0.580037255002
50  1.4  200  1780  2.01333333333  6.76004981552  0.890643275322
50  1.4  200  1780  2.0135  6.66703454878  2.35005796652
50  1.4  200  1780  2.01366666667  6.54698627712  3.78187791047
50  1.4  200  1780  2.01383333333  6.39999786587  5.17077724524
50  1.4  200  1780  2.014  6.22632775817  6.50310463394
50  1.4  200  1780  2.01416666667  6.02641139048  7.76725300246
50  1.4  200  1780  2.01433333333  5.80086896547  8.95394642685
50  1.4  200  1780  2.0145  5.55050215544  10.0562551788
50  1.4  200  1780  2.01466666667  5.27628813854  11.0695519554
50  1.4  200  1780  2.01483333333  4.97936675924  11.9913019715
50  1.4  200  1780  2.015  4.66103101333  12.820945543
50  1.4  200  1780  2.01516666667  4.32270143332  13.5593792975
50  1.4  200  1780  2.01533333333  3.96591409177  14.208790317
50  1.4  200  1780  2.0155  3.59229833341  14.7722358824
50  1.4  200  1780  2.01566666667  3.20356474278  15.2534891154
50  1.4  200  1780  2.01583333333  2.80147962675  15.6565474145
50  1.4  200  1780  2.016  2.3878568551  15.9855864904
50  1.4  200  1780  2.01616666667  1.96454135467  16.244706463
50  1.4  200  1780  2.01633333333  1.53339262127  16.4376818224
50  1.4  200  1780  2.0165  1.09628425995  16.5681212558
50  1.4  200  1780  2.01666666667  0.655085192559  16.639163891
50  1.4  200  1780  2.01683333333  0.211662211628  16.6537191223
50  1.4  200  1780  2.017  -0.232135819781  16.6142409353
50  1.4  200  1780  2.01716666667  -0.679776176604  16.3883290599
50  1.4  200  1780  2.01733333333  -1.13267030912  15.8961517774
50  1.4  200  1780  2.0175  -1.5799392242  15.3705788102
50  1.4  200  1780  2.01766666667  -2.01823585399  14.85386466
50  1.4  200  1780  2.01783333333  -2.44567365942  14.3520308366
50  1.4  200  1780  2.018  -2.86080570777  13.8609626366
50  1.4  200  1780  2.01816666667  -3.26231770147  13.3743674916
50  1.4  200  1780  2.01833333333  -3.64894577369  12.8860195438
50  1.4  200  1780  2.0185  -4.0194394868  12.3908507483
50  1.4  200  1780  2.01866666667  -4.37255582505  11.8852488071
50  1.4  200  1780  2.01883333333  -4.70708960016  11.3664237254
50  1.4  200  1780  2.019  -5.02187912134  10.8323956139
50  1.4  200  1780  2.01916666667  -5.31580715596  10.2820945543
50  1.4  200  1780  2.01933333333  -5.58783116919  9.71470872625
50  1.4  200  1780  2.0195  -5.83697685633  9.12995639719
50  1.4  200  1780  2.01966666667  -6.06235611128  8.52772830192
50  1.4  200  1780  2.01983333333  -6.26316102543  7.90832952655
50  1.4  200  1780  2.02  -6.43868275375  7.27208009353
50  1.4  200  1780  2.02016666667  -6.58830240632  6.61961610929
50  1.4  200  1780  2.02033333333  -6.71150031781  5.95171384765
50  1.4  200  1780  2.0205  -6.80785627152  5.26933308896
50  1.4  200  1780  2.02066666667  -6.87705761888  4.57344921951
50  1.4  200  1780  2.02083333333  -6.91889723514  3.86513264887
50  1.4  200  1780  2.021  -6.93327413441  3.14554972505
50  1.4  200  1780  2.02116666667  -6.92019398844  2.41595507918
50  1.4  200  1780  2.02133333333  -6.87976892855  1.67769113497
50  1.4  200  1780  2.0215  -6.81221872278  0.932141671205
50  1.4  200  1780  2.02166666667  -6.717869755  0.180730261771
50  1.4  200  1780  2.02183333333  -6.59715574112  -0.575136252043
50  1.4  200  1780  2.022  -6.45061534803  -1.3340563116
50  1.4  200  1780  2.02216666667  -6.27888761603  -2.09457689917
50  1.4  200  1780  2.02233333333  -6.08270819959  -2.85516784588
50  1.4  200  1780  2.0225  -5.86291298939  -3.6143936149
50  1.4  200  1780  2.02266666667  -5.6204324322  -4.37085848182
50  1.4  200  1780  2.02283333333  -5.35628629311  -5.12317227551
50  1.4  200  1780  2.023  -5.07158379349  -5.87006159104
50  1.4  200  1780  2.02316666667  -4.76751267497  -6.61020823112
50  1.4  200  1780  2.02333333333  -4.44534561452  -7.34253641331
50  1.4  200  1780  2.0235  -4.10642515558  -8.06596184286
50  1.4  200  1780  2.02366666667  -3.75216375293  -8.77953171047
50  1.4  200  1780  2.02383333333  -3.3840428594  -9.48254684269
50  1.4  200  1780  2.024  -3.00360338085  -10.1744705223
50  1.4  200  1780  2.02416666667  -2.61244945446  -10.8551810383
50  1.4  200  1780  2.02433333333  -2.21225299321  -11.5252483982
50  1.4  200  1780  2.0245  -1.8047629298  -12.1863344713
50  1.4  200  1780  2.02466666667  -1.39181501795  -12.8416106982
50  1.4  200  1780  2.02483333333  -0.975460559219  -13.4991992572
50  1.4  200  1780  2.025  -0.558385699002  -14.1829967546
50  1.4  200  1780  2.02516666667  -0.146107585469  -14.9886316179
50  1.4  200  1780  2.02533333333  0.270315022542  -15.6444891852
50  1.4  200  1780  2.0255  0.68980205197  -16.1336718256
50  1.4  200  1780  2.02566666667  1.10875451604  -16.5036129217
50  1.4  200  1780  2.02583333333  1.52442442964  -16.7806545923
50  1.4  200  1780  2.026  1.93457745218  -16.9787880658
50  1.4  200  1780  2.02616666667  2.33728541392  -17.1050922725
50  1.4  200  1780  2.02633333333  2.73082284826  -17.1625272683
50  1.4  200  1780  2.0265  3.11360870734  -17.1515759424
50  1.4  200  1780  2.02666666667  3.48416977985  -17.0713297872
50  1.4  200  1780  2.02683333333  3.84112449266  -16.9200515995
50  1.4  200  1780  2.027  4.18317849661  -16.6954329495
50  1.4  200  1780  2.02716666667  4.5091161214  -16.3949500859
50  1.4  200  1780  2.02733333333  4.81780290261  -16.0159315699
50  1.4  200  1780  2.0275  5.10818250029  -15.5557608083
50  1.4  200  1780  2.02766666667  5.37927306341  -15.012084613
50  1.4  200  1780  2.02783333333  5.63017073867  -14.3828317857
50  1.4  200  1780  2.028  5.86004637303  -13.6663956533
50  1.4  200  1780  2.02816666667  6.06814280409  -12.8617923487
50  1.4  200  1780  2.02833333333  6.25377091469  -11.9688408057
50  1.4  200  1780  2.0285  6.41630693629  -10.988301048
50  1.4  200  1780  2.02866666667  6.55518351049  -9.92216075365
50  1.4  200  1780  2.02883333333  6.66988462687  -8.77381286301
50  1.4  200  1780  2.029  6.75993648326  -7.54832606437
50  1.4  200  1780  2.02916666667  6.82490229491  -6.25260413057
50  1.4  200  1780  2.02933333333  6.86436993979  -4.89571626841
50  1.4  200  1780  2.0295  6.87795373971  -3.48885739695
50  1.4  200  1780  2.02966666667  6.86529613518  -2.04530008657
50  1.4  200  1780  2.02983333333  6.82608109889  -0.580037318022
50  1.4  200  1780  2.03  6.76004981383  0.890643232325
50  1.4  200  1780  2.03016666667  6.66703454763  2.35005793721
50  1.4  200  1780  2.03033333333  6.54698627633  3.78187789051
50  1.4  200  1780  2.0305  6.39999786534  5.1707772317
50  1.4  200  1780  2.03066666667  6.22632775781  6.50310462478
50  1.4  200  1780  2.03083333333  6.02641139024  7.76725299629
50  1.4  200  1780  2.031  5.80086896531  8.95394642272
50  1.4  200  1780  2.03116666667  5.55050215533  10.056255176
50  1.4  200  1780  2.03133333333  5.27628813847  11.0695519535
50  1.4  200  1780  2.0315  4.97936675919  11.9913019703
50  1.4  200  1780  2.03166666667  4.6610310133  12.8209455422
50  1.4  200  1780  2.03183333333  4.3227014333  13.559379297
50  1.4  200  1780  2.032  3.96591409176  14.2087903167
50  1.4  200  1780  2.03216666667  3.5922983334  14.7722358822
50  1.4  200  1780  2.03233333333  3.20356474278  15.2534891153
50  1.4  200  1780  2.0325  2.80147962675  15.6565474144
50  1.4  200  1780  2.03266666667  2.3878568551  15.9855864904
50  1.4  200  1780  2.03283333333  1.96454135467  16.244706463
50  1.4  200  1780  2.033  1.53339262127  16.4376818224
50  1.4  200  1780  2.03316666667  1.09628425995  16.5681212557
50  1.4  200  1780  2.03333333333  0.655085192558  16.639163891
50  1.4  200  1780  2.0335  0.211662211628  16.6537191223
50  1.4  200  1780  2.03366666667  -0.232135819781  16.6142409353
50  1.4  200  1780  2.03383333333  -0.679776176604  16.3883290599
50  1.4  200  1780  2.034  -1.13267030912  15.8961517774
50  1.4  200  1780  2.03416666667  -1.5799392242  15.3705788102
50  1.4  200  1780  2.03433333333  -2.01823585399  14.85386466
50  1.4  200  1780  2.0345  -2.44567365942  14.3520308366
50  1.4  200  1780  2.03466666667  -2.86080570777  13.8609626366
50  1.4  200  1780  2.03483333333  -3.26231770147  13.3743674916
50  1.4  200  1780  2.035  -3.64894577369  12.8860195438
50  1.4  200  1780  2.03516666667  -4.0194394868  12.3908507483
50  1.4  200  1780  2.03533333333  -4.37255582506  11.8852488071
50  1.4  200  1780  2.0355  -4.70708960016  11.3664237254
50  1.4  200  1780  2.03566666667  -5.02187912134  10.8323956139
50  1.4  200  1780  2.03583333333  -5.31580715596  10.2820945543
50  1.4  200  1780  2.036  -5.58783116919  9.71470872625
50  1.4  200  1780  2.03616666667  -5.83697685633  9.12995639719
50  1.4  200  1780  2.03633333333  -6.06235611128  8.52772830192
50  1.4  200  1780  2.0365  -6.26316102543  7.90832952655
50  1.4  200  1780  2.03666666667  -6.43868275375  7.27208009353
50  1.4  200  1780  2.03683333333  -6.58830240632  6.61961610929
50  1.4  200  1780  2.037  -6.71150031781  5.95171384765
50  1.4  200  1780  2.03716666667  -6.80785627152  5.26933308896
50  1.4  200  1780  2.03733333333  -6.87705761888  4.57344921951
50  1.4  200  1780  2.0375  -6.91889723514  3.86513264887
50  1.4  200  1780  2.03766666667  -6.93327413441  3.14554972505
50  1.4  200  1780  2.03783333333  -6.92019398844  2.41595507918
50  1.4  200  1780  2.038  -6.87976892855  1.67769113497
50  1.4  200  1780  2.03816666667  -6.81221872278  0.932141671205
50  1.4  200  1780  2.03833333333  -6.717869755  0.180730261771
50  1.4  200  1780  2.0385  -6.59715574112  -0.575136252043
50  1.4  200  1780  2.03866666667  -6.45061534803  -1.3340563116
50  1.4  200  1780  2.03883333333  -6.27888761603  -2.09457689917
50  1.4  200  1780  2.039  -6.08270819959  -2.85516784588
50  1.4  200  1780  2.03916666667  -5.86291298939  -3.6143936149
50  1.4  200  1780  2.03933333333  -5.6204324322  -4.37085848183
50  1.4  200  1780  2.0395  -5.35628629311  -5.1231722755
50  1.4  200  1780  2.03966666667  -5.07158379349  -5.87006159104
50  1.4  200  1780  2.03983333333  -4.76751267497  -6.61020823112
50  1.4  200  1780  2.04  -4.44534561452  -7.34253641331
50  1.4  200  1780  2.04016666667  -4.10642515558  -8.06596184285
50  1.4  200  1780  2.04033333333  -3.75216375293  -8.77953171047
50  1.4  200  1780  2.0405  -3.3840428594  -9.48254684269
50  1.4  200  1780  2.04066666667  -3.00360338085  -10.1744705223
50  1.4  200  1780  2.04083333333  -2.61244945446  -10.8551810383
50  1.4  200  1780  2.041  -2.21225299321  -11.5252483982
50  1.4  200  1780  2.04116666667  -1.8047629298  -12.1863344713
50  1.4  200  1780  2.04133333333  -1.39181501795  -12.8416106982
50  1.4  200  1780  2.0415  -0.97546055922  -13.4991992572
50  1.4  200  1780  2.04166666667  -0.558385699002  -14.1829967546
50  1.4  200  1780  2.04183333333  -0.146107585469  -14.9886316179
50  1.4  200  1780  2.042  0.270315022542  -15.6444891852
50  1.4  200  1780  2.04216666667  0.68980205197  -16.1336718256
50  1.4  200  1780  2.04233333333  1.10875451604  -16.5036129217
50  1.4  200  1780  2.0425  1.52442442964  -16.7806545923
50  1.4  200  1780  2.04266666667  1.93457745218  -16.9787880658
50  1.4  200  1780  2.04283333333  2.33728541392  -17.1050922725
50  1.4  200  1780  2.043  2.73082284826  -17.1625272683
50  1.4  200  1780  2.04316666667  3.11360870734  -17.1515759424
50  1.4  200  1780  2.04333333333  3.48416977985  -17.0713297872
50  1.4  200  1780  2.0435  3.84112449266  -16.9200515995
50  1.4  200  1780  2.04366666667  4.18317849661  -16.6954329495
50  1.4  200  1780  2.04383333333  4.5091161214  -16.3949500859
50  1.4  200  1780  2.044  4.81780290261  -16.0159315699
50  1.4  200  1780  2.04416666667  5.10818250029  -15.5557608083
50  1.4  200  1780  2.04433333333  5.37927306341  -15.012084613
50  1.4  200  1780  2.0445  5.63017073867  -14.3828317857
50  1.4  200  1780  2.04466666667  5.86004637303  -13.6663956533
50  1.4  200  1780  2.04483333333  6.06814280409  -12.8617923487
50  1.4  200  1780  2.045  6.25377091469  -11.9688408057
50  1.4  200  1780  2.04516666667  6.41630693629  -10.988301048
50  1.4  200  1780  2.04533333333  6.55518351049  -9.92216075365
50  1.4  200  1780  2.0455  6.66988462688  -8.77381286301
50  1.4  200  1780  2.04566666667  6.75993648326  -7.54832606437
50  1.4  200  1780  2.04583333333  6.82490229491  -6.25260413057
50  1.4  200  1780  2.046  6.86436993979  -4.89571626841
50  1.4  200  1780  2.04616666667  6.87795373971  -3.48885739695
50  1.4  200  1780  2.04633333333  6.86529613518  -2.04530008657
50  1.4  200  1780  2.0465  6.82608109889  -0.580037318022
50  1.4  200  1780  2.04666666667  6.76004981383  0.890643232324
50  1.4  200  1780  2.04683333333  6.66703454763  2.35005793721
50  1.4  200  1780  2.047  6.54698627633  3.78187789051
50  1.4  200  1780  2.04716666667  6.39999786534  5.17077723169
50  1.4  200  1780  2.04733333333  6.22632775781  6.50310462478
50  1.4  200  1780  2.0475  6.02641139024  7.7672529963
50  1.4  200  1780  2.04766666667  5.80086896531  8.95394642272
50  1.4  200  1780  2.04783333333  5.55050215533  10.056255176
50  1.4  200  1780  2.048  5.27628813847  11.0695519535
50  1.4  200  1780  2.04816666667  4.97936675919  11.9913019703
50  1.4  200  1780  2.04833333333  4.6610310133  12.8209455422
50  1.4  200  1780  2.0485  4.3227014333  13.559379297
50  1.4  200  1780  2.04866666667  3.96591409176  14.2087903167
50  1.4  200  1780  2.04883333333  3.5922983334  14.7722358822
50  1.4  200  1780  2.049  3.20356474278  15.2534891153
50  1.4  200  1780  2.04916666667  2.80147962675  15.6565474144
50  1.4  200  1780  2.04933333333  2.3878568551  15.9855864904
50  1.4  200  1780  2.0495  1.96454135467  16.244706463
50  1.4  200  1780  2.04966666667  1.53339262127  16.4376818224
50  1.4  200  1780  2.04983333333  1.09628425995  16.5681212557
50  1.4  200  1780  2.05  0.655085192559  16.639163891
50  1.4  200  1780  2.05016666667  0.211662211628  16.6537191223
50  1.4  200  1780  2.05033333333  -0.232135819781  16.6142409353
50  1.4  200  1780  2.0505  -0.679776176604  16.3883290599
50  1.4  200  1780  2.05066666667  -1.13267030912  15.8961517774
50  1.4  200  1780  2.05083333333  -1.5799392242  15.3705788102
50  1.4  200  1780  2.051  -2.01823585399  14.85386466
50  1.4  200  1780  2.05116666667  -2.44567365942  14.3520308366
50  1.4  200  1780  2.05133333333  -2.86080570777  13.8609626366
50  1.4  200  1780  2.0515  -3.26231770147  13.3743674915
50  1.4  200  1780  2.05166666667  -3.64894577369  12.8860195438
50  1.4  200  1780  2.05183333333  -4.0194394868  12.3908507483
50  1.4  200  1780  2.052  -4.37255582506  11.8852488071
50  1.4  200  1780  2.05216666667  -4.70708960016  11.3664237254
50  1.4  200  1780  2.05233333333  -5.02187912134  10.8323956139
50  1.4  200  1780  2.0525  -5.31580715596  10.2820945543
50  1.4  200  1780  2.05266666667  -5.58783116919  9.71470872625
50  1.4  200  1780  2.05283333333  -5.83697685633  9.12995639719
50  1.4  200  1780  2.053  -6.06235611128  8.52772830192
50  1.4  200  1780  2.05316666667  -6.26316102543  7.90832952655
50  1.4  200  1780  2.05333333333  -6.43868275375  7.27208009353
50  1.4  200  1780  2.0535  -6.58830240632  6.6196161093
50  1.4  200  1780  2.05366666667  -6.71150031781  5.95171384765
50  1.4  200  1780  2.05383333333  -6.80785627152  5.26933308896
50  1.4  200  1780  2.054  -6.87705761888  4.57344921951
50  1.4  200  1780  2.05416666667  -6.91889723514  3.86513264887
50  1.4  200  1780  2.05433333333  -6.93327413441  3.14554972505
50  1.4  200  1780  2.0545  -6.92019398844  2.41595507918
50  1.4  200  1780  2.05466666667  -6.87976892855  1.67769113497
50  1.4  200  1780  2.05483333333  -6.81221872278  0.932141671206
50  1.4  200  1780  2.055  -6.717869755  0.180730261771
50  1.4  200  1780  2.05516666667  -6.59715574112  -0.575136252043
50  1.4  200  1780  2.05533333333  -6.45061534803  -1.3340563116
50  1.4  200  1780  2.0555  -6.27888761603  -2.09457689917
50  1.4  200  1780  2.05566666667  -6.08270819959  -2.85516784588
50  1.4  200  1780  2.05583333333  -5.86291298939  -3.6143936149
50  1.4  200  1780  2.056  -5.6204324322  -4.37085848183
50  1.4  200  1780  2.05616666667  -5.35628629311  -5.1231722755
50  1.4  200  1780  2.05633333333  -5.07158379349  -5.87006159104
50  1.4  200  1780  2.0565  -4.76751267497  -6.61020823112
50  1.4  200  1780  2.05666666667  -4.44534561452  -7.34253641331
50  1.4  200  1780  2.05683333333  -4.10642515558  -8.06596184285
50  1.4  200  1780  2.057  -3.75216375293  -8.77953171047
50  1.4  200  1780  2.05716666667  -3.3840428594  -9.4825468427
50  1.4  200  1780  2.05733333333  -3.00360338085  -10.1744705223
50  1.4  200  1780  2.0575  -2.61244945446  -10.8551810383
50  1.4  200  1780  2.05766666667  -2.21225299321  -11.5252483982
50  1.4  200  1780  2.05783333333  -1.8047629298  -12.1863344713
50  1.4  200  1780  2.058  -1.39181501795  -12.8416106982
50  1.4  200  1780  2.05816666667  -0.97546055922  -13.4991992572
50  1.4  200  1780  2.05833333333  -0.558385699003  -14.1829967546
50  1.4  200  1780  2.0585  -0.146107585469  -14.9886316179
50  1.4  200  1780  2.05866666667  0.270315022542  -15.6444891852
50  1.4  200  1780  2.05883333333  0.68980205197  -16.1336718256
50  1.4  200  1780  2.059  1.10875451604  -16.5036129217
50  1.4  200  1780  2.05916666667  1.52442442963  -16.7806545922
50  1.4  200  1780  2.05933333333  1.93457745218  -16.9787880658
50  1.4  200  1780  2.0595  2.33728541392  -17.1050922725
50  1.4  200  1780  2.05966666667  2.73082284826  -17.1625272683
50  1.4  200  1780  2.05983333333  3.11360870734  -17.1515759424
50  1.4  200  1780  2.06  3.48416977985  -17.0713297872
50  1.4  200  1780  2.06016666667  3.84112449266  -16.9200515995
50  1.4  200  1780  2.06033333333  4.18317849661  -16.6954329495
50  1.4  200  1780  2.0605  4.5091161214  -16.3949500859
50  1.4  200  1780  2.06066666667  4.81780290261  -16.0159315699
50  1.4  200  1780  2.06083333333  5.10818250029  -15.5557608083
50  1.4  200  1780  2.061  5.37927306341  -15.012084613
50  1.4  200  1780  2.06116666667  5.63017073867  -14.3828317857
50  1.4  200  1780  2.06133333333  5.86004637303  -13.6663956533
50  1.4  200  1780  2.0615  6.06814280409  -12.8617923487
50  1.4  200  1780  2.06166666667  6.25377091469  -11.9688408057
50  1.4  200  1780  2.06183333333  6.41630693629  -10.988301048
50  1.4  200  1780  2.062  6.55518351049  -9.92216075365
50  1.4  200  1780  2.06216666667  6.66988462688  -8.77381286301
50  1.4  200  1780  2.06233333333  6.75993648326  -7.54832606437
50  1.4  200  1780  2.0625  6.82490229491  -6.25260413057
50  1.4  200  1780  2.06266666667  6.86436993979  -4.89571626841
50  1.4  200  1780  2.06283333333  6.87795373971  -3.48885739695
50  1.4  200  1780  2.063  6.86529613518  -2.04530008657
50  1.4  200  1780  2.06316666667  6.82608109889  -0.580037318023
50  1.4  200  1780  2.06333333333  6.76004981383  0.890643232329
50  1.4  200  1780  2.0635  6.66703454763  2.3500579372
50  1.4  200  1780  2.06366666667  6.54698627633  3.78187789051
50  1.4  200  1780  2.06383333333  6.39999786534  5.17077723169
50  1.4  200  1780  2.064  6.22632775781  6.50310462478
50  1.4  200  1780  2.06416666667  6.02641139024  7.7672529963
50  1.4  200  1780  2.06433333333  5.80086896531  8.95394642272
50  1.4  200  1780  2.0645  5.55050215533  10.056255176
50  1.4  200  1780  2.06466666667  5.27628813847  11.0695519535
50  1.4  200  1780  2.06483333333  4.97936675919  11.9913019703
50  1.4  200  1780  2.065  4.6610310133  12.8209455422
50  1.4  200  1780  2.06516666667  4.3227014333  13.559379297
50  1.4  200  1780  2.06533333333  3.96591409176  14.2087903167
50  1.4  200  1780  2.0655  3.5922983334  14.7722358823
50  1.4  200  1780  2.06566666667  3.20356474278  15.2534891153
50  1.4  200  1780  2.06583333333  2.80147962675  15.6565474144
50  1.4  200  1780  2.066  2.3878568551  15.9855864904
50  1.4  200  1780  2.06616666667  1.96454135467  16.244706463
50  1.4  200  1780  2.06633333333  1.53339262127  16.4376818224
50  1.4  200  1780  2.0665  1.09628425995  16.5681212557
50  1.4  200  1780  2.06666666667  0.655085192559  16.639163891
50  1.4  200  1780  2.06683333333  0.211662211629  16.6537191223
50  1.4  200  1780  2.067  -0.232135819781  16.6142409353
50  1.4  200  1780  2.06716666667  -0.679776176604  16.3883290599
50  1.4  200  1780  2.06733333333  -1.13267030913  15.8961517774
50  1.4  200  1780  2.0675  -1.5799392242  15.3705788102
50  1.4  200  1780  2.06766666667  -2.01823585399  14.85386466
50  1.4  200  1780  2.06783333333  -2.44567365942  14.3520308366
50  1.4  200  1780  2.068  -2.86080570777  13.8609626366
50  1.4  200  1780  2.06816666667  -3.26231770147  13.3743674915
50  1.4  200  1780  2.06833333333  -3.64894577369  12.8860195438
50  1.4  200  1780  2.0685  -4.0194394868  12.3908507483
50  1.4  200  1780  2.06866666667  -4.37255582506  11.8852488071
50  1.4  200  1780  2.06883333333  -4.70708960016  11.3664237254
50  1.4  200  1780  2.069  -5.02187912134  10.8323956139
50  1.4  200  1780  2.06916666667  -5.31580715596  10.2820945543
50  1.4  200  1780  2.06933333333  -5.58783116919  9.71470872625
50  1.4  200  1780  2.0695  -5.83697685633  9.12995639719
50  1.4  200  1780  2.06966666667  -6.06235611128  8.52772830191
50  1.4  200  1780  2.06983333333  -6.26316102543  7.90832952655
50  1.4  200  1780  2.07  -6.43868275375  7.27208009353
50  1.4  200  1780  2.07016666667  -6.58830240632  6.6196161093
50  1.4  200  1780  2.07033333333  -6.71150031781  5.95171384765
50  1.4  200  1780  2.0705  -6.80785627152  5.26933308896
50  1.4  200  1780  2.07066666667  -6.87705761888  4.57344921951
50  1.4  200  1780  2.07083333333  -6.91889723514  3.86513264887
50  1.4  200  1780  2.071  -6.93327413441  3.14554972505
50  1.4  200  1780  2.07116666667  -6.92019398844  2.41595507918
50  1.4  200  1780  2.07133333333  -6.87976892855  1.67769113497
50  1.4  200  1780  2.0715  -6.81221872278  0.932141671205
50  1.4  200  1780  2.07166666667  -6.717869755  0.180730261768
50  1.4  200  1780  2.07183333333  -6.59715574112  -0.575136252042
50  1.4  200  1780  2.072  -6.45061534803  -1.3340563116
50  1.4  200  1780  2.07216666667  -6.27888761603  -2.09457689917
50  1.4  200  1780  2.07233333333  -6.08270819959  -2.85516784588
50  1.4  200  1780  2.0725  -5.86291298939  -3.6143936149
50  1.4  200  1780  2.07266666667  -5.6204324322  -4.37085848183
50  1.4  200  1780  2.07283333333  -5.35628629311  -5.1231722755
50  1.4  200  1780  2.073  -5.07158379349  -5.87006159104
50  1.4  200  1780  2.07316666667  -4.76751267497  -6.61020823112
50  1.4  200  1780  2.07333333333  -4.44534561452  -7.34253641331
50  1.4  200  1780  2.0735  -4.10642515558  -8.06596184285
50  1.4  200  1780  2.07366666667  -3.75216375293  -8.77953171047
50  1.4  200  1780  2.07383333333  -3.3840428594  -9.4825468427
50  1.4  200  1780  2.074  -3.00360338085  -10.1744705223
50  1.4  200  1780  2.07416666667  -2.61244945446  -10.8551810383
50  1.4  200  1780  2.07433333333  -2.21225299321  -11.5252483982
50  1.4  200  1780  2.0745  -1.8047629298  -12.1863344713
50  1.4  200  1780  2.07466666667  -1.39181501795  -12.8416106982
50  1.4  200  1780  2.07483333333  -0.97546055922  -13.4991992572
50  1.4  200  1780  2.075  -0.558385699003  -14.1829967546
50  1.4  200  1780  2.07516666667  -0.146107585469  -14.9886316179
50  1.4  200  1780  2.07533333333  0.270315022543  -15.6444891852
50  1.4  200  1780  2.0755  0.68980205197  -16.1336718256
50  1.4  200  1780  2.07566666667  1.10875451604  -16.5036129217
50  1.4  200  1780  2.07583333333  1.52442442963  -16.7806545922
50  1.4  200  1780  2.076  1.93457745218  -16.9787880658
50  1.4  200  1780  2.07616666667  2.33728541392  -17.1050922725
50  1.4  200  1780  2.07633333333  2.73082284826  -17.1625272683
50  1.4  200  1780  2.0765  3.11360870734  -17.1515759424
50  1.4  200  1780  2.07666666667  3.48416977985  -17.0713297872
50  1.4  200  1780  2.07683333333  3.84112449266  -16.9200515995
50  1.4  200  1780  2.077  4.18317849661  -16.6954329495
50  1.4  200  1780  2.07716666667  4.5091161214  -16.3949500859
50  1.4  200  1780  2.07733333333  4.81780290261  -16.0159315699
50  1.4  200  1780  2.0775  5.10818250029  -15.5557608083
50  1.4  200  1780  2.07766666667  5.37927306341  -15.012084613
50  1.4  200  1780  2.07783333333  5.63017073867  -14.3828317857
50  1.4  200  1780  2.078  5.86004637303  -13.6663956533
50  1.4  200  1780  2.07816666667  6.06814280409  -12.8617923487
50  1.4  200  1780  2.07833333333  6.25377091469  -11.9688408057
50  1.4  200  1780  2.0785  6.41630693629  -10.988301048
50  1.4  200  1780  2.07866666667  6.55518351049  -9.92216075365
50  1.4  200  1780  2.07883333333  6.66988462688  -8.77381286301
50  1.4  200  1780  2.079  6.75993648326  -7.54832606437
50  1.4  200  1780  2.07916666667  6.82490229491  -6.25260413057
50  1.4  200  1780  2.07933333333  6.86436993979  -4.89571626841
50  1.4  200  1780  2.0795  6.87795373971  -3.48885739695
50  1.4  200  1780  2.07966666667  6.86529613518  -2.04530008657
50  1.4  200  1780  2.07983333333  6.82608109889  -0.580037318022
50  1.4  200  1780  2.08  6.76004981383  0.89064323233
50  1.4  200  1780  2.08016666667  6.66703454763  2.3500579372
50  1.4  200  1780  2.08033333333  6.54698627633  3.78187789051
50  1.4  200  1780  2.0805  6.39999786534  5.17077723169
50  1.4  200  1780  2.08066666667  6.22632775781  6.50310462478
50  1.4  200  1780  2.08083333333  6.02641139024  7.7672529963
50  1.4  200  1780  2.081  5.80086896531  8.95394642272
50  1.4  200  1780  2.08116666667  5.55050215533  10.056255176
50  1.4  200  1780  2.08133333333  5.27628813847  11.0695519535
50  1.4  200  1780  2.0815  4.97936675919  11.9913019703
50  1.4  200  1780  2.08166666667  4.6610310133  12.8209455422
50  1.4  200  1780  2.08183333333  4.3227014333  13.559379297
50  1.4  200  1780  2.082  3.96591409176  14.2087903167
50  1.4  200  1780  2.08216666667  3.5922983334  14.7722358822
50  1.4  200  1780  2.08233333333  3.20356474278  15.2534891153
50  1.4  200  1780  2.0825  2.80147962675  15.6565474144
50  1.4  200  1780  2.08266666667  2.3878568551  15.9855864904
50  1.4  200  1780  2.08283333333  1.96454135467  16.244706463
50  1.4  200  1780  2.083  1.53339262127  16.4376818224
50  1.4  200  1780  2.08316666667  1.09628425995  16.5681212557
50  1.4  200  1780  2.08333333333  0.655085192558  16.639163891
50  1.4  200  1780  2.0835  0.211662211629  16.6537191223
50  1.4  200  1780  2.08366666667  -0.232135819782  16.6142409353
50  1.4  200  1780  2.08383333333  -0.679776176604  16.3883290599
50  1.4  200  1780  2.084  -1.13267030913  15.8961517774
50  1.4  200  1780  2.08416666667  -1.5799392242  15.3705788102
50  1.4  200  1780  2.08433333333  -2.01823585399  14.85386466
50  1.4  200  1780  2.0845  -2.44567365942  14.3520308366
50  1.4  200  1780  2.08466666667  -2.86080570777  13.8609626366
50  1.4  200  1780  2.08483333333  -3.26231770147  13.3743674915
50  1.4  200  1780  2.085  -3.64894577369  12.8860195438
50  1.4  200  1780  2.08516666667  -4.0194394868  12.3908507483
50  1.4  200  1780  2.08533333333  -4.37255582506  11.8852488071
50  1.4  200  1780  2.0855  -4.70708960016  11.3664237253
50  1.4  200  1780  2.08566666667  -5.02187912134  10.8323956139
50  1.4  200  1780  2.08583333333  -5.31580715596  10.2820945543
50  1.4  200  1780  2.086  -5.58783116919  9.71470872625
50  1.4  200  1780  2.08616666667  -5.83697685633  9.12995639719
50  1.4  200  1780  2.08633333333  -6.06235611128  8.52772830191
50  1.4  200  1780  2.0865  -6.26316102543  7.90832952655
50  1.4  200  1780  2.08666666667  -6.43868275375  7.27208009353
50  1.4  200  1780  2.08683333333  -6.58830240632  6.6196161093
50  1.4  200  1780  2.087  -6.71150031781  5.95171384765
50  1.4  200  1780  2.08716666667  -6.80785627152  5.26933308896
50  1.4  200  1780  2.08733333333  -6.87705761888  4.5734492195
50  1.4  200  1780  2.0875  -6.91889723514  3.86513264887
50  1.4  200  1780  2.08766666667  -6.93327413441  3.14554972505
50  1.4  200  1780  2.08783333333  -6.92019398844  2.41595507918
50  1.4  200  1780  2.088  -6.87976892855  1.67769113497
50  1.4  200  1780  2.08816666667  -6.81221872278  0.932141671205
50  1.4  200  1780  2.08833333333  -6.717869755  0.180730261768
50  1.4  200  1780  2.0885  -6.59715574112  -0.575136252042
50  1.4  200  1780  2.08866666667  -6.45061534803  -1.3340563116
50  1.4  200  1780  2.08883333333  -6.27888761603  -2.09457689917
50  1.4  200  1780  2.089  -6.08270819959  -2.85516784588
50  1.4  200  1780  2.08916666667  -5.86291298939  -3.6143936149
50  1.4  200  1780  2.08933333333  -5.6204324322  -4.37085848183
50  1.4  200  1780  2.0895  -5.35628629311  -5.12317227551
50  1.4  200  1780  2.08966666667  -5.07158379349  -5.87006159103
50  1.4  200  1780  2.08983333333  -4.76751267497  -6.61020823113
50  1.4  200  1780  2.09  -4.44534561452  -7.3425364133
50  1.4  200  1780  2.09016666667  -4.10642515558  -8.06596184285
50  1.4  200  1780  2.09033333333  -3.75216375293  -8.77953171047
50  1.4  200  1780  2.0905  -3.3840428594  -9.4825468427
50  1.4  200  1780  2.09066666667  -3.00360338085  -10.1744705223
50  1.4  200  1780  2.09083333333  -2.61244945446  -10.8551810383
50  1.4  200  1780  2.091  -2.21225299321  -11.5252483982
50  1.4  200  1780  2.09116666667  -1.8047629298  -12.1863344713
50  1.4  200  1780  2.09133333333  -1.39181501795  -12.8416106982
50  1.4  200  1780  2.0915  -0.97546055922  -13.4991992572
50  1.4  200  1780  2.09166666667  -0.558385699002  -14.1829967546
50  1.4  200  1780  2.09183333333  -0.14610758547  -14.9886316179
50  1.4  200  1780  2.092  0.270315022543  -15.6444891852
50  1.4  200  1780  2.09216666667  0.689802051969  -16.1336718256
50  1.4  200  1780  2.09233333333  1.10875451604  -16.5036129217
50  1.4  200  1780  2.0925  1.52442442963  -16.7806545922
50  1.4  200  1780  2.09266666667  1.93457745218  -16.9787880658
50  1.4  200  1780  2.09283333333  2.33728541392  -17.1050922725
50  1.4  200  1780  2.093  2.73082284826  -17.1625272683
50  1.4  200  1780  2.09316666667  3.11360870734  -17.1515759424
50  1.4  200  1780  2.09333333333  3.48416977985  -17.0713297872
50  1.4  200  1780  2.0935  3.84112449266  -16.9200515995
50  1.4  200  1780  2.09366666667  4.18317849661  -16.6954329495
50  1.4  200  1780  2.09383333333  4.5091161214  -16.3949500859
50  1.4  200  1780  2.094  4.8178029026  -16.0159315699
50  1.4  200  1780  2.09416666667  5.10818250029  -15.5557608083
50  1.4  200  1780  2.09433333333  5.37927306341  -15.012084613
50  1.4  200  1780  2.0945  5.63017073867  -14.3828317857
50  1.4  200  1780  2.09466666667  5.86004637303  -13.6663956533
50  1.4  200  1780  2.09483333333  6.06814280409  -12.8617923487
50  1.4  200  1780  2.095  6.25377091469  -11.9688408057
50  1.4  200  1780  2.09516666667  6.41630693629  -10.988301048
50  1.4  200  1780  2.09533333333  6.55518351049  -9.92216075365
50  1.4  200  1780  2.0955  6.66988462688  -8.77381286301
50  1.4  200  1780  2.09566666667  6.75993648326  -7.54832606436
50  1.4  200  1780  2.09583333333  6.82490229491  -6.25260413057
50  1.4  200  1780  2.096  6.86436993979  -4.89571626841
50  1.4  200  1780  2.09616666667  6.87795373971  -3.48885739695
50  1.4  200  1780  2.09633333333  6.86529613518  -2.04530008657
50  1.4  200  1780  2.0965  6.82608109889  -0.580037318023
50  1.4  200  1780  2.09666666667  6.76004981383  0.890643232329
50  1.4  200  1780  2.09683333333  6.66703454763  2.3500579372
50  1.4  200  1780  2.097  6.54698627633  3.78187789051
50  1.4  200  1780  2.09716666667  6.39999786534  5.17077723169
50  1.4  200  1780  2.09733333333  6.22632775781  6.50310462478
50  1.4  200  1780  2.0975  6.02641139024  7.76725299629
50  1.4  200  1780  2.09766666667  5.80086896531  8.95394642272
50  1.4  200  1780  2.09783333333  5.55050215533  10.056255176
50  1.4  200  1780  2.098  5.27628813847  11.0695519535
50  1.4  200  1780  2.09816666667  4.97936675919  11.9913019703
50  1.4  200  1780  2.09833333333  4.6610310133  12.8209455422
50  1.4  200  1780  2.0985  4.3227014333  13.559379297
50  1.4  200  1780  2.09866666667  3.96591409176  14.2087903167
50  1.4  200  1780  2.09883333333  3.5922983334  14.7722358822
50  1.4  200  1780  2.099  3.20356474278  15.2534891153
50  1.4  200  1780  2.09916666667  2.80147962675  15.6565474144
50  1.4  200  1780  2.09933333333  2.3878568551  15.9855864904
50  1.4  200  1780  2.0995  1.96454135467  16.244706463
50  1.4  200  1780  2.09966666667  1.53339262127  16.4376818224
50  1.4  200  1780  2.09983333333  1.09628425995  16.5681212557
50  1.4  200  1780  2.1  0.655085192558  16.639163891
