% Model:              refrencia.mph
% Version:            COMSOL 6.2.0.290
% Date:               Jun 27 2026, 12:37
% Table:              Table 1 - Global Evaluation 1
% H (cm)                                          W (cm)                                            N_DC                                              N_AC                                              Time (s)                                          Corrente de curto (A)                             Queda de tensao (V)
40.000                                            1.0000                                            260.00                                            3200.0                                            0.0000                                            20.855                                            529.74
40.000                                            1.0000                                            260.00                                            3200.0                                            0.0010417                                         9.6940                                            314.96
40.000                                            1.0000                                            260.00                                            3200.0                                            0.0020833                                         -3.6784                                           33.568
40.000                                            1.0000                                            260.00                                            3200.0                                            0.0031250                                         -5.9476                                           14.864
40.000                                            1.0000                                            260.00                                            3200.0                                            0.0041667                                         -6.7571                                           7.9738
40.000                                            1.0000                                            260.00                                            3200.0                                            0.0052083                                         -6.4867                                           1.1705
40.000                                            1.0000                                            260.00                                            3200.0                                            0.0062500                                         -5.2754                                           -6.9944
40.000                                            1.0000                                            260.00                                            3200.0                                            0.0072917                                         -3.2784                                           -14.540
40.000                                            1.0000                                            260.00                                            3200.0                                            0.0083333                                         -0.80010                                          -20.323
40.000                                            1.0000                                            260.00                                            3200.0                                            0.0093750                                         1.7654                                            -23.891
40.000                                            1.0000                                            260.00                                            3200.0                                            0.010417                                          4.0360                                            -24.485
40.000                                            1.0000                                            260.00                                            3200.0                                            0.011458                                          5.7269                                            -20.470
40.000                                            1.0000                                            260.00                                            3200.0                                            0.012500                                          6.5752                                            -12.596
40.000                                            1.0000                                            260.00                                            3200.0                                            0.013542                                          6.4550                                            -1.9769
40.000                                            1.0000                                            260.00                                            3200.0                                            0.014583                                          5.3571                                            9.0715
40.000                                            1.0000                                            260.00                                            3200.0                                            0.015625                                          3.5156                                            20.566
40.000                                            1.0000                                            260.00                                            3200.0                                            0.016667                                          1.0304                                            26.172
40.000                                            1.0000                                            260.00                                            3200.0                                            0.017708                                          -1.7298                                           24.795
40.000                                            1.0000                                            260.00                                            3200.0                                            0.018750                                          -4.1350                                           21.970
40.000                                            1.0000                                            260.00                                            3200.0                                            0.019792                                          -5.8651                                           16.959
40.000                                            1.0000                                            260.00                                            3200.0                                            0.020833                                          -6.6802                                           9.9278
40.000                                            1.0000                                            260.00                                            3200.0                                            0.021875                                          -6.5768                                           -1.1178
40.000                                            1.0000                                            260.00                                            3200.0                                            0.022917                                          -5.4206                                           -10.683
40.000                                            1.0000                                            260.00                                            3200.0                                            0.023958                                          -3.4155                                           -18.021
40.000                                            1.0000                                            260.00                                            3200.0                                            0.025000                                          -0.90134                                          -22.894
40.000                                            1.0000                                            260.00                                            3200.0                                            0.026042                                          1.7086                                            -25.334
40.000                                            1.0000                                            260.00                                            3200.0                                            0.027083                                          4.0268                                            -24.720
40.000                                            1.0000                                            260.00                                            3200.0                                            0.028125                                          5.7244                                            -20.535
40.000                                            1.0000                                            260.00                                            3200.0                                            0.029167                                          6.5744                                            -12.615
40.000                                            1.0000                                            260.00                                            3200.0                                            0.030208                                          6.4548                                            -1.9825
40.000                                            1.0000                                            260.00                                            3200.0                                            0.031250                                          5.4828                                            12.262
40.000                                            1.0000                                            260.00                                            3200.0                                            0.032292                                          3.5803                                            22.208
40.000                                            1.0000                                            260.00                                            3200.0                                            0.033333                                          1.0465                                            26.581
40.000                                            1.0000                                            260.00                                            3200.0                                            0.034375                                          -2.8548                                           61.999
40.000                                            1.0000                                            260.00                                            3200.0                                            0.035417                                          -12.475                                           97.577
40.000                                            1.0000                                            260.00                                            3200.0                                            0.036458                                          -24.289                                           108.65
40.000                                            1.0000                                            260.00                                            3200.0                                            0.037500                                          -34.919                                           97.247
40.000                                            1.0000                                            260.00                                            3200.0                                            0.038542                                          -41.298                                           68.529
40.000                                            1.0000                                            260.00                                            3200.0                                            0.039583                                          -42.118                                           27.661
40.000                                            1.0000                                            260.00                                            3200.0                                            0.040625                                          -38.608                                           -22.327
40.000                                            1.0000                                            260.00                                            3200.0                                            0.041667                                          -29.781                                           -70.241
40.000                                            1.0000                                            260.00                                            3200.0                                            0.042708                                          -16.560                                           -107.79
40.000                                            1.0000                                            260.00                                            3200.0                                            0.043750                                          -1.3134                                           -130.10
40.000                                            1.0000                                            260.00                                            3200.0                                            0.044792                                          10.643                                            -140.83
40.000                                            1.0000                                            260.00                                            3200.0                                            0.045833                                          15.861                                            -142.19
40.000                                            1.0000                                            260.00                                            3200.0                                            0.046875                                          18.160                                            -123.10
40.000                                            1.0000                                            260.00                                            3200.0                                            0.047917                                          19.495                                            -81.020
40.000                                            1.0000                                            260.00                                            3200.0                                            0.048958                                          20.090                                            -21.348
40.000                                            1.0000                                            260.00                                            3200.0                                            0.050000                                          19.780                                            46.651
40.000                                            1.0000                                            260.00                                            3200.0                                            0.051042                                          18.509                                            112.39
40.000                                            1.0000                                            260.00                                            3200.0                                            0.052083                                          15.852                                            164.39
40.000                                            1.0000                                            260.00                                            3200.0                                            0.053125                                          6.9111                                            182.23
40.000                                            1.0000                                            260.00                                            3200.0                                            0.054167                                          -12.332                                           150.52
40.000                                            1.0000                                            260.00                                            3200.0                                            0.055208                                          -27.633                                           100.76
40.000                                            1.0000                                            260.00                                            3200.0                                            0.056250                                          -35.142                                           44.114
40.000                                            1.0000                                            260.00                                            3200.0                                            0.057292                                          -34.842                                           -13.446
40.000                                            1.0000                                            260.00                                            3200.0                                            0.058333                                          -27.646                                           -65.206
40.000                                            1.0000                                            260.00                                            3400.0                                            0.0000                                            19.649                                            499.09
40.000                                            1.0000                                            260.00                                            3400.0                                            0.0010417                                         11.002                                            348.18
40.000                                            1.0000                                            260.00                                            3400.0                                            0.0020833                                         -2.8650                                           54.230
40.000                                            1.0000                                            260.00                                            3400.0                                            0.0031250                                         -5.9687                                           14.327
40.000                                            1.0000                                            260.00                                            3400.0                                            0.0041667                                         -6.8196                                           6.3868
40.000                                            1.0000                                            260.00                                            3400.0                                            0.0052083                                         -6.6409                                           -2.7455
40.000                                            1.0000                                            260.00                                            3400.0                                            0.0062500                                         -5.4807                                           -12.211
40.000                                            1.0000                                            260.00                                            3400.0                                            0.0072917                                         -3.5073                                           -20.354
40.000                                            1.0000                                            260.00                                            3400.0                                            0.0083333                                         -1.0224                                           -25.969
40.000                                            1.0000                                            260.00                                            3400.0                                            0.0093750                                         1.5740                                            -28.753
40.000                                            1.0000                                            260.00                                            3400.0                                            0.010417                                          3.8908                                            -28.173
40.000                                            1.0000                                            260.00                                            3400.0                                            0.011458                                          5.6070                                            -23.515
40.000                                            1.0000                                            260.00                                            3400.0                                            0.012500                                          6.4931                                            -14.680
40.000                                            1.0000                                            260.00                                            3400.0                                            0.013542                                          6.4280                                            -2.6619
40.000                                            1.0000                                            260.00                                            3400.0                                            0.014583                                          5.3933                                            9.9907
40.000                                            1.0000                                            260.00                                            3400.0                                            0.015625                                          3.6159                                            23.112
40.000                                            1.0000                                            260.00                                            3400.0                                            0.016667                                          1.1757                                            29.863
40.000                                            1.0000                                            260.00                                            3400.0                                            0.017708                                          -1.5784                                           28.641
40.000                                            1.0000                                            260.00                                            3400.0                                            0.018750                                          -4.0054                                           25.262
40.000                                            1.0000                                            260.00                                            3400.0                                            0.019792                                          -5.7655                                           19.490
40.000                                            1.0000                                            260.00                                            3400.0                                            0.020833                                          -6.6200                                           11.458
40.000                                            1.0000                                            260.00                                            3400.0                                            0.021875                                          -6.5724                                           -1.0043
40.000                                            1.0000                                            260.00                                            3400.0                                            0.022917                                          -5.4721                                           -11.992
40.000                                            1.0000                                            260.00                                            3400.0                                            0.023958                                          -3.5112                                           -20.452
40.000                                            1.0000                                            260.00                                            3400.0                                            0.025000                                          -1.0252                                           -26.039
40.000                                            1.0000                                            260.00                                            3400.0                                            0.026042                                          1.5731                                            -28.775
40.000                                            1.0000                                            260.00                                            3400.0                                            0.027083                                          3.8907                                            -28.176
40.000                                            1.0000                                            260.00                                            3400.0                                            0.028125                                          5.6070                                            -23.516
40.000                                            1.0000                                            260.00                                            3400.0                                            0.029167                                          6.4931                                            -14.681
40.000                                            1.0000                                            260.00                                            3400.0                                            0.030208                                          6.4280                                            -2.6620
40.000                                            1.0000                                            260.00                                            3400.0                                            0.031250                                          5.5298                                            13.458
40.000                                            1.0000                                            260.00                                            3400.0                                            0.032292                                          3.6929                                            25.068
40.000                                            1.0000                                            260.00                                            3400.0                                            0.033333                                          1.1984                                            30.440
40.000                                            1.0000                                            260.00                                            3400.0                                            0.034375                                          -2.2545                                           63.414
40.000                                            1.0000                                            260.00                                            3400.0                                            0.035417                                          -10.870                                           101.36
40.000                                            1.0000                                            260.00                                            3400.0                                            0.036458                                          -21.689                                           114.78
40.000                                            1.0000                                            260.00                                            3400.0                                            0.037500                                          -31.788                                           104.63
40.000                                            1.0000                                            260.00                                            3400.0                                            0.038542                                          -38.193                                           75.852
40.000                                            1.0000                                            260.00                                            3400.0                                            0.039583                                          -39.598                                           33.606
40.000                                            1.0000                                            260.00                                            3400.0                                            0.040625                                          -35.575                                           -15.174
40.000                                            1.0000                                            260.00                                            3400.0                                            0.041667                                          -26.610                                           -62.762
40.000                                            1.0000                                            260.00                                            3400.0                                            0.042708                                          -15.048                                           -104.22
40.000                                            1.0000                                            260.00                                            3400.0                                            0.043750                                          -1.7001                                           -131.01
40.000                                            1.0000                                            260.00                                            3400.0                                            0.044792                                          9.3431                                            -143.90
40.000                                            1.0000                                            260.00                                            3400.0                                            0.045833                                          14.592                                            -145.19
40.000                                            1.0000                                            260.00                                            3400.0                                            0.046875                                          16.846                                            -126.20
40.000                                            1.0000                                            260.00                                            3400.0                                            0.047917                                          18.116                                            -84.273
40.000                                            1.0000                                            260.00                                            3400.0                                            0.048958                                          18.684                                            -24.664
40.000                                            1.0000                                            260.00                                            3400.0                                            0.050000                                          18.447                                            43.507
40.000                                            1.0000                                            260.00                                            3400.0                                            0.051042                                          17.360                                            109.68
40.000                                            1.0000                                            260.00                                            3400.0                                            0.052083                                          14.994                                            162.36
40.000                                            1.0000                                            260.00                                            3400.0                                            0.053125                                          7.5393                                            183.72
40.000                                            1.0000                                            260.00                                            3400.0                                            0.054167                                          -8.9864                                           158.41
40.000                                            1.0000                                            260.00                                            3400.0                                            0.055208                                          -23.265                                           111.06
40.000                                            1.0000                                            260.00                                            3400.0                                            0.056250                                          -30.970                                           53.956
40.000                                            1.0000                                            260.00                                            3400.0                                            0.057292                                          -31.737                                           -6.1216
40.000                                            1.0000                                            260.00                                            3400.0                                            0.058333                                          -26.131                                           -61.631
40.000                                            1.0000                                            260.00                                            3600.0                                            0.0000                                            18.576                                            471.84
40.000                                            1.0000                                            260.00                                            3600.0                                            0.0010417                                         11.671                                            365.18
40.000                                            1.0000                                            260.00                                            3600.0                                            0.0020833                                         -1.7090                                           83.591
40.000                                            1.0000                                            260.00                                            3600.0                                            0.0031250                                         -5.7097                                           20.908
40.000                                            1.0000                                            260.00                                            3600.0                                            0.0041667                                         -6.7976                                           6.9469
40.000                                            1.0000                                            260.00                                            3600.0                                            0.0052083                                         -6.6792                                           -3.7189
40.000                                            1.0000                                            260.00                                            3600.0                                            0.0062500                                         -5.5503                                           -13.978
40.000                                            1.0000                                            260.00                                            3600.0                                            0.0072917                                         -3.6098                                           -22.958
40.000                                            1.0000                                            260.00                                            3600.0                                            0.0083333                                         -1.1523                                           -29.268
40.000                                            1.0000                                            260.00                                            3600.0                                            0.0093750                                         1.4313                                            -32.378
40.000                                            1.0000                                            260.00                                            3600.0                                            0.010417                                          3.7456                                            -31.863
40.000                                            1.0000                                            260.00                                            3600.0                                            0.011458                                          5.4799                                            -26.743
40.000                                            1.0000                                            260.00                                            3600.0                                            0.012500                                          6.4019                                            -16.996
40.000                                            1.0000                                            260.00                                            3600.0                                            0.013542                                          6.3930                                            -3.5518
40.000                                            1.0000                                            260.00                                            3600.0                                            0.014583                                          5.4256                                            10.810
40.000                                            1.0000                                            260.00                                            3600.0                                            0.015625                                          3.7173                                            25.688
40.000                                            1.0000                                            260.00                                            3600.0                                            0.016667                                          1.3271                                            33.709
40.000                                            1.0000                                            260.00                                            3600.0                                            0.017708                                          -1.4134                                           32.832
40.000                                            1.0000                                            260.00                                            3600.0                                            0.018750                                          -3.8631                                           28.878
40.000                                            1.0000                                            260.00                                            3600.0                                            0.019792                                          -5.6551                                           22.295
40.000                                            1.0000                                            260.00                                            3600.0                                            0.020833                                          -6.5515                                           13.197
40.000                                            1.0000                                            260.00                                            3600.0                                            0.021875                                          -6.5625                                           -0.75476
40.000                                            1.0000                                            260.00                                            3600.0                                            0.022917                                          -5.5226                                           -13.275
40.000                                            1.0000                                            260.00                                            3600.0                                            0.023958                                          -3.6105                                           -22.974
40.000                                            1.0000                                            260.00                                            3600.0                                            0.025000                                          -1.1560                                           -29.363
40.000                                            1.0000                                            260.00                                            3600.0                                            0.026042                                          1.4295                                            -32.423
40.000                                            1.0000                                            260.00                                            3600.0                                            0.027083                                          3.7450                                            -31.876
40.000                                            1.0000                                            260.00                                            3600.0                                            0.028125                                          5.4798                                            -26.747
40.000                                            1.0000                                            260.00                                            3600.0                                            0.029167                                          6.4019                                            -16.997
40.000                                            1.0000                                            260.00                                            3600.0                                            0.030208                                          6.3930                                            -3.5523
40.000                                            1.0000                                            260.00                                            3600.0                                            0.031250                                          5.5721                                            14.532
40.000                                            1.0000                                            260.00                                            3600.0                                            0.032292                                          3.8072                                            27.972
40.000                                            1.0000                                            260.00                                            3600.0                                            0.033333                                          1.3576                                            34.484
40.000                                            1.0000                                            260.00                                            3600.0                                            0.034375                                          -1.7123                                           64.693
40.000                                            1.0000                                            260.00                                            3600.0                                            0.035417                                          -9.4485                                           104.71
40.000                                            1.0000                                            260.00                                            3600.0                                            0.036458                                          -19.351                                           120.29
40.000                                            1.0000                                            260.00                                            3600.0                                            0.037500                                          -28.892                                           111.46
40.000                                            1.0000                                            260.00                                            3600.0                                            0.038542                                          -35.226                                           82.851
40.000                                            1.0000                                            260.00                                            3600.0                                            0.039583                                          -37.072                                           39.563
40.000                                            1.0000                                            260.00                                            3600.0                                            0.040625                                          -33.940                                           -11.317
40.000                                            1.0000                                            260.00                                            3600.0                                            0.041667                                          -26.171                                           -61.727
40.000                                            1.0000                                            260.00                                            3600.0                                            0.042708                                          -15.892                                           -106.22
40.000                                            1.0000                                            260.00                                            3600.0                                            0.043750                                          -3.6639                                           -135.64
40.000                                            1.0000                                            260.00                                            3600.0                                            0.044792                                          7.3190                                            -148.67
40.000                                            1.0000                                            260.00                                            3600.0                                            0.045833                                          13.106                                            -148.69
40.000                                            1.0000                                            260.00                                            3600.0                                            0.046875                                          15.448                                            -129.50
40.000                                            1.0000                                            260.00                                            3600.0                                            0.047917                                          16.716                                            -87.574
40.000                                            1.0000                                            260.00                                            3600.0                                            0.048958                                          17.255                                            -28.035
40.000                                            1.0000                                            260.00                                            3600.0                                            0.050000                                          17.085                                            40.297
40.000                                            1.0000                                            260.00                                            3600.0                                            0.051042                                          16.101                                            106.71
40.000                                            1.0000                                            260.00                                            3600.0                                            0.052083                                          13.892                                            159.77
40.000                                            1.0000                                            260.00                                            3600.0                                            0.053125                                          7.1525                                            182.80
40.000                                            1.0000                                            260.00                                            3600.0                                            0.054167                                          -7.4257                                           162.09
40.000                                            1.0000                                            260.00                                            3600.0                                            0.055208                                          -20.626                                           117.29
40.000                                            1.0000                                            260.00                                            3600.0                                            0.056250                                          -28.231                                           60.416
40.000                                            1.0000                                            260.00                                            3600.0                                            0.057292                                          -29.618                                           -1.1239
40.000                                            1.0000                                            260.00                                            3600.0                                            0.058333                                          -25.064                                           -59.115
40.000                                            1.0000                                            270.00                                            3200.0                                            0.0000                                            21.657                                            550.09
40.000                                            1.0000                                            270.00                                            3200.0                                            0.0010417                                         9.4200                                            308.00
40.000                                            1.0000                                            270.00                                            3200.0                                            0.0020833                                         -3.7749                                           31.117
40.000                                            1.0000                                            270.00                                            3200.0                                            0.0031250                                         -5.9290                                           15.337
40.000                                            1.0000                                            270.00                                            3200.0                                            0.0041667                                         -6.7553                                           8.0214
40.000                                            1.0000                                            270.00                                            3200.0                                            0.0052083                                         -6.4860                                           1.1886
40.000                                            1.0000                                            270.00                                            3200.0                                            0.0062500                                         -5.2738                                           -6.9539
40.000                                            1.0000                                            270.00                                            3200.0                                            0.0072917                                         -3.2747                                           -14.446
40.000                                            1.0000                                            270.00                                            3200.0                                            0.0083333                                         -0.79205                                          -20.118
40.000                                            1.0000                                            270.00                                            3200.0                                            0.0093750                                         1.7878                                            -23.321
40.000                                            1.0000                                            270.00                                            3200.0                                            0.010417                                          4.0572                                            -23.948
40.000                                            1.0000                                            270.00                                            3200.0                                            0.011458                                          5.7443                                            -20.028
40.000                                            1.0000                                            270.00                                            3200.0                                            0.012500                                          6.5887                                            -12.252
40.000                                            1.0000                                            270.00                                            3200.0                                            0.013542                                          6.4576                                            -1.9117
40.000                                            1.0000                                            270.00                                            3200.0                                            0.014583                                          5.3475                                            8.8267
40.000                                            1.0000                                            270.00                                            3200.0                                            0.015625                                          3.5001                                            20.171
40.000                                            1.0000                                            270.00                                            3200.0                                            0.016667                                          0.99810                                           25.352
40.000                                            1.0000                                            270.00                                            3200.0                                            0.017708                                          -1.7510                                           24.256
40.000                                            1.0000                                            270.00                                            3200.0                                            0.018750                                          -4.1458                                           21.698
40.000                                            1.0000                                            270.00                                            3200.0                                            0.019792                                          -5.8702                                           16.831
40.000                                            1.0000                                            270.00                                            3200.0                                            0.020833                                          -6.6823                                           9.8752
40.000                                            1.0000                                            270.00                                            3200.0                                            0.021875                                          -6.5766                                           -1.1127
40.000                                            1.0000                                            270.00                                            3200.0                                            0.022917                                          -5.4185                                           -10.631
40.000                                            1.0000                                            270.00                                            3200.0                                            0.023958                                          -3.4109                                           -17.904
40.000                                            1.0000                                            270.00                                            3200.0                                            0.025000                                          -0.89162                                          -22.647
40.000                                            1.0000                                            270.00                                            3200.0                                            0.026042                                          1.7356                                            -24.647
40.000                                            1.0000                                            270.00                                            3200.0                                            0.027083                                          4.0508                                            -24.109
40.000                                            1.0000                                            270.00                                            3200.0                                            0.028125                                          5.7426                                            -20.072
40.000                                            1.0000                                            270.00                                            3200.0                                            0.029167                                          6.5882                                            -12.264
40.000                                            1.0000                                            270.00                                            3200.0                                            0.030208                                          6.4574                                            -1.9153
40.000                                            1.0000                                            270.00                                            3200.0                                            0.031250                                          5.4706                                            11.954
40.000                                            1.0000                                            270.00                                            3200.0                                            0.032292                                          3.5622                                            21.748
40.000                                            1.0000                                            270.00                                            3200.0                                            0.033333                                          1.0133                                            25.737
40.000                                            1.0000                                            270.00                                            3200.0                                            0.034375                                          -2.9427                                           61.791
40.000                                            1.0000                                            270.00                                            3200.0                                            0.035417                                          -12.579                                           97.332
40.000                                            1.0000                                            270.00                                            3200.0                                            0.036458                                          -24.365                                           108.47
40.000                                            1.0000                                            270.00                                            3200.0                                            0.037500                                          -34.965                                           97.137
40.000                                            1.0000                                            270.00                                            3200.0                                            0.038542                                          -41.325                                           68.466
40.000                                            1.0000                                            270.00                                            3200.0                                            0.039583                                          -42.137                                           27.617
40.000                                            1.0000                                            270.00                                            3200.0                                            0.040625                                          -37.066                                           -18.692
40.000                                            1.0000                                            270.00                                            3200.0                                            0.041667                                          -26.768                                           -63.133
40.000                                            1.0000                                            270.00                                            3200.0                                            0.042708                                          -13.812                                           -101.31
40.000                                            1.0000                                            270.00                                            3200.0                                            0.043750                                          0.69837                                           -125.35
40.000                                            1.0000                                            270.00                                            3200.0                                            0.044792                                          11.882                                            -137.91
40.000                                            1.0000                                            270.00                                            3200.0                                            0.045833                                          16.787                                            -140.01
40.000                                            1.0000                                            270.00                                            3200.0                                            0.046875                                          19.021                                            -121.07
40.000                                            1.0000                                            270.00                                            3200.0                                            0.047917                                          20.321                                            -79.072
40.000                                            1.0000                                            270.00                                            3200.0                                            0.048958                                          20.883                                            -19.477
40.000                                            1.0000                                            270.00                                            3200.0                                            0.050000                                          20.557                                            48.485
40.000                                            1.0000                                            270.00                                            3200.0                                            0.051042                                          19.281                                            114.21
40.000                                            1.0000                                            270.00                                            3200.0                                            0.052083                                          16.554                                            166.04
40.000                                            1.0000                                            270.00                                            3200.0                                            0.053125                                          7.4279                                            183.45
40.000                                            1.0000                                            270.00                                            3200.0                                            0.054167                                          -11.915                                           151.50
40.000                                            1.0000                                            270.00                                            3200.0                                            0.055208                                          -27.449                                           101.19
40.000                                            1.0000                                            270.00                                            3200.0                                            0.056250                                          -35.053                                           44.326
40.000                                            1.0000                                            270.00                                            3200.0                                            0.057292                                          -34.763                                           -13.260
40.000                                            1.0000                                            270.00                                            3200.0                                            0.058333                                          -27.441                                           -64.721
40.000                                            1.0000                                            270.00                                            3400.0                                            0.0000                                            20.404                                            518.27
40.000                                            1.0000                                            270.00                                            3400.0                                            0.0010417                                         10.901                                            345.63
40.000                                            1.0000                                            270.00                                            3400.0                                            0.0020833                                         -3.1302                                           47.493
40.000                                            1.0000                                            270.00                                            3400.0                                            0.0031250                                         -5.9901                                           13.786
40.000                                            1.0000                                            270.00                                            3400.0                                            0.0041667                                         -6.8232                                           6.2960
40.000                                            1.0000                                            270.00                                            3400.0                                            0.0052083                                         -6.6395                                           -2.7087
40.000                                            1.0000                                            270.00                                            3400.0                                            0.0062500                                         -5.4780                                           -12.141
40.000                                            1.0000                                            270.00                                            3400.0                                            0.0072917                                         -3.5026                                           -20.234
40.000                                            1.0000                                            270.00                                            3400.0                                            0.0083333                                         -1.0126                                           -25.720
40.000                                            1.0000                                            270.00                                            3400.0                                            0.0093750                                         1.6014                                            -28.057
40.000                                            1.0000                                            270.00                                            3400.0                                            0.010417                                          3.9177                                            -27.492
40.000                                            1.0000                                            270.00                                            3400.0                                            0.011458                                          5.6282                                            -22.977
40.000                                            1.0000                                            270.00                                            3400.0                                            0.012500                                          6.5102                                            -14.246
40.000                                            1.0000                                            270.00                                            3400.0                                            0.013542                                          6.4326                                            -2.5448
40.000                                            1.0000                                            270.00                                            3400.0                                            0.014583                                          5.3830                                            9.7294
40.000                                            1.0000                                            270.00                                            3400.0                                            0.015625                                          3.5980                                            22.658
40.000                                            1.0000                                            270.00                                            3400.0                                            0.016667                                          1.1429                                            29.030
40.000                                            1.0000                                            270.00                                            3400.0                                            0.017708                                          -1.6036                                           27.999
40.000                                            1.0000                                            270.00                                            3400.0                                            0.018750                                          -4.0183                                           24.936
40.000                                            1.0000                                            270.00                                            3400.0                                            0.019792                                          -5.7715                                           19.337
40.000                                            1.0000                                            270.00                                            3400.0                                            0.020833                                          -6.6225                                           11.394
40.000                                            1.0000                                            270.00                                            3400.0                                            0.021875                                          -6.5723                                           -1.0038
40.000                                            1.0000                                            270.00                                            3400.0                                            0.022917                                          -5.4702                                           -11.943
40.000                                            1.0000                                            270.00                                            3400.0                                            0.023958                                          -3.5067                                           -20.337
40.000                                            1.0000                                            270.00                                            3400.0                                            0.025000                                          -1.0154                                           -25.791
40.000                                            1.0000                                            270.00                                            3400.0                                            0.026042                                          1.6006                                            -28.078
40.000                                            1.0000                                            270.00                                            3400.0                                            0.027083                                          3.9176                                            -27.494
40.000                                            1.0000                                            270.00                                            3400.0                                            0.028125                                          5.6282                                            -22.977
40.000                                            1.0000                                            270.00                                            3400.0                                            0.029167                                          6.5102                                            -14.246
40.000                                            1.0000                                            270.00                                            3400.0                                            0.030208                                          6.4326                                            -2.5449
40.000                                            1.0000                                            270.00                                            3400.0                                            0.031250                                          5.5168                                            13.127
40.000                                            1.0000                                            270.00                                            3400.0                                            0.032292                                          3.6718                                            24.533
40.000                                            1.0000                                            270.00                                            3400.0                                            0.033333                                          1.1644                                            29.576
40.000                                            1.0000                                            270.00                                            3400.0                                            0.034375                                          -2.3431                                           63.206
40.000                                            1.0000                                            270.00                                            3400.0                                            0.035417                                          -10.977                                           101.11
40.000                                            1.0000                                            270.00                                            3400.0                                            0.036458                                          -21.773                                           114.58
40.000                                            1.0000                                            270.00                                            3400.0                                            0.037500                                          -31.844                                           104.50
40.000                                            1.0000                                            270.00                                            3400.0                                            0.038542                                          -38.228                                           75.769
40.000                                            1.0000                                            270.00                                            3400.0                                            0.039583                                          -39.622                                           33.548
40.000                                            1.0000                                            270.00                                            3400.0                                            0.040625                                          -35.598                                           -15.228
40.000                                            1.0000                                            270.00                                            3400.0                                            0.041667                                          -26.635                                           -62.822
40.000                                            1.0000                                            270.00                                            3400.0                                            0.042708                                          -15.071                                           -104.28
40.000                                            1.0000                                            270.00                                            3400.0                                            0.043750                                          -1.6718                                           -130.94
40.000                                            1.0000                                            270.00                                            3400.0                                            0.044792                                          9.6510                                            -143.17
40.000                                            1.0000                                            270.00                                            3400.0                                            0.045833                                          15.178                                            -143.81
40.000                                            1.0000                                            270.00                                            3400.0                                            0.046875                                          17.435                                            -124.81
40.000                                            1.0000                                            270.00                                            3400.0                                            0.047917                                          18.601                                            -83.129
40.000                                            1.0000                                            270.00                                            3400.0                                            0.048958                                          19.026                                            -23.858
40.000                                            1.0000                                            270.00                                            3400.0                                            0.050000                                          18.722                                            44.156
40.000                                            1.0000                                            270.00                                            3400.0                                            0.051042                                          17.539                                            110.10
40.000                                            1.0000                                            270.00                                            3400.0                                            0.052083                                          14.741                                            161.77
40.000                                            1.0000                                            270.00                                            3400.0                                            0.053125                                          5.3044                                            178.44
40.000                                            1.0000                                            270.00                                            3400.0                                            0.054167                                          -11.011                                           153.64
40.000                                            1.0000                                            270.00                                            3400.0                                            0.055208                                          -23.625                                           110.21
40.000                                            1.0000                                            270.00                                            3400.0                                            0.056250                                          -30.787                                           54.387
40.000                                            1.0000                                            270.00                                            3400.0                                            0.057292                                          -31.438                                           -5.4168
40.000                                            1.0000                                            270.00                                            3400.0                                            0.058333                                          -25.862                                           -60.998
40.000                                            1.0000                                            270.00                                            3600.0                                            0.0000                                            19.290                                            489.97
40.000                                            1.0000                                            270.00                                            3600.0                                            0.0010417                                         11.808                                            368.65
40.000                                            1.0000                                            270.00                                            3600.0                                            0.0020833                                         -1.9415                                           77.687
40.000                                            1.0000                                            270.00                                            3600.0                                            0.0031250                                         -5.4827                                           26.673
40.000                                            1.0000                                            270.00                                            3600.0                                            0.0041667                                         -6.6255                                           11.318
40.000                                            1.0000                                            270.00                                            3600.0                                            0.0052083                                         -6.4555                                           1.9639
40.000                                            1.0000                                            270.00                                            3600.0                                            0.0062500                                         -5.3392                                           -8.6151
40.000                                            1.0000                                            270.00                                            3600.0                                            0.0072917                                         -3.4263                                           -18.296
40.000                                            1.0000                                            270.00                                            3600.0                                            0.0083333                                         -1.0785                                           -27.394
40.000                                            1.0000                                            270.00                                            3600.0                                            0.0093750                                         1.4687                                            -31.428
40.000                                            1.0000                                            270.00                                            3600.0                                            0.010417                                          3.7728                                            -31.170
40.000                                            1.0000                                            270.00                                            3600.0                                            0.011458                                          5.5034                                            -26.147
40.000                                            1.0000                                            270.00                                            3600.0                                            0.012500                                          6.4226                                            -16.471
40.000                                            1.0000                                            270.00                                            3600.0                                            0.013542                                          6.4002                                            -3.3681
40.000                                            1.0000                                            270.00                                            3600.0                                            0.014583                                          5.4149                                            10.540
40.000                                            1.0000                                            270.00                                            3600.0                                            0.015625                                          3.6969                                            25.169
40.000                                            1.0000                                            270.00                                            3600.0                                            0.016667                                          1.2947                                            32.887
40.000                                            1.0000                                            270.00                                            3600.0                                            0.017708                                          -1.4435                                           32.068
40.000                                            1.0000                                            270.00                                            3600.0                                            0.018750                                          -3.8785                                           28.485
40.000                                            1.0000                                            270.00                                            3600.0                                            0.019792                                          -5.6623                                           22.111
40.000                                            1.0000                                            270.00                                            3600.0                                            0.020833                                          -6.5546                                           13.119
40.000                                            1.0000                                            270.00                                            3600.0                                            0.021875                                          -6.5627                                           -0.76019
40.000                                            1.0000                                            270.00                                            3600.0                                            0.022917                                          -5.5208                                           -13.229
40.000                                            1.0000                                            270.00                                            3600.0                                            0.023958                                          -3.6060                                           -22.862
40.000                                            1.0000                                            270.00                                            3600.0                                            0.025000                                          -1.1463                                           -29.117
40.000                                            1.0000                                            270.00                                            3600.0                                            0.026042                                          1.4565                                            -31.737
40.000                                            1.0000                                            270.00                                            3600.0                                            0.027083                                          3.7749                                            -31.118
40.000                                            1.0000                                            270.00                                            3600.0                                            0.028125                                          5.5041                                            -26.129
40.000                                            1.0000                                            270.00                                            3600.0                                            0.029167                                          6.4227                                            -16.468
40.000                                            1.0000                                            270.00                                            3600.0                                            0.030208                                          6.4002                                            -3.3690
40.000                                            1.0000                                            270.00                                            3600.0                                            0.031250                                          5.5586                                            14.189
40.000                                            1.0000                                            270.00                                            3600.0                                            0.032292                                          3.7831                                            27.359
40.000                                            1.0000                                            270.00                                            3600.0                                            0.033333                                          1.3236                                            33.620
40.000                                            1.0000                                            270.00                                            3600.0                                            0.034375                                          -1.8031                                           64.479
40.000                                            1.0000                                            270.00                                            3600.0                                            0.035417                                          -9.5600                                           104.45
40.000                                            1.0000                                            270.00                                            3600.0                                            0.036458                                          -19.443                                           120.08
40.000                                            1.0000                                            270.00                                            3600.0                                            0.037500                                          -28.957                                           111.31
40.000                                            1.0000                                            270.00                                            3600.0                                            0.038542                                          -35.270                                           82.747
40.000                                            1.0000                                            270.00                                            3600.0                                            0.039583                                          -37.104                                           39.487
40.000                                            1.0000                                            270.00                                            3600.0                                            0.040625                                          -33.968                                           -11.383
40.000                                            1.0000                                            270.00                                            3600.0                                            0.041667                                          -26.200                                           -61.795
40.000                                            1.0000                                            270.00                                            3600.0                                            0.042708                                          -15.919                                           -106.28
40.000                                            1.0000                                            270.00                                            3600.0                                            0.043750                                          -3.6573                                           -135.63
40.000                                            1.0000                                            270.00                                            3600.0                                            0.044792                                          7.5392                                            -148.15
40.000                                            1.0000                                            270.00                                            3600.0                                            0.045833                                          13.612                                            -147.50
40.000                                            1.0000                                            270.00                                            3600.0                                            0.046875                                          16.049                                            -128.08
40.000                                            1.0000                                            270.00                                            3600.0                                            0.047917                                          17.328                                            -86.130
40.000                                            1.0000                                            270.00                                            3600.0                                            0.048958                                          17.854                                            -26.623
40.000                                            1.0000                                            270.00                                            3600.0                                            0.050000                                          17.665                                            41.663
40.000                                            1.0000                                            270.00                                            3600.0                                            0.051042                                          16.649                                            108.00
40.000                                            1.0000                                            270.00                                            3600.0                                            0.052083                                          14.292                                            160.71
40.000                                            1.0000                                            270.00                                            3600.0                                            0.053125                                          6.8026                                            181.98
40.000                                            1.0000                                            270.00                                            3600.0                                            0.054167                                          -8.1273                                           160.44
40.000                                            1.0000                                            270.00                                            3600.0                                            0.055208                                          -21.178                                           115.98
40.000                                            1.0000                                            270.00                                            3600.0                                            0.056250                                          -28.636                                           59.459
40.000                                            1.0000                                            270.00                                            3600.0                                            0.057292                                          -29.918                                           -1.8314
40.000                                            1.0000                                            270.00                                            3600.0                                            0.058333                                          -25.290                                           -59.649
40.000                                            1.0000                                            280.00                                            3200.0                                            0.0000                                            22.458                                            570.45
40.000                                            1.0000                                            280.00                                            3200.0                                            0.0010417                                         9.0734                                            299.20
40.000                                            1.0000                                            280.00                                            3200.0                                            0.0020833                                         -3.9161                                           27.532
40.000                                            1.0000                                            280.00                                            3200.0                                            0.0031250                                         -5.9690                                           14.320
40.000                                            1.0000                                            280.00                                            3200.0                                            0.0041667                                         -6.7617                                           7.8576
40.000                                            1.0000                                            280.00                                            3200.0                                            0.0052083                                         -6.4873                                           1.1560
40.000                                            1.0000                                            280.00                                            3200.0                                            0.0062500                                         -5.2729                                           -6.9319
40.000                                            1.0000                                            280.00                                            3200.0                                            0.0072917                                         -3.2718                                           -14.371
40.000                                            1.0000                                            280.00                                            3200.0                                            0.0083333                                         -0.78565                                          -19.955
40.000                                            1.0000                                            280.00                                            3200.0                                            0.0093750                                         1.8022                                            -22.956
40.000                                            1.0000                                            280.00                                            3200.0                                            0.010417                                          4.0826                                            -23.302
40.000                                            1.0000                                            280.00                                            3200.0                                            0.011458                                          5.7603                                            -19.621
40.000                                            1.0000                                            280.00                                            3200.0                                            0.012500                                          6.5997                                            -11.973
40.000                                            1.0000                                            280.00                                            3200.0                                            0.013542                                          6.4596                                            -1.8607
40.000                                            1.0000                                            280.00                                            3200.0                                            0.014583                                          5.3401                                            8.6387
40.000                                            1.0000                                            280.00                                            3200.0                                            0.015625                                          3.4880                                            19.862
40.000                                            1.0000                                            280.00                                            3200.0                                            0.016667                                          0.96274                                           24.454
40.000                                            1.0000                                            280.00                                            3200.0                                            0.017708                                          -1.7674                                           23.841
40.000                                            1.0000                                            280.00                                            3200.0                                            0.018750                                          -4.1542                                           21.484
40.000                                            1.0000                                            280.00                                            3200.0                                            0.019792                                          -5.8742                                           16.729
40.000                                            1.0000                                            280.00                                            3200.0                                            0.020833                                          -6.6839                                           9.8331
40.000                                            1.0000                                            280.00                                            3200.0                                            0.021875                                          -6.5765                                           -1.1085
40.000                                            1.0000                                            280.00                                            3200.0                                            0.022917                                          -5.4169                                           -10.589
40.000                                            1.0000                                            280.00                                            3200.0                                            0.023958                                          -3.4071                                           -17.808
40.000                                            1.0000                                            280.00                                            3200.0                                            0.025000                                          -0.88385                                          -22.450
40.000                                            1.0000                                            280.00                                            3200.0                                            0.026042                                          1.7530                                            -24.206
40.000                                            1.0000                                            280.00                                            3200.0                                            0.027083                                          4.0815                                            -23.330
40.000                                            1.0000                                            280.00                                            3200.0                                            0.028125                                          5.7600                                            -19.628
40.000                                            1.0000                                            280.00                                            3200.0                                            0.029167                                          6.5996                                            -11.975
40.000                                            1.0000                                            280.00                                            3200.0                                            0.030208                                          6.4595                                            -1.8613
40.000                                            1.0000                                            280.00                                            3200.0                                            0.031250                                          5.4613                                            11.716
40.000                                            1.0000                                            280.00                                            3200.0                                            0.032292                                          3.5480                                            21.387
40.000                                            1.0000                                            280.00                                            3200.0                                            0.033333                                          0.97716                                           24.820
40.000                                            1.0000                                            280.00                                            3200.0                                            0.034375                                          -3.0165                                           61.617
40.000                                            1.0000                                            280.00                                            3200.0                                            0.035417                                          -12.665                                           97.129
40.000                                            1.0000                                            280.00                                            3200.0                                            0.036458                                          -24.426                                           108.32
40.000                                            1.0000                                            280.00                                            3200.0                                            0.037500                                          -35.001                                           97.054
40.000                                            1.0000                                            280.00                                            3200.0                                            0.038542                                          -41.344                                           68.421
40.000                                            1.0000                                            280.00                                            3200.0                                            0.039583                                          -42.150                                           27.587
40.000                                            1.0000                                            280.00                                            3200.0                                            0.040625                                          -37.081                                           -18.726
40.000                                            1.0000                                            280.00                                            3200.0                                            0.041667                                          -26.788                                           -63.180
40.000                                            1.0000                                            280.00                                            3200.0                                            0.042708                                          -13.829                                           -101.35
40.000                                            1.0000                                            280.00                                            3200.0                                            0.043750                                          0.75213                                           -125.23
40.000                                            1.0000                                            280.00                                            3200.0                                            0.044792                                          12.251                                            -137.04
40.000                                            1.0000                                            280.00                                            3200.0                                            0.045833                                          17.422                                            -138.51
40.000                                            1.0000                                            280.00                                            3200.0                                            0.046875                                          19.701                                            -119.47
40.000                                            1.0000                                            280.00                                            3200.0                                            0.047917                                          20.992                                            -77.488
40.000                                            1.0000                                            280.00                                            3200.0                                            0.048958                                          21.528                                            -17.956
40.000                                            1.0000                                            280.00                                            3200.0                                            0.050000                                          21.176                                            49.945
40.000                                            1.0000                                            280.00                                            3200.0                                            0.051042                                          19.853                                            115.56
40.000                                            1.0000                                            280.00                                            3200.0                                            0.052083                                          16.898                                            166.86
40.000                                            1.0000                                            280.00                                            3200.0                                            0.053125                                          6.5207                                            181.31
40.000                                            1.0000                                            280.00                                            3200.0                                            0.054167                                          -13.125                                           148.65
40.000                                            1.0000                                            280.00                                            3200.0                                            0.055208                                          -28.170                                           99.493
40.000                                            1.0000                                            280.00                                            3200.0                                            0.056250                                          -35.485                                           43.307
40.000                                            1.0000                                            280.00                                            3200.0                                            0.057292                                          -35.070                                           -13.983
40.000                                            1.0000                                            280.00                                            3200.0                                            0.058333                                          -27.809                                           -65.589
40.000                                            1.0000                                            280.00                                            3400.0                                            0.0000                                            21.159                                            537.45
40.000                                            1.0000                                            280.00                                            3400.0                                            0.0010417                                         10.739                                            341.49
40.000                                            1.0000                                            280.00                                            3400.0                                            0.0020833                                         -3.2490                                           44.475
40.000                                            1.0000                                            280.00                                            3400.0                                            0.0031250                                         -5.9887                                           13.821
40.000                                            1.0000                                            280.00                                            3400.0                                            0.0041667                                         -6.8209                                           6.3538
40.000                                            1.0000                                            280.00                                            3400.0                                            0.0052083                                         -6.6381                                           -2.6733
40.000                                            1.0000                                            280.00                                            3400.0                                            0.0062500                                         -5.4763                                           -12.097
40.000                                            1.0000                                            280.00                                            3400.0                                            0.0072917                                         -3.4990                                           -20.142
40.000                                            1.0000                                            280.00                                            3400.0                                            0.0083333                                         -1.0048                                           -25.522
40.000                                            1.0000                                            280.00                                            3400.0                                            0.0093750                                         1.6194                                            -27.600
40.000                                            1.0000                                            280.00                                            3400.0                                            0.010417                                          3.9501                                            -26.667
40.000                                            1.0000                                            280.00                                            3400.0                                            0.011458                                          5.6482                                            -22.470
40.000                                            1.0000                                            280.00                                            3400.0                                            0.012500                                          6.5242                                            -13.891
40.000                                            1.0000                                            280.00                                            3400.0                                            0.013542                                          6.4362                                            -2.4528
40.000                                            1.0000                                            280.00                                            3400.0                                            0.014583                                          5.3753                                            9.5314
40.000                                            1.0000                                            280.00                                            3400.0                                            0.015625                                          3.5842                                            22.306
40.000                                            1.0000                                            280.00                                            3400.0                                            0.016667                                          1.1066                                            28.108
40.000                                            1.0000                                            280.00                                            3400.0                                            0.017708                                          -1.6232                                           27.503
40.000                                            1.0000                                            280.00                                            3400.0                                            0.018750                                          -4.0283                                           24.681
40.000                                            1.0000                                            280.00                                            3400.0                                            0.019792                                          -5.7763                                           19.216
40.000                                            1.0000                                            280.00                                            3400.0                                            0.020833                                          -6.6245                                           11.343
40.000                                            1.0000                                            280.00                                            3400.0                                            0.021875                                          -6.5723                                           -1.0033
40.000                                            1.0000                                            280.00                                            3400.0                                            0.022917                                          -5.4686                                           -11.903
40.000                                            1.0000                                            280.00                                            3400.0                                            0.023958                                          -3.5030                                           -20.243
40.000                                            1.0000                                            280.00                                            3400.0                                            0.025000                                          -1.0075                                           -25.591
40.000                                            1.0000                                            280.00                                            3400.0                                            0.026042                                          1.6186                                            -27.621
40.000                                            1.0000                                            280.00                                            3400.0                                            0.027083                                          3.9500                                            -26.669
40.000                                            1.0000                                            280.00                                            3400.0                                            0.028125                                          5.6482                                            -22.470
40.000                                            1.0000                                            280.00                                            3400.0                                            0.029167                                          6.5242                                            -13.891
40.000                                            1.0000                                            280.00                                            3400.0                                            0.030208                                          6.4362                                            -2.4528
40.000                                            1.0000                                            280.00                                            3400.0                                            0.031250                                          5.5069                                            12.875
40.000                                            1.0000                                            280.00                                            3400.0                                            0.032292                                          3.6555                                            24.119
40.000                                            1.0000                                            280.00                                            3400.0                                            0.033333                                          1.1271                                            28.628
40.000                                            1.0000                                            280.00                                            3400.0                                            0.034375                                          -2.4169                                           63.031
40.000                                            1.0000                                            280.00                                            3400.0                                            0.035417                                          -11.065                                           100.90
40.000                                            1.0000                                            280.00                                            3400.0                                            0.036458                                          -21.840                                           114.42
40.000                                            1.0000                                            280.00                                            3400.0                                            0.037500                                          -31.887                                           104.40
40.000                                            1.0000                                            280.00                                            3400.0                                            0.038542                                          -38.254                                           75.710
40.000                                            1.0000                                            280.00                                            3400.0                                            0.039583                                          -39.640                                           33.507
40.000                                            1.0000                                            280.00                                            3400.0                                            0.040625                                          -35.615                                           -15.269
40.000                                            1.0000                                            280.00                                            3400.0                                            0.041667                                          -26.657                                           -62.872
40.000                                            1.0000                                            280.00                                            3400.0                                            0.042708                                          -15.091                                           -104.33
40.000                                            1.0000                                            280.00                                            3400.0                                            0.043750                                          -1.6500                                           -130.89
40.000                                            1.0000                                            280.00                                            3400.0                                            0.044792                                          9.9449                                            -142.48
40.000                                            1.0000                                            280.00                                            3400.0                                            0.045833                                          15.745                                            -142.47
40.000                                            1.0000                                            280.00                                            3400.0                                            0.046875                                          18.076                                            -123.30
40.000                                            1.0000                                            280.00                                            3400.0                                            0.047917                                          19.354                                            -81.351
40.000                                            1.0000                                            280.00                                            3400.0                                            0.048958                                          19.866                                            -21.878
40.000                                            1.0000                                            280.00                                            3400.0                                            0.050000                                          19.590                                            46.205
40.000                                            1.0000                                            280.00                                            3400.0                                            0.051042                                          18.388                                            112.10
40.000                                            1.0000                                            280.00                                            3400.0                                            0.052083                                          15.584                                            163.76
40.000                                            1.0000                                            280.00                                            3400.0                                            0.053125                                          6.1408                                            180.42
40.000                                            1.0000                                            280.00                                            3400.0                                            0.054167                                          -11.109                                           153.40
40.000                                            1.0000                                            280.00                                            3400.0                                            0.055208                                          -25.052                                           106.85
40.000                                            1.0000                                            280.00                                            3400.0                                            0.056250                                          -32.517                                           50.305
40.000                                            1.0000                                            280.00                                            3400.0                                            0.057292                                          -33.002                                           -9.1064
40.000                                            1.0000                                            280.00                                            3400.0                                            0.058333                                          -27.006                                           -63.695
40.000                                            1.0000                                            280.00                                            3600.0                                            0.0000                                            20.004                                            508.10
40.000                                            1.0000                                            280.00                                            3600.0                                            0.0010417                                         11.793                                            368.29
40.000                                            1.0000                                            280.00                                            3600.0                                            0.0020833                                         -2.3312                                           67.789
40.000                                            1.0000                                            280.00                                            3600.0                                            0.0031250                                         -5.8462                                           17.440
40.000                                            1.0000                                            280.00                                            3600.0                                            0.0041667                                         -6.7969                                           6.9645
40.000                                            1.0000                                            280.00                                            3600.0                                            0.0052083                                         -6.6603                                           -3.2390
40.000                                            1.0000                                            280.00                                            3600.0                                            0.0062500                                         -5.5380                                           -13.666
40.000                                            1.0000                                            280.00                                            3600.0                                            0.0072917                                         -3.5997                                           -22.701
40.000                                            1.0000                                            280.00                                            3600.0                                            0.0083333                                         -1.1348                                           -28.825
40.000                                            1.0000                                            280.00                                            3600.0                                            0.0093750                                         1.4764                                            -31.233
40.000                                            1.0000                                            280.00                                            3600.0                                            0.010417                                          3.8094                                            -30.241
40.000                                            1.0000                                            280.00                                            3600.0                                            0.011458                                          5.5267                                            -25.555
40.000                                            1.0000                                            280.00                                            3600.0                                            0.012500                                          6.4396                                            -16.039
40.000                                            1.0000                                            280.00                                            3600.0                                            0.013542                                          6.4057                                            -3.2275
40.000                                            1.0000                                            280.00                                            3600.0                                            0.014583                                          5.4070                                            10.337
40.000                                            1.0000                                            280.00                                            3600.0                                            0.015625                                          3.6814                                            24.776
40.000                                            1.0000                                            280.00                                            3600.0                                            0.016667                                          1.2576                                            31.943
40.000                                            1.0000                                            280.00                                            3600.0                                            0.017708                                          -1.4665                                           31.483
40.000                                            1.0000                                            280.00                                            3600.0                                            0.018750                                          -3.8905                                           28.181
40.000                                            1.0000                                            280.00                                            3600.0                                            0.019792                                          -5.6680                                           21.966
40.000                                            1.0000                                            280.00                                            3600.0                                            0.020833                                          -6.5570                                           13.056
40.000                                            1.0000                                            280.00                                            3600.0                                            0.021875                                          -6.5629                                           -0.76437
40.000                                            1.0000                                            280.00                                            3600.0                                            0.022917                                          -5.5193                                           -13.190
40.000                                            1.0000                                            280.00                                            3600.0                                            0.023958                                          -3.6024                                           -22.770
40.000                                            1.0000                                            280.00                                            3600.0                                            0.025000                                          -1.1385                                           -28.918
40.000                                            1.0000                                            280.00                                            3600.0                                            0.026042                                          1.4748                                            -31.271
40.000                                            1.0000                                            280.00                                            3600.0                                            0.027083                                          3.8091                                            -30.249
40.000                                            1.0000                                            280.00                                            3600.0                                            0.028125                                          5.5266                                            -25.558
40.000                                            1.0000                                            280.00                                            3600.0                                            0.029167                                          6.4396                                            -16.039
40.000                                            1.0000                                            280.00                                            3600.0                                            0.030208                                          6.4057                                            -3.2278
40.000                                            1.0000                                            280.00                                            3600.0                                            0.031250                                          5.5484                                            13.930
40.000                                            1.0000                                            280.00                                            3600.0                                            0.032292                                          3.7646                                            26.889
40.000                                            1.0000                                            280.00                                            3600.0                                            0.033333                                          1.2853                                            32.646
40.000                                            1.0000                                            280.00                                            3600.0                                            0.034375                                          -1.8775                                           64.304
40.000                                            1.0000                                            280.00                                            3600.0                                            0.035417                                          -9.6509                                           104.24
40.000                                            1.0000                                            280.00                                            3600.0                                            0.036458                                          -19.516                                           119.90
40.000                                            1.0000                                            280.00                                            3600.0                                            0.037500                                          -29.007                                           111.19
40.000                                            1.0000                                            280.00                                            3600.0                                            0.038542                                          -35.302                                           82.671
40.000                                            1.0000                                            280.00                                            3600.0                                            0.039583                                          -37.127                                           39.433
40.000                                            1.0000                                            280.00                                            3600.0                                            0.040625                                          -33.989                                           -11.433
40.000                                            1.0000                                            280.00                                            3600.0                                            0.041667                                          -26.224                                           -61.850
40.000                                            1.0000                                            280.00                                            3600.0                                            0.042708                                          -15.942                                           -106.33
40.000                                            1.0000                                            280.00                                            3600.0                                            0.043750                                          -3.6532                                           -135.62
40.000                                            1.0000                                            280.00                                            3600.0                                            0.044792                                          7.7340                                            -147.69
40.000                                            1.0000                                            280.00                                            3600.0                                            0.045833                                          14.110                                            -146.32
40.000                                            1.0000                                            280.00                                            3600.0                                            0.046875                                          16.647                                            -126.67
40.000                                            1.0000                                            280.00                                            3600.0                                            0.047917                                          17.939                                            -84.691
40.000                                            1.0000                                            280.00                                            3600.0                                            0.048958                                          18.454                                            -25.207
40.000                                            1.0000                                            280.00                                            3600.0                                            0.050000                                          18.245                                            43.032
40.000                                            1.0000                                            280.00                                            3600.0                                            0.051042                                          17.175                                            109.24
40.000                                            1.0000                                            280.00                                            3600.0                                            0.052083                                          14.578                                            161.38
40.000                                            1.0000                                            280.00                                            3600.0                                            0.053125                                          6.2256                                            180.62
40.000                                            1.0000                                            280.00                                            3600.0                                            0.054167                                          -8.8075                                           158.83
40.000                                            1.0000                                            280.00                                            3600.0                                            0.055208                                          -21.622                                           114.94
40.000                                            1.0000                                            280.00                                            3600.0                                            0.056250                                          -28.801                                           59.070
40.000                                            1.0000                                            280.00                                            3600.0                                            0.057292                                          -29.918                                           -1.8317
40.000                                            1.0000                                            280.00                                            3600.0                                            0.058333                                          -25.302                                           -59.676
40.000                                            1.0000                                            300.00                                            3200.0                                            0.0000                                            24.061                                            611.16
40.000                                            1.0000                                            300.00                                            3200.0                                            0.0010417                                         8.2157                                            277.41
40.000                                            1.0000                                            300.00                                            3200.0                                            0.0020833                                         -4.0942                                           23.008
40.000                                            1.0000                                            300.00                                            3200.0                                            0.0031250                                         -6.0255                                           12.885
40.000                                            1.0000                                            300.00                                            3200.0                                            0.0041667                                         -6.7210                                           8.8927
40.000                                            1.0000                                            300.00                                            3200.0                                            0.0052083                                         -6.4772                                           1.4115
40.000                                            1.0000                                            300.00                                            3200.0                                            0.0062500                                         -5.2682                                           -6.8118
40.000                                            1.0000                                            300.00                                            3200.0                                            0.0072917                                         -3.2665                                           -14.238
40.000                                            1.0000                                            300.00                                            3200.0                                            0.0083333                                         -0.77597                                          -19.710
40.000                                            1.0000                                            300.00                                            3200.0                                            0.0093750                                         1.8214                                            -22.468
40.000                                            1.0000                                            300.00                                            3200.0                                            0.010417                                          4.1284                                            -22.140
40.000                                            1.0000                                            300.00                                            3200.0                                            0.011458                                          5.7942                                            -18.761
40.000                                            1.0000                                            300.00                                            3200.0                                            0.012500                                          6.6180                                            -11.509
40.000                                            1.0000                                            300.00                                            3200.0                                            0.013542                                          6.4630                                            -1.7741
40.000                                            1.0000                                            300.00                                            3200.0                                            0.014583                                          5.3298                                            8.3768
40.000                                            1.0000                                            300.00                                            3200.0                                            0.015625                                          3.3527                                            16.425
40.000                                            1.0000                                            300.00                                            3200.0                                            0.016667                                          0.87185                                           22.145
40.000                                            1.0000                                            300.00                                            3200.0                                            0.017708                                          -1.7949                                           23.140
40.000                                            1.0000                                            300.00                                            3200.0                                            0.018750                                          -4.1673                                           21.150
40.000                                            1.0000                                            300.00                                            3200.0                                            0.019792                                          -5.8805                                           16.570
40.000                                            1.0000                                            300.00                                            3200.0                                            0.020833                                          -6.6872                                           9.7511
40.000                                            1.0000                                            300.00                                            3200.0                                            0.021875                                          -6.5760                                           -1.0976
40.000                                            1.0000                                            300.00                                            3200.0                                            0.022917                                          -5.4133                                           -10.498
40.000                                            1.0000                                            300.00                                            3200.0                                            0.023958                                          -3.4013                                           -17.661
40.000                                            1.0000                                            300.00                                            3200.0                                            0.025000                                          -0.87240                                          -22.159
40.000                                            1.0000                                            300.00                                            3200.0                                            0.026042                                          1.7761                                            -23.619
40.000                                            1.0000                                            300.00                                            3200.0                                            0.027083                                          4.1381                                            -21.893
40.000                                            1.0000                                            300.00                                            3200.0                                            0.028125                                          5.7966                                            -18.699
40.000                                            1.0000                                            300.00                                            3200.0                                            0.029167                                          6.6186                                            -11.492
40.000                                            1.0000                                            300.00                                            3200.0                                            0.030208                                          6.4632                                            -1.7694
40.000                                            1.0000                                            300.00                                            3200.0                                            0.031250                                          5.4480                                            11.379
40.000                                            1.0000                                            300.00                                            3200.0                                            0.032292                                          3.5015                                            20.206
40.000                                            1.0000                                            300.00                                            3200.0                                            0.033333                                          0.92487                                           23.492
40.000                                            1.0000                                            300.00                                            3200.0                                            0.034375                                          -3.1208                                           61.371
40.000                                            1.0000                                            300.00                                            3200.0                                            0.035417                                          -12.790                                           96.834
40.000                                            1.0000                                            300.00                                            3200.0                                            0.036458                                          -24.509                                           108.13
40.000                                            1.0000                                            300.00                                            3200.0                                            0.037500                                          -35.042                                           96.956
40.000                                            1.0000                                            300.00                                            3200.0                                            0.038542                                          -41.360                                           68.383
40.000                                            1.0000                                            300.00                                            3200.0                                            0.039583                                          -42.159                                           27.564
40.000                                            1.0000                                            300.00                                            3200.0                                            0.040625                                          -37.099                                           -18.770
40.000                                            1.0000                                            300.00                                            3200.0                                            0.041667                                          -26.820                                           -63.258
40.000                                            1.0000                                            300.00                                            3200.0                                            0.042708                                          -13.863                                           -101.43
40.000                                            1.0000                                            300.00                                            3200.0                                            0.043750                                          0.82990                                           -125.04
40.000                                            1.0000                                            300.00                                            3200.0                                            0.044792                                          12.932                                            -135.43
40.000                                            1.0000                                            300.00                                            3200.0                                            0.045833                                          18.668                                            -135.58
40.000                                            1.0000                                            300.00                                            3200.0                                            0.046875                                          20.998                                            -116.41
40.000                                            1.0000                                            300.00                                            3200.0                                            0.047917                                          22.165                                            -74.722
40.000                                            1.0000                                            300.00                                            3200.0                                            0.048958                                          22.509                                            -15.643
40.000                                            1.0000                                            300.00                                            3200.0                                            0.050000                                          22.037                                            51.976
40.000                                            1.0000                                            300.00                                            3200.0                                            0.051042                                          20.474                                            117.02
40.000                                            1.0000                                            300.00                                            3200.0                                            0.052083                                          16.356                                            165.58
40.000                                            1.0000                                            300.00                                            3200.0                                            0.053125                                          2.1837                                            171.08
40.000                                            1.0000                                            300.00                                            3200.0                                            0.054167                                          -16.926                                           139.68
40.000                                            1.0000                                            300.00                                            3200.0                                            0.055208                                          -30.725                                           93.466
40.000                                            1.0000                                            300.00                                            3200.0                                            0.056250                                          -37.166                                           39.341
40.000                                            1.0000                                            300.00                                            3200.0                                            0.057292                                          -36.181                                           -16.603
40.000                                            1.0000                                            300.00                                            3200.0                                            0.058333                                          -28.555                                           -67.349
40.000                                            1.0000                                            300.00                                            3400.0                                            0.0000                                            22.669                                            575.80
40.000                                            1.0000                                            300.00                                            3400.0                                            0.0010417                                         10.271                                            329.63
40.000                                            1.0000                                            300.00                                            3400.0                                            0.0020833                                         -3.4402                                           39.619
40.000                                            1.0000                                            300.00                                            3400.0                                            0.0031250                                         -5.9112                                           15.789
40.000                                            1.0000                                            300.00                                            3400.0                                            0.0041667                                         -6.7202                                           8.9123
40.000                                            1.0000                                            300.00                                            3400.0                                            0.0052083                                         -6.4794                                           1.3560
40.000                                            1.0000                                            300.00                                            3400.0                                            0.0062500                                         -5.3051                                           -7.7487
40.000                                            1.0000                                            300.00                                            3400.0                                            0.0072917                                         -3.3422                                           -16.159
40.000                                            1.0000                                            300.00                                            3400.0                                            0.0083333                                         -0.88166                                          -22.394
40.000                                            1.0000                                            300.00                                            3400.0                                            0.0093750                                         1.6998                                            -25.558
40.000                                            1.0000                                            300.00                                            3400.0                                            0.010417                                          4.0062                                            -25.244
40.000                                            1.0000                                            300.00                                            3400.0                                            0.011458                                          5.6863                                            -21.501
40.000                                            1.0000                                            300.00                                            3400.0                                            0.012500                                          6.5464                                            -13.326
40.000                                            1.0000                                            300.00                                            3400.0                                            0.013542                                          6.4419                                            -2.3105
40.000                                            1.0000                                            300.00                                            3400.0                                            0.014583                                          5.3645                                            9.2580
40.000                                            1.0000                                            300.00                                            3400.0                                            0.015625                                          3.5445                                            21.298
40.000                                            1.0000                                            300.00                                            3400.0                                            0.016667                                          1.0470                                            26.594
40.000                                            1.0000                                            300.00                                            3400.0                                            0.017708                                          -1.6492                                           26.843
40.000                                            1.0000                                            300.00                                            3400.0                                            0.018750                                          -4.0423                                           24.326
40.000                                            1.0000                                            300.00                                            3400.0                                            0.019792                                          -5.7834                                           19.034
40.000                                            1.0000                                            300.00                                            3400.0                                            0.020833                                          -6.6284                                           11.245
40.000                                            1.0000                                            300.00                                            3400.0                                            0.021875                                          -6.5722                                           -1.0004
40.000                                            1.0000                                            300.00                                            3400.0                                            0.022917                                          -5.4647                                           -11.804
40.000                                            1.0000                                            300.00                                            3400.0                                            0.023958                                          -3.4970                                           -20.092
40.000                                            1.0000                                            300.00                                            3400.0                                            0.025000                                          -0.99591                                          -25.296
40.000                                            1.0000                                            300.00                                            3400.0                                            0.026042                                          1.6427                                            -27.008
40.000                                            1.0000                                            300.00                                            3400.0                                            0.027083                                          4.0113                                            -25.114
40.000                                            1.0000                                            300.00                                            3400.0                                            0.028125                                          5.6877                                            -21.465
40.000                                            1.0000                                            300.00                                            3400.0                                            0.029167                                          6.5469                                            -13.315
40.000                                            1.0000                                            300.00                                            3400.0                                            0.030208                                          6.4420                                            -2.3071
40.000                                            1.0000                                            300.00                                            3400.0                                            0.031250                                          5.4929                                            12.521
40.000                                            1.0000                                            300.00                                            3400.0                                            0.032292                                          3.6141                                            23.067
40.000                                            1.0000                                            300.00                                            3400.0                                            0.033333                                          1.0645                                            27.039
40.000                                            1.0000                                            300.00                                            3400.0                                            0.034375                                          -2.5269                                           62.772
40.000                                            1.0000                                            300.00                                            3400.0                                            0.035417                                          -11.198                                           100.59
40.000                                            1.0000                                            300.00                                            3400.0                                            0.036458                                          -21.936                                           114.20
40.000                                            1.0000                                            300.00                                            3400.0                                            0.037500                                          -31.942                                           104.27
40.000                                            1.0000                                            300.00                                            3400.0                                            0.038542                                          -38.282                                           75.644
40.000                                            1.0000                                            300.00                                            3400.0                                            0.039583                                          -39.657                                           33.465
40.000                                            1.0000                                            300.00                                            3400.0                                            0.040625                                          -35.637                                           -15.321
40.000                                            1.0000                                            300.00                                            3400.0                                            0.041667                                          -26.691                                           -62.953
40.000                                            1.0000                                            300.00                                            3400.0                                            0.042708                                          -15.129                                           -104.41
40.000                                            1.0000                                            300.00                                            3400.0                                            0.043750                                          -1.6183                                           -130.82
40.000                                            1.0000                                            300.00                                            3400.0                                            0.044792                                          10.468                                            -141.24
40.000                                            1.0000                                            300.00                                            3400.0                                            0.045833                                          16.829                                            -139.91
40.000                                            1.0000                                            300.00                                            3400.0                                            0.046875                                          19.341                                            -120.32
40.000                                            1.0000                                            300.00                                            3400.0                                            0.047917                                          20.640                                            -78.318
40.000                                            1.0000                                            300.00                                            3400.0                                            0.048958                                          21.116                                            -18.929
40.000                                            1.0000                                            300.00                                            3400.0                                            0.050000                                          20.793                                            49.043
40.000                                            1.0000                                            300.00                                            3400.0                                            0.051042                                          19.476                                            114.67
40.000                                            1.0000                                            300.00                                            3400.0                                            0.052083                                          16.077                                            164.92
40.000                                            1.0000                                            300.00                                            3400.0                                            0.053125                                          4.7635                                            177.17
40.000                                            1.0000                                            300.00                                            3400.0                                            0.054167                                          -12.783                                           149.46
40.000                                            1.0000                                            300.00                                            3400.0                                            0.055208                                          -26.253                                           104.01
40.000                                            1.0000                                            300.00                                            3400.0                                            0.056250                                          -33.342                                           48.359
40.000                                            1.0000                                            300.00                                            3400.0                                            0.057292                                          -33.574                                           -10.456
40.000                                            1.0000                                            300.00                                            3400.0                                            0.058333                                          -27.424                                           -64.681
40.000                                            1.0000                                            300.00                                            3600.0                                            0.0000                                            21.431                                            544.36
40.000                                            1.0000                                            300.00                                            3600.0                                            0.0010417                                         11.610                                            363.63
40.000                                            1.0000                                            300.00                                            3600.0                                            0.0020833                                         -2.6576                                           59.497
40.000                                            1.0000                                            300.00                                            3600.0                                            0.0031250                                         -5.8864                                           16.419
40.000                                            1.0000                                            300.00                                            3600.0                                            0.0041667                                         -6.7784                                           7.4328
40.000                                            1.0000                                            300.00                                            3600.0                                            0.0052083                                         -6.6448                                           -2.8443
40.000                                            1.0000                                            300.00                                            3600.0                                            0.0062500                                         -5.5290                                           -13.437
40.000                                            1.0000                                            300.00                                            3600.0                                            0.0072917                                         -3.5929                                           -22.527
40.000                                            1.0000                                            300.00                                            3600.0                                            0.0083333                                         -1.1235                                           -28.536
40.000                                            1.0000                                            300.00                                            3600.0                                            0.0093750                                         1.5009                                            -30.609
40.000                                            1.0000                                            300.00                                            3600.0                                            0.010417                                          3.8743                                            -28.592
40.000                                            1.0000                                            300.00                                            3600.0                                            0.011458                                          5.5696                                            -24.466
40.000                                            1.0000                                            300.00                                            3600.0                                            0.012500                                          6.4664                                            -15.358
40.000                                            1.0000                                            300.00                                            3600.0                                            0.013542                                          6.4142                                            -3.0132
40.000                                            1.0000                                            300.00                                            3600.0                                            0.014583                                          5.3961                                            10.062
40.000                                            1.0000                                            300.00                                            3600.0                                            0.015625                                          3.6469                                            23.899
40.000                                            1.0000                                            300.00                                            3600.0                                            0.016667                                          1.1896                                            30.216
40.000                                            1.0000                                            300.00                                            3600.0                                            0.017708                                          -1.4991                                           30.654
40.000                                            1.0000                                            300.00                                            3600.0                                            0.018750                                          -3.9077                                           27.745
40.000                                            1.0000                                            300.00                                            3600.0                                            0.019792                                          -5.6768                                           21.743
40.000                                            1.0000                                            300.00                                            3600.0                                            0.020833                                          -6.5618                                           12.935
40.000                                            1.0000                                            300.00                                            3600.0                                            0.021875                                          -6.5632                                           -0.77205
40.000                                            1.0000                                            300.00                                            3600.0                                            0.022917                                          -5.5154                                           -13.091
40.000                                            1.0000                                            300.00                                            3600.0                                            0.023958                                          -3.5962                                           -22.611
40.000                                            1.0000                                            300.00                                            3600.0                                            0.025000                                          -1.1268                                           -28.621
40.000                                            1.0000                                            300.00                                            3600.0                                            0.026042                                          1.4996                                            -30.641
40.000                                            1.0000                                            300.00                                            3600.0                                            0.027083                                          3.8741                                            -28.598
40.000                                            1.0000                                            300.00                                            3600.0                                            0.028125                                          5.5695                                            -24.468
40.000                                            1.0000                                            300.00                                            3600.0                                            0.029167                                          6.4664                                            -15.359
40.000                                            1.0000                                            300.00                                            3600.0                                            0.030208                                          6.4142                                            -3.0134
40.000                                            1.0000                                            300.00                                            3600.0                                            0.031250                                          5.5343                                            13.570
40.000                                            1.0000                                            300.00                                            3600.0                                            0.032292                                          3.7279                                            25.957
40.000                                            1.0000                                            300.00                                            3600.0                                            0.033333                                          1.2139                                            30.832
40.000                                            1.0000                                            300.00                                            3600.0                                            0.034375                                          -1.9934                                           64.030
40.000                                            1.0000                                            300.00                                            3600.0                                            0.035417                                          -9.7912                                           103.91
40.000                                            1.0000                                            300.00                                            3600.0                                            0.036458                                          -19.625                                           119.65
40.000                                            1.0000                                            300.00                                            3600.0                                            0.037500                                          -29.077                                           111.02
40.000                                            1.0000                                            300.00                                            3600.0                                            0.038542                                          -35.343                                           82.575
40.000                                            1.0000                                            300.00                                            3600.0                                            0.039583                                          -37.154                                           39.369
40.000                                            1.0000                                            300.00                                            3600.0                                            0.040625                                          -34.017                                           -11.499
40.000                                            1.0000                                            300.00                                            3600.0                                            0.041667                                          -26.261                                           -61.938
40.000                                            1.0000                                            300.00                                            3600.0                                            0.042708                                          -15.984                                           -106.43
40.000                                            1.0000                                            300.00                                            3600.0                                            0.043750                                          -3.6507                                           -135.61
40.000                                            1.0000                                            300.00                                            3600.0                                            0.044792                                          8.0696                                            -146.90
40.000                                            1.0000                                            300.00                                            3600.0                                            0.045833                                          15.062                                            -144.08
40.000                                            1.0000                                            300.00                                            3600.0                                            0.046875                                          17.838                                            -123.86
40.000                                            1.0000                                            300.00                                            3600.0                                            0.047917                                          19.150                                            -81.835
40.000                                            1.0000                                            300.00                                            3600.0                                            0.048958                                          19.653                                            -22.378
40.000                                            1.0000                                            300.00                                            3600.0                                            0.050000                                          19.387                                            45.726
40.000                                            1.0000                                            300.00                                            3600.0                                            0.051042                                          18.187                                            111.63
40.000                                            1.0000                                            300.00                                            3600.0                                            0.052083                                          15.005                                            162.39
40.000                                            1.0000                                            300.00                                            3600.0                                            0.053125                                          4.9706                                            177.66
40.000                                            1.0000                                            300.00                                            3600.0                                            0.054167                                          -10.445                                           154.97
40.000                                            1.0000                                            300.00                                            3600.0                                            0.055208                                          -22.881                                           111.97
40.000                                            1.0000                                            300.00                                            3600.0                                            0.056250                                          -29.730                                           56.880
40.000                                            1.0000                                            300.00                                            3600.0                                            0.057292                                          -30.603                                           -3.4464
40.000                                            1.0000                                            300.00                                            3600.0                                            0.058333                                          -25.815                                           -60.886
40.000                                            1.1000                                            260.00                                            3200.0                                            0.0000                                            20.859                                            529.82
40.000                                            1.1000                                            260.00                                            3200.0                                            0.0010417                                         12.778                                            393.30
40.000                                            1.1000                                            260.00                                            3200.0                                            0.0020833                                         -2.0916                                           73.874
40.000                                            1.1000                                            260.00                                            3200.0                                            0.0031250                                         -5.9798                                           14.046
40.000                                            1.1000                                            260.00                                            3200.0                                            0.0041667                                         -6.7668                                           7.7273
40.000                                            1.1000                                            260.00                                            3200.0                                            0.0052083                                         -6.4891                                           1.1092
40.000                                            1.1000                                            260.00                                            3200.0                                            0.0062500                                         -5.3107                                           -7.8916
40.000                                            1.1000                                            260.00                                            3200.0                                            0.0072917                                         -3.3552                                           -16.489
40.000                                            1.1000                                            260.00                                            3200.0                                            0.0083333                                         -0.91527                                          -23.248
40.000                                            1.1000                                            260.00                                            3200.0                                            0.0093750                                         1.6141                                            -27.734
40.000                                            1.1000                                            260.00                                            3200.0                                            0.010417                                          3.8799                                            -28.451
40.000                                            1.1000                                            260.00                                            3200.0                                            0.011458                                          5.5839                                            -24.104
40.000                                            1.1000                                            260.00                                            3200.0                                            0.012500                                          6.4715                                            -15.229
40.000                                            1.1000                                            260.00                                            3200.0                                            0.013542                                          6.4184                                            -2.9067
40.000                                            1.1000                                            260.00                                            3200.0                                            0.014583                                          5.4000                                            10.160
40.000                                            1.1000                                            260.00                                            3200.0                                            0.015625                                          3.6365                                            23.634
40.000                                            1.1000                                            260.00                                            3200.0                                            0.016667                                          1.2030                                            30.557
40.000                                            1.1000                                            260.00                                            3200.0                                            0.017708                                          -1.5438                                           29.519
40.000                                            1.1000                                            260.00                                            3200.0                                            0.018750                                          -3.9862                                           25.751
40.000                                            1.1000                                            260.00                                            3200.0                                            0.019792                                          -5.7549                                           19.759
40.000                                            1.1000                                            260.00                                            3200.0                                            0.020833                                          -6.6131                                           11.632
40.000                                            1.1000                                            260.00                                            3200.0                                            0.021875                                          -6.5675                                           -0.88004
40.000                                            1.1000                                            260.00                                            3200.0                                            0.022917                                          -5.4689                                           -11.911
40.000                                            1.1000                                            260.00                                            3200.0                                            0.023958                                          -3.5124                                           -20.483
40.000                                            1.1000                                            260.00                                            3200.0                                            0.025000                                          -1.0361                                           -26.317
40.000                                            1.1000                                            260.00                                            3200.0                                            0.026042                                          1.5396                                            -29.626
40.000                                            1.1000                                            260.00                                            3200.0                                            0.027083                                          3.8616                                            -28.914
40.000                                            1.1000                                            260.00                                            3200.0                                            0.028125                                          5.5782                                            -24.247
40.000                                            1.1000                                            260.00                                            3200.0                                            0.029167                                          6.4697                                            -15.275
40.000                                            1.1000                                            260.00                                            3200.0                                            0.030208                                          6.4178                                            -2.9225
40.000                                            1.1000                                            260.00                                            3200.0                                            0.031250                                          5.5388                                            13.686
40.000                                            1.1000                                            260.00                                            3200.0                                            0.032292                                          3.7168                                            25.674
40.000                                            1.1000                                            260.00                                            3200.0                                            0.033333                                          1.2272                                            31.171
40.000                                            1.1000                                            260.00                                            3200.0                                            0.034375                                          -2.1442                                           63.675
40.000                                            1.1000                                            260.00                                            3200.0                                            0.035417                                          -10.748                                           101.65
40.000                                            1.1000                                            260.00                                            3200.0                                            0.036458                                          -21.650                                           114.87
40.000                                            1.1000                                            260.00                                            3200.0                                            0.037500                                          -31.815                                           104.57
40.000                                            1.1000                                            260.00                                            3200.0                                            0.038542                                          -38.227                                           75.773
40.000                                            1.1000                                            260.00                                            3200.0                                            0.039583                                          -39.573                                           33.664
40.000                                            1.1000                                            260.00                                            3200.0                                            0.040625                                          -35.447                                           -14.871
40.000                                            1.1000                                            260.00                                            3200.0                                            0.041667                                          -26.367                                           -62.188
40.000                                            1.1000                                            260.00                                            3200.0                                            0.042708                                          -14.729                                           -103.47
40.000                                            1.1000                                            260.00                                            3200.0                                            0.043750                                          -1.4809                                           -130.49
40.000                                            1.1000                                            260.00                                            3200.0                                            0.044792                                          9.2005                                            -144.23
40.000                                            1.1000                                            260.00                                            3200.0                                            0.045833                                          14.520                                            -145.36
40.000                                            1.1000                                            260.00                                            3200.0                                            0.046875                                          16.867                                            -126.15
40.000                                            1.1000                                            260.00                                            3200.0                                            0.047917                                          18.112                                            -84.280
40.000                                            1.1000                                            260.00                                            3200.0                                            0.048958                                          18.575                                            -24.922
40.000                                            1.1000                                            260.00                                            3200.0                                            0.050000                                          18.308                                            43.181
40.000                                            1.1000                                            260.00                                            3200.0                                            0.051042                                          17.094                                            109.05
40.000                                            1.1000                                            260.00                                            3200.0                                            0.052083                                          14.421                                            161.01
40.000                                            1.1000                                            260.00                                            3200.0                                            0.053125                                          6.6893                                            181.71
40.000                                            1.1000                                            260.00                                            3200.0                                            0.054167                                          -9.3482                                           157.56
40.000                                            1.1000                                            260.00                                            3200.0                                            0.055208                                          -23.574                                           110.33
40.000                                            1.1000                                            260.00                                            3200.0                                            0.056250                                          -31.226                                           53.351
40.000                                            1.1000                                            260.00                                            3200.0                                            0.057292                                          -31.868                                           -6.4308
40.000                                            1.1000                                            260.00                                            3200.0                                            0.058333                                          -26.098                                           -61.554
40.000                                            1.1000                                            260.00                                            3400.0                                            0.0000                                            19.652                                            499.17
40.000                                            1.1000                                            260.00                                            3400.0                                            0.0010417                                         13.147                                            402.67
40.000                                            1.1000                                            260.00                                            3400.0                                            0.0020833                                         -0.66840                                          110.02
40.000                                            1.1000                                            260.00                                            3400.0                                            0.0031250                                         -5.7443                                           20.029
40.000                                            1.1000                                            260.00                                            3400.0                                            0.0041667                                         -6.8281                                           6.1703
40.000                                            1.1000                                            260.00                                            3400.0                                            0.0052083                                         -6.6879                                           -3.9393
40.000                                            1.1000                                            260.00                                            3400.0                                            0.0062500                                         -5.5509                                           -13.993
40.000                                            1.1000                                            260.00                                            3400.0                                            0.0072917                                         -3.6141                                           -23.067
40.000                                            1.1000                                            260.00                                            3400.0                                            0.0083333                                         -1.1682                                           -29.673
40.000                                            1.1000                                            260.00                                            3400.0                                            0.0093750                                         1.3898                                            -33.430
40.000                                            1.1000                                            260.00                                            3400.0                                            0.010417                                          3.7063                                            -32.861
40.000                                            1.1000                                            260.00                                            3400.0                                            0.011458                                          5.4410                                            -27.732
40.000                                            1.1000                                            260.00                                            3400.0                                            0.012500                                          6.3697                                            -17.814
40.000                                            1.1000                                            260.00                                            3400.0                                            0.013542                                          6.3776                                            -3.9418
40.000                                            1.1000                                            260.00                                            3400.0                                            0.014583                                          5.4327                                            10.991
40.000                                            1.1000                                            260.00                                            3400.0                                            0.015625                                          3.7448                                            26.385
40.000                                            1.1000                                            260.00                                            3400.0                                            0.016667                                          1.3627                                            34.613
40.000                                            1.1000                                            260.00                                            3400.0                                            0.017708                                          -1.3650                                           34.062
40.000                                            1.1000                                            260.00                                            3400.0                                            0.018750                                          -3.8333                                           29.633
40.000                                            1.1000                                            260.00                                            3400.0                                            0.019792                                          -5.6373                                           22.745
40.000                                            1.1000                                            260.00                                            3400.0                                            0.020833                                          -6.5404                                           13.479
40.000                                            1.1000                                            260.00                                            3400.0                                            0.021875                                          -6.5565                                           -0.60114
40.000                                            1.1000                                            260.00                                            3400.0                                            0.022917                                          -5.5210                                           -13.234
40.000                                            1.1000                                            260.00                                            3400.0                                            0.023958                                          -3.6155                                           -23.101
40.000                                            1.1000                                            260.00                                            3400.0                                            0.025000                                          -1.1726                                           -29.784
40.000                                            1.1000                                            260.00                                            3400.0                                            0.026042                                          1.3878                                            -33.482
40.000                                            1.1000                                            260.00                                            3400.0                                            0.027083                                          3.7057                                            -32.876
40.000                                            1.1000                                            260.00                                            3400.0                                            0.028125                                          5.4408                                            -27.737
40.000                                            1.1000                                            260.00                                            3400.0                                            0.029167                                          6.3697                                            -17.816
40.000                                            1.1000                                            260.00                                            3400.0                                            0.030208                                          6.3776                                            -3.9424
40.000                                            1.1000                                            260.00                                            3400.0                                            0.031250                                          5.5822                                            14.787
40.000                                            1.1000                                            260.00                                            3400.0                                            0.032292                                          3.8390                                            28.780
40.000                                            1.1000                                            260.00                                            3400.0                                            0.033333                                          1.3957                                            35.450
40.000                                            1.1000                                            260.00                                            3400.0                                            0.034375                                          -1.5767                                           65.013
40.000                                            1.1000                                            260.00                                            3400.0                                            0.035417                                          -9.2558                                           105.17
40.000                                            1.1000                                            260.00                                            3400.0                                            0.036458                                          -19.187                                           120.68
40.000                                            1.1000                                            260.00                                            3400.0                                            0.037500                                          -28.769                                           111.75
40.000                                            1.1000                                            260.00                                            3400.0                                            0.038542                                          -35.115                                           83.112
40.000                                            1.1000                                            260.00                                            3400.0                                            0.039583                                          -36.936                                           39.884
40.000                                            1.1000                                            260.00                                            3400.0                                            0.040625                                          -33.751                                           -10.873
40.000                                            1.1000                                            260.00                                            3400.0                                            0.041667                                          -25.928                                           -61.153
40.000                                            1.1000                                            260.00                                            3400.0                                            0.042708                                          -15.624                                           -105.58
40.000                                            1.1000                                            260.00                                            3400.0                                            0.043750                                          -3.4938                                           -135.24
40.000                                            1.1000                                            260.00                                            3400.0                                            0.044792                                          7.1483                                            -149.07
40.000                                            1.1000                                            260.00                                            3400.0                                            0.045833                                          12.906                                            -149.17
40.000                                            1.1000                                            260.00                                            3400.0                                            0.046875                                          15.409                                            -129.59
40.000                                            1.1000                                            260.00                                            3400.0                                            0.047917                                          16.759                                            -87.473
40.000                                            1.1000                                            260.00                                            3400.0                                            0.048958                                          17.332                                            -27.854
40.000                                            1.1000                                            260.00                                            3400.0                                            0.050000                                          17.118                                            40.374
40.000                                            1.1000                                            260.00                                            3400.0                                            0.051042                                          16.049                                            106.59
40.000                                            1.1000                                            260.00                                            3400.0                                            0.052083                                          13.696                                            159.30
40.000                                            1.1000                                            260.00                                            3400.0                                            0.053125                                          7.1934                                            182.90
40.000                                            1.1000                                            260.00                                            3400.0                                            0.054167                                          -6.6157                                           164.00
40.000                                            1.1000                                            260.00                                            3400.0                                            0.055208                                          -19.725                                           119.41
40.000                                            1.1000                                            260.00                                            3400.0                                            0.056250                                          -27.337                                           62.523
40.000                                            1.1000                                            260.00                                            3400.0                                            0.057292                                          -28.778                                           0.85679
40.000                                            1.1000                                            260.00                                            3400.0                                            0.058333                                          -24.369                                           -57.475
40.000                                            1.1000                                            260.00                                            3600.0                                            0.0000                                            18.580                                            471.93
40.000                                            1.1000                                            260.00                                            3600.0                                            0.0010417                                         13.220                                            404.52
40.000                                            1.1000                                            260.00                                            3600.0                                            0.0020833                                         1.0775                                            154.37
40.000                                            1.1000                                            260.00                                            3600.0                                            0.0031250                                         -5.3064                                           31.151
40.000                                            1.1000                                            260.00                                            3600.0                                            0.0041667                                         -6.7819                                           7.3441
40.000                                            1.1000                                            260.00                                            3600.0                                            0.0052083                                         -6.6732                                           -3.5658
40.000                                            1.1000                                            260.00                                            3600.0                                            0.0062500                                         -5.5997                                           -15.233
40.000                                            1.1000                                            260.00                                            3600.0                                            0.0072917                                         -3.7187                                           -25.724
40.000                                            1.1000                                            260.00                                            3600.0                                            0.0083333                                         -1.3105                                           -33.287
40.000                                            1.1000                                            260.00                                            3600.0                                            0.0093750                                         1.2305                                            -37.477
40.000                                            1.1000                                            260.00                                            3600.0                                            0.010417                                          3.5654                                            -36.439
40.000                                            1.1000                                            260.00                                            3600.0                                            0.011458                                          5.4113                                            -28.486
40.000                                            1.1000                                            260.00                                            3600.0                                            0.012500                                          6.4729                                            -15.192
40.000                                            1.1000                                            260.00                                            3600.0                                            0.013542                                          6.6263                                            2.3746
40.000                                            1.1000                                            260.00                                            3600.0                                            0.014583                                          5.8036                                            20.411
40.000                                            1.1000                                            260.00                                            3600.0                                            0.015625                                          4.0149                                            33.245
40.000                                            1.1000                                            260.00                                            3600.0                                            0.016667                                          1.5297                                            38.856
40.000                                            1.1000                                            260.00                                            3600.0                                            0.017708                                          -1.2573                                           36.796
40.000                                            1.1000                                            260.00                                            3600.0                                            0.018750                                          -3.8267                                           29.801
40.000                                            1.1000                                            260.00                                            3600.0                                            0.019792                                          -5.7127                                           20.831
40.000                                            1.1000                                            260.00                                            3600.0                                            0.020833                                          -6.6738                                           10.092
40.000                                            1.1000                                            260.00                                            3600.0                                            0.021875                                          -6.6281                                           -2.4191
40.000                                            1.1000                                            260.00                                            3600.0                                            0.022917                                          -5.5899                                           -14.983
40.000                                            1.1000                                            260.00                                            3600.0                                            0.023958                                          -3.7195                                           -25.743
40.000                                            1.1000                                            260.00                                            3600.0                                            0.025000                                          -1.2929                                           -32.841
40.000                                            1.1000                                            260.00                                            3600.0                                            0.026042                                          1.2645                                            -36.613
40.000                                            1.1000                                            260.00                                            3600.0                                            0.027083                                          3.5864                                            -35.906
40.000                                            1.1000                                            260.00                                            3600.0                                            0.028125                                          5.4161                                            -28.363
40.000                                            1.1000                                            260.00                                            3600.0                                            0.029167                                          6.4717                                            -15.223
40.000                                            1.1000                                            260.00                                            3600.0                                            0.030208                                          6.6251                                            2.3437
40.000                                            1.1000                                            260.00                                            3600.0                                            0.031250                                          5.8033                                            20.405
40.000                                            1.1000                                            260.00                                            3600.0                                            0.032292                                          4.0343                                            33.740
40.000                                            1.1000                                            260.00                                            3600.0                                            0.033333                                          1.5872                                            40.314
40.000                                            1.1000                                            260.00                                            3600.0                                            0.034375                                          -1.0482                                           66.260
40.000                                            1.1000                                            260.00                                            3600.0                                            0.035417                                          -7.9264                                           108.31
40.000                                            1.1000                                            260.00                                            3600.0                                            0.036458                                          -16.975                                           125.90
40.000                                            1.1000                                            260.00                                            3600.0                                            0.037500                                          -25.968                                           118.36
40.000                                            1.1000                                            260.00                                            3600.0                                            0.038542                                          -32.171                                           90.057
40.000                                            1.1000                                            260.00                                            3600.0                                            0.039583                                          -34.336                                           46.016
40.000                                            1.1000                                            260.00                                            3600.0                                            0.040625                                          -31.939                                           -6.5974
40.000                                            1.1000                                            260.00                                            3600.0                                            0.041667                                          -25.221                                           -59.485
40.000                                            1.1000                                            260.00                                            3600.0                                            0.042708                                          -16.129                                           -106.77
40.000                                            1.1000                                            260.00                                            3600.0                                            0.043750                                          -5.1089                                           -139.05
40.000                                            1.1000                                            260.00                                            3600.0                                            0.044792                                          5.1932                                            -153.69
40.000                                            1.1000                                            260.00                                            3600.0                                            0.045833                                          11.390                                            -152.74
40.000                                            1.1000                                            260.00                                            3600.0                                            0.046875                                          14.096                                            -132.69
40.000                                            1.1000                                            260.00                                            3600.0                                            0.047917                                          15.447                                            -90.568
40.000                                            1.1000                                            260.00                                            3600.0                                            0.048958                                          16.027                                            -30.930
40.000                                            1.1000                                            260.00                                            3600.0                                            0.050000                                          15.860                                            37.408
40.000                                            1.1000                                            260.00                                            3600.0                                            0.051042                                          14.888                                            103.85
40.000                                            1.1000                                            260.00                                            3600.0                                            0.052083                                          12.664                                            156.87
40.000                                            1.1000                                            260.00                                            3600.0                                            0.053125                                          6.6915                                            181.72
40.000                                            1.1000                                            260.00                                            3600.0                                            0.054167                                          -5.4448                                           166.76
40.000                                            1.1000                                            260.00                                            3600.0                                            0.055208                                          -17.265                                           125.21
40.000                                            1.1000                                            260.00                                            3600.0                                            0.056250                                          -24.484                                           69.252
40.000                                            1.1000                                            260.00                                            3600.0                                            0.057292                                          -26.315                                           6.6668
40.000                                            1.1000                                            260.00                                            3600.0                                            0.058333                                          -22.876                                           -53.955
40.000                                            1.1000                                            270.00                                            3200.0                                            0.0000                                            21.660                                            550.18
40.000                                            1.1000                                            270.00                                            3200.0                                            0.0010417                                         12.938                                            397.35
40.000                                            1.1000                                            270.00                                            3200.0                                            0.0020833                                         -2.3789                                           66.576
40.000                                            1.1000                                            270.00                                            3200.0                                            0.0031250                                         -5.9914                                           13.752
40.000                                            1.1000                                            270.00                                            3200.0                                            0.0041667                                         -6.7659                                           7.7511
40.000                                            1.1000                                            270.00                                            3200.0                                            0.0052083                                         -6.4885                                           1.1257
40.000                                            1.1000                                            270.00                                            3200.0                                            0.0062500                                         -5.3085                                           -7.8360
40.000                                            1.1000                                            270.00                                            3200.0                                            0.0072917                                         -3.3499                                           -16.356
40.000                                            1.1000                                            270.00                                            3200.0                                            0.0083333                                         -0.90401                                          -22.962
40.000                                            1.1000                                            270.00                                            3200.0                                            0.0093750                                         1.6456                                            -26.933
40.000                                            1.1000                                            270.00                                            3200.0                                            0.010417                                          3.9030                                            -27.864
40.000                                            1.1000                                            270.00                                            3200.0                                            0.011458                                          5.6067                                            -23.522
40.000                                            1.1000                                            270.00                                            3200.0                                            0.012500                                          6.4912                                            -14.729
40.000                                            1.1000                                            270.00                                            3200.0                                            0.013542                                          6.4240                                            -2.7639
40.000                                            1.1000                                            270.00                                            3200.0                                            0.014583                                          5.3880                                            9.8552
40.000                                            1.1000                                            270.00                                            3200.0                                            0.015625                                          3.6146                                            23.078
40.000                                            1.1000                                            270.00                                            3200.0                                            0.016667                                          1.1737                                            29.813
40.000                                            1.1000                                            270.00                                            3200.0                                            0.017708                                          -1.5804                                           28.588
40.000                                            1.1000                                            270.00                                            3200.0                                            0.018750                                          -4.0047                                           25.281
40.000                                            1.1000                                            270.00                                            3200.0                                            0.019792                                          -5.7636                                           19.538
40.000                                            1.1000                                            270.00                                            3200.0                                            0.020833                                          -6.6168                                           11.539
40.000                                            1.1000                                            270.00                                            3200.0                                            0.021875                                          -6.5674                                           -0.87935
40.000                                            1.1000                                            270.00                                            3200.0                                            0.022917                                          -5.4661                                           -11.838
40.000                                            1.1000                                            270.00                                            3200.0                                            0.023958                                          -3.5059                                           -20.319
40.000                                            1.1000                                            270.00                                            3200.0                                            0.025000                                          -1.0226                                           -25.975
40.000                                            1.1000                                            270.00                                            3200.0                                            0.026042                                          1.5778                                            -28.655
40.000                                            1.1000                                            270.00                                            3200.0                                            0.027083                                          3.8866                                            -28.280
40.000                                            1.1000                                            270.00                                            3200.0                                            0.028125                                          5.6018                                            -23.649
40.000                                            1.1000                                            270.00                                            3200.0                                            0.029167                                          6.4896                                            -14.769
40.000                                            1.1000                                            270.00                                            3200.0                                            0.030208                                          6.4235                                            -2.7772
40.000                                            1.1000                                            270.00                                            3200.0                                            0.031250                                          5.5238                                            13.304
40.000                                            1.1000                                            270.00                                            3200.0                                            0.032292                                          3.6911                                            25.021
40.000                                            1.1000                                            270.00                                            3200.0                                            0.033333                                          1.1965                                            30.392
40.000                                            1.1000                                            270.00                                            3200.0                                            0.034375                                          -2.2618                                           63.397
40.000                                            1.1000                                            270.00                                            3200.0                                            0.035417                                          -10.896                                           101.30
40.000                                            1.1000                                            270.00                                            3200.0                                            0.036458                                          -21.773                                           114.58
40.000                                            1.1000                                            270.00                                            3200.0                                            0.037500                                          -31.902                                           104.36
40.000                                            1.1000                                            270.00                                            3200.0                                            0.038542                                          -38.286                                           75.633
40.000                                            1.1000                                            270.00                                            3200.0                                            0.039583                                          -39.616                                           33.563
40.000                                            1.1000                                            270.00                                            3200.0                                            0.040625                                          -35.482                                           -14.955
40.000                                            1.1000                                            270.00                                            3200.0                                            0.041667                                          -26.400                                           -62.266
40.000                                            1.1000                                            270.00                                            3200.0                                            0.042708                                          -14.751                                           -103.52
40.000                                            1.1000                                            270.00                                            3200.0                                            0.043750                                          -1.4304                                           -130.37
40.000                                            1.1000                                            270.00                                            3200.0                                            0.044792                                          9.5424                                            -143.43
40.000                                            1.1000                                            270.00                                            3200.0                                            0.045833                                          15.111                                            -143.96
40.000                                            1.1000                                            270.00                                            3200.0                                            0.046875                                          17.532                                            -124.58
40.000                                            1.1000                                            270.00                                            3200.0                                            0.047917                                          18.780                                            -82.705
40.000                                            1.1000                                            270.00                                            3200.0                                            0.048958                                          19.229                                            -23.379
40.000                                            1.1000                                            270.00                                            3200.0                                            0.050000                                          18.928                                            44.644
40.000                                            1.1000                                            270.00                                            3200.0                                            0.051042                                          17.648                                            110.36
40.000                                            1.1000                                            270.00                                            3200.0                                            0.052083                                          14.710                                            161.69
40.000                                            1.1000                                            270.00                                            3200.0                                            0.053125                                          6.0511                                            180.21
40.000                                            1.1000                                            270.00                                            3200.0                                            0.054167                                          -10.367                                           155.15
40.000                                            1.1000                                            270.00                                            3200.0                                            0.055208                                          -24.354                                           108.49
40.000                                            1.1000                                            270.00                                            3200.0                                            0.056250                                          -31.778                                           52.050
40.000                                            1.1000                                            270.00                                            3200.0                                            0.057292                                          -32.255                                           -7.3431
40.000                                            1.1000                                            270.00                                            3200.0                                            0.058333                                          -26.372                                           -62.200
40.000                                            1.1000                                            270.00                                            3400.0                                            0.0000                                            20.407                                            518.36
40.000                                            1.1000                                            270.00                                            3400.0                                            0.0010417                                         13.399                                            409.07
40.000                                            1.1000                                            270.00                                            3400.0                                            0.0020833                                         -1.0254                                           100.96
40.000                                            1.1000                                            270.00                                            3400.0                                            0.0031250                                         -5.7769                                           19.199
40.000                                            1.1000                                            270.00                                            3400.0                                            0.0041667                                         -6.7150                                           9.0440
40.000                                            1.1000                                            270.00                                            3400.0                                            0.0052083                                         -6.4780                                           1.3926
40.000                                            1.1000                                            270.00                                            3400.0                                            0.0062500                                         -5.3445                                           -8.7514
40.000                                            1.1000                                            270.00                                            3400.0                                            0.0072917                                         -3.4308                                           -18.411
40.000                                            1.1000                                            270.00                                            3400.0                                            0.0083333                                         -1.0201                                           -25.910
40.000                                            1.1000                                            270.00                                            3400.0                                            0.0093750                                         1.5087                                            -30.412
40.000                                            1.1000                                            270.00                                            3400.0                                            0.010417                                          3.7586                                            -31.531
40.000                                            1.1000                                            270.00                                            3400.0                                            0.011458                                          5.4762                                            -26.839
40.000                                            1.1000                                            270.00                                            3400.0                                            0.012500                                          6.3969                                            -17.123
40.000                                            1.1000                                            270.00                                            3400.0                                            0.013542                                          6.3876                                            -3.6876
40.000                                            1.1000                                            270.00                                            3400.0                                            0.014583                                          5.4209                                            10.690
40.000                                            1.1000                                            270.00                                            3400.0                                            0.015625                                          3.7200                                            25.755
40.000                                            1.1000                                            270.00                                            3400.0                                            0.016667                                          1.3345                                            33.895
40.000                                            1.1000                                            270.00                                            3400.0                                            0.017708                                          -1.4081                                           32.966
40.000                                            1.1000                                            270.00                                            3400.0                                            0.018750                                          -3.8557                                           29.066
40.000                                            1.1000                                            270.00                                            3400.0                                            0.019792                                          -5.6479                                           22.477
40.000                                            1.1000                                            270.00                                            3400.0                                            0.020833                                          -6.5449                                           13.364
40.000                                            1.1000                                            270.00                                            3400.0                                            0.021875                                          -6.5568                                           -0.60949
40.000                                            1.1000                                            270.00                                            3400.0                                            0.022917                                          -5.5183                                           -13.166
40.000                                            1.1000                                            270.00                                            3400.0                                            0.023958                                          -3.6091                                           -22.940
40.000                                            1.1000                                            270.00                                            3400.0                                            0.025000                                          -1.1592                                           -29.443
40.000                                            1.1000                                            270.00                                            3400.0                                            0.026042                                          1.4265                                            -32.498
40.000                                            1.1000                                            270.00                                            3400.0                                            0.027083                                          3.7341                                            -32.153
40.000                                            1.1000                                            270.00                                            3400.0                                            0.028125                                          5.4680                                            -27.046
40.000                                            1.1000                                            270.00                                            3400.0                                            0.029167                                          6.3941                                            -17.195
40.000                                            1.1000                                            270.00                                            3400.0                                            0.030208                                          6.3866                                            -3.7136
40.000                                            1.1000                                            270.00                                            3400.0                                            0.031250                                          5.5668                                            14.397
40.000                                            1.1000                                            270.00                                            3400.0                                            0.032292                                          3.8096                                            28.033
40.000                                            1.1000                                            270.00                                            3400.0                                            0.033333                                          1.3655                                            34.683
40.000                                            1.1000                                            270.00                                            3400.0                                            0.034375                                          -1.6961                                           64.731
40.000                                            1.1000                                            270.00                                            3400.0                                            0.035417                                          -9.4083                                           104.81
40.000                                            1.1000                                            270.00                                            3400.0                                            0.036458                                          -19.320                                           120.37
40.000                                            1.1000                                            270.00                                            3400.0                                            0.037500                                          -28.869                                           111.52
40.000                                            1.1000                                            270.00                                            3400.0                                            0.038542                                          -35.186                                           82.944
40.000                                            1.1000                                            270.00                                            3400.0                                            0.039583                                          -36.989                                           39.759
40.000                                            1.1000                                            270.00                                            3400.0                                            0.040625                                          -33.795                                           -10.977
40.000                                            1.1000                                            270.00                                            3400.0                                            0.041667                                          -25.967                                           -61.245
40.000                                            1.1000                                            270.00                                            3400.0                                            0.042708                                          -15.654                                           -105.65
40.000                                            1.1000                                            270.00                                            3400.0                                            0.043750                                          -3.4722                                           -135.19
40.000                                            1.1000                                            270.00                                            3400.0                                            0.044792                                          7.3975                                            -148.49
40.000                                            1.1000                                            270.00                                            3400.0                                            0.045833                                          13.434                                            -147.92
40.000                                            1.1000                                            270.00                                            3400.0                                            0.046875                                          16.034                                            -128.12
40.000                                            1.1000                                            270.00                                            3400.0                                            0.047917                                          17.391                                            -85.982
40.000                                            1.1000                                            270.00                                            3400.0                                            0.048958                                          17.954                                            -26.386
40.000                                            1.1000                                            270.00                                            3400.0                                            0.050000                                          17.713                                            41.778
40.000                                            1.1000                                            270.00                                            3400.0                                            0.051042                                          16.586                                            107.85
40.000                                            1.1000                                            270.00                                            3400.0                                            0.052083                                          14.012                                            160.05
40.000                                            1.1000                                            270.00                                            3400.0                                            0.053125                                          6.7553                                            181.87
40.000                                            1.1000                                            270.00                                            3400.0                                            0.054167                                          -7.4897                                           161.94
40.000                                            1.1000                                            270.00                                            3400.0                                            0.055208                                          -20.444                                           117.72
40.000                                            1.1000                                            270.00                                            3400.0                                            0.056250                                          -27.876                                           61.253
40.000                                            1.1000                                            270.00                                            3400.0                                            0.057292                                          -29.173                                           -0.074234
40.000                                            1.1000                                            270.00                                            3400.0                                            0.058333                                          -24.660                                           -58.161
40.000                                            1.1000                                            270.00                                            3600.0                                            0.0000                                            19.294                                            490.06
40.000                                            1.1000                                            270.00                                            3600.0                                            0.0010417                                         13.582                                            413.72
40.000                                            1.1000                                            270.00                                            3600.0                                            0.0020833                                         0.57360                                           141.57
40.000                                            1.1000                                            270.00                                            3600.0                                            0.0031250                                         -5.2215                                           33.307
40.000                                            1.1000                                            270.00                                            3600.0                                            0.0041667                                         -6.7091                                           9.1946
40.000                                            1.1000                                            270.00                                            3600.0                                            0.0052083                                         -6.7139                                           -4.6005
40.000                                            1.1000                                            270.00                                            3600.0                                            0.0062500                                         -5.6295                                           -15.990
40.000                                            1.1000                                            270.00                                            3600.0                                            0.0072917                                         -3.7247                                           -25.875
40.000                                            1.1000                                            270.00                                            3600.0                                            0.0083333                                         -1.2996                                           -33.009
40.000                                            1.1000                                            270.00                                            3600.0                                            0.0093750                                         1.2919                                            -35.918
40.000                                            1.1000                                            270.00                                            3600.0                                            0.010417                                          3.6126                                            -35.239
40.000                                            1.1000                                            270.00                                            3600.0                                            0.011458                                          5.4475                                            -27.568
40.000                                            1.1000                                            270.00                                            3600.0                                            0.012500                                          6.5055                                            -14.364
40.000                                            1.1000                                            270.00                                            3600.0                                            0.013542                                          6.6369                                            2.6441
40.000                                            1.1000                                            270.00                                            3600.0                                            0.014583                                          5.7764                                            19.720
40.000                                            1.1000                                            270.00                                            3600.0                                            0.015625                                          3.9905                                            32.627
40.000                                            1.1000                                            270.00                                            3600.0                                            0.016667                                          1.5531                                            39.449
40.000                                            1.1000                                            270.00                                            3600.0                                            0.017708                                          -1.2185                                           37.783
40.000                                            1.1000                                            270.00                                            3600.0                                            0.018750                                          -3.6915                                           33.236
40.000                                            1.1000                                            270.00                                            3600.0                                            0.019792                                          -5.5187                                           25.759
40.000                                            1.1000                                            270.00                                            3600.0                                            0.020833                                          -6.4624                                           15.460
40.000                                            1.1000                                            270.00                                            3600.0                                            0.021875                                          -6.5390                                           -0.15589
40.000                                            1.1000                                            270.00                                            3600.0                                            0.022917                                          -5.5684                                           -14.438
40.000                                            1.1000                                            270.00                                            3600.0                                            0.023958                                          -3.7149                                           -25.626
40.000                                            1.1000                                            270.00                                            3600.0                                            0.025000                                          -1.3027                                           -33.088
40.000                                            1.1000                                            270.00                                            3600.0                                            0.026042                                          1.2655                                            -36.588
40.000                                            1.1000                                            270.00                                            3600.0                                            0.027083                                          3.5721                                            -36.268
40.000                                            1.1000                                            270.00                                            3600.0                                            0.028125                                          5.3240                                            -30.704
40.000                                            1.1000                                            270.00                                            3600.0                                            0.029167                                          6.2880                                            -19.890
40.000                                            1.1000                                            270.00                                            3600.0                                            0.030208                                          6.3400                                            -4.8981
40.000                                            1.1000                                            270.00                                            3600.0                                            0.031250                                          5.6026                                            15.307
40.000                                            1.1000                                            270.00                                            3600.0                                            0.032292                                          3.9273                                            31.022
40.000                                            1.1000                                            270.00                                            3600.0                                            0.033333                                          1.5402                                            39.121
40.000                                            1.1000                                            270.00                                            3600.0                                            0.034375                                          -1.1822                                           65.944
40.000                                            1.1000                                            270.00                                            3600.0                                            0.035417                                          -8.0977                                           107.90
40.000                                            1.1000                                            270.00                                            3600.0                                            0.036458                                          -17.126                                           125.54
40.000                                            1.1000                                            270.00                                            3600.0                                            0.037500                                          -26.086                                           118.08
40.000                                            1.1000                                            270.00                                            3600.0                                            0.038542                                          -32.260                                           89.846
40.000                                            1.1000                                            270.00                                            3600.0                                            0.039583                                          -34.404                                           45.855
40.000                                            1.1000                                            270.00                                            3600.0                                            0.040625                                          -31.995                                           -6.7297
40.000                                            1.1000                                            270.00                                            3600.0                                            0.041667                                          -25.270                                           -59.602
40.000                                            1.1000                                            270.00                                            3600.0                                            0.042708                                          -16.168                                           -106.87
40.000                                            1.1000                                            270.00                                            3600.0                                            0.043750                                          -5.1116                                           -139.06
40.000                                            1.1000                                            270.00                                            3600.0                                            0.044792                                          5.3652                                            -153.28
40.000                                            1.1000                                            270.00                                            3600.0                                            0.045833                                          11.848                                            -151.66
40.000                                            1.1000                                            270.00                                            3600.0                                            0.046875                                          14.676                                            -131.32
40.000                                            1.1000                                            270.00                                            3600.0                                            0.047917                                          16.046                                            -89.155
40.000                                            1.1000                                            270.00                                            3600.0                                            0.048958                                          16.615                                            -29.543
40.000                                            1.1000                                            270.00                                            3600.0                                            0.050000                                          16.426                                            38.741
40.000                                            1.1000                                            270.00                                            3600.0                                            0.051042                                          15.400                                            105.05
40.000                                            1.1000                                            270.00                                            3600.0                                            0.052083                                          12.962                                            157.57
40.000                                            1.1000                                            270.00                                            3600.0                                            0.053125                                          6.3401                                            180.89
40.000                                            1.1000                                            270.00                                            3600.0                                            0.054167                                          -6.1782                                           165.03
40.000                                            1.1000                                            270.00                                            3600.0                                            0.055208                                          -17.895                                           123.73
40.000                                            1.1000                                            270.00                                            3600.0                                            0.056250                                          -24.976                                           68.093
40.000                                            1.1000                                            270.00                                            3600.0                                            0.057292                                          -26.689                                           5.7835
40.000                                            1.1000                                            270.00                                            3600.0                                            0.058333                                          -23.163                                           -54.631
40.000                                            1.1000                                            280.00                                            3200.0                                            0.0000                                            22.462                                            570.54
40.000                                            1.1000                                            280.00                                            3200.0                                            0.0010417                                         13.043                                            400.03
40.000                                            1.1000                                            280.00                                            3200.0                                            0.0020833                                         -2.6217                                           60.409
40.000                                            1.1000                                            280.00                                            3200.0                                            0.0031250                                         -5.9964                                           13.625
40.000                                            1.1000                                            280.00                                            3200.0                                            0.0041667                                         -6.7646                                           7.7833
40.000                                            1.1000                                            280.00                                            3200.0                                            0.0052083                                         -6.4878                                           1.1428
40.000                                            1.1000                                            280.00                                            3200.0                                            0.0062500                                         -5.3066                                           -7.7886
40.000                                            1.1000                                            280.00                                            3200.0                                            0.0072917                                         -3.3456                                           -16.245
40.000                                            1.1000                                            280.00                                            3200.0                                            0.0083333                                         -0.89492                                          -22.731
40.000                                            1.1000                                            280.00                                            3200.0                                            0.0093750                                         1.6665                                            -26.404
40.000                                            1.1000                                            280.00                                            3200.0                                            0.010417                                          3.9314                                            -27.142
40.000                                            1.1000                                            280.00                                            3200.0                                            0.011458                                          5.6279                                            -22.986
40.000                                            1.1000                                            280.00                                            3200.0                                            0.012500                                          6.5071                                            -14.324
40.000                                            1.1000                                            280.00                                            3200.0                                            0.013542                                          6.4283                                            -2.6541
40.000                                            1.1000                                            280.00                                            3200.0                                            0.014583                                          5.3788                                            9.6211
40.000                                            1.1000                                            280.00                                            3200.0                                            0.015625                                          3.5974                                            22.642
40.000                                            1.1000                                            280.00                                            3200.0                                            0.016667                                          1.1354                                            28.840
40.000                                            1.1000                                            280.00                                            3200.0                                            0.017708                                          -1.6063                                           27.931
40.000                                            1.1000                                            280.00                                            3200.0                                            0.018750                                          -4.0185                                           24.931
40.000                                            1.1000                                            280.00                                            3200.0                                            0.019792                                          -5.7703                                           19.367
40.000                                            1.1000                                            280.00                                            3200.0                                            0.020833                                          -6.6197                                           11.465
40.000                                            1.1000                                            280.00                                            3200.0                                            0.021875                                          -6.5674                                           -0.87844
40.000                                            1.1000                                            280.00                                            3200.0                                            0.022917                                          -5.4637                                           -11.778
40.000                                            1.1000                                            280.00                                            3200.0                                            0.023958                                          -3.5005                                           -20.182
40.000                                            1.1000                                            280.00                                            3200.0                                            0.025000                                          -1.0118                                           -25.698
40.000                                            1.1000                                            280.00                                            3200.0                                            0.026042                                          1.6026                                            -28.026
40.000                                            1.1000                                            280.00                                            3200.0                                            0.027083                                          3.9202                                            -27.427
40.000                                            1.1000                                            280.00                                            3200.0                                            0.028125                                          5.6245                                            -23.072
40.000                                            1.1000                                            280.00                                            3200.0                                            0.029167                                          6.5061                                            -14.351
40.000                                            1.1000                                            280.00                                            3200.0                                            0.030208                                          6.4280                                            -2.6628
40.000                                            1.1000                                            280.00                                            3200.0                                            0.031250                                          5.5122                                            13.009
40.000                                            1.1000                                            280.00                                            3200.0                                            0.032292                                          3.6710                                            24.512
40.000                                            1.1000                                            280.00                                            3200.0                                            0.033333                                          1.1570                                            29.388
40.000                                            1.1000                                            280.00                                            3200.0                                            0.034375                                          -2.3548                                           63.178
40.000                                            1.1000                                            280.00                                            3200.0                                            0.035417                                          -11.015                                           101.02
40.000                                            1.1000                                            280.00                                            3200.0                                            0.036458                                          -21.870                                           114.35
40.000                                            1.1000                                            280.00                                            3200.0                                            0.037500                                          -31.969                                           104.20
40.000                                            1.1000                                            280.00                                            3200.0                                            0.038542                                          -38.330                                           75.529
40.000                                            1.1000                                            280.00                                            3200.0                                            0.039583                                          -39.648                                           33.488
40.000                                            1.1000                                            280.00                                            3200.0                                            0.040625                                          -35.510                                           -15.020
40.000                                            1.1000                                            280.00                                            3200.0                                            0.041667                                          -26.427                                           -62.330
40.000                                            1.1000                                            280.00                                            3200.0                                            0.042708                                          -14.771                                           -103.57
40.000                                            1.1000                                            280.00                                            3200.0                                            0.043750                                          -1.3879                                           -130.27
40.000                                            1.1000                                            280.00                                            3200.0                                            0.044792                                          9.8715                                            -142.65
40.000                                            1.1000                                            280.00                                            3200.0                                            0.045833                                          15.689                                            -142.60
40.000                                            1.1000                                            280.00                                            3200.0                                            0.046875                                          18.195                                            -123.02
40.000                                            1.1000                                            280.00                                            3200.0                                            0.047917                                          19.444                                            -81.140
40.000                                            1.1000                                            280.00                                            3200.0                                            0.048958                                          19.879                                            -21.845
40.000                                            1.1000                                            280.00                                            3200.0                                            0.050000                                          19.544                                            46.097
40.000                                            1.1000                                            280.00                                            3200.0                                            0.051042                                          18.192                                            111.64
40.000                                            1.1000                                            280.00                                            3200.0                                            0.052083                                          14.954                                            162.27
40.000                                            1.1000                                            280.00                                            3200.0                                            0.053125                                          5.3406                                            178.53
40.000                                            1.1000                                            280.00                                            3200.0                                            0.054167                                          -11.350                                           152.84
40.000                                            1.1000                                            280.00                                            3200.0                                            0.055208                                          -25.091                                           106.75
40.000                                            1.1000                                            280.00                                            3200.0                                            0.056250                                          -32.298                                           50.823
40.000                                            1.1000                                            280.00                                            3200.0                                            0.057292                                          -32.619                                           -8.2032
40.000                                            1.1000                                            280.00                                            3200.0                                            0.058333                                          -26.630                                           -62.809
40.000                                            1.1000                                            280.00                                            3400.0                                            0.0000                                            21.163                                            537.54
40.000                                            1.1000                                            280.00                                            3400.0                                            0.0010417                                         13.613                                            414.50
40.000                                            1.1000                                            280.00                                            3400.0                                            0.0020833                                         -1.3388                                           92.995
40.000                                            1.1000                                            280.00                                            3400.0                                            0.0031250                                         -5.7956                                           18.726
40.000                                            1.1000                                            280.00                                            3400.0                                            0.0041667                                         -6.7975                                           6.9480
40.000                                            1.1000                                            280.00                                            3400.0                                            0.0052083                                         -6.6642                                           -3.3381
40.000                                            1.1000                                            280.00                                            3400.0                                            0.0062500                                         -5.5386                                           -13.680
40.000                                            1.1000                                            280.00                                            3400.0                                            0.0072917                                         -3.6018                                           -22.753
40.000                                            1.1000                                            280.00                                            3400.0                                            0.0083333                                         -1.1444                                           -29.069
40.000                                            1.1000                                            280.00                                            3400.0                                            0.0093750                                         1.4534                                            -31.816
40.000                                            1.1000                                            280.00                                            3400.0                                            0.010417                                          3.7707                                            -31.224
40.000                                            1.1000                                            280.00                                            3400.0                                            0.011458                                          5.4940                                            -26.385
40.000                                            1.1000                                            280.00                                            3400.0                                            0.012500                                          6.4142                                            -16.685
40.000                                            1.1000                                            280.00                                            3400.0                                            0.013542                                          6.3936                                            -3.5360
40.000                                            1.1000                                            280.00                                            3400.0                                            0.014583                                          5.4113                                            10.446
40.000                                            1.1000                                            280.00                                            3400.0                                            0.015625                                          3.7006                                            25.264
40.000                                            1.1000                                            280.00                                            3400.0                                            0.016667                                          1.2957                                            32.910
40.000                                            1.1000                                            280.00                                            3400.0                                            0.017708                                          -1.4387                                           32.189
40.000                                            1.1000                                            280.00                                            3400.0                                            0.018750                                          -3.8722                                           28.647
40.000                                            1.1000                                            280.00                                            3400.0                                            0.019792                                          -5.6560                                           22.271
40.000                                            1.1000                                            280.00                                            3400.0                                            0.020833                                          -6.5485                                           13.273
40.000                                            1.1000                                            280.00                                            3400.0                                            0.021875                                          -6.5571                                           -0.61578
40.000                                            1.1000                                            280.00                                            3400.0                                            0.022917                                          -5.5161                                           -13.110
40.000                                            1.1000                                            280.00                                            3400.0                                            0.023958                                          -3.6038                                           -22.806
40.000                                            1.1000                                            280.00                                            3400.0                                            0.025000                                          -1.1483                                           -29.166
40.000                                            1.1000                                            280.00                                            3400.0                                            0.026042                                          1.4517                                            -31.859
40.000                                            1.1000                                            280.00                                            3400.0                                            0.027083                                          3.7703                                            -31.235
40.000                                            1.1000                                            280.00                                            3400.0                                            0.028125                                          5.4939                                            -26.388
40.000                                            1.1000                                            280.00                                            3400.0                                            0.029167                                          6.4141                                            -16.686
40.000                                            1.1000                                            280.00                                            3400.0                                            0.030208                                          6.3936                                            -3.5364
40.000                                            1.1000                                            280.00                                            3400.0                                            0.031250                                          5.5550                                            14.098
40.000                                            1.1000                                            280.00                                            3400.0                                            0.032292                                          3.7869                                            27.456
40.000                                            1.1000                                            280.00                                            3400.0                                            0.033333                                          1.3251                                            33.658
40.000                                            1.1000                                            280.00                                            3400.0                                            0.034375                                          -1.7897                                           64.511
40.000                                            1.1000                                            280.00                                            3400.0                                            0.035417                                          -9.5295                                           104.52
40.000                                            1.1000                                            280.00                                            3400.0                                            0.036458                                          -19.425                                           120.12
40.000                                            1.1000                                            280.00                                            3400.0                                            0.037500                                          -28.945                                           111.34
40.000                                            1.1000                                            280.00                                            3400.0                                            0.038542                                          -35.240                                           82.818
40.000                                            1.1000                                            280.00                                            3400.0                                            0.039583                                          -37.028                                           39.666
40.000                                            1.1000                                            280.00                                            3400.0                                            0.040625                                          -33.828                                           -11.055
40.000                                            1.1000                                            280.00                                            3400.0                                            0.041667                                          -25.999                                           -61.320
40.000                                            1.1000                                            280.00                                            3400.0                                            0.042708                                          -15.679                                           -105.71
40.000                                            1.1000                                            280.00                                            3400.0                                            0.043750                                          -3.4559                                           -135.15
40.000                                            1.1000                                            280.00                                            3400.0                                            0.044792                                          7.6231                                            -147.95
40.000                                            1.1000                                            280.00                                            3400.0                                            0.045833                                          13.945                                            -146.71
40.000                                            1.1000                                            280.00                                            3400.0                                            0.046875                                          16.656                                            -126.65
40.000                                            1.1000                                            280.00                                            3400.0                                            0.047917                                          18.022                                            -84.494
40.000                                            1.1000                                            280.00                                            3400.0                                            0.048958                                          18.575                                            -24.923
40.000                                            1.1000                                            280.00                                            3400.0                                            0.050000                                          18.304                                            43.171
40.000                                            1.1000                                            280.00                                            3400.0                                            0.051042                                          17.115                                            109.10
40.000                                            1.1000                                            280.00                                            3400.0                                            0.052083                                          14.290                                            160.70
40.000                                            1.1000                                            280.00                                            3400.0                                            0.053125                                          6.2382                                            180.65
40.000                                            1.1000                                            280.00                                            3400.0                                            0.054167                                          -8.3291                                           159.96
40.000                                            1.1000                                            280.00                                            3400.0                                            0.055208                                          -21.118                                           116.12
40.000                                            1.1000                                            280.00                                            3400.0                                            0.056250                                          -28.376                                           60.073
40.000                                            1.1000                                            280.00                                            3400.0                                            0.057292                                          -29.540                                           -0.94077
40.000                                            1.1000                                            280.00                                            3400.0                                            0.058333                                          -24.932                                           -58.803
40.000                                            1.1000                                            280.00                                            3600.0                                            0.0000                                            20.007                                            508.20
40.000                                            1.1000                                            280.00                                            3600.0                                            0.0010417                                         13.899                                            421.76
40.000                                            1.1000                                            280.00                                            3600.0                                            0.0020833                                         0.21235                                           132.39
40.000                                            1.1000                                            280.00                                            3600.0                                            0.0031250                                         -5.2775                                           31.884
40.000                                            1.1000                                            280.00                                            3600.0                                            0.0041667                                         -6.7101                                           9.1681
40.000                                            1.1000                                            280.00                                            3600.0                                            0.0052083                                         -6.7059                                           -4.3970
40.000                                            1.1000                                            280.00                                            3600.0                                            0.0062500                                         -5.6232                                           -15.828
40.000                                            1.1000                                            280.00                                            3600.0                                            0.0072917                                         -3.7184                                           -25.714
40.000                                            1.1000                                            280.00                                            3600.0                                            0.0083333                                         -1.2887                                           -32.732
40.000                                            1.1000                                            280.00                                            3600.0                                            0.0093750                                         1.3185                                            -35.241
40.000                                            1.1000                                            280.00                                            3600.0                                            0.010417                                          3.6520                                            -34.238
40.000                                            1.1000                                            280.00                                            3600.0                                            0.011458                                          5.4750                                            -26.868
40.000                                            1.1000                                            280.00                                            3600.0                                            0.012500                                          6.5282                                            -13.788
40.000                                            1.1000                                            280.00                                            3600.0                                            0.013542                                          6.6426                                            2.7898
40.000                                            1.1000                                            280.00                                            3600.0                                            0.014583                                          5.7570                                            19.229
40.000                                            1.1000                                            280.00                                            3600.0                                            0.015625                                          3.9438                                            31.441
40.000                                            1.1000                                            280.00                                            3600.0                                            0.016667                                          1.4557                                            36.975
40.000                                            1.1000                                            280.00                                            3600.0                                            0.017708                                          -1.3392                                           34.717
40.000                                            1.1000                                            280.00                                            3600.0                                            0.018750                                          -3.8543                                           29.102
40.000                                            1.1000                                            280.00                                            3600.0                                            0.019792                                          -5.7208                                           20.625
40.000                                            1.1000                                            280.00                                            3600.0                                            0.020833                                          -6.6743                                           10.078
40.000                                            1.1000                                            280.00                                            3600.0                                            0.021875                                          -6.6220                                           -2.2641
40.000                                            1.1000                                            280.00                                            3600.0                                            0.022917                                          -5.5845                                           -14.847
40.000                                            1.1000                                            280.00                                            3600.0                                            0.023958                                          -3.7099                                           -25.500
40.000                                            1.1000                                            280.00                                            3600.0                                            0.025000                                          -1.2867                                           -32.682
40.000                                            1.1000                                            280.00                                            3600.0                                            0.026042                                          1.2928                                            -35.894
40.000                                            1.1000                                            280.00                                            3600.0                                            0.027083                                          3.6114                                            -35.269
40.000                                            1.1000                                            280.00                                            3600.0                                            0.028125                                          5.3532                                            -29.962
40.000                                            1.1000                                            280.00                                            3600.0                                            0.029167                                          6.3116                                            -19.290
40.000                                            1.1000                                            280.00                                            3600.0                                            0.030208                                          6.3498                                            -4.6483
40.000                                            1.1000                                            280.00                                            3600.0                                            0.031250                                          5.5912                                            15.016
40.000                                            1.1000                                            280.00                                            3600.0                                            0.032292                                          3.9021                                            30.381
40.000                                            1.1000                                            280.00                                            3600.0                                            0.033333                                          1.5000                                            38.099
40.000                                            1.1000                                            280.00                                            3600.0                                            0.034375                                          -1.7845                                           64.523
40.000                                            1.1000                                            280.00                                            3600.0                                            0.035417                                          -9.3976                                           104.84
40.000                                            1.1000                                            280.00                                            3600.0                                            0.036458                                          -18.903                                           121.35
40.000                                            1.1000                                            280.00                                            3600.0                                            0.037500                                          -27.501                                           114.74
40.000                                            1.1000                                            280.00                                            3600.0                                            0.038542                                          -33.376                                           87.214
40.000                                            1.1000                                            280.00                                            3600.0                                            0.039583                                          -35.285                                           43.778
40.000                                            1.1000                                            280.00                                            3600.0                                            0.040625                                          -32.691                                           -8.3726
40.000                                            1.1000                                            280.00                                            3600.0                                            0.041667                                          -25.823                                           -60.906
40.000                                            1.1000                                            280.00                                            3600.0                                            0.042708                                          -16.595                                           -107.87
40.000                                            1.1000                                            280.00                                            3600.0                                            0.043750                                          -5.4032                                           -139.74
40.000                                            1.1000                                            280.00                                            3600.0                                            0.044792                                          5.3474                                            -153.32
40.000                                            1.1000                                            280.00                                            3600.0                                            0.045833                                          12.225                                            -150.77
40.000                                            1.1000                                            280.00                                            3600.0                                            0.046875                                          15.212                                            -130.06
40.000                                            1.1000                                            280.00                                            3600.0                                            0.047917                                          16.611                                            -87.821
40.000                                            1.1000                                            280.00                                            3600.0                                            0.048958                                          17.178                                            -28.215
40.000                                            1.1000                                            280.00                                            3600.0                                            0.050000                                          16.965                                            40.014
40.000                                            1.1000                                            280.00                                            3600.0                                            0.051042                                          15.880                                            106.19
40.000                                            1.1000                                            280.00                                            3600.0                                            0.052083                                          13.176                                            158.08
40.000                                            1.1000                                            280.00                                            3600.0                                            0.053125                                          5.8277                                            179.68
40.000                                            1.1000                                            280.00                                            3600.0                                            0.054167                                          -6.9897                                           163.12
40.000                                            1.1000                                            280.00                                            3600.0                                            0.055208                                          -18.575                                           122.12
40.000                                            1.1000                                            280.00                                            3600.0                                            0.056250                                          -25.501                                           66.854
40.000                                            1.1000                                            280.00                                            3600.0                                            0.057292                                          -27.092                                           4.8339
40.000                                            1.1000                                            280.00                                            3600.0                                            0.058333                                          -23.472                                           -55.359
40.000                                            1.1000                                            300.00                                            3200.0                                            0.0000                                            24.065                                            611.25
40.000                                            1.1000                                            300.00                                            3200.0                                            0.0010417                                         12.722                                            391.86
40.000                                            1.1000                                            300.00                                            3200.0                                            0.0020833                                         -3.0305                                           50.024
40.000                                            1.1000                                            300.00                                            3200.0                                            0.0031250                                         -5.9909                                           13.764
40.000                                            1.1000                                            300.00                                            3200.0                                            0.0041667                                         -6.8156                                           6.4886
40.000                                            1.1000                                            300.00                                            3200.0                                            0.0052083                                         -6.6302                                           -2.4731
40.000                                            1.1000                                            300.00                                            3200.0                                            0.0062500                                         -5.4666                                           -11.851
40.000                                            1.1000                                            300.00                                            3200.0                                            0.0072917                                         -3.4883                                           -19.870
40.000                                            1.1000                                            300.00                                            3200.0                                            0.0083333                                         -0.99288                                          -25.219
40.000                                            1.1000                                            300.00                                            3200.0                                            0.0093750                                         1.6357                                            -27.185
40.000                                            1.1000                                            300.00                                            3200.0                                            0.010417                                          3.9926                                            -25.589
40.000                                            1.1000                                            300.00                                            3200.0                                            0.011458                                          5.6671                                            -21.988
40.000                                            1.1000                                            300.00                                            3200.0                                            0.012500                                          6.5321                                            -13.689
40.000                                            1.1000                                            300.00                                            3200.0                                            0.013542                                          6.4348                                            -2.4901
40.000                                            1.1000                                            300.00                                            3200.0                                            0.014583                                          5.3658                                            9.2912
40.000                                            1.1000                                            300.00                                            3200.0                                            0.015625                                          3.4559                                            19.048
40.000                                            1.1000                                            300.00                                            3200.0                                            0.016667                                          1.0085                                            25.615
40.000                                            1.1000                                            300.00                                            3200.0                                            0.017708                                          -1.6548                                           26.701
40.000                                            1.1000                                            300.00                                            3200.0                                            0.018750                                          -4.0415                                           24.347
40.000                                            1.1000                                            300.00                                            3200.0                                            0.019792                                          -5.7811                                           19.093
40.000                                            1.1000                                            300.00                                            3200.0                                            0.020833                                          -6.6245                                           11.342
40.000                                            1.1000                                            300.00                                            3200.0                                            0.021875                                          -6.5673                                           -0.87515
40.000                                            1.1000                                            300.00                                            3200.0                                            0.022917                                          -5.4597                                           -11.676
40.000                                            1.1000                                            300.00                                            3200.0                                            0.023958                                          -3.4922                                           -19.971
40.000                                            1.1000                                            300.00                                            3200.0                                            0.025000                                          -0.99548                                          -25.285
40.000                                            1.1000                                            300.00                                            3200.0                                            0.026042                                          1.6350                                            -27.204
40.000                                            1.1000                                            300.00                                            3200.0                                            0.027083                                          3.9925                                            -25.590
40.000                                            1.1000                                            300.00                                            3200.0                                            0.028125                                          5.6671                                            -21.988
40.000                                            1.1000                                            300.00                                            3200.0                                            0.029167                                          6.5321                                            -13.689
40.000                                            1.1000                                            300.00                                            3200.0                                            0.030208                                          6.4348                                            -2.4902
40.000                                            1.1000                                            300.00                                            3200.0                                            0.031250                                          5.4956                                            12.587
40.000                                            1.1000                                            300.00                                            3200.0                                            0.032292                                          3.6314                                            23.506
40.000                                            1.1000                                            300.00                                            3200.0                                            0.033333                                          1.0805                                            27.444
40.000                                            1.1000                                            300.00                                            3200.0                                            0.034375                                          -2.4988                                           62.838
40.000                                            1.1000                                            300.00                                            3200.0                                            0.035417                                          -11.198                                           100.59
40.000                                            1.1000                                            300.00                                            3200.0                                            0.036458                                          -22.015                                           114.01
40.000                                            1.1000                                            300.00                                            3200.0                                            0.037500                                          -32.065                                           103.98
40.000                                            1.1000                                            300.00                                            3200.0                                            0.038542                                          -38.390                                           75.388
40.000                                            1.1000                                            300.00                                            3200.0                                            0.039583                                          -39.689                                           33.390
40.000                                            1.1000                                            300.00                                            3200.0                                            0.040625                                          -35.549                                           -15.113
40.000                                            1.1000                                            300.00                                            3200.0                                            0.041667                                          -26.471                                           -62.434
40.000                                            1.1000                                            300.00                                            3200.0                                            0.042708                                          -14.807                                           -103.65
40.000                                            1.1000                                            300.00                                            3200.0                                            0.043750                                          -1.3213                                           -130.12
40.000                                            1.1000                                            300.00                                            3200.0                                            0.044792                                          10.459                                            -141.26
40.000                                            1.1000                                            300.00                                            3200.0                                            0.045833                                          16.817                                            -139.94
40.000                                            1.1000                                            300.00                                            3200.0                                            0.046875                                          19.515                                            -119.91
40.000                                            1.1000                                            300.00                                            3200.0                                            0.047917                                          20.895                                            -77.719
40.000                                            1.1000                                            300.00                                            3200.0                                            0.048958                                          21.400                                            -18.257
40.000                                            1.1000                                            300.00                                            3200.0                                            0.050000                                          20.993                                            49.514
40.000                                            1.1000                                            300.00                                            3200.0                                            0.051042                                          19.520                                            114.77
40.000                                            1.1000                                            300.00                                            3200.0                                            0.052083                                          15.775                                            164.21
40.000                                            1.1000                                            300.00                                            3200.0                                            0.053125                                          4.8518                                            177.38
40.000                                            1.1000                                            300.00                                            3200.0                                            0.054167                                          -12.240                                           150.74
40.000                                            1.1000                                            300.00                                            3200.0                                            0.055208                                          -25.752                                           105.20
40.000                                            1.1000                                            300.00                                            3200.0                                            0.056250                                          -32.756                                           49.742
40.000                                            1.1000                                            300.00                                            3200.0                                            0.057292                                          -32.940                                           -8.9604
40.000                                            1.1000                                            300.00                                            3200.0                                            0.058333                                          -26.864                                           -63.360
40.000                                            1.1000                                            300.00                                            3400.0                                            0.0000                                            22.673                                            575.90
40.000                                            1.1000                                            300.00                                            3400.0                                            0.0010417                                         13.917                                            422.22
40.000                                            1.1000                                            300.00                                            3400.0                                            0.0020833                                         -1.8583                                           79.799
40.000                                            1.1000                                            300.00                                            3400.0                                            0.0031250                                         -5.8172                                           18.176
40.000                                            1.1000                                            300.00                                            3400.0                                            0.0041667                                         -6.7939                                           7.0400
40.000                                            1.1000                                            300.00                                            3400.0                                            0.0052083                                         -6.6579                                           -3.1775
40.000                                            1.1000                                            300.00                                            3400.0                                            0.0062500                                         -5.5320                                           -13.514
40.000                                            1.1000                                            300.00                                            3400.0                                            0.0072917                                         -3.5932                                           -22.536
40.000                                            1.1000                                            300.00                                            3400.0                                            0.0083333                                         -1.1282                                           -28.656
40.000                                            1.1000                                            300.00                                            3400.0                                            0.0093750                                         1.4867                                            -30.969
40.000                                            1.1000                                            300.00                                            3400.0                                            0.010417                                          3.8474                                            -29.276
40.000                                            1.1000                                            300.00                                            3400.0                                            0.011458                                          5.5413                                            -25.185
40.000                                            1.1000                                            300.00                                            3400.0                                            0.012500                                          6.4454                                            -15.892
40.000                                            1.1000                                            300.00                                            3400.0                                            0.013542                                          6.4039                                            -3.2757
40.000                                            1.1000                                            300.00                                            3400.0                                            0.014583                                          5.3984                                            10.120
40.000                                            1.1000                                            300.00                                            3400.0                                            0.015625                                          3.5513                                            21.471
40.000                                            1.1000                                            300.00                                            3400.0                                            0.016667                                          1.1489                                            29.183
40.000                                            1.1000                                            300.00                                            3400.0                                            0.017708                                          -1.5012                                           30.602
40.000                                            1.1000                                            300.00                                            3400.0                                            0.018750                                          -3.9015                                           27.902
40.000                                            1.1000                                            300.00                                            3400.0                                            0.019792                                          -5.6695                                           21.928
40.000                                            1.1000                                            300.00                                            3400.0                                            0.020833                                          -6.5549                                           13.112
40.000                                            1.1000                                            300.00                                            3400.0                                            0.021875                                          -6.5575                                           -0.62635
40.000                                            1.1000                                            300.00                                            3400.0                                            0.022917                                          -5.5118                                           -13.000
40.000                                            1.1000                                            300.00                                            3400.0                                            0.023958                                          -3.5955                                           -22.595
40.000                                            1.1000                                            300.00                                            3400.0                                            0.025000                                          -1.1318                                           -28.749
40.000                                            1.1000                                            300.00                                            3400.0                                            0.026042                                          1.4852                                            -31.009
40.000                                            1.1000                                            300.00                                            3400.0                                            0.027083                                          3.8471                                            -29.285
40.000                                            1.1000                                            300.00                                            3400.0                                            0.028125                                          5.5412                                            -25.188
40.000                                            1.1000                                            300.00                                            3400.0                                            0.029167                                          6.4454                                            -15.893
40.000                                            1.1000                                            300.00                                            3400.0                                            0.030208                                          6.4038                                            -3.2760
40.000                                            1.1000                                            300.00                                            3400.0                                            0.031250                                          5.5383                                            13.673
40.000                                            1.1000                                            300.00                                            3400.0                                            0.032292                                          3.7503                                            26.526
40.000                                            1.1000                                            300.00                                            3400.0                                            0.033333                                          1.2404                                            31.507
40.000                                            1.1000                                            300.00                                            3400.0                                            0.034375                                          -1.9383                                           64.160
40.000                                            1.1000                                            300.00                                            3400.0                                            0.035417                                          -9.7189                                           104.08
40.000                                            1.1000                                            300.00                                            3400.0                                            0.036458                                          -19.584                                           119.74
40.000                                            1.1000                                            300.00                                            3400.0                                            0.037500                                          -29.058                                           111.07
40.000                                            1.1000                                            300.00                                            3400.0                                            0.038542                                          -35.315                                           82.640
40.000                                            1.1000                                            300.00                                            3400.0                                            0.039583                                          -37.083                                           39.538
40.000                                            1.1000                                            300.00                                            3400.0                                            0.040625                                          -33.876                                           -11.168
40.000                                            1.1000                                            300.00                                            3400.0                                            0.041667                                          -26.049                                           -61.438
40.000                                            1.1000                                            300.00                                            3400.0                                            0.042708                                          -15.723                                           -105.82
40.000                                            1.1000                                            300.00                                            3400.0                                            0.043750                                          -3.4325                                           -135.10
40.000                                            1.1000                                            300.00                                            3400.0                                            0.044792                                          8.0181                                            -147.02
40.000                                            1.1000                                            300.00                                            3400.0                                            0.045833                                          14.930                                            -144.39
40.000                                            1.1000                                            300.00                                            3400.0                                            0.046875                                          17.881                                            -123.76
40.000                                            1.1000                                            300.00                                            3400.0                                            0.047917                                          19.280                                            -81.526
40.000                                            1.1000                                            300.00                                            3400.0                                            0.048958                                          19.805                                            -22.020
40.000                                            1.1000                                            300.00                                            3400.0                                            0.050000                                          19.477                                            45.939
40.000                                            1.1000                                            300.00                                            3400.0                                            0.051042                                          18.149                                            111.54
40.000                                            1.1000                                            300.00                                            3400.0                                            0.052083                                          14.692                                            161.65
40.000                                            1.1000                                            300.00                                            3400.0                                            0.053125                                          5.0772                                            177.91
40.000                                            1.1000                                            300.00                                            3400.0                                            0.054167                                          -9.9307                                           156.18
40.000                                            1.1000                                            300.00                                            3400.0                                            0.055208                                          -22.369                                           113.18
40.000                                            1.1000                                            300.00                                            3400.0                                            0.056250                                          -29.298                                           57.899
40.000                                            1.1000                                            300.00                                            3400.0                                            0.057292                                          -30.217                                           -2.5367
40.000                                            1.1000                                            300.00                                            3400.0                                            0.058333                                          -25.434                                           -59.989
40.000                                            1.1000                                            300.00                                            3600.0                                            0.0000                                            21.435                                            544.46
40.000                                            1.1000                                            300.00                                            3600.0                                            0.0010417                                         14.419                                            434.98
40.000                                            1.1000                                            300.00                                            3600.0                                            0.0020833                                         -0.41514                                          116.46
40.000                                            1.1000                                            300.00                                            3600.0                                            0.0031250                                         -5.1600                                           34.870
40.000                                            1.1000                                            300.00                                            3600.0                                            0.0041667                                         -6.5214                                           13.962
40.000                                            1.1000                                            300.00                                            3600.0                                            0.0052083                                         -6.4193                                           2.8835
40.000                                            1.1000                                            300.00                                            3600.0                                            0.0062500                                         -5.3603                                           -9.1513
40.000                                            1.1000                                            300.00                                            3600.0                                            0.0072917                                         -3.4982                                           -20.123
40.000                                            1.1000                                            300.00                                            3600.0                                            0.0083333                                         -1.1921                                           -30.280
40.000                                            1.1000                                            300.00                                            3600.0                                            0.0093750                                         1.3437                                            -34.601
40.000                                            1.1000                                            300.00                                            3600.0                                            0.010417                                          3.6897                                            -33.281
40.000                                            1.1000                                            300.00                                            3600.0                                            0.011458                                          5.4044                                            -28.661
40.000                                            1.1000                                            300.00                                            3600.0                                            0.012500                                          6.3484                                            -18.357
40.000                                            1.1000                                            300.00                                            3600.0                                            0.013542                                          6.3644                                            -4.2786
40.000                                            1.1000                                            300.00                                            3600.0                                            0.014583                                          5.4260                                            10.819
40.000                                            1.1000                                            300.00                                            3600.0                                            0.015625                                          3.7721                                            27.081
40.000                                            1.1000                                            300.00                                            3600.0                                            0.016667                                          1.3751                                            34.929
40.000                                            1.1000                                            300.00                                            3600.0                                            0.017708                                          -1.3106                                           35.442
40.000                                            1.1000                                            300.00                                            3600.0                                            0.018750                                          -3.7412                                           31.974
40.000                                            1.1000                                            300.00                                            3600.0                                            0.019792                                          -5.5440                                           25.116
40.000                                            1.1000                                            300.00                                            3600.0                                            0.020833                                          -6.4749                                           15.142
40.000                                            1.1000                                            300.00                                            3600.0                                            0.021875                                          -6.5408                                           -0.20191
40.000                                            1.1000                                            300.00                                            3600.0                                            0.022917                                          -5.5617                                           -14.267
40.000                                            1.1000                                            300.00                                            3600.0                                            0.023958                                          -3.7015                                           -25.286
40.000                                            1.1000                                            300.00                                            3600.0                                            0.025000                                          -1.2753                                           -32.393
40.000                                            1.1000                                            300.00                                            3600.0                                            0.026042                                          1.3253                                            -35.070
40.000                                            1.1000                                            300.00                                            3600.0                                            0.027083                                          3.6907                                            -33.257
40.000                                            1.1000                                            300.00                                            3600.0                                            0.028125                                          5.4049                                            -28.649
40.000                                            1.1000                                            300.00                                            3600.0                                            0.029167                                          6.3486                                            -18.351
40.000                                            1.1000                                            300.00                                            3600.0                                            0.030208                                          6.3644                                            -4.2778
40.000                                            1.1000                                            300.00                                            3600.0                                            0.031250                                          5.5752                                            14.609
40.000                                            1.1000                                            300.00                                            3600.0                                            0.032292                                          3.8665                                            29.477
40.000                                            1.1000                                            300.00                                            3600.0                                            0.033333                                          1.4102                                            35.819
40.000                                            1.1000                                            300.00                                            3600.0                                            0.034375                                          -1.4299                                           65.359
40.000                                            1.1000                                            300.00                                            3600.0                                            0.035417                                          -8.4119                                           107.16
40.000                                            1.1000                                            300.00                                            3600.0                                            0.036458                                          -17.411                                           124.87
40.000                                            1.1000                                            300.00                                            3600.0                                            0.037500                                          -26.302                                           117.57
40.000                                            1.1000                                            300.00                                            3600.0                                            0.038542                                          -32.414                                           89.482
40.000                                            1.1000                                            300.00                                            3600.0                                            0.039583                                          -34.520                                           45.581
40.000                                            1.1000                                            300.00                                            3600.0                                            0.040625                                          -32.093                                           -6.9620
40.000                                            1.1000                                            300.00                                            3600.0                                            0.041667                                          -25.364                                           -59.824
40.000                                            1.1000                                            300.00                                            3600.0                                            0.042708                                          -16.251                                           -107.06
40.000                                            1.1000                                            300.00                                            3600.0                                            0.043750                                          -5.1143                                           -139.06
40.000                                            1.1000                                            300.00                                            3600.0                                            0.044792                                          5.8176                                            -152.21
40.000                                            1.1000                                            300.00                                            3600.0                                            0.045833                                          13.152                                            -148.59
40.000                                            1.1000                                            300.00                                            3600.0                                            0.046875                                          16.363                                            -127.34
40.000                                            1.1000                                            300.00                                            3600.0                                            0.047917                                          17.761                                            -85.110
40.000                                            1.1000                                            300.00                                            3600.0                                            0.048958                                          18.276                                            -25.628
40.000                                            1.1000                                            300.00                                            3600.0                                            0.050000                                          17.986                                            42.421
40.000                                            1.1000                                            300.00                                            3600.0                                            0.051042                                          16.735                                            108.20
40.000                                            1.1000                                            300.00                                            3600.0                                            0.052083                                          13.359                                            158.51
40.000                                            1.1000                                            300.00                                            3600.0                                            0.053125                                          4.1964                                            175.83
40.000                                            1.1000                                            300.00                                            3600.0                                            0.054167                                          -9.2052                                           157.89
40.000                                            1.1000                                            300.00                                            3600.0                                            0.055208                                          -20.480                                           117.63
40.000                                            1.1000                                            300.00                                            3600.0                                            0.056250                                          -27.008                                           63.300
40.000                                            1.1000                                            300.00                                            3600.0                                            0.057292                                          -28.256                                           2.0880
40.000                                            1.1000                                            300.00                                            3600.0                                            0.058333                                          -24.369                                           -57.476
42.000                                            1.0000                                            260.00                                            3200.0                                            0.0000                                            20.680                                            525.29
42.000                                            1.0000                                            260.00                                            3200.0                                            0.0010417                                         9.9115                                            320.48
42.000                                            1.0000                                            260.00                                            3200.0                                            0.0020833                                         -3.7291                                           32.280
42.000                                            1.0000                                            260.00                                            3200.0                                            0.0031250                                         -6.0805                                           11.488
42.000                                            1.0000                                            260.00                                            3200.0                                            0.0041667                                         -6.8519                                           5.5663
42.000                                            1.0000                                            260.00                                            3200.0                                            0.0052083                                         -6.6175                                           -2.1499
42.000                                            1.0000                                            260.00                                            3200.0                                            0.0062500                                         -5.3996                                           -10.151
42.000                                            1.0000                                            260.00                                            3200.0                                            0.0072917                                         -3.3758                                           -17.015
42.000                                            1.0000                                            260.00                                            3200.0                                            0.0083333                                         -0.86250                                          -21.907
42.000                                            1.0000                                            260.00                                            3200.0                                            0.0093750                                         1.7215                                            -25.006
42.000                                            1.0000                                            260.00                                            3200.0                                            0.010417                                          4.0590                                            -23.902
42.000                                            1.0000                                            260.00                                            3200.0                                            0.011458                                          5.7467                                            -19.966
42.000                                            1.0000                                            260.00                                            3200.0                                            0.012500                                          6.5843                                            -12.365
42.000                                            1.0000                                            260.00                                            3200.0                                            0.013542                                          6.4574                                            -1.9148
42.000                                            1.0000                                            260.00                                            3200.0                                            0.014583                                          5.3522                                            8.9458
42.000                                            1.0000                                            260.00                                            3200.0                                            0.015625                                          3.4931                                            19.993
42.000                                            1.0000                                            260.00                                            3200.0                                            0.016667                                          0.99468                                           25.265
42.000                                            1.0000                                            260.00                                            3200.0                                            0.017708                                          -1.7511                                           24.255
42.000                                            1.0000                                            260.00                                            3200.0                                            0.018750                                          -4.1682                                           21.129
42.000                                            1.0000                                            260.00                                            3200.0                                            0.019792                                          -5.8951                                           16.197
42.000                                            1.0000                                            260.00                                            3200.0                                            0.020833                                          -6.6979                                           9.4786
42.000                                            1.0000                                            260.00                                            3200.0                                            0.021875                                          -6.5741                                           -1.0497
42.000                                            1.0000                                            260.00                                            3200.0                                            0.022917                                          -5.3977                                           -10.101
42.000                                            1.0000                                            260.00                                            3200.0                                            0.023958                                          -3.3794                                           -17.104
42.000                                            1.0000                                            260.00                                            3200.0                                            0.025000                                          -0.86413                                          -21.949
42.000                                            1.0000                                            260.00                                            3200.0                                            0.026042                                          1.7212                                            -25.014
42.000                                            1.0000                                            260.00                                            3200.0                                            0.027083                                          4.0590                                            -23.902
42.000                                            1.0000                                            260.00                                            3200.0                                            0.028125                                          5.7467                                            -19.966
42.000                                            1.0000                                            260.00                                            3200.0                                            0.029167                                          6.5843                                            -12.365
42.000                                            1.0000                                            260.00                                            3200.0                                            0.030208                                          6.4574                                            -1.9148
42.000                                            1.0000                                            260.00                                            3200.0                                            0.031250                                          5.4767                                            12.107
42.000                                            1.0000                                            260.00                                            3200.0                                            0.032292                                          3.5565                                            21.602
42.000                                            1.0000                                            260.00                                            3200.0                                            0.033333                                          1.0095                                            25.641
42.000                                            1.0000                                            260.00                                            3200.0                                            0.034375                                          -2.9891                                           61.682
42.000                                            1.0000                                            260.00                                            3200.0                                            0.035417                                          -13.065                                           96.185
42.000                                            1.0000                                            260.00                                            3200.0                                            0.036458                                          -25.360                                           106.12
42.000                                            1.0000                                            260.00                                            3200.0                                            0.037500                                          -36.210                                           94.201
42.000                                            1.0000                                            260.00                                            3200.0                                            0.038542                                          -42.531                                           65.620
42.000                                            1.0000                                            260.00                                            3200.0                                            0.039583                                          -43.031                                           25.508
42.000                                            1.0000                                            260.00                                            3200.0                                            0.040625                                          -39.030                                           -23.322
42.000                                            1.0000                                            260.00                                            3200.0                                            0.041667                                          -29.564                                           -69.728
42.000                                            1.0000                                            260.00                                            3200.0                                            0.042708                                          -15.680                                           -105.72
42.000                                            1.0000                                            260.00                                            3200.0                                            0.043750                                          -0.092928                                         -127.22
42.000                                            1.0000                                            260.00                                            3200.0                                            0.044792                                          11.217                                            -139.48
42.000                                            1.0000                                            260.00                                            3200.0                                            0.045833                                          15.850                                            -142.22
42.000                                            1.0000                                            260.00                                            3200.0                                            0.046875                                          18.078                                            -123.30
42.000                                            1.0000                                            260.00                                            3200.0                                            0.047917                                          19.418                                            -81.202
42.000                                            1.0000                                            260.00                                            3200.0                                            0.048958                                          20.027                                            -21.497
42.000                                            1.0000                                            260.00                                            3200.0                                            0.050000                                          19.714                                            46.496
42.000                                            1.0000                                            260.00                                            3200.0                                            0.051042                                          18.429                                            112.20
42.000                                            1.0000                                            260.00                                            3200.0                                            0.052083                                          15.864                                            164.42
42.000                                            1.0000                                            260.00                                            3200.0                                            0.053125                                          7.7010                                            184.10
42.000                                            1.0000                                            260.00                                            3200.0                                            0.054167                                          -12.193                                           150.85
42.000                                            1.0000                                            260.00                                            3200.0                                            0.055208                                          -28.401                                           98.948
42.000                                            1.0000                                            260.00                                            3200.0                                            0.056250                                          -36.120                                           41.808
42.000                                            1.0000                                            260.00                                            3200.0                                            0.057292                                          -35.513                                           -15.029
42.000                                            1.0000                                            260.00                                            3200.0                                            0.058333                                          -27.700                                           -65.332
42.000                                            1.0000                                            260.00                                            3400.0                                            0.0000                                            19.484                                            494.89
42.000                                            1.0000                                            260.00                                            3400.0                                            0.0010417                                         11.120                                            351.18
42.000                                            1.0000                                            260.00                                            3400.0                                            0.0020833                                         -3.0195                                           50.305
42.000                                            1.0000                                            260.00                                            3400.0                                            0.0031250                                         -6.0385                                           12.555
42.000                                            1.0000                                            260.00                                            3400.0                                            0.0041667                                         -6.8402                                           5.8630
42.000                                            1.0000                                            260.00                                            3400.0                                            0.0052083                                         -6.6329                                           -2.5414
42.000                                            1.0000                                            260.00                                            3400.0                                            0.0062500                                         -5.4528                                           -11.502
42.000                                            1.0000                                            260.00                                            3400.0                                            0.0072917                                         -3.4658                                           -19.300
42.000                                            1.0000                                            260.00                                            3400.0                                            0.0083333                                         -0.97845                                          -24.853
42.000                                            1.0000                                            260.00                                            3400.0                                            0.0093750                                         1.5918                                            -28.299
42.000                                            1.0000                                            260.00                                            3400.0                                            0.010417                                          3.9276                                            -27.238
42.000                                            1.0000                                            260.00                                            3400.0                                            0.011458                                          5.6329                                            -22.857
42.000                                            1.0000                                            260.00                                            3400.0                                            0.012500                                          6.5042                                            -14.399
42.000                                            1.0000                                            260.00                                            3400.0                                            0.013542                                          6.4317                                            -2.5690
42.000                                            1.0000                                            260.00                                            3400.0                                            0.014583                                          5.3901                                            9.9089
42.000                                            1.0000                                            260.00                                            3400.0                                            0.015625                                          3.5932                                            22.535
42.000                                            1.0000                                            260.00                                            3400.0                                            0.016667                                          1.1326                                            28.769
42.000                                            1.0000                                            260.00                                            3400.0                                            0.017708                                          -1.6043                                           27.983
42.000                                            1.0000                                            260.00                                            3400.0                                            0.018750                                          -4.0444                                           24.273
42.000                                            1.0000                                            260.00                                            3400.0                                            0.019792                                          -5.8013                                           18.582
42.000                                            1.0000                                            260.00                                            3400.0                                            0.020833                                          -6.6419                                           10.901
42.000                                            1.0000                                            260.00                                            3400.0                                            0.021875                                          -6.5714                                           -0.97953
42.000                                            1.0000                                            260.00                                            3400.0                                            0.022917                                          -5.4475                                           -11.367
42.000                                            1.0000                                            260.00                                            3400.0                                            0.023958                                          -3.4702                                           -19.412
42.000                                            1.0000                                            260.00                                            3400.0                                            0.025000                                          -0.98099                                          -24.917
42.000                                            1.0000                                            260.00                                            3400.0                                            0.026042                                          1.5912                                            -28.316
42.000                                            1.0000                                            260.00                                            3400.0                                            0.027083                                          3.9276                                            -27.240
42.000                                            1.0000                                            260.00                                            3400.0                                            0.028125                                          5.6329                                            -22.857
42.000                                            1.0000                                            260.00                                            3400.0                                            0.029167                                          6.5042                                            -14.399
42.000                                            1.0000                                            260.00                                            3400.0                                            0.030208                                          6.4317                                            -2.5690
42.000                                            1.0000                                            260.00                                            3400.0                                            0.031250                                          5.5258                                            13.355
42.000                                            1.0000                                            260.00                                            3400.0                                            0.032292                                          3.6692                                            24.467
42.000                                            1.0000                                            260.00                                            3400.0                                            0.033333                                          1.1539                                            29.310
42.000                                            1.0000                                            260.00                                            3400.0                                            0.034375                                          -2.3766                                           63.126
42.000                                            1.0000                                            260.00                                            3400.0                                            0.035417                                          -11.411                                           100.09
42.000                                            1.0000                                            260.00                                            3400.0                                            0.036458                                          -22.704                                           112.39
42.000                                            1.0000                                            260.00                                            3400.0                                            0.037500                                          -33.062                                           101.63
42.000                                            1.0000                                            260.00                                            3400.0                                            0.038542                                          -39.464                                           72.855
42.000                                            1.0000                                            260.00                                            3400.0                                            0.039583                                          -40.604                                           31.233
42.000                                            1.0000                                            260.00                                            3400.0                                            0.040625                                          -36.104                                           -16.421
42.000                                            1.0000                                            260.00                                            3400.0                                            0.041667                                          -26.535                                           -62.585
42.000                                            1.0000                                            260.00                                            3400.0                                            0.042708                                          -14.360                                           -102.60
42.000                                            1.0000                                            260.00                                            3400.0                                            0.043750                                          -0.62817                                          -128.48
42.000                                            1.0000                                            260.00                                            3400.0                                            0.044792                                          9.9375                                            -142.50
42.000                                            1.0000                                            260.00                                            3400.0                                            0.045833                                          14.617                                            -145.13
42.000                                            1.0000                                            260.00                                            3400.0                                            0.046875                                          16.769                                            -126.38
42.000                                            1.0000                                            260.00                                            3400.0                                            0.047917                                          18.032                                            -84.470
42.000                                            1.0000                                            260.00                                            3400.0                                            0.048958                                          18.619                                            -24.819
42.000                                            1.0000                                            260.00                                            3400.0                                            0.050000                                          18.396                                            43.389
42.000                                            1.0000                                            260.00                                            3400.0                                            0.051042                                          17.318                                            109.58
42.000                                            1.0000                                            260.00                                            3400.0                                            0.052083                                          15.086                                            162.58
42.000                                            1.0000                                            260.00                                            3400.0                                            0.053125                                          8.6360                                            186.30
42.000                                            1.0000                                            260.00                                            3400.0                                            0.054167                                          -8.1239                                           160.44
42.000                                            1.0000                                            260.00                                            3400.0                                            0.055208                                          -23.782                                           109.84
42.000                                            1.0000                                            260.00                                            3400.0                                            0.056250                                          -31.970                                           51.596
42.000                                            1.0000                                            260.00                                            3400.0                                            0.057292                                          -32.519                                           -7.9656
42.000                                            1.0000                                            260.00                                            3400.0                                            0.058333                                          -26.226                                           -61.857
42.000                                            1.0000                                            260.00                                            3600.0                                            0.0000                                            18.419                                            467.86
42.000                                            1.0000                                            260.00                                            3600.0                                            0.0010417                                         11.725                                            366.55
42.000                                            1.0000                                            260.00                                            3600.0                                            0.0020833                                         -1.7449                                           82.680
42.000                                            1.0000                                            260.00                                            3600.0                                            0.0031250                                         -5.8122                                           18.303
42.000                                            1.0000                                            260.00                                            3600.0                                            0.0041667                                         -6.8278                                           6.1785
42.000                                            1.0000                                            260.00                                            3600.0                                            0.0052083                                         -6.6706                                           -3.4986
42.000                                            1.0000                                            260.00                                            3600.0                                            0.0062500                                         -5.5182                                           -13.163
42.000                                            1.0000                                            260.00                                            3600.0                                            0.0072917                                         -3.5624                                           -21.752
42.000                                            1.0000                                            260.00                                            3600.0                                            0.0083333                                         -1.1009                                           -27.962
42.000                                            1.0000                                            260.00                                            3600.0                                            0.0093750                                         1.4552                                            -31.771
42.000                                            1.0000                                            260.00                                            3600.0                                            0.010417                                          3.7876                                            -30.796
42.000                                            1.0000                                            260.00                                            3600.0                                            0.011458                                          5.5098                                            -25.984
42.000                                            1.0000                                            260.00                                            3600.0                                            0.012500                                          6.4142                                            -16.686
42.000                                            1.0000                                            260.00                                            3600.0                                            0.013542                                          6.3975                                            -3.4375
42.000                                            1.0000                                            260.00                                            3600.0                                            0.014583                                          5.4247                                            10.788
42.000                                            1.0000                                            260.00                                            3600.0                                            0.015625                                          3.6955                                            25.133
42.000                                            1.0000                                            260.00                                            3600.0                                            0.016667                                          1.2781                                            32.464
42.000                                            1.0000                                            260.00                                            3600.0                                            0.017708                                          -1.4452                                           32.024
42.000                                            1.0000                                            260.00                                            3600.0                                            0.018750                                          -3.9086                                           27.723
42.000                                            1.0000                                            260.00                                            3600.0                                            0.019792                                          -5.6973                                           21.222
42.000                                            1.0000                                            260.00                                            3600.0                                            0.020833                                          -6.5784                                           12.514
42.000                                            1.0000                                            260.00                                            3600.0                                            0.021875                                          -6.5640                                           -0.79145
42.000                                            1.0000                                            260.00                                            3600.0                                            0.022917                                          -5.4969                                           -12.621
42.000                                            1.0000                                            260.00                                            3600.0                                            0.023958                                          -3.5648                                           -21.814
42.000                                            1.0000                                            260.00                                            3600.0                                            0.025000                                          -1.1046                                           -28.056
42.000                                            1.0000                                            260.00                                            3600.0                                            0.026042                                          1.4536                                            -31.810
42.000                                            1.0000                                            260.00                                            3600.0                                            0.027083                                          3.7872                                            -30.805
42.000                                            1.0000                                            260.00                                            3600.0                                            0.028125                                          5.5097                                            -25.987
42.000                                            1.0000                                            260.00                                            3600.0                                            0.029167                                          6.4141                                            -16.687
42.000                                            1.0000                                            260.00                                            3600.0                                            0.030208                                          6.3975                                            -3.4379
42.000                                            1.0000                                            260.00                                            3600.0                                            0.031250                                          5.5709                                            14.501
42.000                                            1.0000                                            260.00                                            3600.0                                            0.032292                                          3.7850                                            27.406
42.000                                            1.0000                                            260.00                                            3600.0                                            0.033333                                          1.3073                                            33.207
42.000                                            1.0000                                            260.00                                            3600.0                                            0.034375                                          -1.8261                                           64.425
42.000                                            1.0000                                            260.00                                            3600.0                                            0.035417                                          -9.9464                                           103.54
42.000                                            1.0000                                            260.00                                            3600.0                                            0.036458                                          -20.306                                           118.04
42.000                                            1.0000                                            260.00                                            3600.0                                            0.037500                                          -30.135                                           108.53
42.000                                            1.0000                                            260.00                                            3600.0                                            0.038542                                          -36.512                                           79.818
42.000                                            1.0000                                            260.00                                            3600.0                                            0.039583                                          -38.147                                           37.028
42.000                                            1.0000                                            260.00                                            3600.0                                            0.040625                                          -34.585                                           -12.840
42.000                                            1.0000                                            260.00                                            3600.0                                            0.041667                                          -26.244                                           -61.898
42.000                                            1.0000                                            260.00                                            3600.0                                            0.042708                                          -15.360                                           -104.96
42.000                                            1.0000                                            260.00                                            3600.0                                            0.043750                                          -2.6649                                           -133.29
42.000                                            1.0000                                            260.00                                            3600.0                                            0.044792                                          7.9946                                            -147.08
42.000                                            1.0000                                            260.00                                            3600.0                                            0.045833                                          13.222                                            -148.42
42.000                                            1.0000                                            260.00                                            3600.0                                            0.046875                                          15.394                                            -129.63
42.000                                            1.0000                                            260.00                                            3600.0                                            0.047917                                          16.533                                            -88.006
42.000                                            1.0000                                            260.00                                            3600.0                                            0.048958                                          16.991                                            -28.658
42.000                                            1.0000                                            260.00                                            3600.0                                            0.050000                                          16.801                                            39.627
42.000                                            1.0000                                            260.00                                            3600.0                                            0.051042                                          15.808                                            106.02
42.000                                            1.0000                                            260.00                                            3600.0                                            0.052083                                          13.630                                            159.15
42.000                                            1.0000                                            260.00                                            3600.0                                            0.053125                                          6.8892                                            182.18
42.000                                            1.0000                                            260.00                                            3600.0                                            0.054167                                          -7.9782                                           160.79
42.000                                            1.0000                                            260.00                                            3600.0                                            0.055208                                          -21.569                                           115.06
42.000                                            1.0000                                            260.00                                            3600.0                                            0.056250                                          -29.172                                           58.196
42.000                                            1.0000                                            260.00                                            3600.0                                            0.057292                                          -30.267                                           -2.6547
42.000                                            1.0000                                            260.00                                            3600.0                                            0.058333                                          -25.282                                           -59.630
42.000                                            1.0000                                            270.00                                            3200.0                                            0.0000                                            21.475                                            545.48
42.000                                            1.0000                                            270.00                                            3200.0                                            0.0010417                                         9.6364                                            313.50
42.000                                            1.0000                                            270.00                                            3200.0                                            0.0020833                                         -3.8426                                           29.399
42.000                                            1.0000                                            270.00                                            3200.0                                            0.0031250                                         -6.0754                                           11.618
42.000                                            1.0000                                            270.00                                            3200.0                                            0.0041667                                         -6.8512                                           5.5845
42.000                                            1.0000                                            270.00                                            3200.0                                            0.0052083                                         -6.6170                                           -2.1384
42.000                                            1.0000                                            270.00                                            3200.0                                            0.0062500                                         -5.3974                                           -10.093
42.000                                            1.0000                                            270.00                                            3200.0                                            0.0072917                                         -3.3701                                           -16.869
42.000                                            1.0000                                            270.00                                            3200.0                                            0.0083333                                         -0.84949                                          -21.577
42.000                                            1.0000                                            270.00                                            3200.0                                            0.0093750                                         1.7533                                            -24.197
42.000                                            1.0000                                            270.00                                            3200.0                                            0.010417                                          4.0769                                            -23.447
42.000                                            1.0000                                            270.00                                            3200.0                                            0.011458                                          5.7659                                            -19.479
42.000                                            1.0000                                            270.00                                            3200.0                                            0.012500                                          6.6010                                            -11.940
42.000                                            1.0000                                            270.00                                            3200.0                                            0.013542                                          6.4606                                            -1.8340
42.000                                            1.0000                                            270.00                                            3200.0                                            0.014583                                          5.3398                                            8.6307
42.000                                            1.0000                                            270.00                                            3200.0                                            0.015625                                          3.4739                                            19.506
42.000                                            1.0000                                            270.00                                            3200.0                                            0.016667                                          0.97670                                           24.808
42.000                                            1.0000                                            270.00                                            3200.0                                            0.017708                                          -1.7841                                           23.415
42.000                                            1.0000                                            270.00                                            3200.0                                            0.018750                                          -4.1831                                           20.749
42.000                                            1.0000                                            270.00                                            3200.0                                            0.019792                                          -5.9015                                           16.035
42.000                                            1.0000                                            270.00                                            3200.0                                            0.020833                                          -6.7003                                           9.4174
42.000                                            1.0000                                            270.00                                            3200.0                                            0.021875                                          -6.5738                                           -1.0401
42.000                                            1.0000                                            270.00                                            3200.0                                            0.022917                                          -5.3952                                           -10.038
42.000                                            1.0000                                            270.00                                            3200.0                                            0.023958                                          -3.3736                                           -16.959
42.000                                            1.0000                                            270.00                                            3200.0                                            0.025000                                          -0.85120                                          -21.621
42.000                                            1.0000                                            270.00                                            3200.0                                            0.026042                                          1.7535                                            -24.194
42.000                                            1.0000                                            270.00                                            3200.0                                            0.027083                                          4.0770                                            -23.444
42.000                                            1.0000                                            270.00                                            3200.0                                            0.028125                                          5.7659                                            -19.480
42.000                                            1.0000                                            270.00                                            3200.0                                            0.029167                                          6.6007                                            -11.948
42.000                                            1.0000                                            270.00                                            3200.0                                            0.030208                                          6.4602                                            -1.8434
42.000                                            1.0000                                            270.00                                            3200.0                                            0.031250                                          5.4609                                            11.706
42.000                                            1.0000                                            270.00                                            3200.0                                            0.032292                                          3.5341                                            21.033
42.000                                            1.0000                                            270.00                                            3200.0                                            0.033333                                          0.99042                                           25.157
42.000                                            1.0000                                            270.00                                            3200.0                                            0.034375                                          -3.1127                                           61.390
42.000                                            1.0000                                            270.00                                            3200.0                                            0.035417                                          -13.206                                           95.852
42.000                                            1.0000                                            270.00                                            3200.0                                            0.036458                                          -25.462                                           105.88
42.000                                            1.0000                                            270.00                                            3200.0                                            0.037500                                          -36.275                                           94.048
42.000                                            1.0000                                            270.00                                            3200.0                                            0.038542                                          -42.567                                           65.535
42.000                                            1.0000                                            270.00                                            3200.0                                            0.039583                                          -43.056                                           25.450
42.000                                            1.0000                                            270.00                                            3200.0                                            0.040625                                          -39.051                                           -23.373
42.000                                            1.0000                                            270.00                                            3200.0                                            0.041667                                          -29.587                                           -69.784
42.000                                            1.0000                                            270.00                                            3200.0                                            0.042708                                          -15.699                                           -105.76
42.000                                            1.0000                                            270.00                                            3200.0                                            0.043750                                          -0.015124                                         -127.04
42.000                                            1.0000                                            270.00                                            3200.0                                            0.044792                                          11.631                                            -138.50
42.000                                            1.0000                                            270.00                                            3200.0                                            0.045833                                          16.498                                            -140.69
42.000                                            1.0000                                            270.00                                            3200.0                                            0.046875                                          18.756                                            -121.70
42.000                                            1.0000                                            270.00                                            3200.0                                            0.047917                                          20.080                                            -79.641
42.000                                            1.0000                                            270.00                                            3200.0                                            0.048958                                          20.662                                            -19.998
42.000                                            1.0000                                            270.00                                            3200.0                                            0.050000                                          20.323                                            47.933
42.000                                            1.0000                                            270.00                                            3200.0                                            0.051042                                          19.008                                            113.56
42.000                                            1.0000                                            270.00                                            3200.0                                            0.052083                                          16.268                                            165.37
42.000                                            1.0000                                            270.00                                            3200.0                                            0.053125                                          6.8794                                            182.16
42.000                                            1.0000                                            270.00                                            3200.0                                            0.054167                                          -13.507                                           147.75
42.000                                            1.0000                                            270.00                                            3200.0                                            0.055208                                          -29.310                                           96.805
42.000                                            1.0000                                            270.00                                            3200.0                                            0.056250                                          -36.716                                           40.403
42.000                                            1.0000                                            270.00                                            3200.0                                            0.057292                                          -35.897                                           -15.933
42.000                                            1.0000                                            270.00                                            3200.0                                            0.058333                                          -27.951                                           -65.925
42.000                                            1.0000                                            270.00                                            3400.0                                            0.0000                                            20.232                                            513.91
42.000                                            1.0000                                            270.00                                            3400.0                                            0.0010417                                         11.107                                            350.84
42.000                                            1.0000                                            270.00                                            3400.0                                            0.0020833                                         -2.9557                                           51.926
42.000                                            1.0000                                            270.00                                            3400.0                                            0.0031250                                         -5.9122                                           15.763
42.000                                            1.0000                                            270.00                                            3400.0                                            0.0041667                                         -6.8322                                           6.0678
42.000                                            1.0000                                            270.00                                            3400.0                                            0.0052083                                         -6.6427                                           -2.7900
42.000                                            1.0000                                            270.00                                            3400.0                                            0.0062500                                         -5.4561                                           -11.585
42.000                                            1.0000                                            270.00                                            3400.0                                            0.0072917                                         -3.4615                                           -19.191
42.000                                            1.0000                                            270.00                                            3400.0                                            0.0083333                                         -0.96537                                          -24.520
42.000                                            1.0000                                            270.00                                            3400.0                                            0.0093750                                         1.6261                                            -27.430
42.000                                            1.0000                                            270.00                                            3400.0                                            0.010417                                          3.9483                                            -26.714
42.000                                            1.0000                                            270.00                                            3400.0                                            0.011458                                          5.6553                                            -22.288
42.000                                            1.0000                                            270.00                                            3400.0                                            0.012500                                          6.5249                                            -13.873
42.000                                            1.0000                                            270.00                                            3400.0                                            0.013542                                          6.4370                                            -2.4346
42.000                                            1.0000                                            270.00                                            3400.0                                            0.014583                                          5.3762                                            9.5557
42.000                                            1.0000                                            270.00                                            3400.0                                            0.015625                                          3.5709                                            21.969
42.000                                            1.0000                                            270.00                                            3400.0                                            0.016667                                          1.1139                                            28.294
42.000                                            1.0000                                            270.00                                            3400.0                                            0.017708                                          -1.6412                                           27.045
42.000                                            1.0000                                            270.00                                            3400.0                                            0.018750                                          -4.0618                                           23.831
42.000                                            1.0000                                            270.00                                            3400.0                                            0.019792                                          -5.8089                                           18.388
42.000                                            1.0000                                            270.00                                            3400.0                                            0.020833                                          -6.6449                                           10.825
42.000                                            1.0000                                            270.00                                            3400.0                                            0.021875                                          -6.5713                                           -0.97626
42.000                                            1.0000                                            270.00                                            3400.0                                            0.022917                                          -5.4451                                           -11.306
42.000                                            1.0000                                            270.00                                            3400.0                                            0.023958                                          -3.4645                                           -19.268
42.000                                            1.0000                                            270.00                                            3400.0                                            0.025000                                          -0.96808                                          -24.589
42.000                                            1.0000                                            270.00                                            3400.0                                            0.026042                                          1.6252                                            -27.453
42.000                                            1.0000                                            270.00                                            3400.0                                            0.027083                                          3.9483                                            -26.714
42.000                                            1.0000                                            270.00                                            3400.0                                            0.028125                                          5.6553                                            -22.288
42.000                                            1.0000                                            270.00                                            3400.0                                            0.029167                                          6.5248                                            -13.874
42.000                                            1.0000                                            270.00                                            3400.0                                            0.030208                                          6.4369                                            -2.4365
42.000                                            1.0000                                            270.00                                            3400.0                                            0.031250                                          5.5083                                            12.910
42.000                                            1.0000                                            270.00                                            3400.0                                            0.032292                                          3.6427                                            23.793
42.000                                            1.0000                                            270.00                                            3400.0                                            0.033333                                          1.1335                                            28.792
42.000                                            1.0000                                            270.00                                            3400.0                                            0.034375                                          -2.4983                                           62.839
42.000                                            1.0000                                            270.00                                            3400.0                                            0.035417                                          -11.558                                           99.740
42.000                                            1.0000                                            270.00                                            3400.0                                            0.036458                                          -22.812                                           112.13
42.000                                            1.0000                                            270.00                                            3400.0                                            0.037500                                          -33.134                                           101.46
42.000                                            1.0000                                            270.00                                            3400.0                                            0.038542                                          -39.511                                           72.744
42.000                                            1.0000                                            270.00                                            3400.0                                            0.039583                                          -40.638                                           31.153
42.000                                            1.0000                                            270.00                                            3400.0                                            0.040625                                          -36.133                                           -16.491
42.000                                            1.0000                                            270.00                                            3400.0                                            0.041667                                          -26.565                                           -62.654
42.000                                            1.0000                                            270.00                                            3400.0                                            0.042708                                          -14.382                                           -102.65
42.000                                            1.0000                                            270.00                                            3400.0                                            0.043750                                          -0.57075                                          -128.35
42.000                                            1.0000                                            270.00                                            3400.0                                            0.044792                                          10.290                                            -141.66
42.000                                            1.0000                                            270.00                                            3400.0                                            0.045833                                          15.213                                            -143.72
42.000                                            1.0000                                            270.00                                            3400.0                                            0.046875                                          17.409                                            -124.87
42.000                                            1.0000                                            270.00                                            3400.0                                            0.047917                                          18.666                                            -82.975
42.000                                            1.0000                                            270.00                                            3400.0                                            0.048958                                          19.225                                            -23.389
42.000                                            1.0000                                            270.00                                            3400.0                                            0.050000                                          18.963                                            44.725
42.000                                            1.0000                                            270.00                                            3400.0                                            0.051042                                          17.840                                            110.81
42.000                                            1.0000                                            270.00                                            3400.0                                            0.052083                                          15.409                                            163.34
42.000                                            1.0000                                            270.00                                            3400.0                                            0.053125                                          7.6451                                            183.96
42.000                                            1.0000                                            270.00                                            3400.0                                            0.054167                                          -9.8796                                           156.30
42.000                                            1.0000                                            270.00                                            3400.0                                            0.055208                                          -24.749                                           107.56
42.000                                            1.0000                                            270.00                                            3400.0                                            0.056250                                          -32.488                                           50.374
42.000                                            1.0000                                            270.00                                            3400.0                                            0.057292                                          -32.867                                           -8.7884
42.000                                            1.0000                                            270.00                                            3400.0                                            0.058333                                          -26.609                                           -62.759
42.000                                            1.0000                                            270.00                                            3600.0                                            0.0000                                            19.127                                            485.84
42.000                                            1.0000                                            270.00                                            3600.0                                            0.0010417                                         11.835                                            369.35
42.000                                            1.0000                                            270.00                                            3600.0                                            0.0020833                                         -2.1499                                           72.393
42.000                                            1.0000                                            270.00                                            3600.0                                            0.0031250                                         -5.9084                                           15.861
42.000                                            1.0000                                            270.00                                            3600.0                                            0.0041667                                         -6.8229                                           6.3025
42.000                                            1.0000                                            270.00                                            3600.0                                            0.0052083                                         -6.6557                                           -3.1216
42.000                                            1.0000                                            270.00                                            3600.0                                            0.0062500                                         -5.5097                                           -12.946
42.000                                            1.0000                                            270.00                                            3600.0                                            0.0072917                                         -3.5556                                           -21.579
42.000                                            1.0000                                            270.00                                            3600.0                                            0.0083333                                         -1.0882                                           -27.641
42.000                                            1.0000                                            270.00                                            3600.0                                            0.0093750                                         1.4904                                            -30.875
42.000                                            1.0000                                            270.00                                            3600.0                                            0.010417                                          3.8106                                            -30.210
42.000                                            1.0000                                            270.00                                            3600.0                                            0.011458                                          5.5355                                            -25.332
42.000                                            1.0000                                            270.00                                            3600.0                                            0.012500                                          6.4398                                            -16.035
42.000                                            1.0000                                            270.00                                            3600.0                                            0.013542                                          6.4060                                            -3.2201
42.000                                            1.0000                                            270.00                                            3600.0                                            0.014583                                          5.4095                                            10.402
42.000                                            1.0000                                            270.00                                            3600.0                                            0.015625                                          3.6696                                            24.475
42.000                                            1.0000                                            270.00                                            3600.0                                            0.016667                                          1.2566                                            31.918
42.000                                            1.0000                                            270.00                                            3600.0                                            0.017708                                          -1.4845                                           31.025
42.000                                            1.0000                                            270.00                                            3600.0                                            0.018750                                          -3.9283                                           27.222
42.000                                            1.0000                                            270.00                                            3600.0                                            0.019792                                          -5.7062                                           20.997
42.000                                            1.0000                                            270.00                                            3600.0                                            0.020833                                          -6.5820                                           12.421
42.000                                            1.0000                                            270.00                                            3600.0                                            0.021875                                          -6.5641                                           -0.79476
42.000                                            1.0000                                            270.00                                            3600.0                                            0.022917                                          -5.4946                                           -12.562
42.000                                            1.0000                                            270.00                                            3600.0                                            0.023958                                          -3.5592                                           -21.672
42.000                                            1.0000                                            270.00                                            3600.0                                            0.025000                                          -1.0918                                           -27.731
42.000                                            1.0000                                            270.00                                            3600.0                                            0.026042                                          1.4891                                            -30.908
42.000                                            1.0000                                            270.00                                            3600.0                                            0.027083                                          3.8104                                            -30.217
42.000                                            1.0000                                            270.00                                            3600.0                                            0.028125                                          5.5354                                            -25.334
42.000                                            1.0000                                            270.00                                            3600.0                                            0.029167                                          6.4397                                            -16.036
42.000                                            1.0000                                            270.00                                            3600.0                                            0.030208                                          6.4060                                            -3.2203
42.000                                            1.0000                                            270.00                                            3600.0                                            0.031250                                          5.5518                                            14.016
42.000                                            1.0000                                            270.00                                            3600.0                                            0.032292                                          3.7539                                            26.616
42.000                                            1.0000                                            270.00                                            3600.0                                            0.033333                                          1.2832                                            32.595
42.000                                            1.0000                                            270.00                                            3600.0                                            0.034375                                          -1.9416                                           64.153
42.000                                            1.0000                                            270.00                                            3600.0                                            0.035417                                          -10.087                                           103.21
42.000                                            1.0000                                            270.00                                            3600.0                                            0.036458                                          -20.422                                           117.77
42.000                                            1.0000                                            270.00                                            3600.0                                            0.037500                                          -30.217                                           108.34
42.000                                            1.0000                                            270.00                                            3600.0                                            0.038542                                          -36.569                                           79.684
42.000                                            1.0000                                            270.00                                            3600.0                                            0.039583                                          -38.188                                           36.930
42.000                                            1.0000                                            270.00                                            3600.0                                            0.040625                                          -34.620                                           -12.922
42.000                                            1.0000                                            270.00                                            3600.0                                            0.041667                                          -26.277                                           -61.976
42.000                                            1.0000                                            270.00                                            3600.0                                            0.042708                                          -15.388                                           -105.02
42.000                                            1.0000                                            270.00                                            3600.0                                            0.043750                                          -2.6430                                           -133.23
42.000                                            1.0000                                            270.00                                            3600.0                                            0.044792                                          8.2768                                            -146.41
42.000                                            1.0000                                            270.00                                            3600.0                                            0.045833                                          13.759                                            -147.15
42.000                                            1.0000                                            270.00                                            3600.0                                            0.046875                                          15.997                                            -128.20
42.000                                            1.0000                                            270.00                                            3600.0                                            0.047917                                          17.142                                            -86.569
42.000                                            1.0000                                            270.00                                            3600.0                                            0.048958                                          17.580                                            -27.268
42.000                                            1.0000                                            270.00                                            3600.0                                            0.050000                                          17.371                                            40.971
42.000                                            1.0000                                            270.00                                            3600.0                                            0.051042                                          16.334                                            107.26
42.000                                            1.0000                                            270.00                                            3600.0                                            0.052083                                          13.992                                            160.00
42.000                                            1.0000                                            270.00                                            3600.0                                            0.053125                                          6.8491                                            182.09
42.000                                            1.0000                                            270.00                                            3600.0                                            0.054167                                          -8.3176                                           159.99
42.000                                            1.0000                                            270.00                                            3600.0                                            0.055208                                          -21.839                                           114.42
42.000                                            1.0000                                            270.00                                            3600.0                                            0.056250                                          -29.363                                           57.746
42.000                                            1.0000                                            270.00                                            3600.0                                            0.057292                                          -30.403                                           -2.9749
42.000                                            1.0000                                            270.00                                            3600.0                                            0.058333                                          -25.384                                           -59.870
42.000                                            1.0000                                            280.00                                            3200.0                                            0.0000                                            22.270                                            565.67
42.000                                            1.0000                                            280.00                                            3200.0                                            0.0010417                                         9.3336                                            305.81
42.000                                            1.0000                                            280.00                                            3200.0                                            0.0020833                                         -3.9456                                           26.782
42.000                                            1.0000                                            280.00                                            3200.0                                            0.0031250                                         -6.0672                                           11.827
42.000                                            1.0000                                            280.00                                            3200.0                                            0.0041667                                         -6.8497                                           5.6222
42.000                                            1.0000                                            280.00                                            3200.0                                            0.0052083                                         -6.6168                                           -2.1337
42.000                                            1.0000                                            280.00                                            3200.0                                            0.0062500                                         -5.3959                                           -10.055
42.000                                            1.0000                                            280.00                                            3200.0                                            0.0072917                                         -3.3655                                           -16.753
42.000                                            1.0000                                            280.00                                            3200.0                                            0.0083333                                         -0.83917                                          -21.315
42.000                                            1.0000                                            280.00                                            3200.0                                            0.0093750                                         1.7846                                            -23.402
42.000                                            1.0000                                            280.00                                            3200.0                                            0.010417                                          4.0949                                            -22.989
42.000                                            1.0000                                            280.00                                            3200.0                                            0.011458                                          5.7818                                            -19.076
42.000                                            1.0000                                            280.00                                            3200.0                                            0.012500                                          6.6133                                            -11.627
42.000                                            1.0000                                            280.00                                            3200.0                                            0.013542                                          6.4624                                            -1.7874
42.000                                            1.0000                                            280.00                                            3200.0                                            0.014583                                          5.3303                                            8.3894
42.000                                            1.0000                                            280.00                                            3200.0                                            0.015625                                          3.4593                                            19.134
42.000                                            1.0000                                            280.00                                            3200.0                                            0.016667                                          0.94795                                           24.078
42.000                                            1.0000                                            280.00                                            3200.0                                            0.017708                                          -1.8056                                           22.868
42.000                                            1.0000                                            280.00                                            3200.0                                            0.018750                                          -4.1937                                           20.480
42.000                                            1.0000                                            280.00                                            3200.0                                            0.019792                                          -5.9064                                           15.911
42.000                                            1.0000                                            280.00                                            3200.0                                            0.020833                                          -6.7023                                           9.3669
42.000                                            1.0000                                            280.00                                            3200.0                                            0.021875                                          -6.5735                                           -1.0339
42.000                                            1.0000                                            280.00                                            3200.0                                            0.022917                                          -5.3930                                           -9.9834
42.000                                            1.0000                                            280.00                                            3200.0                                            0.023958                                          -3.3689                                           -16.838
42.000                                            1.0000                                            280.00                                            3200.0                                            0.025000                                          -0.84116                                          -21.365
42.000                                            1.0000                                            280.00                                            3200.0                                            0.026042                                          1.7841                                            -23.415
42.000                                            1.0000                                            280.00                                            3200.0                                            0.027083                                          4.0951                                            -22.985
42.000                                            1.0000                                            280.00                                            3200.0                                            0.028125                                          5.7818                                            -19.075
42.000                                            1.0000                                            280.00                                            3200.0                                            0.029167                                          6.6132                                            -11.631
42.000                                            1.0000                                            280.00                                            3200.0                                            0.030208                                          6.4622                                            -1.7929
42.000                                            1.0000                                            280.00                                            3200.0                                            0.031250                                          5.4489                                            11.403
42.000                                            1.0000                                            280.00                                            3200.0                                            0.032292                                          3.5168                                            20.595
42.000                                            1.0000                                            280.00                                            3200.0                                            0.033333                                          0.96098                                           24.409
42.000                                            1.0000                                            280.00                                            3200.0                                            0.034375                                          -3.9268                                           59.470
42.000                                            1.0000                                            280.00                                            3200.0                                            0.035417                                          -14.765                                           92.177
42.000                                            1.0000                                            280.00                                            3200.0                                            0.036458                                          -27.201                                           101.78
42.000                                            1.0000                                            280.00                                            3200.0                                            0.037500                                          -37.507                                           91.143
42.000                                            1.0000                                            280.00                                            3200.0                                            0.038542                                          -43.438                                           63.481
42.000                                            1.0000                                            280.00                                            3200.0                                            0.039583                                          -43.672                                           23.996
42.000                                            1.0000                                            280.00                                            3200.0                                            0.040625                                          -39.471                                           -24.364
42.000                                            1.0000                                            280.00                                            3200.0                                            0.041667                                          -29.872                                           -70.455
42.000                                            1.0000                                            280.00                                            3200.0                                            0.042708                                          -15.886                                           -106.20
42.000                                            1.0000                                            280.00                                            3200.0                                            0.043750                                          -0.052166                                         -127.12
42.000                                            1.0000                                            280.00                                            3200.0                                            0.044792                                          11.982                                            -137.67
42.000                                            1.0000                                            280.00                                            3200.0                                            0.045833                                          17.130                                            -139.20
42.000                                            1.0000                                            280.00                                            3200.0                                            0.046875                                          19.423                                            -120.12
42.000                                            1.0000                                            280.00                                            3200.0                                            0.047917                                          20.737                                            -78.090
42.000                                            1.0000                                            280.00                                            3200.0                                            0.048958                                          21.293                                            -18.511
42.000                                            1.0000                                            280.00                                            3200.0                                            0.050000                                          20.944                                            49.397
42.000                                            1.0000                                            280.00                                            3200.0                                            0.051042                                          19.621                                            115.01
42.000                                            1.0000                                            280.00                                            3200.0                                            0.052083                                          16.720                                            166.44
42.000                                            1.0000                                            280.00                                            3200.0                                            0.053125                                          6.6466                                            181.61
42.000                                            1.0000                                            280.00                                            3200.0                                            0.054167                                          -13.846                                           146.95
42.000                                            1.0000                                            280.00                                            3200.0                                            0.055208                                          -29.698                                           95.888
42.000                                            1.0000                                            280.00                                            3200.0                                            0.056250                                          -37.000                                           39.732
42.000                                            1.0000                                            280.00                                            3200.0                                            0.057292                                          -36.004                                           -16.186
42.000                                            1.0000                                            280.00                                            3200.0                                            0.058333                                          -27.810                                           -65.592
42.000                                            1.0000                                            280.00                                            3400.0                                            0.0000                                            20.981                                            532.93
42.000                                            1.0000                                            280.00                                            3400.0                                            0.0010417                                         10.981                                            347.64
42.000                                            1.0000                                            280.00                                            3400.0                                            0.0020833                                         -3.3526                                           41.843
42.000                                            1.0000                                            280.00                                            3400.0                                            0.0031250                                         -6.0367                                           12.602
42.000                                            1.0000                                            280.00                                            3400.0                                            0.0041667                                         -6.8312                                           6.0934
42.000                                            1.0000                                            280.00                                            3400.0                                            0.0052083                                         -6.6276                                           -2.4082
42.000                                            1.0000                                            280.00                                            3400.0                                            0.0062500                                         -5.4477                                           -11.371
42.000                                            1.0000                                            280.00                                            3400.0                                            0.0072917                                         -3.4557                                           -19.043
42.000                                            1.0000                                            280.00                                            3400.0                                            0.0083333                                         -0.95552                                          -24.270
42.000                                            1.0000                                            280.00                                            3400.0                                            0.0093750                                         1.6574                                            -26.633
42.000                                            1.0000                                            280.00                                            3400.0                                            0.010417                                          3.9690                                            -26.188
42.000                                            1.0000                                            280.00                                            3400.0                                            0.011458                                          5.6740                                            -21.814
42.000                                            1.0000                                            280.00                                            3400.0                                            0.012500                                          6.5403                                            -13.482
42.000                                            1.0000                                            280.00                                            3400.0                                            0.013542                                          6.4405                                            -2.3449
42.000                                            1.0000                                            280.00                                            3400.0                                            0.014583                                          5.3659                                            9.2927
42.000                                            1.0000                                            280.00                                            3400.0                                            0.015625                                          3.5538                                            21.534
42.000                                            1.0000                                            280.00                                            3400.0                                            0.016667                                          1.0854                                            27.569
42.000                                            1.0000                                            280.00                                            3400.0                                            0.017708                                          -1.6668                                           26.394
42.000                                            1.0000                                            280.00                                            3400.0                                            0.018750                                          -4.0744                                           23.509
42.000                                            1.0000                                            280.00                                            3400.0                                            0.019792                                          -5.8147                                           18.240
42.000                                            1.0000                                            280.00                                            3400.0                                            0.020833                                          -6.6473                                           10.763
42.000                                            1.0000                                            280.00                                            3400.0                                            0.021875                                          -6.5711                                           -0.97356
42.000                                            1.0000                                            280.00                                            3400.0                                            0.022917                                          -5.4430                                           -11.253
42.000                                            1.0000                                            280.00                                            3400.0                                            0.023958                                          -3.4598                                           -19.147
42.000                                            1.0000                                            280.00                                            3400.0                                            0.025000                                          -0.95786                                          -24.330
42.000                                            1.0000                                            280.00                                            3400.0                                            0.026042                                          1.6568                                            -26.648
42.000                                            1.0000                                            280.00                                            3400.0                                            0.027083                                          3.9690                                            -26.189
42.000                                            1.0000                                            280.00                                            3400.0                                            0.028125                                          5.6740                                            -21.815
42.000                                            1.0000                                            280.00                                            3400.0                                            0.029167                                          6.5403                                            -13.482
42.000                                            1.0000                                            280.00                                            3400.0                                            0.030208                                          6.4405                                            -2.3449
42.000                                            1.0000                                            280.00                                            3400.0                                            0.031250                                          5.4953                                            12.580
42.000                                            1.0000                                            280.00                                            3400.0                                            0.032292                                          3.6226                                            23.283
42.000                                            1.0000                                            280.00                                            3400.0                                            0.033333                                          1.1040                                            28.041
42.000                                            1.0000                                            280.00                                            3400.0                                            0.034375                                          -2.5889                                           62.626
42.000                                            1.0000                                            280.00                                            3400.0                                            0.035417                                          -11.662                                           99.494
42.000                                            1.0000                                            280.00                                            3400.0                                            0.036458                                          -22.896                                           111.93
42.000                                            1.0000                                            280.00                                            3400.0                                            0.037500                                          -33.191                                           101.32
42.000                                            1.0000                                            280.00                                            3400.0                                            0.038542                                          -39.546                                           72.661
42.000                                            1.0000                                            280.00                                            3400.0                                            0.039583                                          -40.662                                           31.097
42.000                                            1.0000                                            280.00                                            3400.0                                            0.040625                                          -36.155                                           -16.543
42.000                                            1.0000                                            280.00                                            3400.0                                            0.041667                                          -26.589                                           -62.711
42.000                                            1.0000                                            280.00                                            3400.0                                            0.042708                                          -14.401                                           -102.70
42.000                                            1.0000                                            280.00                                            3400.0                                            0.043750                                          -0.52411                                          -128.24
42.000                                            1.0000                                            280.00                                            3400.0                                            0.044792                                          10.625                                            -140.87
42.000                                            1.0000                                            280.00                                            3400.0                                            0.045833                                          15.801                                            -142.34
42.000                                            1.0000                                            280.00                                            3400.0                                            0.046875                                          18.047                                            -123.37
42.000                                            1.0000                                            280.00                                            3400.0                                            0.047917                                          19.301                                            -81.477
42.000                                            1.0000                                            280.00                                            3400.0                                            0.048958                                          19.837                                            -21.946
42.000                                            1.0000                                            280.00                                            3400.0                                            0.050000                                          19.553                                            46.116
42.000                                            1.0000                                            280.00                                            3400.0                                            0.051042                                          18.387                                            112.10
42.000                                            1.0000                                            280.00                                            3400.0                                            0.052083                                          15.769                                            164.19
42.000                                            1.0000                                            280.00                                            3400.0                                            0.053125                                          6.9475                                            182.32
42.000                                            1.0000                                            280.00                                            3400.0                                            0.054167                                          -10.976                                           153.72
42.000                                            1.0000                                            280.00                                            3400.0                                            0.055208                                          -25.555                                           105.66
42.000                                            1.0000                                            280.00                                            3400.0                                            0.056250                                          -33.049                                           49.052
42.000                                            1.0000                                            280.00                                            3400.0                                            0.057292                                          -33.252                                           -9.6948
42.000                                            1.0000                                            280.00                                            3400.0                                            0.058333                                          -26.877                                           -63.390
42.000                                            1.0000                                            280.00                                            3600.0                                            0.0000                                            19.835                                            503.82
42.000                                            1.0000                                            280.00                                            3600.0                                            0.0010417                                         11.947                                            372.19
42.000                                            1.0000                                            280.00                                            3600.0                                            0.0020833                                         -2.3764                                           66.641
42.000                                            1.0000                                            280.00                                            3600.0                                            0.0031250                                         -5.9201                                           15.562
42.000                                            1.0000                                            280.00                                            3600.0                                            0.0041667                                         -6.7390                                           8.4348
42.000                                            1.0000                                            280.00                                            3600.0                                            0.0052083                                         -6.4839                                           1.2420
42.000                                            1.0000                                            280.00                                            3600.0                                            0.0062500                                         -5.3268                                           -8.2995
42.000                                            1.0000                                            280.00                                            3600.0                                            0.0072917                                         -3.3880                                           -17.324
42.000                                            1.0000                                            280.00                                            3600.0                                            0.0083333                                         -0.95447                                          -24.244
42.000                                            1.0000                                            280.00                                            3600.0                                            0.0093750                                         1.5929                                            -28.272
42.000                                            1.0000                                            280.00                                            3600.0                                            0.010417                                          3.8511                                            -29.181
42.000                                            1.0000                                            280.00                                            3600.0                                            0.011458                                          5.5624                                            -24.648
42.000                                            1.0000                                            280.00                                            3600.0                                            0.012500                                          6.4605                                            -15.508
42.000                                            1.0000                                            280.00                                            3600.0                                            0.013542                                          6.4126                                            -3.0545
42.000                                            1.0000                                            280.00                                            3600.0                                            0.014583                                          5.3989                                            10.131
42.000                                            1.0000                                            280.00                                            3600.0                                            0.015625                                          3.6501                                            23.979
42.000                                            1.0000                                            280.00                                            3600.0                                            0.016667                                          1.2296                                            31.233
42.000                                            1.0000                                            280.00                                            3600.0                                            0.017708                                          -1.5159                                           30.229
42.000                                            1.0000                                            280.00                                            3600.0                                            0.018750                                          -3.9438                                           26.829
42.000                                            1.0000                                            280.00                                            3600.0                                            0.019792                                          -5.7132                                           20.817
42.000                                            1.0000                                            280.00                                            3600.0                                            0.020833                                          -6.5850                                           12.347
42.000                                            1.0000                                            280.00                                            3600.0                                            0.021875                                          -6.5642                                           -0.79722
42.000                                            1.0000                                            280.00                                            3600.0                                            0.022917                                          -5.4926                                           -12.513
42.000                                            1.0000                                            280.00                                            3600.0                                            0.023958                                          -3.5546                                           -21.555
42.000                                            1.0000                                            280.00                                            3600.0                                            0.025000                                          -1.0816                                           -27.473
42.000                                            1.0000                                            280.00                                            3600.0                                            0.026042                                          1.5211                                            -30.097
42.000                                            1.0000                                            280.00                                            3600.0                                            0.027083                                          3.8339                                            -29.619
42.000                                            1.0000                                            280.00                                            3600.0                                            0.028125                                          5.5570                                            -24.787
42.000                                            1.0000                                            280.00                                            3600.0                                            0.029167                                          6.4587                                            -15.554
42.000                                            1.0000                                            280.00                                            3600.0                                            0.030208                                          6.4120                                            -3.0699
42.000                                            1.0000                                            280.00                                            3600.0                                            0.031250                                          5.5381                                            13.667
42.000                                            1.0000                                            280.00                                            3600.0                                            0.032292                                          3.7307                                            26.028
42.000                                            1.0000                                            280.00                                            3600.0                                            0.033333                                          1.2551                                            31.878
42.000                                            1.0000                                            280.00                                            3600.0                                            0.034375                                          -2.0376                                           63.926
42.000                                            1.0000                                            280.00                                            3600.0                                            0.035417                                          -10.203                                           102.94
42.000                                            1.0000                                            280.00                                            3600.0                                            0.036458                                          -20.515                                           117.55
42.000                                            1.0000                                            280.00                                            3600.0                                            0.037500                                          -30.282                                           108.18
42.000                                            1.0000                                            280.00                                            3600.0                                            0.038542                                          -36.612                                           79.582
42.000                                            1.0000                                            280.00                                            3600.0                                            0.039583                                          -38.220                                           36.856
42.000                                            1.0000                                            280.00                                            3600.0                                            0.040625                                          -34.648                                           -12.987
42.000                                            1.0000                                            280.00                                            3600.0                                            0.041667                                          -26.305                                           -62.042
42.000                                            1.0000                                            280.00                                            3600.0                                            0.042708                                          -15.412                                           -105.08
42.000                                            1.0000                                            280.00                                            3600.0                                            0.043750                                          -2.6226                                           -133.19
42.000                                            1.0000                                            280.00                                            3600.0                                            0.044792                                          8.5478                                            -145.77
42.000                                            1.0000                                            280.00                                            3600.0                                            0.045833                                          14.277                                            -145.93
42.000                                            1.0000                                            280.00                                            3600.0                                            0.046875                                          16.595                                            -126.79
42.000                                            1.0000                                            280.00                                            3600.0                                            0.047917                                          17.851                                            -84.898
42.000                                            1.0000                                            280.00                                            3600.0                                            0.048958                                          18.362                                            -25.423
42.000                                            1.0000                                            280.00                                            3600.0                                            0.050000                                          18.153                                            42.816
42.000                                            1.0000                                            280.00                                            3600.0                                            0.051042                                          17.092                                            109.05
42.000                                            1.0000                                            280.00                                            3600.0                                            0.052083                                          14.660                                            161.58
42.000                                            1.0000                                            280.00                                            3600.0                                            0.053125                                          6.8356                                            182.06
42.000                                            1.0000                                            280.00                                            3600.0                                            0.054167                                          -8.9948                                           158.39
42.000                                            1.0000                                            280.00                                            3600.0                                            0.055208                                          -22.610                                           112.61
42.000                                            1.0000                                            280.00                                            3600.0                                            0.056250                                          -30.123                                           55.954
42.000                                            1.0000                                            280.00                                            3600.0                                            0.057292                                          -31.063                                           -4.5329
42.000                                            1.0000                                            280.00                                            3600.0                                            0.058333                                          -25.829                                           -60.919
42.000                                            1.0000                                            300.00                                            3200.0                                            0.0000                                            23.860                                            606.04
42.000                                            1.0000                                            300.00                                            3200.0                                            0.0010417                                         8.5208                                            285.16
42.000                                            1.0000                                            300.00                                            3200.0                                            0.0020833                                         -4.1827                                           20.760
42.000                                            1.0000                                            300.00                                            3200.0                                            0.0031250                                         -6.0284                                           12.813
42.000                                            1.0000                                            300.00                                            3200.0                                            0.0041667                                         -6.7308                                           8.6415
42.000                                            1.0000                                            300.00                                            3200.0                                            0.0052083                                         -6.4762                                           1.4378
42.000                                            1.0000                                            300.00                                            3200.0                                            0.0062500                                         -5.2515                                           -6.3880
42.000                                            1.0000                                            300.00                                            3200.0                                            0.0072917                                         -3.2352                                           -13.441
42.000                                            1.0000                                            300.00                                            3200.0                                            0.0083333                                         -0.73623                                          -18.700
42.000                                            1.0000                                            300.00                                            3200.0                                            0.0093750                                         1.8603                                            -21.480
42.000                                            1.0000                                            300.00                                            3200.0                                            0.010417                                          4.1483                                            -21.633
42.000                                            1.0000                                            300.00                                            3200.0                                            0.011458                                          5.8116                                            -18.320
42.000                                            1.0000                                            300.00                                            3200.0                                            0.012500                                          6.6320                                            -11.154
42.000                                            1.0000                                            300.00                                            3200.0                                            0.013542                                          6.4650                                            -1.7220
42.000                                            1.0000                                            300.00                                            3200.0                                            0.014583                                          5.3170                                            8.0514
42.000                                            1.0000                                            300.00                                            3200.0                                            0.015625                                          3.4352                                            18.522
42.000                                            1.0000                                            300.00                                            3200.0                                            0.016667                                          0.88341                                           22.439
42.000                                            1.0000                                            300.00                                            3200.0                                            0.017708                                          -1.8339                                           22.150
42.000                                            1.0000                                            300.00                                            3200.0                                            0.018750                                          -4.2084                                           20.107
42.000                                            1.0000                                            300.00                                            3200.0                                            0.019792                                          -5.9135                                           15.729
42.000                                            1.0000                                            300.00                                            3200.0                                            0.020833                                          -6.7053                                           9.2905
42.000                                            1.0000                                            300.00                                            3200.0                                            0.021875                                          -6.5731                                           -1.0237
42.000                                            1.0000                                            300.00                                            3200.0                                            0.022917                                          -5.3898                                           -9.9001
42.000                                            1.0000                                            300.00                                            3200.0                                            0.023958                                          -3.3617                                           -16.654
42.000                                            1.0000                                            300.00                                            3200.0                                            0.025000                                          -0.82639                                          -20.990
42.000                                            1.0000                                            300.00                                            3200.0                                            0.026042                                          1.8172                                            -22.576
42.000                                            1.0000                                            300.00                                            3200.0                                            0.027083                                          4.1523                                            -21.531
42.000                                            1.0000                                            300.00                                            3200.0                                            0.028125                                          5.8126                                            -18.294
42.000                                            1.0000                                            300.00                                            3200.0                                            0.029167                                          6.6322                                            -11.147
42.000                                            1.0000                                            300.00                                            3200.0                                            0.030208                                          6.4651                                            -1.7201
42.000                                            1.0000                                            300.00                                            3200.0                                            0.031250                                          5.4323                                            10.979
42.000                                            1.0000                                            300.00                                            3200.0                                            0.032292                                          3.4900                                            19.915
42.000                                            1.0000                                            300.00                                            3200.0                                            0.033333                                          0.89463                                           22.724
42.000                                            1.0000                                            300.00                                            3200.0                                            0.034375                                          -3.3428                                           60.848
42.000                                            1.0000                                            300.00                                            3200.0                                            0.035417                                          -13.470                                           95.229
42.000                                            1.0000                                            300.00                                            3200.0                                            0.036458                                          -25.646                                           105.45
42.000                                            1.0000                                            300.00                                            3200.0                                            0.037500                                          -36.380                                           93.801
42.000                                            1.0000                                            300.00                                            3200.0                                            0.038542                                          -42.627                                           65.395
42.000                                            1.0000                                            300.00                                            3200.0                                            0.039583                                          -43.097                                           25.353
42.000                                            1.0000                                            300.00                                            3200.0                                            0.040625                                          -39.092                                           -23.469
42.000                                            1.0000                                            300.00                                            3200.0                                            0.041667                                          -29.643                                           -69.914
42.000                                            1.0000                                            300.00                                            3200.0                                            0.042708                                          -15.753                                           -105.89
42.000                                            1.0000                                            300.00                                            3200.0                                            0.043750                                          0.13654                                           -126.68
42.000                                            1.0000                                            300.00                                            3200.0                                            0.044792                                          12.739                                            -135.89
42.000                                            1.0000                                            300.00                                            3200.0                                            0.045833                                          18.394                                            -136.22
42.000                                            1.0000                                            300.00                                            3200.0                                            0.046875                                          20.777                                            -116.93
42.000                                            1.0000                                            300.00                                            3200.0                                            0.047917                                          22.076                                            -74.932
42.000                                            1.0000                                            300.00                                            3200.0                                            0.048958                                          22.573                                            -15.492
42.000                                            1.0000                                            300.00                                            3200.0                                            0.050000                                          22.152                                            52.248
42.000                                            1.0000                                            300.00                                            3200.0                                            0.051042                                          20.697                                            117.55
42.000                                            1.0000                                            300.00                                            3200.0                                            0.052083                                          17.087                                            167.30
42.000                                            1.0000                                            300.00                                            3200.0                                            0.053125                                          3.7155                                            174.70
42.000                                            1.0000                                            300.00                                            3200.0                                            0.054167                                          -16.767                                           140.06
42.000                                            1.0000                                            300.00                                            3200.0                                            0.055208                                          -31.425                                           91.816
42.000                                            1.0000                                            300.00                                            3200.0                                            0.056250                                          -38.046                                           37.265
42.000                                            1.0000                                            300.00                                            3200.0                                            0.057292                                          -36.745                                           -17.933
42.000                                            1.0000                                            300.00                                            3200.0                                            0.058333                                          -28.510                                           -67.243
42.000                                            1.0000                                            300.00                                            3400.0                                            0.0000                                            22.479                                            570.97
42.000                                            1.0000                                            300.00                                            3400.0                                            0.0010417                                         10.577                                            337.40
42.000                                            1.0000                                            300.00                                            3400.0                                            0.0020833                                         -3.5399                                           37.088
42.000                                            1.0000                                            300.00                                            3400.0                                            0.0031250                                         -5.9540                                           14.702
42.000                                            1.0000                                            300.00                                            3400.0                                            0.0041667                                         -6.7388                                           8.4401
42.000                                            1.0000                                            300.00                                            3400.0                                            0.0052083                                         -6.4804                                           1.3301
42.000                                            1.0000                                            300.00                                            3400.0                                            0.0062500                                         -5.2876                                           -7.3059
42.000                                            1.0000                                            300.00                                            3400.0                                            0.0072917                                         -3.3072                                           -15.272
42.000                                            1.0000                                            300.00                                            3400.0                                            0.0083333                                         -0.83637                                          -21.244
42.000                                            1.0000                                            300.00                                            3400.0                                            0.0093750                                         1.7449                                            -24.411
42.000                                            1.0000                                            300.00                                            3400.0                                            0.010417                                          4.0301                                            -24.636
42.000                                            1.0000                                            300.00                                            3400.0                                            0.011458                                          5.7094                                            -20.915
42.000                                            1.0000                                            300.00                                            3400.0                                            0.012500                                          6.5639                                            -12.882
42.000                                            1.0000                                            300.00                                            3400.0                                            0.013542                                          6.4458                                            -2.2100
42.000                                            1.0000                                            300.00                                            3400.0                                            0.014583                                          5.3518                                            8.9364
42.000                                            1.0000                                            300.00                                            3400.0                                            0.015625                                          3.5299                                            20.927
42.000                                            1.0000                                            300.00                                            3400.0                                            0.016667                                          1.0161                                            25.809
42.000                                            1.0000                                            300.00                                            3400.0                                            0.017708                                          -1.7016                                           25.512
42.000                                            1.0000                                            300.00                                            3400.0                                            0.018750                                          -4.0921                                           23.060
42.000                                            1.0000                                            300.00                                            3400.0                                            0.019792                                          -5.8231                                           18.027
42.000                                            1.0000                                            300.00                                            3400.0                                            0.020833                                          -6.6508                                           10.675
42.000                                            1.0000                                            300.00                                            3400.0                                            0.021875                                          -6.5710                                           -0.96898
42.000                                            1.0000                                            300.00                                            3400.0                                            0.022917                                          -5.4399                                           -11.175
42.000                                            1.0000                                            300.00                                            3400.0                                            0.023958                                          -3.4527                                           -18.966
42.000                                            1.0000                                            300.00                                            3400.0                                            0.025000                                          -0.94291                                          -23.950
42.000                                            1.0000                                            300.00                                            3400.0                                            0.026042                                          1.6912                                            -25.775
42.000                                            1.0000                                            300.00                                            3400.0                                            0.027083                                          4.0296                                            -24.648
42.000                                            1.0000                                            300.00                                            3400.0                                            0.028125                                          5.7093                                            -20.918
42.000                                            1.0000                                            300.00                                            3400.0                                            0.029167                                          6.5639                                            -12.883
42.000                                            1.0000                                            300.00                                            3400.0                                            0.030208                                          6.4458                                            -2.2102
42.000                                            1.0000                                            300.00                                            3400.0                                            0.031250                                          5.4774                                            12.126
42.000                                            1.0000                                            300.00                                            3400.0                                            0.032292                                          3.5944                                            22.566
42.000                                            1.0000                                            300.00                                            3400.0                                            0.033333                                          1.0333                                            26.245
42.000                                            1.0000                                            300.00                                            3400.0                                            0.034375                                          -2.7305                                           62.292
42.000                                            1.0000                                            300.00                                            3400.0                                            0.035417                                          -11.829                                           99.100
42.000                                            1.0000                                            300.00                                            3400.0                                            0.036458                                          -23.019                                           111.64
42.000                                            1.0000                                            300.00                                            3400.0                                            0.037500                                          -33.266                                           101.14
42.000                                            1.0000                                            300.00                                            3400.0                                            0.038542                                          -39.589                                           72.561
42.000                                            1.0000                                            300.00                                            3400.0                                            0.039583                                          -40.691                                           31.028
42.000                                            1.0000                                            300.00                                            3400.0                                            0.040625                                          -36.186                                           -16.615
42.000                                            1.0000                                            300.00                                            3400.0                                            0.041667                                          -26.628                                           -62.804
42.000                                            1.0000                                            300.00                                            3400.0                                            0.042708                                          -14.437                                           -102.78
42.000                                            1.0000                                            300.00                                            3400.0                                            0.043750                                          -0.45631                                          -128.08
42.000                                            1.0000                                            300.00                                            3400.0                                            0.044792                                          11.247                                            -139.41
42.000                                            1.0000                                            300.00                                            3400.0                                            0.045833                                          16.957                                            -139.61
42.000                                            1.0000                                            300.00                                            3400.0                                            0.046875                                          19.263                                            -120.50
42.000                                            1.0000                                            300.00                                            3400.0                                            0.047917                                          20.414                                            -78.852
42.000                                            1.0000                                            300.00                                            3400.0                                            0.048958                                          20.791                                            -19.695
42.000                                            1.0000                                            300.00                                            3400.0                                            0.050000                                          20.448                                            48.228
42.000                                            1.0000                                            300.00                                            3400.0                                            0.051042                                          19.107                                            113.80
42.000                                            1.0000                                            300.00                                            3400.0                                            0.052083                                          15.754                                            164.16
42.000                                            1.0000                                            300.00                                            3400.0                                            0.053125                                          4.1304                                            175.68
42.000                                            1.0000                                            300.00                                            3400.0                                            0.054167                                          -13.868                                           146.90
42.000                                            1.0000                                            300.00                                            3400.0                                            0.055208                                          -27.603                                           100.83
42.000                                            1.0000                                            300.00                                            3400.0                                            0.056250                                          -34.449                                           45.749
42.000                                            1.0000                                            300.00                                            3400.0                                            0.057292                                          -34.211                                           -11.957
42.000                                            1.0000                                            300.00                                            3400.0                                            0.058333                                          -27.542                                           -64.959
42.000                                            1.0000                                            300.00                                            3600.0                                            0.0000                                            21.251                                            539.78
42.000                                            1.0000                                            300.00                                            3600.0                                            0.0010417                                         11.872                                            370.29
42.000                                            1.0000                                            300.00                                            3600.0                                            0.0020833                                         -2.8479                                           54.663
42.000                                            1.0000                                            300.00                                            3600.0                                            0.0031250                                         -5.9345                                           15.197
42.000                                            1.0000                                            300.00                                            3600.0                                            0.0041667                                         -6.8053                                           6.7508
42.000                                            1.0000                                            300.00                                            3600.0                                            0.0052083                                         -6.6422                                           -2.7796
42.000                                            1.0000                                            300.00                                            3600.0                                            0.0062500                                         -5.5011                                           -12.728
42.000                                            1.0000                                            300.00                                            3600.0                                            0.0072917                                         -3.5438                                           -21.281
42.000                                            1.0000                                            300.00                                            3600.0                                            0.0083333                                         -1.0634                                           -27.012
42.000                                            1.0000                                            300.00                                            3600.0                                            0.0093750                                         1.5574                                            -29.175
42.000                                            1.0000                                            300.00                                            3600.0                                            0.010417                                          3.8980                                            -27.990
42.000                                            1.0000                                            300.00                                            3600.0                                            0.011458                                          5.5970                                            -23.771
42.000                                            1.0000                                            300.00                                            3600.0                                            0.012500                                          6.4873                                            -14.828
42.000                                            1.0000                                            300.00                                            3600.0                                            0.013542                                          6.4203                                            -2.8569
42.000                                            1.0000                                            300.00                                            3600.0                                            0.014583                                          5.3841                                            9.7556
42.000                                            1.0000                                            300.00                                            3600.0                                            0.015625                                          3.6228                                            23.287
42.000                                            1.0000                                            300.00                                            3600.0                                            0.016667                                          1.1592                                            29.444
42.000                                            1.0000                                            300.00                                            3600.0                                            0.017708                                          -1.5568                                           29.190
42.000                                            1.0000                                            300.00                                            3600.0                                            0.018750                                          -3.9648                                           26.295
42.000                                            1.0000                                            300.00                                            3600.0                                            0.019792                                          -5.7232                                           20.565
42.000                                            1.0000                                            300.00                                            3600.0                                            0.020833                                          -6.5892                                           12.238
42.000                                            1.0000                                            300.00                                            3600.0                                            0.021875                                          -6.5643                                           -0.79997
42.000                                            1.0000                                            300.00                                            3600.0                                            0.022917                                          -5.4896                                           -12.437
42.000                                            1.0000                                            300.00                                            3600.0                                            0.023958                                          -3.5476                                           -21.377
42.000                                            1.0000                                            300.00                                            3600.0                                            0.025000                                          -1.0666                                           -27.092
42.000                                            1.0000                                            300.00                                            3600.0                                            0.026042                                          1.5563                                            -29.202
42.000                                            1.0000                                            300.00                                            3600.0                                            0.027083                                          3.8979                                            -27.994
42.000                                            1.0000                                            300.00                                            3600.0                                            0.028125                                          5.5969                                            -23.772
42.000                                            1.0000                                            300.00                                            3600.0                                            0.029167                                          6.4873                                            -14.828
42.000                                            1.0000                                            300.00                                            3600.0                                            0.030208                                          6.4203                                            -2.8570
42.000                                            1.0000                                            300.00                                            3600.0                                            0.031250                                          5.5195                                            13.194
42.000                                            1.0000                                            300.00                                            3600.0                                            0.032292                                          3.6986                                            25.212
42.000                                            1.0000                                            300.00                                            3600.0                                            0.033333                                          1.1825                                            30.036
42.000                                            1.0000                                            300.00                                            3600.0                                            0.034375                                          -2.1798                                           63.591
42.000                                            1.0000                                            300.00                                            3600.0                                            0.035417                                          -10.374                                           102.53
42.000                                            1.0000                                            300.00                                            3600.0                                            0.036458                                          -20.650                                           117.23
42.000                                            1.0000                                            300.00                                            3600.0                                            0.037500                                          -30.371                                           107.97
42.000                                            1.0000                                            300.00                                            3600.0                                            0.038542                                          -36.667                                           79.451
42.000                                            1.0000                                            300.00                                            3600.0                                            0.039583                                          -38.258                                           36.765
42.000                                            1.0000                                            300.00                                            3600.0                                            0.040625                                          -34.684                                           -13.073
42.000                                            1.0000                                            300.00                                            3600.0                                            0.041667                                          -26.348                                           -62.143
42.000                                            1.0000                                            300.00                                            3600.0                                            0.042708                                          -15.454                                           -105.18
42.000                                            1.0000                                            300.00                                            3600.0                                            0.043750                                          -2.5988                                           -133.13
42.000                                            1.0000                                            300.00                                            3600.0                                            0.044792                                          9.0221                                            -144.65
42.000                                            1.0000                                            300.00                                            3600.0                                            0.045833                                          15.283                                            -143.56
42.000                                            1.0000                                            300.00                                            3600.0                                            0.046875                                          17.783                                            -123.99
42.000                                            1.0000                                            300.00                                            3600.0                                            0.047917                                          19.059                                            -82.048
42.000                                            1.0000                                            300.00                                            3600.0                                            0.048958                                          19.549                                            -22.625
42.000                                            1.0000                                            300.00                                            3600.0                                            0.050000                                          19.296                                            45.511
42.000                                            1.0000                                            300.00                                            3600.0                                            0.051042                                          18.139                                            111.51
42.000                                            1.0000                                            300.00                                            3600.0                                            0.052083                                          15.242                                            162.95
42.000                                            1.0000                                            300.00                                            3600.0                                            0.053125                                          5.7309                                            179.45
42.000                                            1.0000                                            300.00                                            3600.0                                            0.054167                                          -10.423                                           155.02
42.000                                            1.0000                                            300.00                                            3600.0                                            0.055208                                          -23.612                                           110.24
42.000                                            1.0000                                            300.00                                            3600.0                                            0.056250                                          -30.705                                           54.579
42.000                                            1.0000                                            300.00                                            3600.0                                            0.057292                                          -31.392                                           -5.3088
42.000                                            1.0000                                            300.00                                            3600.0                                            0.058333                                          -26.117                                           -61.598
42.000                                            1.1000                                            260.00                                            3200.0                                            0.0000                                            20.685                                            525.40
42.000                                            1.1000                                            260.00                                            3200.0                                            0.0010417                                         12.785                                            393.47
42.000                                            1.1000                                            260.00                                            3200.0                                            0.0020833                                         -2.0867                                           73.998
42.000                                            1.1000                                            260.00                                            3200.0                                            0.0031250                                         -6.0254                                           12.888
42.000                                            1.1000                                            260.00                                            3200.0                                            0.0041667                                         -6.7828                                           7.3224
42.000                                            1.1000                                            260.00                                            3200.0                                            0.0052083                                         -6.4892                                           1.1067
42.000                                            1.1000                                            260.00                                            3200.0                                            0.0062500                                         -5.2946                                           -7.4818
42.000                                            1.1000                                            260.00                                            3200.0                                            0.0072917                                         -3.3262                                           -15.754
42.000                                            1.1000                                            260.00                                            3200.0                                            0.0083333                                         -0.88401                                          -22.454
42.000                                            1.1000                                            260.00                                            3200.0                                            0.0093750                                         1.6319                                            -27.283
42.000                                            1.1000                                            260.00                                            3200.0                                            0.010417                                          3.9093                                            -27.703
42.000                                            1.1000                                            260.00                                            3200.0                                            0.011458                                          5.6036                                            -23.601
42.000                                            1.1000                                            260.00                                            3200.0                                            0.012500                                          6.4781                                            -15.062
42.000                                            1.1000                                            260.00                                            3200.0                                            0.013542                                          6.4208                                            -2.8447
42.000                                            1.1000                                            260.00                                            3200.0                                            0.014583                                          5.3997                                            10.152
42.000                                            1.1000                                            260.00                                            3200.0                                            0.015625                                          3.6198                                            23.212
42.000                                            1.1000                                            260.00                                            3200.0                                            0.016667                                          1.1633                                            29.548
42.000                                            1.1000                                            260.00                                            3200.0                                            0.017708                                          -1.5624                                           29.048
42.000                                            1.1000                                            260.00                                            3200.0                                            0.018750                                          -4.0184                                           24.932
42.000                                            1.1000                                            260.00                                            3200.0                                            0.019792                                          -5.7866                                           18.954
42.000                                            1.1000                                            260.00                                            3200.0                                            0.020833                                          -6.6330                                           11.126
42.000                                            1.1000                                            260.00                                            3200.0                                            0.021875                                          -6.5666                                           -0.85908
42.000                                            1.1000                                            260.00                                            3200.0                                            0.022917                                          -5.4465                                           -11.341
42.000                                            1.1000                                            260.00                                            3200.0                                            0.023958                                          -3.4758                                           -19.553
42.000                                            1.1000                                            260.00                                            3200.0                                            0.025000                                          -1.0000                                           -25.401
42.000                                            1.1000                                            260.00                                            3200.0                                            0.026042                                          1.5539                                            -29.262
42.000                                            1.1000                                            260.00                                            3200.0                                            0.027083                                          3.8934                                            -28.109
42.000                                            1.1000                                            260.00                                            3200.0                                            0.028125                                          5.5988                                            -23.723
42.000                                            1.1000                                            260.00                                            3200.0                                            0.029167                                          6.4766                                            -15.101
42.000                                            1.1000                                            260.00                                            3200.0                                            0.030208                                          6.4203                                            -2.8581
42.000                                            1.1000                                            260.00                                            3200.0                                            0.031250                                          5.5384                                            13.676
42.000                                            1.1000                                            260.00                                            3200.0                                            0.032292                                          3.7001                                            25.250
42.000                                            1.1000                                            260.00                                            3200.0                                            0.033333                                          1.1868                                            30.145
42.000                                            1.1000                                            260.00                                            3200.0                                            0.034375                                          -2.2327                                           63.466
42.000                                            1.1000                                            260.00                                            3200.0                                            0.035417                                          -11.226                                           100.52
42.000                                            1.1000                                            260.00                                            3200.0                                            0.036458                                          -22.596                                           112.64
42.000                                            1.1000                                            260.00                                            3200.0                                            0.037500                                          -33.022                                           101.72
42.000                                            1.1000                                            260.00                                            3200.0                                            0.038542                                          -39.434                                           72.925
42.000                                            1.1000                                            260.00                                            3200.0                                            0.039583                                          -40.523                                           31.424
42.000                                            1.1000                                            260.00                                            3200.0                                            0.040625                                          -35.931                                           -16.013
42.000                                            1.1000                                            260.00                                            3200.0                                            0.041667                                          -26.266                                           -61.950
42.000                                            1.1000                                            260.00                                            3200.0                                            0.042708                                          -14.047                                           -101.86
42.000                                            1.1000                                            260.00                                            3200.0                                            0.043750                                          -0.50711                                          -128.20
42.000                                            1.1000                                            260.00                                            3200.0                                            0.044792                                          9.7128                                            -143.03
42.000                                            1.1000                                            260.00                                            3200.0                                            0.045833                                          14.525                                            -145.35
42.000                                            1.1000                                            260.00                                            3200.0                                            0.046875                                          16.834                                            -126.23
42.000                                            1.1000                                            260.00                                            3200.0                                            0.047917                                          18.175                                            -84.134
42.000                                            1.1000                                            260.00                                            3200.0                                            0.048958                                          18.761                                            -24.483
42.000                                            1.1000                                            260.00                                            3200.0                                            0.050000                                          18.525                                            43.692
42.000                                            1.1000                                            260.00                                            3200.0                                            0.051042                                          17.383                                            109.73
42.000                                            1.1000                                            260.00                                            3200.0                                            0.052083                                          14.971                                            162.31
42.000                                            1.1000                                            260.00                                            3200.0                                            0.053125                                          8.2642                                            185.43
42.000                                            1.1000                                            260.00                                            3200.0                                            0.054167                                          -8.1185                                           160.46
42.000                                            1.1000                                            260.00                                            3200.0                                            0.055208                                          -23.815                                           109.77
42.000                                            1.1000                                            260.00                                            3200.0                                            0.056250                                          -32.025                                           51.467
42.000                                            1.1000                                            260.00                                            3200.0                                            0.057292                                          -32.496                                           -7.9119
42.000                                            1.1000                                            260.00                                            3200.0                                            0.058333                                          -26.076                                           -61.502
42.000                                            1.1000                                            260.00                                            3400.0                                            0.0000                                            19.488                                            495.00
42.000                                            1.1000                                            260.00                                            3400.0                                            0.0010417                                         13.107                                            401.64
42.000                                            1.1000                                            260.00                                            3400.0                                            0.0020833                                         -0.63245                                          110.94
42.000                                            1.1000                                            260.00                                            3400.0                                            0.0031250                                         -5.8254                                           17.969
42.000                                            1.1000                                            260.00                                            3400.0                                            0.0041667                                         -6.8506                                           5.5994
42.000                                            1.1000                                            260.00                                            3400.0                                            0.0052083                                         -6.6491                                           -2.9544
42.000                                            1.1000                                            260.00                                            3400.0                                            0.0062500                                         -5.5070                                           -12.877
42.000                                            1.1000                                            260.00                                            3400.0                                            0.0072917                                         -3.5678                                           -21.890
42.000                                            1.1000                                            260.00                                            3400.0                                            0.0083333                                         -1.1249                                           -28.573
42.000                                            1.1000                                            260.00                                            3400.0                                            0.0093750                                         1.4087                                            -32.952
42.000                                            1.1000                                            260.00                                            3400.0                                            0.010417                                          3.7706                                            -31.227
42.000                                            1.1000                                            260.00                                            3400.0                                            0.011458                                          5.5788                                            -24.231
42.000                                            1.1000                                            260.00                                            3400.0                                            0.012500                                          6.5709                                            -12.705
42.000                                            1.1000                                            260.00                                            3400.0                                            0.013542                                          6.6513                                            3.0105
42.000                                            1.1000                                            260.00                                            3400.0                                            0.014583                                          5.7471                                            18.975
42.000                                            1.1000                                            260.00                                            3400.0                                            0.015625                                          3.8582                                            29.266
42.000                                            1.1000                                            260.00                                            3400.0                                            0.016667                                          1.3004                                            33.030
42.000                                            1.1000                                            260.00                                            3400.0                                            0.017708                                          -1.4732                                           31.314
42.000                                            1.1000                                            260.00                                            3400.0                                            0.018750                                          -4.0246                                           24.775
42.000                                            1.1000                                            260.00                                            3400.0                                            0.019792                                          -5.8599                                           17.092
42.000                                            1.1000                                            260.00                                            3400.0                                            0.020833                                          -6.7522                                           8.0991
42.000                                            1.1000                                            260.00                                            3400.0                                            0.021875                                          -6.6263                                           -2.3745
42.000                                            1.1000                                            260.00                                            3400.0                                            0.022917                                          -5.5078                                           -12.899
42.000                                            1.1000                                            260.00                                            3400.0                                            0.023958                                          -3.5710                                           -21.971
42.000                                            1.1000                                            260.00                                            3400.0                                            0.025000                                          -1.1099                                           -28.193
42.000                                            1.1000                                            260.00                                            3400.0                                            0.026042                                          1.4353                                            -32.275
42.000                                            1.1000                                            260.00                                            3400.0                                            0.027083                                          3.7849                                            -30.863
42.000                                            1.1000                                            260.00                                            3400.0                                            0.028125                                          5.5810                                            -24.177
42.000                                            1.1000                                            260.00                                            3400.0                                            0.029167                                          6.5705                                            -12.715
42.000                                            1.1000                                            260.00                                            3400.0                                            0.030208                                          6.6505                                            2.9904
42.000                                            1.1000                                            260.00                                            3400.0                                            0.031250                                          5.7459                                            18.947
42.000                                            1.1000                                            260.00                                            3400.0                                            0.032292                                          3.8788                                            29.790
42.000                                            1.1000                                            260.00                                            3400.0                                            0.033333                                          1.3621                                            34.598
42.000                                            1.1000                                            260.00                                            3400.0                                            0.034375                                          -1.6549                                           64.829
42.000                                            1.1000                                            260.00                                            3400.0                                            0.035417                                          -9.6913                                           104.14
42.000                                            1.1000                                            260.00                                            3400.0                                            0.036458                                          -20.071                                           118.59
42.000                                            1.1000                                            260.00                                            3400.0                                            0.037500                                          -29.940                                           108.99
42.000                                            1.1000                                            260.00                                            3400.0                                            0.038542                                          -36.333                                           80.239
42.000                                            1.1000                                            260.00                                            3400.0                                            0.039583                                          -37.952                                           37.487
42.000                                            1.1000                                            260.00                                            3400.0                                            0.040625                                          -34.352                                           -12.290
42.000                                            1.1000                                            260.00                                            3400.0                                            0.041667                                          -25.974                                           -61.261
42.000                                            1.1000                                            260.00                                            3400.0                                            0.042708                                          -15.093                                           -104.33
42.000                                            1.1000                                            260.00                                            3400.0                                            0.043750                                          -2.5571                                           -133.03
42.000                                            1.1000                                            260.00                                            3400.0                                            0.044792                                          7.7335                                            -147.69
42.000                                            1.1000                                            260.00                                            3400.0                                            0.045833                                          13.010                                            -148.92
42.000                                            1.1000                                            260.00                                            3400.0                                            0.046875                                          15.341                                            -129.75
42.000                                            1.1000                                            260.00                                            3400.0                                            0.047917                                          16.562                                            -87.937
42.000                                            1.1000                                            260.00                                            3400.0                                            0.048958                                          17.041                                            -28.541
42.000                                            1.1000                                            260.00                                            3400.0                                            0.050000                                          16.838                                            39.714
42.000                                            1.1000                                            260.00                                            3400.0                                            0.051042                                          15.771                                            105.93
42.000                                            1.1000                                            260.00                                            3400.0                                            0.052083                                          13.432                                            158.68
42.000                                            1.1000                                            260.00                                            3400.0                                            0.053125                                          6.9910                                            182.42
42.000                                            1.1000                                            260.00                                            3400.0                                            0.054167                                          -7.2559                                           162.49
42.000                                            1.1000                                            260.00                                            3400.0                                            0.055208                                          -20.950                                           116.52
42.000                                            1.1000                                            260.00                                            3400.0                                            0.056250                                          -28.700                                           59.309
42.000                                            1.1000                                            260.00                                            3400.0                                            0.057292                                          -29.875                                           -1.7294
42.000                                            1.1000                                            260.00                                            3400.0                                            0.058333                                          -24.918                                           -58.772
42.000                                            1.1000                                            260.00                                            3600.0                                            0.0000                                            18.424                                            467.97
42.000                                            1.1000                                            260.00                                            3600.0                                            0.0010417                                         13.151                                            402.77
42.000                                            1.1000                                            260.00                                            3600.0                                            0.0020833                                         1.1734                                            156.80
42.000                                            1.1000                                            260.00                                            3600.0                                            0.0031250                                         -5.4128                                           28.449
42.000                                            1.1000                                            260.00                                            3600.0                                            0.0041667                                         -6.7513                                           8.1219
42.000                                            1.1000                                            260.00                                            3600.0                                            0.0052083                                         -6.6419                                           -2.7706
42.000                                            1.1000                                            260.00                                            3600.0                                            0.0062500                                         -5.5636                                           -14.316
42.000                                            1.1000                                            260.00                                            3600.0                                            0.0072917                                         -3.6714                                           -24.521
42.000                                            1.1000                                            260.00                                            3600.0                                            0.0083333                                         -1.2603                                           -32.011
42.000                                            1.1000                                            260.00                                            3600.0                                            0.0093750                                         1.2552                                            -36.849
42.000                                            1.1000                                            260.00                                            3600.0                                            0.010417                                          3.6107                                            -35.289
42.000                                            1.1000                                            260.00                                            3600.0                                            0.011458                                          5.4365                                            -27.847
42.000                                            1.1000                                            260.00                                            3600.0                                            0.012500                                          6.4626                                            -15.454
42.000                                            1.1000                                            260.00                                            3600.0                                            0.013542                                          6.6168                                            2.1341
42.000                                            1.1000                                            260.00                                            3600.0                                            0.014583                                          5.8197                                            20.821
42.000                                            1.1000                                            260.00                                            3600.0                                            0.015625                                          4.0095                                            33.109
42.000                                            1.1000                                            260.00                                            3600.0                                            0.016667                                          1.4814                                            37.628
42.000                                            1.1000                                            260.00                                            3600.0                                            0.017708                                          -1.2930                                           35.891
42.000                                            1.1000                                            260.00                                            3600.0                                            0.018750                                          -3.8785                                           28.486
42.000                                            1.1000                                            260.00                                            3600.0                                            0.019792                                          -5.7593                                           19.646
42.000                                            1.1000                                            260.00                                            3600.0                                            0.020833                                          -6.6999                                           9.4276
42.000                                            1.1000                                            260.00                                            3600.0                                            0.021875                                          -6.6272                                           -2.3976
42.000                                            1.1000                                            260.00                                            3600.0                                            0.022917                                          -5.5626                                           -14.291
42.000                                            1.1000                                            260.00                                            3600.0                                            0.023958                                          -3.6728                                           -24.556
42.000                                            1.1000                                            260.00                                            3600.0                                            0.025000                                          -1.2436                                           -31.586
42.000                                            1.1000                                            260.00                                            3600.0                                            0.026042                                          1.2849                                            -36.096
42.000                                            1.1000                                            260.00                                            3600.0                                            0.027083                                          3.6280                                            -34.848
42.000                                            1.1000                                            260.00                                            3600.0                                            0.028125                                          5.4405                                            -27.744
42.000                                            1.1000                                            260.00                                            3600.0                                            0.029167                                          6.4618                                            -15.475
42.000                                            1.1000                                            260.00                                            3600.0                                            0.030208                                          6.6158                                            2.1076
42.000                                            1.1000                                            260.00                                            3600.0                                            0.031250                                          5.8194                                            20.813
42.000                                            1.1000                                            260.00                                            3600.0                                            0.032292                                          4.0308                                            33.651
42.000                                            1.1000                                            260.00                                            3600.0                                            0.033333                                          1.5450                                            39.242
42.000                                            1.1000                                            260.00                                            3600.0                                            0.034375                                          -1.1335                                           66.058
42.000                                            1.1000                                            260.00                                            3600.0                                            0.035417                                          -8.3295                                           107.35
42.000                                            1.1000                                            260.00                                            3600.0                                            0.036458                                          -17.801                                           123.95
42.000                                            1.1000                                            260.00                                            3600.0                                            0.037500                                          -27.099                                           115.69
42.000                                            1.1000                                            260.00                                            3600.0                                            0.038542                                          -33.390                                           87.180
42.000                                            1.1000                                            260.00                                            3600.0                                            0.039583                                          -35.403                                           43.499
42.000                                            1.1000                                            260.00                                            3600.0                                            0.040625                                          -32.638                                           -8.2462
42.000                                            1.1000                                            260.00                                            3600.0                                            0.041667                                          -25.402                                           -59.912
42.000                                            1.1000                                            260.00                                            3600.0                                            0.042708                                          -15.751                                           -105.88
42.000                                            1.1000                                            260.00                                            3600.0                                            0.043750                                          -4.2714                                           -137.07
42.000                                            1.1000                                            260.00                                            3600.0                                            0.044792                                          5.9096                                            -152.00
42.000                                            1.1000                                            260.00                                            3600.0                                            0.045833                                          11.564                                            -152.33
42.000                                            1.1000                                            260.00                                            3600.0                                            0.046875                                          14.051                                            -132.79
42.000                                            1.1000                                            260.00                                            3600.0                                            0.047917                                          15.317                                            -90.874
42.000                                            1.1000                                            260.00                                            3600.0                                            0.048958                                          15.893                                            -31.247
42.000                                            1.1000                                            260.00                                            3600.0                                            0.050000                                          15.731                                            37.103
42.000                                            1.1000                                            260.00                                            3600.0                                            0.051042                                          14.774                                            103.58
42.000                                            1.1000                                            260.00                                            3600.0                                            0.052083                                          12.658                                            156.85
42.000                                            1.1000                                            260.00                                            3600.0                                            0.053125                                          6.9997                                            182.44
42.000                                            1.1000                                            260.00                                            3600.0                                            0.054167                                          -5.3368                                           167.02
42.000                                            1.1000                                            260.00                                            3600.0                                            0.055208                                          -17.833                                           123.87
42.000                                            1.1000                                            260.00                                            3600.0                                            0.056250                                          -25.361                                           67.184
42.000                                            1.1000                                            260.00                                            3600.0                                            0.057292                                          -27.107                                           4.7991
42.000                                            1.1000                                            260.00                                            3600.0                                            0.058333                                          -23.281                                           -54.910
42.000                                            1.1000                                            270.00                                            3200.0                                            0.0000                                            21.480                                            545.59
42.000                                            1.1000                                            270.00                                            3200.0                                            0.0010417                                         12.966                                            398.08
42.000                                            1.1000                                            270.00                                            3200.0                                            0.0020833                                         -2.3998                                           66.046
42.000                                            1.1000                                            270.00                                            3200.0                                            0.0031250                                         -6.0380                                           12.567
42.000                                            1.1000                                            270.00                                            3200.0                                            0.0041667                                         -6.7816                                           7.3514
42.000                                            1.1000                                            270.00                                            3200.0                                            0.0052083                                         -6.4884                                           1.1274
42.000                                            1.1000                                            270.00                                            3200.0                                            0.0062500                                         -5.2918                                           -7.4129
42.000                                            1.1000                                            270.00                                            3200.0                                            0.0072917                                         -3.3197                                           -15.588
42.000                                            1.1000                                            270.00                                            3200.0                                            0.0083333                                         -0.86881                                          -22.068
42.000                                            1.1000                                            270.00                                            3200.0                                            0.0093750                                         1.6614                                            -26.531
42.000                                            1.1000                                            270.00                                            3200.0                                            0.010417                                          3.9330                                            -27.102
42.000                                            1.1000                                            270.00                                            3200.0                                            0.011458                                          5.6303                                            -22.923
42.000                                            1.1000                                            270.00                                            3200.0                                            0.012500                                          6.5028                                            -14.435
42.000                                            1.1000                                            270.00                                            3200.0                                            0.013542                                          6.4276                                            -2.6724
42.000                                            1.1000                                            270.00                                            3200.0                                            0.014583                                          5.3836                                            9.7433
42.000                                            1.1000                                            270.00                                            3200.0                                            0.015625                                          3.5925                                            22.517
42.000                                            1.1000                                            270.00                                            3200.0                                            0.016667                                          1.1398                                            28.952
42.000                                            1.1000                                            270.00                                            3200.0                                            0.017708                                          -1.6030                                           28.016
42.000                                            1.1000                                            270.00                                            3200.0                                            0.018750                                          -4.0403                                           24.376
42.000                                            1.1000                                            270.00                                            3200.0                                            0.019792                                          -5.7968                                           18.694
42.000                                            1.1000                                            270.00                                            3200.0                                            0.020833                                          -6.6373                                           11.018
42.000                                            1.1000                                            270.00                                            3200.0                                            0.021875                                          -6.5665                                           -0.85479
42.000                                            1.1000                                            270.00                                            3200.0                                            0.022917                                          -5.4429                                           -11.251
42.000                                            1.1000                                            270.00                                            3200.0                                            0.023958                                          -3.4677                                           -19.347
42.000                                            1.1000                                            270.00                                            3200.0                                            0.025000                                          -0.98193                                          -24.941
42.000                                            1.1000                                            270.00                                            3200.0                                            0.026042                                          1.5900                                            -28.346
42.000                                            1.1000                                            270.00                                            3200.0                                            0.027083                                          3.9182                                            -27.477
42.000                                            1.1000                                            270.00                                            3200.0                                            0.028125                                          5.6260                                            -23.034
42.000                                            1.1000                                            270.00                                            3200.0                                            0.029167                                          6.5014                                            -14.470
42.000                                            1.1000                                            270.00                                            3200.0                                            0.030208                                          6.4272                                            -2.6838
42.000                                            1.1000                                            270.00                                            3200.0                                            0.031250                                          5.5183                                            13.164
42.000                                            1.1000                                            270.00                                            3200.0                                            0.032292                                          3.6677                                            24.428
42.000                                            1.1000                                            270.00                                            3200.0                                            0.033333                                          1.1610                                            29.490
42.000                                            1.1000                                            270.00                                            3200.0                                            0.034375                                          -2.3691                                           63.144
42.000                                            1.1000                                            270.00                                            3200.0                                            0.035417                                          -11.403                                           100.11
42.000                                            1.1000                                            270.00                                            3200.0                                            0.036458                                          -22.742                                           112.29
42.000                                            1.1000                                            270.00                                            3200.0                                            0.037500                                          -33.126                                           101.47
42.000                                            1.1000                                            270.00                                            3200.0                                            0.038542                                          -39.505                                           72.757
42.000                                            1.1000                                            270.00                                            3200.0                                            0.039583                                          -40.574                                           31.304
42.000                                            1.1000                                            270.00                                            3200.0                                            0.040625                                          -35.972                                           -16.110
42.000                                            1.1000                                            270.00                                            3200.0                                            0.041667                                          -26.301                                           -62.034
42.000                                            1.1000                                            270.00                                            3200.0                                            0.042708                                          -14.066                                           -101.91
42.000                                            1.1000                                            270.00                                            3200.0                                            0.043750                                          -0.41449                                          -127.98
42.000                                            1.1000                                            270.00                                            3200.0                                            0.044792                                          10.093                                            -142.13
42.000                                            1.1000                                            270.00                                            3200.0                                            0.045833                                          15.143                                            -143.89
42.000                                            1.1000                                            270.00                                            3200.0                                            0.046875                                          17.441                                            -124.80
42.000                                            1.1000                                            270.00                                            3200.0                                            0.047917                                          18.671                                            -82.962
42.000                                            1.1000                                            270.00                                            3200.0                                            0.048958                                          19.117                                            -23.643
42.000                                            1.1000                                            270.00                                            3200.0                                            0.050000                                          18.826                                            44.403
42.000                                            1.1000                                            270.00                                            3200.0                                            0.051042                                          17.571                                            110.17
42.000                                            1.1000                                            270.00                                            3200.0                                            0.052083                                          14.815                                            161.94
42.000                                            1.1000                                            270.00                                            3200.0                                            0.053125                                          6.7425                                            181.84
42.000                                            1.1000                                            270.00                                            3200.0                                            0.054167                                          -10.226                                           155.49
42.000                                            1.1000                                            270.00                                            3200.0                                            0.055208                                          -25.022                                           106.92
42.000                                            1.1000                                            270.00                                            3200.0                                            0.056250                                          -32.695                                           49.886
42.000                                            1.1000                                            270.00                                            3200.0                                            0.057292                                          -32.948                                           -8.9793
42.000                                            1.1000                                            270.00                                            3200.0                                            0.058333                                          -26.536                                           -62.587
42.000                                            1.1000                                            270.00                                            3400.0                                            0.0000                                            20.237                                            514.02
42.000                                            1.1000                                            270.00                                            3400.0                                            0.0010417                                         13.405                                            409.22
42.000                                            1.1000                                            270.00                                            3400.0                                            0.0020833                                         -1.0035                                           101.51
42.000                                            1.1000                                            270.00                                            3400.0                                            0.0031250                                         -5.8652                                           16.956
42.000                                            1.1000                                            270.00                                            3400.0                                            0.0041667                                         -6.8466                                           5.7018
42.000                                            1.1000                                            270.00                                            3400.0                                            0.0052083                                         -6.6703                                           -3.4926
42.000                                            1.1000                                            270.00                                            3400.0                                            0.0062500                                         -5.5148                                           -13.076
42.000                                            1.1000                                            270.00                                            3400.0                                            0.0072917                                         -3.5628                                           -21.762
42.000                                            1.1000                                            270.00                                            3400.0                                            0.0083333                                         -1.1071                                           -28.121
42.000                                            1.1000                                            270.00                                            3400.0                                            0.0093750                                         1.4472                                            -31.972
42.000                                            1.1000                                            270.00                                            3400.0                                            0.010417                                          3.7704                                            -31.231
42.000                                            1.1000                                            270.00                                            3400.0                                            0.011458                                          5.4961                                            -26.332
42.000                                            1.1000                                            270.00                                            3400.0                                            0.012500                                          6.4078                                            -16.847
42.000                                            1.1000                                            270.00                                            3400.0                                            0.013542                                          6.3915                                            -3.5881
42.000                                            1.1000                                            270.00                                            3400.0                                            0.014583                                          5.4178                                            10.612
42.000                                            1.1000                                            270.00                                            3400.0                                            0.015625                                          3.6981                                            25.200
42.000                                            1.1000                                            270.00                                            3400.0                                            0.016667                                          1.2926                                            32.833
42.000                                            1.1000                                            270.00                                            3400.0                                            0.017708                                          -1.4346                                           32.292
42.000                                            1.1000                                            270.00                                            3400.0                                            0.018750                                          -3.8972                                           28.011
42.000                                            1.1000                                            270.00                                            3400.0                                            0.019792                                          -5.6874                                           21.473
42.000                                            1.1000                                            270.00                                            3400.0                                            0.020833                                          -6.5704                                           12.718
42.000                                            1.1000                                            270.00                                            3400.0                                            0.021875                                          -6.5582                                           -0.64546
42.000                                            1.1000                                            270.00                                            3400.0                                            0.022917                                          -5.4940                                           -12.547
42.000                                            1.1000                                            270.00                                            3400.0                                            0.023958                                          -3.5661                                           -21.847
42.000                                            1.1000                                            270.00                                            3400.0                                            0.025000                                          -1.1112                                           -28.225
42.000                                            1.1000                                            270.00                                            3400.0                                            0.026042                                          1.4456                                            -32.013
42.000                                            1.1000                                            270.00                                            3400.0                                            0.027083                                          3.7701                                            -31.241
42.000                                            1.1000                                            270.00                                            3400.0                                            0.028125                                          5.4960                                            -26.335
42.000                                            1.1000                                            270.00                                            3400.0                                            0.029167                                          6.4078                                            -16.848
42.000                                            1.1000                                            270.00                                            3400.0                                            0.030208                                          6.3915                                            -3.5885
42.000                                            1.1000                                            270.00                                            3400.0                                            0.031250                                          5.5632                                            14.306
42.000                                            1.1000                                            270.00                                            3400.0                                            0.032292                                          3.7869                                            27.455
42.000                                            1.1000                                            270.00                                            3400.0                                            0.033333                                          1.3219                                            33.576
42.000                                            1.1000                                            270.00                                            3400.0                                            0.034375                                          -1.7930                                           64.503
42.000                                            1.1000                                            270.00                                            3400.0                                            0.035417                                          -9.8693                                           103.72
42.000                                            1.1000                                            270.00                                            3400.0                                            0.036458                                          -20.228                                           118.22
42.000                                            1.1000                                            270.00                                            3400.0                                            0.037500                                          -30.060                                           108.71
42.000                                            1.1000                                            270.00                                            3400.0                                            0.038542                                          -36.421                                           80.031
42.000                                            1.1000                                            270.00                                            3400.0                                            0.039583                                          -38.017                                           37.334
42.000                                            1.1000                                            270.00                                            3400.0                                            0.040625                                          -34.403                                           -12.411
42.000                                            1.1000                                            270.00                                            3400.0                                            0.041667                                          -26.017                                           -61.364
42.000                                            1.1000                                            270.00                                            3400.0                                            0.042708                                          -15.122                                           -104.40
42.000                                            1.1000                                            270.00                                            3400.0                                            0.043750                                          -2.5163                                           -132.93
42.000                                            1.1000                                            270.00                                            3400.0                                            0.044792                                          8.0453                                            -146.96
42.000                                            1.1000                                            270.00                                            3400.0                                            0.045833                                          13.553                                            -147.64
42.000                                            1.1000                                            270.00                                            3400.0                                            0.046875                                          15.963                                            -128.28
42.000                                            1.1000                                            270.00                                            3400.0                                            0.047917                                          17.187                                            -86.462
42.000                                            1.1000                                            270.00                                            3400.0                                            0.048958                                          17.656                                            -27.089
42.000                                            1.1000                                            270.00                                            3400.0                                            0.050000                                          17.426                                            41.100
42.000                                            1.1000                                            270.00                                            3400.0                                            0.051042                                          16.301                                            107.18
42.000                                            1.1000                                            270.00                                            3400.0                                            0.052083                                          13.760                                            159.45
42.000                                            1.1000                                            270.00                                            3400.0                                            0.053125                                          6.5807                                            181.45
42.000                                            1.1000                                            270.00                                            3400.0                                            0.054167                                          -8.2076                                           160.25
42.000                                            1.1000                                            270.00                                            3400.0                                            0.055208                                          -21.723                                           114.70
42.000                                            1.1000                                            270.00                                            3400.0                                            0.056250                                          -29.267                                           57.973
42.000                                            1.1000                                            270.00                                            3400.0                                            0.057292                                          -30.282                                           -2.6897
42.000                                            1.1000                                            270.00                                            3400.0                                            0.058333                                          -25.212                                           -59.465
42.000                                            1.1000                                            270.00                                            3600.0                                            0.0000                                            19.132                                            485.95
42.000                                            1.1000                                            270.00                                            3600.0                                            0.0010417                                         13.548                                            412.85
42.000                                            1.1000                                            270.00                                            3600.0                                            0.0020833                                         0.76680                                           146.48
42.000                                            1.1000                                            270.00                                            3600.0                                            0.0031250                                         -5.4787                                           26.775
42.000                                            1.1000                                            270.00                                            3600.0                                            0.0041667                                         -6.8173                                           6.4456
42.000                                            1.1000                                            270.00                                            3600.0                                            0.0052083                                         -6.6654                                           -3.3679
42.000                                            1.1000                                            270.00                                            3600.0                                            0.0062500                                         -5.5646                                           -14.341
42.000                                            1.1000                                            270.00                                            3600.0                                            0.0072917                                         -3.6628                                           -24.304
42.000                                            1.1000                                            270.00                                            3600.0                                            0.0083333                                         -1.2418                                           -31.543
42.000                                            1.1000                                            270.00                                            3600.0                                            0.0093750                                         1.2957                                            -35.820
42.000                                            1.1000                                            270.00                                            3600.0                                            0.010417                                          3.6389                                            -34.571
42.000                                            1.1000                                            270.00                                            3600.0                                            0.011458                                          5.4741                                            -26.892
42.000                                            1.1000                                            270.00                                            3600.0                                            0.012500                                          6.5133                                            -14.167
42.000                                            1.1000                                            270.00                                            3600.0                                            0.013542                                          6.6362                                            2.6271
42.000                                            1.1000                                            270.00                                            3600.0                                            0.014583                                          5.7758                                            19.704
42.000                                            1.1000                                            270.00                                            3600.0                                            0.015625                                          3.9513                                            31.631
42.000                                            1.1000                                            270.00                                            3600.0                                            0.016667                                          1.4451                                            36.706
42.000                                            1.1000                                            270.00                                            3600.0                                            0.017708                                          -1.3370                                           34.772
42.000                                            1.1000                                            270.00                                            3600.0                                            0.018750                                          -3.8979                                           27.994
42.000                                            1.1000                                            270.00                                            3600.0                                            0.019792                                          -5.7639                                           19.529
42.000                                            1.1000                                            270.00                                            3600.0                                            0.020833                                          -6.6998                                           9.4297
42.000                                            1.1000                                            270.00                                            3600.0                                            0.021875                                          -6.6256                                           -2.3562
42.000                                            1.1000                                            270.00                                            3600.0                                            0.022917                                          -5.5591                                           -14.202
42.000                                            1.1000                                            270.00                                            3600.0                                            0.023958                                          -3.6652                                           -24.363
42.000                                            1.1000                                            270.00                                            3600.0                                            0.025000                                          -1.2253                                           -31.123
42.000                                            1.1000                                            270.00                                            3600.0                                            0.026042                                          1.3272                                            -35.021
42.000                                            1.1000                                            270.00                                            3600.0                                            0.027083                                          3.6576                                            -34.098
42.000                                            1.1000                                            270.00                                            3600.0                                            0.028125                                          5.4783                                            -26.786
42.000                                            1.1000                                            270.00                                            3600.0                                            0.029167                                          6.5116                                            -14.210
42.000                                            1.1000                                            270.00                                            3600.0                                            0.030208                                          6.6343                                            2.5777
42.000                                            1.1000                                            270.00                                            3600.0                                            0.031250                                          5.7772                                            19.740
42.000                                            1.1000                                            270.00                                            3600.0                                            0.032292                                          3.9711                                            32.133
42.000                                            1.1000                                            270.00                                            3600.0                                            0.033333                                          1.4995                                            38.086
42.000                                            1.1000                                            270.00                                            3600.0                                            0.034375                                          -1.2580                                           65.765
42.000                                            1.1000                                            270.00                                            3600.0                                            0.035417                                          -8.5026                                           106.95
42.000                                            1.1000                                            270.00                                            3600.0                                            0.036458                                          -17.965                                           123.56
42.000                                            1.1000                                            270.00                                            3600.0                                            0.037500                                          -27.228                                           115.39
42.000                                            1.1000                                            270.00                                            3600.0                                            0.038542                                          -33.485                                           86.956
42.000                                            1.1000                                            270.00                                            3600.0                                            0.039583                                          -35.475                                           43.331
42.000                                            1.1000                                            270.00                                            3600.0                                            0.040625                                          -32.695                                           -8.3824
42.000                                            1.1000                                            270.00                                            3600.0                                            0.041667                                          -25.451                                           -60.028
42.000                                            1.1000                                            270.00                                            3600.0                                            0.042708                                          -15.788                                           -105.97
42.000                                            1.1000                                            270.00                                            3600.0                                            0.043750                                          -4.2590                                           -137.05
42.000                                            1.1000                                            270.00                                            3600.0                                            0.044792                                          6.1344                                            -151.47
42.000                                            1.1000                                            270.00                                            3600.0                                            0.045833                                          12.049                                            -151.19
42.000                                            1.1000                                            270.00                                            3600.0                                            0.046875                                          14.636                                            -131.41
42.000                                            1.1000                                            270.00                                            3600.0                                            0.047917                                          15.911                                            -89.472
42.000                                            1.1000                                            270.00                                            3600.0                                            0.048958                                          16.438                                            -29.961
42.000                                            1.1000                                            270.00                                            3600.0                                            0.050000                                          16.238                                            38.298
42.000                                            1.1000                                            270.00                                            3600.0                                            0.051042                                          15.219                                            104.63
42.000                                            1.1000                                            270.00                                            3600.0                                            0.052083                                          12.873                                            157.36
42.000                                            1.1000                                            270.00                                            3600.0                                            0.053125                                          6.4882                                            181.24
42.000                                            1.1000                                            270.00                                            3600.0                                            0.054167                                          -6.3246                                           164.69
42.000                                            1.1000                                            270.00                                            3600.0                                            0.055208                                          -18.749                                           121.71
42.000                                            1.1000                                            270.00                                            3600.0                                            0.056250                                          -26.094                                           65.455
42.000                                            1.1000                                            270.00                                            3600.0                                            0.057292                                          -27.664                                           3.4846
42.000                                            1.1000                                            270.00                                            3600.0                                            0.058333                                          -23.702                                           -55.903
42.000                                            1.1000                                            280.00                                            3200.0                                            0.0000                                            22.275                                            565.78
42.000                                            1.1000                                            280.00                                            3200.0                                            0.0010417                                         13.109                                            401.69
42.000                                            1.1000                                            280.00                                            3200.0                                            0.0020833                                         -2.6668                                           59.264
42.000                                            1.1000                                            280.00                                            3200.0                                            0.0031250                                         -6.0419                                           12.468
42.000                                            1.1000                                            280.00                                            3200.0                                            0.0041667                                         -6.7802                                           7.3877
42.000                                            1.1000                                            280.00                                            3200.0                                            0.0052083                                         -6.4876                                           1.1478
42.000                                            1.1000                                            280.00                                            3200.0                                            0.0062500                                         -5.2895                                           -7.3544
42.000                                            1.1000                                            280.00                                            3200.0                                            0.0072917                                         -3.3143                                           -15.450
42.000                                            1.1000                                            280.00                                            3200.0                                            0.0083333                                         -0.85702                                          -21.768
42.000                                            1.1000                                            280.00                                            3200.0                                            0.0093750                                         1.6921                                            -25.751
42.000                                            1.1000                                            280.00                                            3200.0                                            0.010417                                          3.9541                                            -26.566
42.000                                            1.1000                                            280.00                                            3200.0                                            0.011458                                          5.6518                                            -22.377
42.000                                            1.1000                                            280.00                                            3200.0                                            0.012500                                          6.5211                                            -13.970
42.000                                            1.1000                                            280.00                                            3200.0                                            0.013542                                          6.4323                                            -2.5543
42.000                                            1.1000                                            280.00                                            3200.0                                            0.014583                                          5.3716                                            9.4386
42.000                                            1.1000                                            280.00                                            3200.0                                            0.015625                                          3.5714                                            21.982
42.000                                            1.1000                                            280.00                                            3200.0                                            0.016667                                          1.1165                                            28.358
42.000                                            1.1000                                            280.00                                            3200.0                                            0.017708                                          -1.6409                                           27.054
42.000                                            1.1000                                            280.00                                            3200.0                                            0.018750                                          -4.0589                                           23.905
42.000                                            1.1000                                            280.00                                            3200.0                                            0.019792                                          -5.8053                                           18.478
42.000                                            1.1000                                            280.00                                            3200.0                                            0.020833                                          -6.6408                                           10.929
42.000                                            1.1000                                            280.00                                            3200.0                                            0.021875                                          -6.5663                                           -0.85079
42.000                                            1.1000                                            280.00                                            3200.0                                            0.022917                                          -5.4400                                           -11.175
42.000                                            1.1000                                            280.00                                            3200.0                                            0.023958                                          -3.4610                                           -19.177
42.000                                            1.1000                                            280.00                                            3200.0                                            0.025000                                          -0.96781                                          -24.582
42.000                                            1.1000                                            280.00                                            3200.0                                            0.026042                                          1.6281                                            -27.379
42.000                                            1.1000                                            280.00                                            3200.0                                            0.027083                                          3.9398                                            -26.929
42.000                                            1.1000                                            280.00                                            3200.0                                            0.028125                                          5.6477                                            -22.483
42.000                                            1.1000                                            280.00                                            3200.0                                            0.029167                                          6.5198                                            -14.002
42.000                                            1.1000                                            280.00                                            3200.0                                            0.030208                                          6.4318                                            -2.5646
42.000                                            1.1000                                            280.00                                            3200.0                                            0.031250                                          5.5032                                            12.782
42.000                                            1.1000                                            280.00                                            3200.0                                            0.032292                                          3.6431                                            23.802
42.000                                            1.1000                                            280.00                                            3200.0                                            0.033333                                          1.1363                                            28.863
42.000                                            1.1000                                            280.00                                            3200.0                                            0.034375                                          -2.4934                                           62.851
42.000                                            1.1000                                            280.00                                            3200.0                                            0.035417                                          -11.556                                           99.743
42.000                                            1.1000                                            280.00                                            3200.0                                            0.036458                                          -22.867                                           112.00
42.000                                            1.1000                                            280.00                                            3200.0                                            0.037500                                          -33.213                                           101.27
42.000                                            1.1000                                            280.00                                            3200.0                                            0.038542                                          -39.564                                           72.619
42.000                                            1.1000                                            280.00                                            3200.0                                            0.039583                                          -40.616                                           31.205
42.000                                            1.1000                                            280.00                                            3200.0                                            0.040625                                          -36.006                                           -16.191
42.000                                            1.1000                                            280.00                                            3200.0                                            0.041667                                          -26.333                                           -62.108
42.000                                            1.1000                                            280.00                                            3200.0                                            0.042708                                          -14.084                                           -101.95
42.000                                            1.1000                                            280.00                                            3200.0                                            0.043750                                          -0.33917                                          -127.80
42.000                                            1.1000                                            280.00                                            3200.0                                            0.044792                                          10.458                                            -141.27
42.000                                            1.1000                                            280.00                                            3200.0                                            0.045833                                          15.753                                            -142.45
42.000                                            1.1000                                            280.00                                            3200.0                                            0.046875                                          18.101                                            -123.24
42.000                                            1.1000                                            280.00                                            3200.0                                            0.047917                                          19.332                                            -81.404
42.000                                            1.1000                                            280.00                                            3200.0                                            0.048958                                          19.763                                            -22.120
42.000                                            1.1000                                            280.00                                            3200.0                                            0.050000                                          19.439                                            45.849
42.000                                            1.1000                                            280.00                                            3200.0                                            0.051042                                          18.117                                            111.46
42.000                                            1.1000                                            280.00                                            3200.0                                            0.052083                                          15.093                                            162.60
42.000                                            1.1000                                            280.00                                            3200.0                                            0.053125                                          6.0608                                            180.23
42.000                                            1.1000                                            280.00                                            3200.0                                            0.054167                                          -11.294                                           152.97
42.000                                            1.1000                                            280.00                                            3200.0                                            0.055208                                          -25.819                                           105.04
42.000                                            1.1000                                            280.00                                            3200.0                                            0.056250                                          -33.246                                           48.586
42.000                                            1.1000                                            280.00                                            3200.0                                            0.057292                                          -33.326                                           -9.8697
42.000                                            1.1000                                            280.00                                            3200.0                                            0.058333                                          -26.795                                           -63.197
42.000                                            1.1000                                            280.00                                            3400.0                                            0.0000                                            20.986                                            533.04
42.000                                            1.1000                                            280.00                                            3400.0                                            0.0010417                                         13.670                                            415.96
42.000                                            1.1000                                            280.00                                            3400.0                                            0.0020833                                         -1.3498                                           92.716
42.000                                            1.1000                                            280.00                                            3400.0                                            0.0031250                                         -5.8946                                           16.211
42.000                                            1.1000                                            280.00                                            3400.0                                            0.0041667                                         -6.8402                                           5.8629
42.000                                            1.1000                                            280.00                                            3400.0                                            0.0052083                                         -6.6627                                           -3.2980
42.000                                            1.1000                                            280.00                                            3400.0                                            0.0062500                                         -5.5094                                           -12.939
42.000                                            1.1000                                            280.00                                            3400.0                                            0.0072917                                         -3.5559                                           -21.587
42.000                                            1.1000                                            280.00                                            3400.0                                            0.0083333                                         -1.0932                                           -27.766
42.000                                            1.1000                                            280.00                                            3400.0                                            0.0093750                                         1.4868                                            -30.967
42.000                                            1.1000                                            280.00                                            3400.0                                            0.010417                                          3.7948                                            -30.612
42.000                                            1.1000                                            280.00                                            3400.0                                            0.011458                                          5.5212                                            -25.696
42.000                                            1.1000                                            280.00                                            3400.0                                            0.012500                                          6.4304                                            -16.272
42.000                                            1.1000                                            280.00                                            3400.0                                            0.013542                                          6.3992                                            -3.3949
42.000                                            1.1000                                            280.00                                            3400.0                                            0.014583                                          5.4053                                            10.294
42.000                                            1.1000                                            280.00                                            3400.0                                            0.015625                                          3.6741                                            24.590
42.000                                            1.1000                                            280.00                                            3400.0                                            0.016667                                          1.2692                                            32.237
42.000                                            1.1000                                            280.00                                            3400.0                                            0.017708                                          -1.4777                                           31.199
42.000                                            1.1000                                            280.00                                            3400.0                                            0.018750                                          -3.9191                                           27.456
42.000                                            1.1000                                            280.00                                            3400.0                                            0.019792                                          -5.6976                                           21.215
42.000                                            1.1000                                            280.00                                            3400.0                                            0.020833                                          -6.5746                                           12.609
42.000                                            1.1000                                            280.00                                            3400.0                                            0.021875                                          -6.5584                                           -0.64953
42.000                                            1.1000                                            280.00                                            3400.0                                            0.022917                                          -5.4911                                           -12.475
42.000                                            1.1000                                            280.00                                            3400.0                                            0.023958                                          -3.5595                                           -21.680
42.000                                            1.1000                                            280.00                                            3400.0                                            0.025000                                          -1.0971                                           -27.866
42.000                                            1.1000                                            280.00                                            3400.0                                            0.026042                                          1.4854                                            -31.004
42.000                                            1.1000                                            280.00                                            3400.0                                            0.027083                                          3.7945                                            -30.620
42.000                                            1.1000                                            280.00                                            3400.0                                            0.028125                                          5.5211                                            -25.699
42.000                                            1.1000                                            280.00                                            3400.0                                            0.029167                                          6.4304                                            -16.273
42.000                                            1.1000                                            280.00                                            3400.0                                            0.030208                                          6.3991                                            -3.3952
42.000                                            1.1000                                            280.00                                            3400.0                                            0.031250                                          5.5475                                            13.908
42.000                                            1.1000                                            280.00                                            3400.0                                            0.032292                                          3.7585                                            26.735
42.000                                            1.1000                                            280.00                                            3400.0                                            0.033333                                          1.2965                                            32.931
42.000                                            1.1000                                            280.00                                            3400.0                                            0.034375                                          -1.9165                                           64.212
42.000                                            1.1000                                            280.00                                            3400.0                                            0.035417                                          -10.025                                           103.35
42.000                                            1.1000                                            280.00                                            3400.0                                            0.036458                                          -20.362                                           117.91
42.000                                            1.1000                                            280.00                                            3400.0                                            0.037500                                          -30.159                                           108.47
42.000                                            1.1000                                            280.00                                            3400.0                                            0.038542                                          -36.491                                           79.867
42.000                                            1.1000                                            280.00                                            3400.0                                            0.039583                                          -38.068                                           37.213
42.000                                            1.1000                                            280.00                                            3400.0                                            0.040625                                          -34.445                                           -12.510
42.000                                            1.1000                                            280.00                                            3400.0                                            0.041667                                          -26.054                                           -61.451
42.000                                            1.1000                                            280.00                                            3400.0                                            0.042708                                          -15.149                                           -104.46
42.000                                            1.1000                                            280.00                                            3400.0                                            0.043750                                          -2.4822                                           -132.85
42.000                                            1.1000                                            280.00                                            3400.0                                            0.044792                                          8.3468                                            -146.25
42.000                                            1.1000                                            280.00                                            3400.0                                            0.045833                                          14.086                                            -146.38
42.000                                            1.1000                                            280.00                                            3400.0                                            0.046875                                          16.584                                            -126.82
42.000                                            1.1000                                            280.00                                            3400.0                                            0.047917                                          17.811                                            -84.991
42.000                                            1.1000                                            280.00                                            3400.0                                            0.048958                                          18.267                                            -25.647
42.000                                            1.1000                                            280.00                                            3400.0                                            0.050000                                          18.008                                            42.473
42.000                                            1.1000                                            280.00                                            3400.0                                            0.051042                                          16.822                                            108.41
42.000                                            1.1000                                            280.00                                            3400.0                                            0.052083                                          14.036                                            160.10
42.000                                            1.1000                                            280.00                                            3400.0                                            0.053125                                          6.0533                                            180.21
42.000                                            1.1000                                            280.00                                            3400.0                                            0.054167                                          -9.1118                                           158.11
42.000                                            1.1000                                            280.00                                            3400.0                                            0.055208                                          -22.442                                           113.00
42.000                                            1.1000                                            280.00                                            3400.0                                            0.056250                                          -29.790                                           56.737
42.000                                            1.1000                                            280.00                                            3400.0                                            0.057292                                          -30.658                                           -3.5781
42.000                                            1.1000                                            280.00                                            3400.0                                            0.058333                                          -25.484                                           -60.106
42.000                                            1.1000                                            280.00                                            3600.0                                            0.0000                                            19.840                                            503.94
42.000                                            1.1000                                            280.00                                            3600.0                                            0.0010417                                         13.913                                            422.13
42.000                                            1.1000                                            280.00                                            3600.0                                            0.0020833                                         0.39985                                           137.16
42.000                                            1.1000                                            280.00                                            3600.0                                            0.0031250                                         -5.5484                                           25.004
42.000                                            1.1000                                            280.00                                            3600.0                                            0.0041667                                         -6.8142                                           6.5240
42.000                                            1.1000                                            280.00                                            3600.0                                            0.0052083                                         -6.6611                                           -3.2586
42.000                                            1.1000                                            280.00                                            3600.0                                            0.0062500                                         -5.5604                                           -14.235
42.000                                            1.1000                                            280.00                                            3600.0                                            0.0072917                                         -3.6562                                           -24.137
42.000                                            1.1000                                            280.00                                            3600.0                                            0.0083333                                         -1.2280                                           -31.191
42.000                                            1.1000                                            280.00                                            3600.0                                            0.0093750                                         1.3366                                            -34.782
42.000                                            1.1000                                            280.00                                            3600.0                                            0.010417                                          3.6625                                            -33.973
42.000                                            1.1000                                            280.00                                            3600.0                                            0.011458                                          5.5024                                            -26.173
42.000                                            1.1000                                            280.00                                            3600.0                                            0.012500                                          6.5444                                            -13.379
42.000                                            1.1000                                            280.00                                            3600.0                                            0.013542                                          6.6456                                            2.8647
42.000                                            1.1000                                            280.00                                            3600.0                                            0.014583                                          5.7486                                            19.014
42.000                                            1.1000                                            280.00                                            3600.0                                            0.015625                                          3.9309                                            31.114
42.000                                            1.1000                                            280.00                                            3600.0                                            0.016667                                          1.4699                                            37.336
42.000                                            1.1000                                            280.00                                            3600.0                                            0.017708                                          -1.2982                                           35.757
42.000                                            1.1000                                            280.00                                            3600.0                                            0.018750                                          -3.7650                                           31.370
42.000                                            1.1000                                            280.00                                            3600.0                                            0.019792                                          -5.5780                                           24.254
42.000                                            1.1000                                            280.00                                            3600.0                                            0.020833                                          -6.4994                                           14.519
42.000                                            1.1000                                            280.00                                            3600.0                                            0.021875                                          -6.5444                                           -0.29299
42.000                                            1.1000                                            280.00                                            3600.0                                            0.022917                                          -5.5406                                           -13.730
42.000                                            1.1000                                            280.00                                            3600.0                                            0.023958                                          -3.6610                                           -24.257
42.000                                            1.1000                                            280.00                                            3600.0                                            0.025000                                          -1.2330                                           -31.319
42.000                                            1.1000                                            280.00                                            3600.0                                            0.026042                                          1.3346                                            -34.834
42.000                                            1.1000                                            280.00                                            3600.0                                            0.027083                                          3.6397                                            -34.551
42.000                                            1.1000                                            280.00                                            3600.0                                            0.028125                                          5.3844                                            -29.171
42.000                                            1.1000                                            280.00                                            3600.0                                            0.029167                                          6.3307                                            -18.806
42.000                                            1.1000                                            280.00                                            3600.0                                            0.030208                                          6.3573                                            -4.4584
42.000                                            1.1000                                            280.00                                            3600.0                                            0.031250                                          5.5856                                            14.875
42.000                                            1.1000                                            280.00                                            3600.0                                            0.032292                                          3.8743                                            29.674
42.000                                            1.1000                                            280.00                                            3600.0                                            0.033333                                          1.4619                                            37.132
42.000                                            1.1000                                            280.00                                            3600.0                                            0.034375                                          -1.3922                                           65.448
42.000                                            1.1000                                            280.00                                            3600.0                                            0.035417                                          -8.6695                                           106.55
42.000                                            1.1000                                            280.00                                            3600.0                                            0.036458                                          -18.114                                           123.21
42.000                                            1.1000                                            280.00                                            3600.0                                            0.037500                                          -27.343                                           115.11
42.000                                            1.1000                                            280.00                                            3600.0                                            0.038542                                          -33.571                                           86.753
42.000                                            1.1000                                            280.00                                            3600.0                                            0.039583                                          -35.540                                           43.176
42.000                                            1.1000                                            280.00                                            3600.0                                            0.040625                                          -32.749                                           -8.5084
42.000                                            1.1000                                            280.00                                            3600.0                                            0.041667                                          -25.497                                           -60.138
42.000                                            1.1000                                            280.00                                            3600.0                                            0.042708                                          -15.823                                           -106.05
42.000                                            1.1000                                            280.00                                            3600.0                                            0.043750                                          -4.2511                                           -137.03
42.000                                            1.1000                                            280.00                                            3600.0                                            0.044792                                          6.3379                                            -150.99
42.000                                            1.1000                                            280.00                                            3600.0                                            0.045833                                          12.520                                            -150.08
42.000                                            1.1000                                            280.00                                            3600.0                                            0.046875                                          15.214                                            -130.05
42.000                                            1.1000                                            280.00                                            3600.0                                            0.047917                                          16.557                                            -87.948
42.000                                            1.1000                                            280.00                                            3600.0                                            0.048958                                          17.115                                            -28.365
42.000                                            1.1000                                            280.00                                            3600.0                                            0.050000                                          16.906                                            39.874
42.000                                            1.1000                                            280.00                                            3600.0                                            0.051042                                          15.853                                            106.12
42.000                                            1.1000                                            280.00                                            3600.0                                            0.052083                                          13.380                                            158.56
42.000                                            1.1000                                            280.00                                            3600.0                                            0.053125                                          6.5823                                            181.46
42.000                                            1.1000                                            280.00                                            3600.0                                            0.054167                                          -6.6505                                           163.92
42.000                                            1.1000                                            280.00                                            3600.0                                            0.055208                                          -18.965                                           121.20
42.000                                            1.1000                                            280.00                                            3600.0                                            0.056250                                          -26.227                                           65.141
42.000                                            1.1000                                            280.00                                            3600.0                                            0.057292                                          -27.755                                           3.2698
42.000                                            1.1000                                            280.00                                            3600.0                                            0.058333                                          -23.769                                           -56.062
42.000                                            1.1000                                            300.00                                            3200.0                                            0.0000                                            23.864                                            606.17
42.000                                            1.1000                                            300.00                                            3200.0                                            0.0010417                                         13.158                                            402.94
42.000                                            1.1000                                            300.00                                            3200.0                                            0.0020833                                         -3.0774                                           48.833
42.000                                            1.1000                                            300.00                                            3200.0                                            0.0031250                                         -6.0404                                           12.507
42.000                                            1.1000                                            300.00                                            3200.0                                            0.0041667                                         -6.8278                                           6.1798
42.000                                            1.1000                                            300.00                                            3200.0                                            0.0052083                                         -6.6212                                           -2.2450
42.000                                            1.1000                                            300.00                                            3200.0                                            0.0062500                                         -5.4396                                           -11.166
42.000                                            1.1000                                            300.00                                            3200.0                                            0.0072917                                         -3.4466                                           -18.812
42.000                                            1.1000                                            300.00                                            3200.0                                            0.0083333                                         -0.94486                                          -24.000
42.000                                            1.1000                                            300.00                                            3200.0                                            0.0093750                                         1.6773                                            -26.129
42.000                                            1.1000                                            300.00                                            3200.0                                            0.010417                                          4.0007                                            -25.382
42.000                                            1.1000                                            300.00                                            3200.0                                            0.011458                                          5.6873                                            -21.475
42.000                                            1.1000                                            300.00                                            3200.0                                            0.012500                                          6.5475                                            -13.298
42.000                                            1.1000                                            300.00                                            3200.0                                            0.013542                                          6.4384                                            -2.3969
42.000                                            1.1000                                            300.00                                            3200.0                                            0.014583                                          5.3549                                            9.0134
42.000                                            1.1000                                            300.00                                            3200.0                                            0.015625                                          3.4393                                            18.627
42.000                                            1.1000                                            300.00                                            3200.0                                            0.016667                                          0.98997                                           25.145
42.000                                            1.1000                                            300.00                                            3200.0                                            0.017708                                          -1.6990                                           25.577
42.000                                            1.1000                                            300.00                                            3200.0                                            0.018750                                          -4.0863                                           23.208
42.000                                            1.1000                                            300.00                                            3200.0                                            0.019792                                          -5.8180                                           18.156
42.000                                            1.1000                                            300.00                                            3200.0                                            0.020833                                          -6.6461                                           10.795
42.000                                            1.1000                                            300.00                                            3200.0                                            0.021875                                          -6.5660                                           -0.84389
42.000                                            1.1000                                            300.00                                            3200.0                                            0.022917                                          -5.4353                                           -11.057
42.000                                            1.1000                                            300.00                                            3200.0                                            0.023958                                          -3.4507                                           -18.916
42.000                                            1.1000                                            300.00                                            3200.0                                            0.025000                                          -0.94715                                          -24.058
42.000                                            1.1000                                            300.00                                            3200.0                                            0.026042                                          1.6767                                            -26.143
42.000                                            1.1000                                            300.00                                            3200.0                                            0.027083                                          4.0007                                            -25.382
42.000                                            1.1000                                            300.00                                            3200.0                                            0.028125                                          5.6873                                            -21.475
42.000                                            1.1000                                            300.00                                            3200.0                                            0.029167                                          6.5475                                            -13.298
42.000                                            1.1000                                            300.00                                            3200.0                                            0.030208                                          6.4384                                            -2.3969
42.000                                            1.1000                                            300.00                                            3200.0                                            0.031250                                          5.4822                                            12.247
42.000                                            1.1000                                            300.00                                            3200.0                                            0.032292                                          3.6082                                            22.916
42.000                                            1.1000                                            300.00                                            3200.0                                            0.033333                                          1.0618                                            26.969
42.000                                            1.1000                                            300.00                                            3200.0                                            0.034375                                          -2.6721                                           62.429
42.000                                            1.1000                                            300.00                                            3200.0                                            0.035417                                          -11.781                                           99.213
42.000                                            1.1000                                            300.00                                            3200.0                                            0.036458                                          -23.046                                           111.58
42.000                                            1.1000                                            300.00                                            3200.0                                            0.037500                                          -33.334                                           100.99
42.000                                            1.1000                                            300.00                                            3200.0                                            0.038542                                          -39.641                                           72.437
42.000                                            1.1000                                            300.00                                            3200.0                                            0.039583                                          -40.670                                           31.077
42.000                                            1.1000                                            300.00                                            3200.0                                            0.040625                                          -36.054                                           -16.305
42.000                                            1.1000                                            300.00                                            3200.0                                            0.041667                                          -26.381                                           -62.222
42.000                                            1.1000                                            300.00                                            3200.0                                            0.042708                                          -14.116                                           -102.03
42.000                                            1.1000                                            300.00                                            3200.0                                            0.043750                                          -0.22320                                          -127.53
42.000                                            1.1000                                            300.00                                            3200.0                                            0.044792                                          11.145                                            -139.65
42.000                                            1.1000                                            300.00                                            3200.0                                            0.045833                                          16.920                                            -139.70
42.000                                            1.1000                                            300.00                                            3200.0                                            0.046875                                          19.415                                            -120.14
42.000                                            1.1000                                            300.00                                            3200.0                                            0.047917                                          20.647                                            -78.303
42.000                                            1.1000                                            300.00                                            3200.0                                            0.048958                                          21.048                                            -19.089
42.000                                            1.1000                                            300.00                                            3200.0                                            0.050000                                          20.652                                            48.708
42.000                                            1.1000                                            300.00                                            3200.0                                            0.051042                                          19.180                                            113.97
42.000                                            1.1000                                            300.00                                            3200.0                                            0.052083                                          15.493                                            163.54
42.000                                            1.1000                                            300.00                                            3200.0                                            0.053125                                          4.5124                                            176.58
42.000                                            1.1000                                            300.00                                            3200.0                                            0.054167                                          -13.307                                           148.22
42.000                                            1.1000                                            300.00                                            3200.0                                            0.055208                                          -27.283                                           101.58
42.000                                            1.1000                                            300.00                                            3200.0                                            0.056250                                          -34.253                                           46.212
42.000                                            1.1000                                            300.00                                            3200.0                                            0.057292                                          -34.011                                           -11.487
42.000                                            1.1000                                            300.00                                            3200.0                                            0.058333                                          -27.268                                           -64.313
42.000                                            1.1000                                            300.00                                            3400.0                                            0.0000                                            22.484                                            571.09
42.000                                            1.1000                                            300.00                                            3400.0                                            0.0010417                                         13.997                                            424.25
42.000                                            1.1000                                            300.00                                            3400.0                                            0.0020833                                         -2.0478                                           74.987
42.000                                            1.1000                                            300.00                                            3400.0                                            0.0031250                                         -5.9272                                           15.382
42.000                                            1.1000                                            300.00                                            3400.0                                            0.0041667                                         -6.8231                                           6.2990
42.000                                            1.1000                                            300.00                                            3400.0                                            0.0052083                                         -6.6489                                           -2.9486
42.000                                            1.1000                                            300.00                                            3400.0                                            0.0062500                                         -5.5010                                           -12.727
42.000                                            1.1000                                            300.00                                            3400.0                                            0.0072917                                         -3.5455                                           -21.323
42.000                                            1.1000                                            300.00                                            3400.0                                            0.0083333                                         -1.0727                                           -27.246
42.000                                            1.1000                                            300.00                                            3400.0                                            0.0093750                                         1.5361                                            -29.714
42.000                                            1.1000                                            300.00                                            3400.0                                            0.010417                                          3.8607                                            -28.937
42.000                                            1.1000                                            300.00                                            3400.0                                            0.011458                                          5.5667                                            -24.540
42.000                                            1.1000                                            300.00                                            3400.0                                            0.012500                                          6.4643                                            -15.411
42.000                                            1.1000                                            300.00                                            3400.0                                            0.013542                                          6.4097                                            -3.1267
42.000                                            1.1000                                            300.00                                            3400.0                                            0.014583                                          5.3882                                            9.8611
42.000                                            1.1000                                            300.00                                            3400.0                                            0.015625                                          3.6403                                            23.732
42.000                                            1.1000                                            300.00                                            3400.0                                            0.016667                                          1.1957                                            30.371
42.000                                            1.1000                                            300.00                                            3400.0                                            0.017708                                          -1.5325                                           29.807
42.000                                            1.1000                                            300.00                                            3400.0                                            0.018750                                          -3.9482                                           26.715
42.000                                            1.1000                                            300.00                                            3400.0                                            0.019792                                          -5.7118                                           20.854
42.000                                            1.1000                                            300.00                                            3400.0                                            0.020833                                          -6.5808                                           12.452
42.000                                            1.1000                                            300.00                                            3400.0                                            0.021875                                          -6.5586                                           -0.65458
42.000                                            1.1000                                            300.00                                            3400.0                                            0.022917                                          -5.4868                                           -12.364
42.000                                            1.1000                                            300.00                                            3400.0                                            0.023958                                          -3.5494                                           -21.422
42.000                                            1.1000                                            300.00                                            3400.0                                            0.025000                                          -1.0762                                           -27.337
42.000                                            1.1000                                            300.00                                            3400.0                                            0.026042                                          1.5349                                            -29.747
42.000                                            1.1000                                            300.00                                            3400.0                                            0.027083                                          3.8605                                            -28.943
42.000                                            1.1000                                            300.00                                            3400.0                                            0.028125                                          5.5666                                            -24.542
42.000                                            1.1000                                            300.00                                            3400.0                                            0.029167                                          6.4643                                            -15.412
42.000                                            1.1000                                            300.00                                            3400.0                                            0.030208                                          6.4097                                            -3.1268
42.000                                            1.1000                                            300.00                                            3400.0                                            0.031250                                          5.5258                                            13.356
42.000                                            1.1000                                            300.00                                            3400.0                                            0.032292                                          3.7189                                            25.728
42.000                                            1.1000                                            300.00                                            3400.0                                            0.033333                                          1.2205                                            31.001
42.000                                            1.1000                                            300.00                                            3400.0                                            0.034375                                          -2.0958                                           63.789
42.000                                            1.1000                                            300.00                                            3400.0                                            0.035417                                          -10.255                                           102.81
42.000                                            1.1000                                            300.00                                            3400.0                                            0.036458                                          -20.555                                           117.45
42.000                                            1.1000                                            300.00                                            3400.0                                            0.037500                                          -30.296                                           108.15
42.000                                            1.1000                                            300.00                                            3400.0                                            0.038542                                          -36.585                                           79.645
42.000                                            1.1000                                            300.00                                            3400.0                                            0.039583                                          -38.137                                           37.052
42.000                                            1.1000                                            300.00                                            3400.0                                            0.040625                                          -34.503                                           -12.647
42.000                                            1.1000                                            300.00                                            3400.0                                            0.041667                                          -26.110                                           -61.583
42.000                                            1.1000                                            300.00                                            3400.0                                            0.042708                                          -15.192                                           -104.56
42.000                                            1.1000                                            300.00                                            3400.0                                            0.043750                                          -2.4260                                           -132.72
42.000                                            1.1000                                            300.00                                            3400.0                                            0.044792                                          8.8719                                            -145.01
42.000                                            1.1000                                            300.00                                            3400.0                                            0.045833                                          15.131                                            -143.92
42.000                                            1.1000                                            300.00                                            3400.0                                            0.046875                                          17.819                                            -123.91
42.000                                            1.1000                                            300.00                                            3400.0                                            0.047917                                          19.117                                            -81.912
42.000                                            1.1000                                            300.00                                            3400.0                                            0.048958                                          19.640                                            -22.409
42.000                                            1.1000                                            300.00                                            3400.0                                            0.050000                                          19.317                                            45.561
42.000                                            1.1000                                            300.00                                            3400.0                                            0.051042                                          18.020                                            111.23
42.000                                            1.1000                                            300.00                                            3400.0                                            0.052083                                          14.788                                            161.88
42.000                                            1.1000                                            300.00                                            3400.0                                            0.053125                                          5.4997                                            178.90
42.000                                            1.1000                                            300.00                                            3400.0                                            0.054167                                          -10.162                                           155.64
42.000                                            1.1000                                            300.00                                            3400.0                                            0.055208                                          -23.262                                           111.07
42.000                                            1.1000                                            300.00                                            3400.0                                            0.056250                                          -30.382                                           55.342
42.000                                            1.1000                                            300.00                                            3400.0                                            0.057292                                          -31.082                                           -4.5762
42.000                                            1.1000                                            300.00                                            3400.0                                            0.058333                                          -25.794                                           -60.836
42.000                                            1.1000                                            300.00                                            3600.0                                            0.0000                                            21.256                                            539.91
42.000                                            1.1000                                            300.00                                            3600.0                                            0.0010417                                         14.429                                            435.22
42.000                                            1.1000                                            300.00                                            3600.0                                            0.0020833                                         -0.54223                                          113.23
42.000                                            1.1000                                            300.00                                            3600.0                                            0.0031250                                         -5.6654                                           22.033
42.000                                            1.1000                                            300.00                                            3600.0                                            0.0041667                                         -6.7991                                           6.9086
42.000                                            1.1000                                            300.00                                            3600.0                                            0.0052083                                         -6.6882                                           -3.9461
42.000                                            1.1000                                            300.00                                            3600.0                                            0.0062500                                         -5.5729                                           -14.552
42.000                                            1.1000                                            300.00                                            3600.0                                            0.0072917                                         -3.6515                                           -24.017
42.000                                            1.1000                                            300.00                                            3600.0                                            0.0083333                                         -1.2078                                           -30.679
42.000                                            1.1000                                            300.00                                            3600.0                                            0.0093750                                         1.3863                                            -33.521
42.000                                            1.1000                                            300.00                                            3600.0                                            0.010417                                          3.7116                                            -32.727
42.000                                            1.1000                                            300.00                                            3600.0                                            0.011458                                          5.4361                                            -27.855
42.000                                            1.1000                                            300.00                                            3600.0                                            0.012500                                          6.3714                                            -17.771
42.000                                            1.1000                                            300.00                                            3600.0                                            0.013542                                          6.3729                                            -4.0623
42.000                                            1.1000                                            300.00                                            3600.0                                            0.014583                                          5.4171                                            10.594
42.000                                            1.1000                                            300.00                                            3600.0                                            0.015625                                          3.7392                                            26.244
42.000                                            1.1000                                            300.00                                            3600.0                                            0.016667                                          1.3540                                            34.391
42.000                                            1.1000                                            300.00                                            3600.0                                            0.017708                                          -1.3651                                           34.059
42.000                                            1.1000                                            300.00                                            3600.0                                            0.018750                                          -3.8006                                           30.466
42.000                                            1.1000                                            300.00                                            3600.0                                            0.019792                                          -5.5953                                           23.813
42.000                                            1.1000                                            300.00                                            3600.0                                            0.020833                                          -6.5071                                           14.324
42.000                                            1.1000                                            300.00                                            3600.0                                            0.021875                                          -6.5452                                           -0.31342
42.000                                            1.1000                                            300.00                                            3600.0                                            0.022917                                          -5.5365                                           -13.626
42.000                                            1.1000                                            300.00                                            3600.0                                            0.023958                                          -3.6510                                           -24.005
42.000                                            1.1000                                            300.00                                            3600.0                                            0.025000                                          -1.2123                                           -30.792
42.000                                            1.1000                                            300.00                                            3600.0                                            0.026042                                          1.3839                                            -33.582
42.000                                            1.1000                                            300.00                                            3600.0                                            0.027083                                          3.7108                                            -32.745
42.000                                            1.1000                                            300.00                                            3600.0                                            0.028125                                          5.4359                                            -27.862
42.000                                            1.1000                                            300.00                                            3600.0                                            0.029167                                          6.3713                                            -17.773
42.000                                            1.1000                                            300.00                                            3600.0                                            0.030208                                          6.3729                                            -4.0631
42.000                                            1.1000                                            300.00                                            3600.0                                            0.031250                                          5.5642                                            14.330
42.000                                            1.1000                                            300.00                                            3600.0                                            0.032292                                          3.8300                                            28.549
42.000                                            1.1000                                            300.00                                            3600.0                                            0.033333                                          1.3868                                            35.225
42.000                                            1.1000                                            300.00                                            3600.0                                            0.034375                                          -1.5751                                           65.017
42.000                                            1.1000                                            300.00                                            3600.0                                            0.035417                                          -8.9049                                           106.00
42.000                                            1.1000                                            300.00                                            3600.0                                            0.036458                                          -18.322                                           122.72
42.000                                            1.1000                                            300.00                                            3600.0                                            0.037500                                          -27.499                                           114.75
42.000                                            1.1000                                            300.00                                            3600.0                                            0.038542                                          -33.683                                           86.489
42.000                                            1.1000                                            300.00                                            3600.0                                            0.039583                                          -35.624                                           42.978
42.000                                            1.1000                                            300.00                                            3600.0                                            0.040625                                          -32.819                                           -8.6740
42.000                                            1.1000                                            300.00                                            3600.0                                            0.041667                                          -25.563                                           -60.292
42.000                                            1.1000                                            300.00                                            3600.0                                            0.042708                                          -15.877                                           -106.18
42.000                                            1.1000                                            300.00                                            3600.0                                            0.043750                                          -4.2359                                           -136.99
42.000                                            1.1000                                            300.00                                            3600.0                                            0.044792                                          6.7007                                            -150.13
42.000                                            1.1000                                            300.00                                            3600.0                                            0.045833                                          13.435                                            -147.92
42.000                                            1.1000                                            300.00                                            3600.0                                            0.046875                                          16.362                                            -127.34
42.000                                            1.1000                                            300.00                                            3600.0                                            0.047917                                          17.683                                            -85.293
42.000                                            1.1000                                            300.00                                            3600.0                                            0.048958                                          18.181                                            -25.850
42.000                                            1.1000                                            300.00                                            3600.0                                            0.050000                                          17.908                                            42.238
42.000                                            1.1000                                            300.00                                            3600.0                                            0.051042                                          16.706                                            108.13
42.000                                            1.1000                                            300.00                                            3600.0                                            0.052083                                          13.603                                            159.08
42.000                                            1.1000                                            300.00                                            3600.0                                            0.053125                                          4.8410                                            177.35
42.000                                            1.1000                                            300.00                                            3600.0                                            0.054167                                          -9.1364                                           158.06
42.000                                            1.1000                                            300.00                                            3600.0                                            0.055208                                          -21.094                                           116.18
42.000                                            1.1000                                            300.00                                            3600.0                                            0.056250                                          -27.886                                           61.229
42.000                                            1.1000                                            300.00                                            3600.0                                            0.057292                                          -29.014                                           0.30131
42.000                                            1.1000                                            300.00                                            3600.0                                            0.058333                                          -24.719                                           -58.301
